source,soccerbase_game_id,date,competition,season,tab,stage,home_team,away_team,home_possession,away_possession,home_shots_on_target,away_shots_on_target,home_shots_off_target,away_shots_off_target,home_corners,away_corners,stats_source,source_url
soccerbase,849211,2022-12-18,World Cup,2022,default,Final,Argentina,France,,,,,,,,,not_available_in_static_html,https://www.soccerbase.com/tournaments/tournament.sd?tourn_id=1764
soccerbase,849210,2022-12-17,World Cup,2022,default,3rd/4th Place Play-Off,Croatia,Morocco,,,,,,,,,not_available_in_static_html,https://www.soccerbase.com/tournaments/tournament.sd?tourn_id=1764
soccerbase,849209,2022-12-14,World Cup,2022,default,Semi-finals,France,Morocco,,,,,,,,,not_available_in_static_html,https://www.soccerbase.com/tournaments/tournament.sd?tourn_id=1764
soccerbase,849208,2022-12-13,World Cup,2022,default,Semi-finals,Argentina,Croatia,,,,,,,,,not_available_in_static_html,https://www.soccerbase.com/tournaments/tournament.sd?tourn_id=1764
soccerbase,871578,2022-12-10,World Cup,2022,default,Quarter-finals,England,France,,,,,,,,,not_available_in_static_html,https://www.soccerbase.com/tournaments/tournament.sd?tourn_id=1764
soccerbase,871596,2022-12-10,World Cup,2022,default,Quarter-finals,Morocco,Portugal,,,,,,,,,not_available_in_static_html,https://www.soccerbase.com/tournaments/tournament.sd?tourn_id=1764
soccerbase,871595,2022-12-09,World Cup,2022,default,Quarter-finals,Croatia,Brazil,,,,,,,,,not_available_in_static_html,https://www.soccerbase.com/tournaments/tournament.sd?tourn_id=1764
soccerbase,871577,2022-12-09,World Cup,2022,default,Quarter-finals,Netherlands,Argentina,,,,,,,,,not_available_in_static_html,https://www.soccerbase.com/tournaments/tournament.sd?tourn_id=1764
soccerbase,849203,2022-12-06,World Cup,2022,default,Last 16,Morocco,Spain,,,,,,,,,not_available_in_static_html,https://www.soccerbase.com/tournaments/tournament.sd?tourn_id=1764
soccerbase,849204,2022-12-06,World Cup,2022,default,Last 16,Portugal,Switzerland,,,,,,,,,not_available_in_static_html,https://www.soccerbase.com/tournaments/tournament.sd?tourn_id=1764
soccerbase,849202,2022-12-05,World Cup,2022,default,Last 16,Brazil,South Korea,,,,,,,,,not_available_in_static_html,https://www.soccerbase.com/tournaments/tournament.sd?tourn_id=1764
soccerbase,849201,2022-12-05,World Cup,2022,default,Last 16,Japan,Croatia,,,,,,,,,not_available_in_static_html,https://www.soccerbase.com/tournaments/tournament.sd?tourn_id=1764
soccerbase,849199,2022-12-04,World Cup,2022,default,Last 16,England,Senegal,,,,,,,,,not_available_in_static_html,https://www.soccerbase.com/tournaments/tournament.sd?tourn_id=1764
soccerbase,849200,2022-12-04,World Cup,2022,default,Last 16,France,Poland,,,,,,,,,not_available_in_static_html,https://www.soccerbase.com/tournaments/tournament.sd?tourn_id=1764
soccerbase,849198,2022-12-03,World Cup,2022,default,Last 16,Argentina,Australia,,,,,,,,,not_available_in_static_html,https://www.soccerbase.com/tournaments/tournament.sd?tourn_id=1764
soccerbase,849197,2022-12-03,World Cup,2022,default,Last 16,Netherlands,USA,,,,,,,,,not_available_in_static_html,https://www.soccerbase.com/tournaments/tournament.sd?tourn_id=1764
soccerbase,849186,2022-11-29,World Cup,2022,Group Stage,Group A Matches and results,Ecuador,Senegal,,,,,,,,,not_available_in_static_html,https://www.soccerbase.com/tournaments/tournament.sd?tourn_id=1764&tab=tab-2166
soccerbase,851146,2022-11-29,World Cup,2022,Group Stage,Group A Matches and results,Netherlands,Qatar,,,,,,,,,not_available_in_static_html,https://www.soccerbase.com/tournaments/tournament.sd?tourn_id=1764&tab=tab-2166
soccerbase,849175,2022-11-25,World Cup,2022,Group Stage,Group A Matches and results,Netherlands,Ecuador,,,,,,,,,not_available_in_static_html,https://www.soccerbase.com/tournaments/tournament.sd?tourn_id=1764&tab=tab-2166
soccerbase,851145,2022-11-25,World Cup,2022,Group Stage,Group A Matches and results,Qatar,Senegal,,,,,,,,,not_available_in_static_html,https://www.soccerbase.com/tournaments/tournament.sd?tourn_id=1764&tab=tab-2166
soccerbase,849164,2022-11-21,World Cup,2022,Group Stage,Group A Matches and results,Senegal,Netherlands,,,,,,,,,not_available_in_static_html,https://www.soccerbase.com/tournaments/tournament.sd?tourn_id=1764&tab=tab-2166
soccerbase,851144,2022-11-20,World Cup,2022,Group Stage,Group A Matches and results,Qatar,Ecuador,,,,,,,,,not_available_in_static_html,https://www.soccerbase.com/tournaments/tournament.sd?tourn_id=1764&tab=tab-2166
soccerbase,849188,2022-11-29,World Cup,2022,Group Stage: Group B,Group B Matches and results,Iran,USA,,,,,,,,,not_available_in_static_html,https://www.soccerbase.com/tournaments/tournament_tab.sd?tourn_id=1764&tab_id=2166&roundTab=roundTab_1
soccerbase,849187,2022-11-29,World Cup,2022,Group Stage: Group B,Group B Matches and results,Wales,England,,,,,,,,,not_available_in_static_html,https://www.soccerbase.com/tournaments/tournament_tab.sd?tourn_id=1764&tab_id=2166&roundTab=roundTab_1
soccerbase,849176,2022-11-25,World Cup,2022,Group Stage: Group B,Group B Matches and results,England,USA,,,,,,,,,not_available_in_static_html,https://www.soccerbase.com/tournaments/tournament_tab.sd?tourn_id=1764&tab_id=2166&roundTab=roundTab_1
soccerbase,849177,2022-11-25,World Cup,2022,Group Stage: Group B,Group B Matches and results,Wales,Iran,,,,,,,,,not_available_in_static_html,https://www.soccerbase.com/tournaments/tournament_tab.sd?tourn_id=1764&tab_id=2166&roundTab=roundTab_1
soccerbase,849165,2022-11-21,World Cup,2022,Group Stage: Group B,Group B Matches and results,England,Iran,,,,,,,,,not_available_in_static_html,https://www.soccerbase.com/tournaments/tournament_tab.sd?tourn_id=1764&tab_id=2166&roundTab=roundTab_1
soccerbase,849166,2022-11-21,World Cup,2022,Group Stage: Group B,Group B Matches and results,USA,Wales,,,,,,,,,not_available_in_static_html,https://www.soccerbase.com/tournaments/tournament_tab.sd?tourn_id=1764&tab_id=2166&roundTab=roundTab_1
soccerbase,849189,2022-11-30,World Cup,2022,Group Stage: Group C,Group C Matches and results,Poland,Argentina,,,,,,,,,not_available_in_static_html,https://www.soccerbase.com/tournaments/tournament_tab.sd?tourn_id=1764&tab_id=2166&roundTab=roundTab_2
soccerbase,849190,2022-11-30,World Cup,2022,Group Stage: Group C,Group C Matches and results,Saudi Arabia,Mexico,,,,,,,,,not_available_in_static_html,https://www.soccerbase.com/tournaments/tournament_tab.sd?tourn_id=1764&tab_id=2166&roundTab=roundTab_2
soccerbase,849178,2022-11-26,World Cup,2022,Group Stage: Group C,Group C Matches and results,Argentina,Mexico,,,,,,,,,not_available_in_static_html,https://www.soccerbase.com/tournaments/tournament_tab.sd?tourn_id=1764&tab_id=2166&roundTab=roundTab_2
soccerbase,849179,2022-11-26,World Cup,2022,Group Stage: Group C,Group C Matches and results,Poland,Saudi Arabia,,,,,,,,,not_available_in_static_html,https://www.soccerbase.com/tournaments/tournament_tab.sd?tourn_id=1764&tab_id=2166&roundTab=roundTab_2
soccerbase,849167,2022-11-22,World Cup,2022,Group Stage: Group C,Group C Matches and results,Argentina,Saudi Arabia,,,,,,,,,not_available_in_static_html,https://www.soccerbase.com/tournaments/tournament_tab.sd?tourn_id=1764&tab_id=2166&roundTab=roundTab_2
soccerbase,849168,2022-11-22,World Cup,2022,Group Stage: Group C,Group C Matches and results,Mexico,Poland,,,,,,,,,not_available_in_static_html,https://www.soccerbase.com/tournaments/tournament_tab.sd?tourn_id=1764&tab_id=2166&roundTab=roundTab_2
soccerbase,849192,2022-11-30,World Cup,2022,Group Stage: Group D,Group D Matches and results,Australia,Denmark,,,,,,,,,not_available_in_static_html,https://www.soccerbase.com/tournaments/tournament_tab.sd?tourn_id=1764&tab_id=2166&roundTab=roundTab_3
soccerbase,849191,2022-11-30,World Cup,2022,Group Stage: Group D,Group D Matches and results,Tunisia,France,,,,,,,,,not_available_in_static_html,https://www.soccerbase.com/tournaments/tournament_tab.sd?tourn_id=1764&tab_id=2166&roundTab=roundTab_3
soccerbase,849180,2022-11-26,World Cup,2022,Group Stage: Group D,Group D Matches and results,France,Denmark,,,,,,,,,not_available_in_static_html,https://www.soccerbase.com/tournaments/tournament_tab.sd?tourn_id=1764&tab_id=2166&roundTab=roundTab_3
soccerbase,849181,2022-11-26,World Cup,2022,Group Stage: Group D,Group D Matches and results,Tunisia,Australia,,,,,,,,,not_available_in_static_html,https://www.soccerbase.com/tournaments/tournament_tab.sd?tourn_id=1764&tab_id=2166&roundTab=roundTab_3
soccerbase,849170,2022-11-22,World Cup,2022,Group Stage: Group D,Group D Matches and results,Denmark,Tunisia,,,,,,,,,not_available_in_static_html,https://www.soccerbase.com/tournaments/tournament_tab.sd?tourn_id=1764&tab_id=2166&roundTab=roundTab_3
soccerbase,849169,2022-11-22,World Cup,2022,Group Stage: Group D,Group D Matches and results,France,Australia,,,,,,,,,not_available_in_static_html,https://www.soccerbase.com/tournaments/tournament_tab.sd?tourn_id=1764&tab_id=2166&roundTab=roundTab_3
soccerbase,849194,2022-12-01,World Cup,2022,Group Stage: Group E,Group E Matches and results,Costa Rica,Germany,,,,,,,,,not_available_in_static_html,https://www.soccerbase.com/tournaments/tournament_tab.sd?tourn_id=1764&tab_id=2166&roundTab=roundTab_4
soccerbase,849193,2022-12-01,World Cup,2022,Group Stage: Group E,Group E Matches and results,Japan,Spain,,,,,,,,,not_available_in_static_html,https://www.soccerbase.com/tournaments/tournament_tab.sd?tourn_id=1764&tab_id=2166&roundTab=roundTab_4
soccerbase,849183,2022-11-27,World Cup,2022,Group Stage: Group E,Group E Matches and results,Japan,Costa Rica,,,,,,,,,not_available_in_static_html,https://www.soccerbase.com/tournaments/tournament_tab.sd?tourn_id=1764&tab_id=2166&roundTab=roundTab_4
soccerbase,849182,2022-11-27,World Cup,2022,Group Stage: Group E,Group E Matches and results,Spain,Germany,,,,,,,,,not_available_in_static_html,https://www.soccerbase.com/tournaments/tournament_tab.sd?tourn_id=1764&tab_id=2166&roundTab=roundTab_4
soccerbase,849172,2022-11-23,World Cup,2022,Group Stage: Group E,Group E Matches and results,Germany,Japan,,,,,,,,,not_available_in_static_html,https://www.soccerbase.com/tournaments/tournament_tab.sd?tourn_id=1764&tab_id=2166&roundTab=roundTab_4
soccerbase,849171,2022-11-23,World Cup,2022,Group Stage: Group E,Group E Matches and results,Spain,Costa Rica,,,,,,,,,not_available_in_static_html,https://www.soccerbase.com/tournaments/tournament_tab.sd?tourn_id=1764&tab_id=2166&roundTab=roundTab_4
soccerbase,849196,2022-12-01,World Cup,2022,Group Stage: Group F,Group F Matches and results,Canada,Morocco,,,,,,,,,not_available_in_static_html,https://www.soccerbase.com/tournaments/tournament_tab.sd?tourn_id=1764&tab_id=2166&roundTab=roundTab_5
soccerbase,849195,2022-12-01,World Cup,2022,Group Stage: Group F,Group F Matches and results,Croatia,Belgium,,,,,,,,,not_available_in_static_html,https://www.soccerbase.com/tournaments/tournament_tab.sd?tourn_id=1764&tab_id=2166&roundTab=roundTab_5
soccerbase,849184,2022-11-27,World Cup,2022,Group Stage: Group F,Group F Matches and results,Belgium,Morocco,,,,,,,,,not_available_in_static_html,https://www.soccerbase.com/tournaments/tournament_tab.sd?tourn_id=1764&tab_id=2166&roundTab=roundTab_5
soccerbase,849185,2022-11-27,World Cup,2022,Group Stage: Group F,Group F Matches and results,Croatia,Canada,,,,,,,,,not_available_in_static_html,https://www.soccerbase.com/tournaments/tournament_tab.sd?tourn_id=1764&tab_id=2166&roundTab=roundTab_5
soccerbase,849173,2022-11-23,World Cup,2022,Group Stage: Group F,Group F Matches and results,Belgium,Canada,,,,,,,,,not_available_in_static_html,https://www.soccerbase.com/tournaments/tournament_tab.sd?tourn_id=1764&tab_id=2166&roundTab=roundTab_5
soccerbase,849174,2022-11-23,World Cup,2022,Group Stage: Group F,Group F Matches and results,Morocco,Croatia,,,,,,,,,not_available_in_static_html,https://www.soccerbase.com/tournaments/tournament_tab.sd?tourn_id=1764&tab_id=2166&roundTab=roundTab_5
soccerbase,851155,2022-12-02,World Cup,2022,Group Stage: Group G,Group G Matches and results,Cameroon,Brazil,,,,,,,,,not_available_in_static_html,https://www.soccerbase.com/tournaments/tournament_tab.sd?tourn_id=1764&tab_id=2166&roundTab=roundTab_6
soccerbase,851150,2022-12-02,World Cup,2022,Group Stage: Group G,Group G Matches and results,Serbia,Switzerland,,,,,,,,,not_available_in_static_html,https://www.soccerbase.com/tournaments/tournament_tab.sd?tourn_id=1764&tab_id=2166&roundTab=roundTab_6
soccerbase,851148,2022-11-28,World Cup,2022,Group Stage: Group G,Group G Matches and results,Brazil,Switzerland,,,,,,,,,not_available_in_static_html,https://www.soccerbase.com/tournaments/tournament_tab.sd?tourn_id=1764&tab_id=2166&roundTab=roundTab_6
soccerbase,851154,2022-11-28,World Cup,2022,Group Stage: Group G,Group G Matches and results,Cameroon,Serbia,,,,,,,,,not_available_in_static_html,https://www.soccerbase.com/tournaments/tournament_tab.sd?tourn_id=1764&tab_id=2166&roundTab=roundTab_6
soccerbase,851149,2022-11-24,World Cup,2022,Group Stage: Group G,Group G Matches and results,Brazil,Serbia,,,,,,,,,not_available_in_static_html,https://www.soccerbase.com/tournaments/tournament_tab.sd?tourn_id=1764&tab_id=2166&roundTab=roundTab_6
soccerbase,851153,2022-11-24,World Cup,2022,Group Stage: Group G,Group G Matches and results,Switzerland,Cameroon,,,,,,,,,not_available_in_static_html,https://www.soccerbase.com/tournaments/tournament_tab.sd?tourn_id=1764&tab_id=2166&roundTab=roundTab_6
soccerbase,851158,2022-12-02,World Cup,2022,Group Stage: Group H,Group H Matches and results,Ghana,Uruguay,,,,,,,,,not_available_in_static_html,https://www.soccerbase.com/tournaments/tournament_tab.sd?tourn_id=1764&tab_id=2166&roundTab=roundTab_7
soccerbase,851152,2022-12-02,World Cup,2022,Group Stage: Group H,Group H Matches and results,South Korea,Portugal,,,,,,,,,not_available_in_static_html,https://www.soccerbase.com/tournaments/tournament_tab.sd?tourn_id=1764&tab_id=2166&roundTab=roundTab_7
soccerbase,851147,2022-11-28,World Cup,2022,Group Stage: Group H,Group H Matches and results,Portugal,Uruguay,,,,,,,,,not_available_in_static_html,https://www.soccerbase.com/tournaments/tournament_tab.sd?tourn_id=1764&tab_id=2166&roundTab=roundTab_7
soccerbase,851157,2022-11-28,World Cup,2022,Group Stage: Group H,Group H Matches and results,South Korea,Ghana,,,,,,,,,not_available_in_static_html,https://www.soccerbase.com/tournaments/tournament_tab.sd?tourn_id=1764&tab_id=2166&roundTab=roundTab_7
soccerbase,851156,2022-11-24,World Cup,2022,Group Stage: Group H,Group H Matches and results,Portugal,Ghana,,,,,,,,,not_available_in_static_html,https://www.soccerbase.com/tournaments/tournament_tab.sd?tourn_id=1764&tab_id=2166&roundTab=roundTab_7
soccerbase,851151,2022-11-24,World Cup,2022,Group Stage: Group H,Group H Matches and results,Uruguay,South Korea,,,,,,,,,not_available_in_static_html,https://www.soccerbase.com/tournaments/tournament_tab.sd?tourn_id=1764&tab_id=2166&roundTab=roundTab_7
soccerbase,820863,2021-11-14,World Cup,2022,Europe (Qualifying): A,Qualifying Group 1 Matches and results,Luxembourg,Ireland,,,,,,,,,not_available_in_static_html,https://www.soccerbase.com/tournaments/tournament_tab.sd?tourn_id=1764&tab_id=2167&roundTab=roundTab_1
soccerbase,820864,2021-11-14,World Cup,2022,Europe (Qualifying): A,Qualifying Group 1 Matches and results,Portugal,Serbia,,,,,,,,,not_available_in_static_html,https://www.soccerbase.com/tournaments/tournament_tab.sd?tourn_id=1764&tab_id=2167&roundTab=roundTab_1
soccerbase,820814,2021-11-11,World Cup,2022,Europe (Qualifying): A,Qualifying Group 1 Matches and results,Azerbaijan,Luxembourg,,,,,,,,,not_available_in_static_html,https://www.soccerbase.com/tournaments/tournament_tab.sd?tourn_id=1764&tab_id=2167&roundTab=roundTab_1
soccerbase,820822,2021-11-11,World Cup,2022,Europe (Qualifying): A,Qualifying Group 1 Matches and results,Ireland,Portugal,,,,,,,,,not_available_in_static_html,https://www.soccerbase.com/tournaments/tournament_tab.sd?tourn_id=1764&tab_id=2167&roundTab=roundTab_1
soccerbase,820794,2021-10-12,World Cup,2022,Europe (Qualifying): A,Qualifying Group 1 Matches and results,Portugal,Luxembourg,,,,,,,,,not_available_in_static_html,https://www.soccerbase.com/tournaments/tournament_tab.sd?tourn_id=1764&tab_id=2167&roundTab=roundTab_1
soccerbase,820795,2021-10-12,World Cup,2022,Europe (Qualifying): A,Qualifying Group 1 Matches and results,Serbia,Azerbaijan,,,,,,,,,not_available_in_static_html,https://www.soccerbase.com/tournaments/tournament_tab.sd?tourn_id=1764&tab_id=2167&roundTab=roundTab_1
soccerbase,820831,2021-10-09,World Cup,2022,Europe (Qualifying): A,Qualifying Group 1 Matches and results,Azerbaijan,Ireland,,,,,,,,,not_available_in_static_html,https://www.soccerbase.com/tournaments/tournament_tab.sd?tourn_id=1764&tab_id=2167&roundTab=roundTab_1
soccerbase,820841,2021-10-09,World Cup,2022,Europe (Qualifying): A,Qualifying Group 1 Matches and results,Luxembourg,Serbia,,,,,,,,,not_available_in_static_html,https://www.soccerbase.com/tournaments/tournament_tab.sd?tourn_id=1764&tab_id=2167&roundTab=roundTab_1
soccerbase,820732,2021-09-07,World Cup,2022,Europe (Qualifying): A,Qualifying Group 1 Matches and results,Azerbaijan,Portugal,,,,,,,,,not_available_in_static_html,https://www.soccerbase.com/tournaments/tournament_tab.sd?tourn_id=1764&tab_id=2167&roundTab=roundTab_1
soccerbase,820733,2021-09-07,World Cup,2022,Europe (Qualifying): A,Qualifying Group 1 Matches and results,Ireland,Serbia,,,,,,,,,not_available_in_static_html,https://www.soccerbase.com/tournaments/tournament_tab.sd?tourn_id=1764&tab_id=2167&roundTab=roundTab_1
soccerbase,820739,2021-09-04,World Cup,2022,Europe (Qualifying): A,Qualifying Group 1 Matches and results,Ireland,Azerbaijan,,,,,,,,,not_available_in_static_html,https://www.soccerbase.com/tournaments/tournament_tab.sd?tourn_id=1764&tab_id=2167&roundTab=roundTab_1
soccerbase,820742,2021-09-04,World Cup,2022,Europe (Qualifying): A,Qualifying Group 1 Matches and results,Serbia,Luxembourg,,,,,,,,,not_available_in_static_html,https://www.soccerbase.com/tournaments/tournament_tab.sd?tourn_id=1764&tab_id=2167&roundTab=roundTab_1
soccerbase,820695,2021-09-01,World Cup,2022,Europe (Qualifying): A,Qualifying Group 1 Matches and results,Luxembourg,Azerbaijan,,,,,,,,,not_available_in_static_html,https://www.soccerbase.com/tournaments/tournament_tab.sd?tourn_id=1764&tab_id=2167&roundTab=roundTab_1
soccerbase,820698,2021-09-01,World Cup,2022,Europe (Qualifying): A,Qualifying Group 1 Matches and results,Portugal,Ireland,,,,,,,,,not_available_in_static_html,https://www.soccerbase.com/tournaments/tournament_tab.sd?tourn_id=1764&tab_id=2167&roundTab=roundTab_1
soccerbase,820667,2021-03-30,World Cup,2022,Europe (Qualifying): A,Qualifying Group 1 Matches and results,Azerbaijan,Serbia,,,,,,,,,not_available_in_static_html,https://www.soccerbase.com/tournaments/tournament_tab.sd?tourn_id=1764&tab_id=2167&roundTab=roundTab_1
soccerbase,820670,2021-03-30,World Cup,2022,Europe (Qualifying): A,Qualifying Group 1 Matches and results,Luxembourg,Portugal,,,,,,,,,not_available_in_static_html,https://www.soccerbase.com/tournaments/tournament_tab.sd?tourn_id=1764&tab_id=2167&roundTab=roundTab_1
soccerbase,820662,2021-03-27,World Cup,2022,Europe (Qualifying): A,Qualifying Group 1 Matches and results,Ireland,Luxembourg,,,,,,,,,not_available_in_static_html,https://www.soccerbase.com/tournaments/tournament_tab.sd?tourn_id=1764&tab_id=2167&roundTab=roundTab_1
soccerbase,820663,2021-03-27,World Cup,2022,Europe (Qualifying): A,Qualifying Group 1 Matches and results,Serbia,Portugal,,,,,,,,,not_available_in_static_html,https://www.soccerbase.com/tournaments/tournament_tab.sd?tourn_id=1764&tab_id=2167&roundTab=roundTab_1
soccerbase,820632,2021-03-24,World Cup,2022,Europe (Qualifying): A,Qualifying Group 1 Matches and results,Portugal,Azerbaijan,,,,,,,,,not_available_in_static_html,https://www.soccerbase.com/tournaments/tournament_tab.sd?tourn_id=1764&tab_id=2167&roundTab=roundTab_1
soccerbase,820633,2021-03-24,World Cup,2022,Europe (Qualifying): A,Qualifying Group 1 Matches and results,Serbia,Ireland,,,,,,,,,not_available_in_static_html,https://www.soccerbase.com/tournaments/tournament_tab.sd?tourn_id=1764&tab_id=2167&roundTab=roundTab_1
soccerbase,820865,2021-11-14,World Cup,2022,Europe (Qualifying): B,Qualifying Group 2 Matches and results,Greece,Kosovo,,,,,,,,,not_available_in_static_html,https://www.soccerbase.com/tournaments/tournament_tab.sd?tourn_id=1764&tab_id=2167&roundTab=roundTab_2
soccerbase,820866,2021-11-14,World Cup,2022,Europe (Qualifying): B,Qualifying Group 2 Matches and results,Spain,Sweden,,,,,,,,,not_available_in_static_html,https://www.soccerbase.com/tournaments/tournament_tab.sd?tourn_id=1764&tab_id=2167&roundTab=roundTab_2
soccerbase,820817,2021-11-11,World Cup,2022,Europe (Qualifying): B,Qualifying Group 2 Matches and results,Georgia,Sweden,,,,,,,,,not_available_in_static_html,https://www.soccerbase.com/tournaments/tournament_tab.sd?tourn_id=1764&tab_id=2167&roundTab=roundTab_2
soccerbase,820823,2021-11-11,World Cup,2022,Europe (Qualifying): B,Qualifying Group 2 Matches and results,Greece,Spain,,,,,,,,,not_available_in_static_html,https://www.soccerbase.com/tournaments/tournament_tab.sd?tourn_id=1764&tab_id=2167&roundTab=roundTab_2
soccerbase,820796,2021-10-12,World Cup,2022,Europe (Qualifying): B,Qualifying Group 2 Matches and results,Kosovo,Georgia,,,,,,,,,not_available_in_static_html,https://www.soccerbase.com/tournaments/tournament_tab.sd?tourn_id=1764&tab_id=2167&roundTab=roundTab_2
soccerbase,820797,2021-10-12,World Cup,2022,Europe (Qualifying): B,Qualifying Group 2 Matches and results,Sweden,Greece,,,,,,,,,not_available_in_static_html,https://www.soccerbase.com/tournaments/tournament_tab.sd?tourn_id=1764&tab_id=2167&roundTab=roundTab_2
soccerbase,820833,2021-10-09,World Cup,2022,Europe (Qualifying): B,Qualifying Group 2 Matches and results,Georgia,Greece,,,,,,,,,not_available_in_static_html,https://www.soccerbase.com/tournaments/tournament_tab.sd?tourn_id=1764&tab_id=2167&roundTab=roundTab_2
soccerbase,820835,2021-10-09,World Cup,2022,Europe (Qualifying): B,Qualifying Group 2 Matches and results,Sweden,Kosovo,,,,,,,,,not_available_in_static_html,https://www.soccerbase.com/tournaments/tournament_tab.sd?tourn_id=1764&tab_id=2167&roundTab=roundTab_2
soccerbase,820753,2021-09-08,World Cup,2022,Europe (Qualifying): B,Qualifying Group 2 Matches and results,Greece,Sweden,,,,,,,,,not_available_in_static_html,https://www.soccerbase.com/tournaments/tournament_tab.sd?tourn_id=1764&tab_id=2167&roundTab=roundTab_2
soccerbase,820755,2021-09-08,World Cup,2022,Europe (Qualifying): B,Qualifying Group 2 Matches and results,Kosovo,Spain,,,,,,,,,not_available_in_static_html,https://www.soccerbase.com/tournaments/tournament_tab.sd?tourn_id=1764&tab_id=2167&roundTab=roundTab_2
soccerbase,820776,2021-09-05,World Cup,2022,Europe (Qualifying): B,Qualifying Group 2 Matches and results,Kosovo,Greece,,,,,,,,,not_available_in_static_html,https://www.soccerbase.com/tournaments/tournament_tab.sd?tourn_id=1764&tab_id=2167&roundTab=roundTab_2
soccerbase,820778,2021-09-05,World Cup,2022,Europe (Qualifying): B,Qualifying Group 2 Matches and results,Spain,Georgia,,,,,,,,,not_available_in_static_html,https://www.soccerbase.com/tournaments/tournament_tab.sd?tourn_id=1764&tab_id=2167&roundTab=roundTab_2
soccerbase,820719,2021-09-02,World Cup,2022,Europe (Qualifying): B,Qualifying Group 2 Matches and results,Georgia,Kosovo,,,,,,,,,not_available_in_static_html,https://www.soccerbase.com/tournaments/tournament_tab.sd?tourn_id=1764&tab_id=2167&roundTab=roundTab_2
soccerbase,820721,2021-09-02,World Cup,2022,Europe (Qualifying): B,Qualifying Group 2 Matches and results,Sweden,Spain,,,,,,,,,not_available_in_static_html,https://www.soccerbase.com/tournaments/tournament_tab.sd?tourn_id=1764&tab_id=2167&roundTab=roundTab_2
soccerbase,820694,2021-03-31,World Cup,2022,Europe (Qualifying): B,Qualifying Group 2 Matches and results,Greece,Georgia,,,,,,,,,not_available_in_static_html,https://www.soccerbase.com/tournaments/tournament_tab.sd?tourn_id=1764&tab_id=2167&roundTab=roundTab_2
soccerbase,820696,2021-03-31,World Cup,2022,Europe (Qualifying): B,Qualifying Group 2 Matches and results,Spain,Kosovo,,,,,,,,,not_available_in_static_html,https://www.soccerbase.com/tournaments/tournament_tab.sd?tourn_id=1764&tab_id=2167&roundTab=roundTab_2
soccerbase,820669,2021-03-28,World Cup,2022,Europe (Qualifying): B,Qualifying Group 2 Matches and results,Georgia,Spain,,,,,,,,,not_available_in_static_html,https://www.soccerbase.com/tournaments/tournament_tab.sd?tourn_id=1764&tab_id=2167&roundTab=roundTab_2
soccerbase,820676,2021-03-28,World Cup,2022,Europe (Qualifying): B,Qualifying Group 2 Matches and results,Kosovo,Sweden,,,,,,,,,not_available_in_static_html,https://www.soccerbase.com/tournaments/tournament_tab.sd?tourn_id=1764&tab_id=2167&roundTab=roundTab_2
soccerbase,820644,2021-03-25,World Cup,2022,Europe (Qualifying): B,Qualifying Group 2 Matches and results,Spain,Greece,,,,,,,,,not_available_in_static_html,https://www.soccerbase.com/tournaments/tournament_tab.sd?tourn_id=1764&tab_id=2167&roundTab=roundTab_2
soccerbase,820645,2021-03-25,World Cup,2022,Europe (Qualifying): B,Qualifying Group 2 Matches and results,Sweden,Georgia,,,,,,,,,not_available_in_static_html,https://www.soccerbase.com/tournaments/tournament_tab.sd?tourn_id=1764&tab_id=2167&roundTab=roundTab_2
soccerbase,820867,2021-11-15,World Cup,2022,Europe (Qualifying): C,Qualifying Group 3 Matches and results,N Ireland,Italy,,,,,,,,,not_available_in_static_html,https://www.soccerbase.com/tournaments/tournament_tab.sd?tourn_id=1764&tab_id=2167&roundTab=roundTab_3
soccerbase,820868,2021-11-15,World Cup,2022,Europe (Qualifying): C,Qualifying Group 3 Matches and results,Switzerland,Bulgaria,,,,,,,,,not_available_in_static_html,https://www.soccerbase.com/tournaments/tournament_tab.sd?tourn_id=1764&tab_id=2167&roundTab=roundTab_3
soccerbase,820830,2021-11-12,World Cup,2022,Europe (Qualifying): C,Qualifying Group 3 Matches and results,Italy,Switzerland,,,,,,,,,not_available_in_static_html,https://www.soccerbase.com/tournaments/tournament_tab.sd?tourn_id=1764&tab_id=2167&roundTab=roundTab_3
soccerbase,820832,2021-11-12,World Cup,2022,Europe (Qualifying): C,Qualifying Group 3 Matches and results,N Ireland,Lithuania,,,,,,,,,not_available_in_static_html,https://www.soccerbase.com/tournaments/tournament_tab.sd?tourn_id=1764&tab_id=2167&roundTab=roundTab_3
soccerbase,820799,2021-10-12,World Cup,2022,Europe (Qualifying): C,Qualifying Group 3 Matches and results,Bulgaria,N Ireland,,,,,,,,,not_available_in_static_html,https://www.soccerbase.com/tournaments/tournament_tab.sd?tourn_id=1764&tab_id=2167&roundTab=roundTab_3
soccerbase,820800,2021-10-12,World Cup,2022,Europe (Qualifying): C,Qualifying Group 3 Matches and results,Lithuania,Switzerland,,,,,,,,,not_available_in_static_html,https://www.soccerbase.com/tournaments/tournament_tab.sd?tourn_id=1764&tab_id=2167&roundTab=roundTab_3
soccerbase,820824,2021-10-09,World Cup,2022,Europe (Qualifying): C,Qualifying Group 3 Matches and results,Lithuania,Bulgaria,,,,,,,,,not_available_in_static_html,https://www.soccerbase.com/tournaments/tournament_tab.sd?tourn_id=1764&tab_id=2167&roundTab=roundTab_3
soccerbase,820843,2021-10-09,World Cup,2022,Europe (Qualifying): C,Qualifying Group 3 Matches and results,Switzerland,N Ireland,,,,,,,,,not_available_in_static_html,https://www.soccerbase.com/tournaments/tournament_tab.sd?tourn_id=1764&tab_id=2167&roundTab=roundTab_3
soccerbase,820757,2021-09-08,World Cup,2022,Europe (Qualifying): C,Qualifying Group 3 Matches and results,Italy,Lithuania,,,,,,,,,not_available_in_static_html,https://www.soccerbase.com/tournaments/tournament_tab.sd?tourn_id=1764&tab_id=2167&roundTab=roundTab_3
soccerbase,820759,2021-09-08,World Cup,2022,Europe (Qualifying): C,Qualifying Group 3 Matches and results,N Ireland,Switzerland,,,,,,,,,not_available_in_static_html,https://www.soccerbase.com/tournaments/tournament_tab.sd?tourn_id=1764&tab_id=2167&roundTab=roundTab_3
soccerbase,820771,2021-09-05,World Cup,2022,Europe (Qualifying): C,Qualifying Group 3 Matches and results,Bulgaria,Lithuania,,,,,,,,,not_available_in_static_html,https://www.soccerbase.com/tournaments/tournament_tab.sd?tourn_id=1764&tab_id=2167&roundTab=roundTab_3
soccerbase,820780,2021-09-05,World Cup,2022,Europe (Qualifying): C,Qualifying Group 3 Matches and results,Switzerland,Italy,,,,,,,,,not_available_in_static_html,https://www.soccerbase.com/tournaments/tournament_tab.sd?tourn_id=1764&tab_id=2167&roundTab=roundTab_3
soccerbase,820722,2021-09-02,World Cup,2022,Europe (Qualifying): C,Qualifying Group 3 Matches and results,Italy,Bulgaria,,,,,,,,,not_available_in_static_html,https://www.soccerbase.com/tournaments/tournament_tab.sd?tourn_id=1764&tab_id=2167&roundTab=roundTab_3
soccerbase,820723,2021-09-02,World Cup,2022,Europe (Qualifying): C,Qualifying Group 3 Matches and results,Lithuania,N Ireland,,,,,,,,,not_available_in_static_html,https://www.soccerbase.com/tournaments/tournament_tab.sd?tourn_id=1764&tab_id=2167&roundTab=roundTab_3
soccerbase,820697,2021-03-31,World Cup,2022,Europe (Qualifying): C,Qualifying Group 3 Matches and results,Lithuania,Italy,,,,,,,,,not_available_in_static_html,https://www.soccerbase.com/tournaments/tournament_tab.sd?tourn_id=1764&tab_id=2167&roundTab=roundTab_3
soccerbase,820699,2021-03-31,World Cup,2022,Europe (Qualifying): C,Qualifying Group 3 Matches and results,N Ireland,Bulgaria,,,,,,,,,not_available_in_static_html,https://www.soccerbase.com/tournaments/tournament_tab.sd?tourn_id=1764&tab_id=2167&roundTab=roundTab_3
soccerbase,820678,2021-03-28,World Cup,2022,Europe (Qualifying): C,Qualifying Group 3 Matches and results,Bulgaria,Italy,,,,,,,,,not_available_in_static_html,https://www.soccerbase.com/tournaments/tournament_tab.sd?tourn_id=1764&tab_id=2167&roundTab=roundTab_3
soccerbase,820680,2021-03-28,World Cup,2022,Europe (Qualifying): C,Qualifying Group 3 Matches and results,Switzerland,Lithuania,,,,,,,,,not_available_in_static_html,https://www.soccerbase.com/tournaments/tournament_tab.sd?tourn_id=1764&tab_id=2167&roundTab=roundTab_3
soccerbase,820646,2021-03-25,World Cup,2022,Europe (Qualifying): C,Qualifying Group 3 Matches and results,Bulgaria,Switzerland,,,,,,,,,not_available_in_static_html,https://www.soccerbase.com/tournaments/tournament_tab.sd?tourn_id=1764&tab_id=2167&roundTab=roundTab_3
soccerbase,820647,2021-03-25,World Cup,2022,Europe (Qualifying): C,Qualifying Group 3 Matches and results,Italy,N Ireland,,,,,,,,,not_available_in_static_html,https://www.soccerbase.com/tournaments/tournament_tab.sd?tourn_id=1764&tab_id=2167&roundTab=roundTab_3
soccerbase,820875,2021-11-16,World Cup,2022,Europe (Qualifying): D,Qualifying Group 4 Matches and results,Bosnia-Hz.,Ukraine,,,,,,,,,not_available_in_static_html,https://www.soccerbase.com/tournaments/tournament_tab.sd?tourn_id=1764&tab_id=2167&roundTab=roundTab_4
soccerbase,820876,2021-11-16,World Cup,2022,Europe (Qualifying): D,Qualifying Group 4 Matches and results,Finland,France,,,,,,,,,not_available_in_static_html,https://www.soccerbase.com/tournaments/tournament_tab.sd?tourn_id=1764&tab_id=2167&roundTab=roundTab_4
soccerbase,820846,2021-11-13,World Cup,2022,Europe (Qualifying): D,Qualifying Group 4 Matches and results,Bosnia-Hz.,Finland,,,,,,,,,not_available_in_static_html,https://www.soccerbase.com/tournaments/tournament_tab.sd?tourn_id=1764&tab_id=2167&roundTab=roundTab_4
soccerbase,820853,2021-11-13,World Cup,2022,Europe (Qualifying): D,Qualifying Group 4 Matches and results,France,Kazakhstan,,,,,,,,,not_available_in_static_html,https://www.soccerbase.com/tournaments/tournament_tab.sd?tourn_id=1764&tab_id=2167&roundTab=roundTab_4
soccerbase,820793,2021-10-12,World Cup,2022,Europe (Qualifying): D,Qualifying Group 4 Matches and results,Kazakhstan,Finland,,,,,,,,,not_available_in_static_html,https://www.soccerbase.com/tournaments/tournament_tab.sd?tourn_id=1764&tab_id=2167&roundTab=roundTab_4
soccerbase,820802,2021-10-12,World Cup,2022,Europe (Qualifying): D,Qualifying Group 4 Matches and results,Ukraine,Bosnia-Hz.,,,,,,,,,not_available_in_static_html,https://www.soccerbase.com/tournaments/tournament_tab.sd?tourn_id=1764&tab_id=2167&roundTab=roundTab_4
soccerbase,820837,2021-10-09,World Cup,2022,Europe (Qualifying): D,Qualifying Group 4 Matches and results,Finland,Ukraine,,,,,,,,,not_available_in_static_html,https://www.soccerbase.com/tournaments/tournament_tab.sd?tourn_id=1764&tab_id=2167&roundTab=roundTab_4
soccerbase,820827,2021-10-09,World Cup,2022,Europe (Qualifying): D,Qualifying Group 4 Matches and results,Kazakhstan,Bosnia-Hz.,,,,,,,,,not_available_in_static_html,https://www.soccerbase.com/tournaments/tournament_tab.sd?tourn_id=1764&tab_id=2167&roundTab=roundTab_4
soccerbase,820734,2021-09-07,World Cup,2022,Europe (Qualifying): D,Qualifying Group 4 Matches and results,Bosnia-Hz.,Kazakhstan,,,,,,,,,not_available_in_static_html,https://www.soccerbase.com/tournaments/tournament_tab.sd?tourn_id=1764&tab_id=2167&roundTab=roundTab_4
soccerbase,820735,2021-09-07,World Cup,2022,Europe (Qualifying): D,Qualifying Group 4 Matches and results,France,Finland,,,,,,,,,not_available_in_static_html,https://www.soccerbase.com/tournaments/tournament_tab.sd?tourn_id=1764&tab_id=2167&roundTab=roundTab_4
soccerbase,820745,2021-09-04,World Cup,2022,Europe (Qualifying): D,Qualifying Group 4 Matches and results,Finland,Kazakhstan,,,,,,,,,not_available_in_static_html,https://www.soccerbase.com/tournaments/tournament_tab.sd?tourn_id=1764&tab_id=2167&roundTab=roundTab_4
soccerbase,820752,2021-09-04,World Cup,2022,Europe (Qualifying): D,Qualifying Group 4 Matches and results,Ukraine,France,,,,,,,,,not_available_in_static_html,https://www.soccerbase.com/tournaments/tournament_tab.sd?tourn_id=1764&tab_id=2167&roundTab=roundTab_4
soccerbase,820700,2021-09-01,World Cup,2022,Europe (Qualifying): D,Qualifying Group 4 Matches and results,France,Bosnia-Hz.,,,,,,,,,not_available_in_static_html,https://www.soccerbase.com/tournaments/tournament_tab.sd?tourn_id=1764&tab_id=2167&roundTab=roundTab_4
soccerbase,820693,2021-09-01,World Cup,2022,Europe (Qualifying): D,Qualifying Group 4 Matches and results,Kazakhstan,Ukraine,,,,,,,,,not_available_in_static_html,https://www.soccerbase.com/tournaments/tournament_tab.sd?tourn_id=1764&tab_id=2167&roundTab=roundTab_4
soccerbase,820702,2021-03-31,World Cup,2022,Europe (Qualifying): D,Qualifying Group 4 Matches and results,Bosnia-Hz.,France,,,,,,,,,not_available_in_static_html,https://www.soccerbase.com/tournaments/tournament_tab.sd?tourn_id=1764&tab_id=2167&roundTab=roundTab_4
soccerbase,820704,2021-03-31,World Cup,2022,Europe (Qualifying): D,Qualifying Group 4 Matches and results,Ukraine,Kazakhstan,,,,,,,,,not_available_in_static_html,https://www.soccerbase.com/tournaments/tournament_tab.sd?tourn_id=1764&tab_id=2167&roundTab=roundTab_4
soccerbase,820668,2021-03-28,World Cup,2022,Europe (Qualifying): D,Qualifying Group 4 Matches and results,Kazakhstan,France,,,,,,,,,not_available_in_static_html,https://www.soccerbase.com/tournaments/tournament_tab.sd?tourn_id=1764&tab_id=2167&roundTab=roundTab_4
soccerbase,820682,2021-03-28,World Cup,2022,Europe (Qualifying): D,Qualifying Group 4 Matches and results,Ukraine,Finland,,,,,,,,,not_available_in_static_html,https://www.soccerbase.com/tournaments/tournament_tab.sd?tourn_id=1764&tab_id=2167&roundTab=roundTab_4
soccerbase,820634,2021-03-24,World Cup,2022,Europe (Qualifying): D,Qualifying Group 4 Matches and results,Finland,Bosnia-Hz.,,,,,,,,,not_available_in_static_html,https://www.soccerbase.com/tournaments/tournament_tab.sd?tourn_id=1764&tab_id=2167&roundTab=roundTab_4
soccerbase,820635,2021-03-24,World Cup,2022,Europe (Qualifying): D,Qualifying Group 4 Matches and results,France,Ukraine,,,,,,,,,not_available_in_static_html,https://www.soccerbase.com/tournaments/tournament_tab.sd?tourn_id=1764&tab_id=2167&roundTab=roundTab_4
soccerbase,820877,2021-11-16,World Cup,2022,Europe (Qualifying): E,Qualifying Group 5 Matches and results,Czech Rep,Estonia,,,,,,,,,not_available_in_static_html,https://www.soccerbase.com/tournaments/tournament_tab.sd?tourn_id=1764&tab_id=2167&roundTab=roundTab_5
soccerbase,820878,2021-11-16,World Cup,2022,Europe (Qualifying): E,Qualifying Group 5 Matches and results,Wales,Belgium,,,,,,,,,not_available_in_static_html,https://www.soccerbase.com/tournaments/tournament_tab.sd?tourn_id=1764&tab_id=2167&roundTab=roundTab_5
soccerbase,820855,2021-11-13,World Cup,2022,Europe (Qualifying): E,Qualifying Group 5 Matches and results,Belgium,Estonia,,,,,,,,,not_available_in_static_html,https://www.soccerbase.com/tournaments/tournament_tab.sd?tourn_id=1764&tab_id=2167&roundTab=roundTab_5
soccerbase,820857,2021-11-13,World Cup,2022,Europe (Qualifying): E,Qualifying Group 5 Matches and results,Wales,Belarus,,,,,,,,,not_available_in_static_html,https://www.soccerbase.com/tournaments/tournament_tab.sd?tourn_id=1764&tab_id=2167&roundTab=roundTab_5
soccerbase,820775,2021-10-11,World Cup,2022,Europe (Qualifying): E,Qualifying Group 5 Matches and results,Belarus,Czech Rep,,,,,,,,,not_available_in_static_html,https://www.soccerbase.com/tournaments/tournament_tab.sd?tourn_id=1764&tab_id=2167&roundTab=roundTab_5
soccerbase,820777,2021-10-11,World Cup,2022,Europe (Qualifying): E,Qualifying Group 5 Matches and results,Estonia,Wales,,,,,,,,,not_available_in_static_html,https://www.soccerbase.com/tournaments/tournament_tab.sd?tourn_id=1764&tab_id=2167&roundTab=roundTab_5
soccerbase,820798,2021-10-08,World Cup,2022,Europe (Qualifying): E,Qualifying Group 5 Matches and results,Czech Rep,Wales,,,,,,,,,not_available_in_static_html,https://www.soccerbase.com/tournaments/tournament_tab.sd?tourn_id=1764&tab_id=2167&roundTab=roundTab_5
soccerbase,820801,2021-10-08,World Cup,2022,Europe (Qualifying): E,Qualifying Group 5 Matches and results,Estonia,Belarus,,,,,,,,,not_available_in_static_html,https://www.soccerbase.com/tournaments/tournament_tab.sd?tourn_id=1764&tab_id=2167&roundTab=roundTab_5
soccerbase,820761,2021-09-08,World Cup,2022,Europe (Qualifying): E,Qualifying Group 5 Matches and results,Belarus,Belgium,,,,,,,,,not_available_in_static_html,https://www.soccerbase.com/tournaments/tournament_tab.sd?tourn_id=1764&tab_id=2167&roundTab=roundTab_5
soccerbase,820763,2021-09-08,World Cup,2022,Europe (Qualifying): E,Qualifying Group 5 Matches and results,Wales,Estonia,,,,,,,,,not_available_in_static_html,https://www.soccerbase.com/tournaments/tournament_tab.sd?tourn_id=1764&tab_id=2167&roundTab=roundTab_5
soccerbase,820770,2021-09-05,World Cup,2022,Europe (Qualifying): E,Qualifying Group 5 Matches and results,Belarus,Wales,,,,,,,,,not_available_in_static_html,https://www.soccerbase.com/tournaments/tournament_tab.sd?tourn_id=1764&tab_id=2167&roundTab=roundTab_5
soccerbase,820782,2021-09-05,World Cup,2022,Europe (Qualifying): E,Qualifying Group 5 Matches and results,Belgium,Czech Rep,,,,,,,,,not_available_in_static_html,https://www.soccerbase.com/tournaments/tournament_tab.sd?tourn_id=1764&tab_id=2167&roundTab=roundTab_5
soccerbase,820724,2021-09-02,World Cup,2022,Europe (Qualifying): E,Qualifying Group 5 Matches and results,Czech Rep,Belarus,,,,,,,,,not_available_in_static_html,https://www.soccerbase.com/tournaments/tournament_tab.sd?tourn_id=1764&tab_id=2167&roundTab=roundTab_5
soccerbase,820725,2021-09-02,World Cup,2022,Europe (Qualifying): E,Qualifying Group 5 Matches and results,Estonia,Belgium,,,,,,,,,not_available_in_static_html,https://www.soccerbase.com/tournaments/tournament_tab.sd?tourn_id=1764&tab_id=2167&roundTab=roundTab_5
soccerbase,820673,2021-03-30,World Cup,2022,Europe (Qualifying): E,Qualifying Group 5 Matches and results,Belgium,Belarus,,,,,,,,,not_available_in_static_html,https://www.soccerbase.com/tournaments/tournament_tab.sd?tourn_id=1764&tab_id=2167&roundTab=roundTab_5
soccerbase,820675,2021-03-30,World Cup,2022,Europe (Qualifying): E,Qualifying Group 5 Matches and results,Wales,Czech Rep,,,,,,,,,not_available_in_static_html,https://www.soccerbase.com/tournaments/tournament_tab.sd?tourn_id=1764&tab_id=2167&roundTab=roundTab_5
soccerbase,820659,2021-03-27,World Cup,2022,Europe (Qualifying): E,Qualifying Group 5 Matches and results,Belarus,Estonia,,,,,,,,,not_available_in_static_html,https://www.soccerbase.com/tournaments/tournament_tab.sd?tourn_id=1764&tab_id=2167&roundTab=roundTab_5
soccerbase,820664,2021-03-27,World Cup,2022,Europe (Qualifying): E,Qualifying Group 5 Matches and results,Czech Rep,Belgium,,,,,,,,,not_available_in_static_html,https://www.soccerbase.com/tournaments/tournament_tab.sd?tourn_id=1764&tab_id=2167&roundTab=roundTab_5
soccerbase,820636,2021-03-24,World Cup,2022,Europe (Qualifying): E,Qualifying Group 5 Matches and results,Belgium,Wales,,,,,,,,,not_available_in_static_html,https://www.soccerbase.com/tournaments/tournament_tab.sd?tourn_id=1764&tab_id=2167&roundTab=roundTab_5
soccerbase,820637,2021-03-24,World Cup,2022,Europe (Qualifying): E,Qualifying Group 5 Matches and results,Estonia,Czech Rep,,,,,,,,,not_available_in_static_html,https://www.soccerbase.com/tournaments/tournament_tab.sd?tourn_id=1764&tab_id=2167&roundTab=roundTab_5
soccerbase,820869,2021-11-15,World Cup,2022,Europe (Qualifying): F,Qualifying Group 6 Matches and results,Austria,Moldova,,,,,,,,,not_available_in_static_html,https://www.soccerbase.com/tournaments/tournament_tab.sd?tourn_id=1764&tab_id=2167&roundTab=roundTab_6
soccerbase,820870,2021-11-15,World Cup,2022,Europe (Qualifying): F,Qualifying Group 6 Matches and results,Israel,Faroe Islands,,,,,,,,,not_available_in_static_html,https://www.soccerbase.com/tournaments/tournament_tab.sd?tourn_id=1764&tab_id=2167&roundTab=roundTab_6
soccerbase,820871,2021-11-15,World Cup,2022,Europe (Qualifying): F,Qualifying Group 6 Matches and results,Scotland,Denmark,,,,,,,,,not_available_in_static_html,https://www.soccerbase.com/tournaments/tournament_tab.sd?tourn_id=1764&tab_id=2167&roundTab=roundTab_6
soccerbase,820834,2021-11-12,World Cup,2022,Europe (Qualifying): F,Qualifying Group 6 Matches and results,Austria,Israel,,,,,,,,,not_available_in_static_html,https://www.soccerbase.com/tournaments/tournament_tab.sd?tourn_id=1764&tab_id=2167&roundTab=roundTab_6
soccerbase,820836,2021-11-12,World Cup,2022,Europe (Qualifying): F,Qualifying Group 6 Matches and results,Denmark,Faroe Islands,,,,,,,,,not_available_in_static_html,https://www.soccerbase.com/tournaments/tournament_tab.sd?tourn_id=1764&tab_id=2167&roundTab=roundTab_6
soccerbase,820838,2021-11-12,World Cup,2022,Europe (Qualifying): F,Qualifying Group 6 Matches and results,Moldova,Scotland,,,,,,,,,not_available_in_static_html,https://www.soccerbase.com/tournaments/tournament_tab.sd?tourn_id=1764&tab_id=2167&roundTab=roundTab_6
soccerbase,820804,2021-10-12,World Cup,2022,Europe (Qualifying): F,Qualifying Group 6 Matches and results,Denmark,Austria,,,,,,,,,not_available_in_static_html,https://www.soccerbase.com/tournaments/tournament_tab.sd?tourn_id=1764&tab_id=2167&roundTab=roundTab_6
soccerbase,820805,2021-10-12,World Cup,2022,Europe (Qualifying): F,Qualifying Group 6 Matches and results,Faroe Islands,Scotland,,,,,,,,,not_available_in_static_html,https://www.soccerbase.com/tournaments/tournament_tab.sd?tourn_id=1764&tab_id=2167&roundTab=roundTab_6
soccerbase,820806,2021-10-12,World Cup,2022,Europe (Qualifying): F,Qualifying Group 6 Matches and results,Israel,Moldova,,,,,,,,,not_available_in_static_html,https://www.soccerbase.com/tournaments/tournament_tab.sd?tourn_id=1764&tab_id=2167&roundTab=roundTab_6
soccerbase,820845,2021-10-09,World Cup,2022,Europe (Qualifying): F,Qualifying Group 6 Matches and results,Faroe Islands,Austria,,,,,,,,,not_available_in_static_html,https://www.soccerbase.com/tournaments/tournament_tab.sd?tourn_id=1764&tab_id=2167&roundTab=roundTab_6
soccerbase,820847,2021-10-09,World Cup,2022,Europe (Qualifying): F,Qualifying Group 6 Matches and results,Moldova,Denmark,,,,,,,,,not_available_in_static_html,https://www.soccerbase.com/tournaments/tournament_tab.sd?tourn_id=1764&tab_id=2167&roundTab=roundTab_6
soccerbase,820839,2021-10-09,World Cup,2022,Europe (Qualifying): F,Qualifying Group 6 Matches and results,Scotland,Israel,,,,,,,,,not_available_in_static_html,https://www.soccerbase.com/tournaments/tournament_tab.sd?tourn_id=1764&tab_id=2167&roundTab=roundTab_6
soccerbase,820737,2021-09-07,World Cup,2022,Europe (Qualifying): F,Qualifying Group 6 Matches and results,Austria,Scotland,,,,,,,,,not_available_in_static_html,https://www.soccerbase.com/tournaments/tournament_tab.sd?tourn_id=1764&tab_id=2167&roundTab=roundTab_6
soccerbase,820738,2021-09-07,World Cup,2022,Europe (Qualifying): F,Qualifying Group 6 Matches and results,Denmark,Israel,,,,,,,,,not_available_in_static_html,https://www.soccerbase.com/tournaments/tournament_tab.sd?tourn_id=1764&tab_id=2167&roundTab=roundTab_6
soccerbase,820740,2021-09-07,World Cup,2022,Europe (Qualifying): F,Qualifying Group 6 Matches and results,Faroe Islands,Moldova,,,,,,,,,not_available_in_static_html,https://www.soccerbase.com/tournaments/tournament_tab.sd?tourn_id=1764&tab_id=2167&roundTab=roundTab_6
soccerbase,820754,2021-09-04,World Cup,2022,Europe (Qualifying): F,Qualifying Group 6 Matches and results,Faroe Islands,Denmark,,,,,,,,,not_available_in_static_html,https://www.soccerbase.com/tournaments/tournament_tab.sd?tourn_id=1764&tab_id=2167&roundTab=roundTab_6
soccerbase,820756,2021-09-04,World Cup,2022,Europe (Qualifying): F,Qualifying Group 6 Matches and results,Israel,Austria,,,,,,,,,not_available_in_static_html,https://www.soccerbase.com/tournaments/tournament_tab.sd?tourn_id=1764&tab_id=2167&roundTab=roundTab_6
soccerbase,820758,2021-09-04,World Cup,2022,Europe (Qualifying): F,Qualifying Group 6 Matches and results,Scotland,Moldova,,,,,,,,,not_available_in_static_html,https://www.soccerbase.com/tournaments/tournament_tab.sd?tourn_id=1764&tab_id=2167&roundTab=roundTab_6
soccerbase,820701,2021-09-01,World Cup,2022,Europe (Qualifying): F,Qualifying Group 6 Matches and results,Denmark,Scotland,,,,,,,,,not_available_in_static_html,https://www.soccerbase.com/tournaments/tournament_tab.sd?tourn_id=1764&tab_id=2167&roundTab=roundTab_6
soccerbase,820703,2021-09-01,World Cup,2022,Europe (Qualifying): F,Qualifying Group 6 Matches and results,Faroe Islands,Israel,,,,,,,,,not_available_in_static_html,https://www.soccerbase.com/tournaments/tournament_tab.sd?tourn_id=1764&tab_id=2167&roundTab=roundTab_6
soccerbase,820705,2021-09-01,World Cup,2022,Europe (Qualifying): F,Qualifying Group 6 Matches and results,Moldova,Austria,,,,,,,,,not_available_in_static_html,https://www.soccerbase.com/tournaments/tournament_tab.sd?tourn_id=1764&tab_id=2167&roundTab=roundTab_6
soccerbase,820706,2021-03-31,World Cup,2022,Europe (Qualifying): F,Qualifying Group 6 Matches and results,Austria,Denmark,,,,,,,,,not_available_in_static_html,https://www.soccerbase.com/tournaments/tournament_tab.sd?tourn_id=1764&tab_id=2167&roundTab=roundTab_6
soccerbase,820708,2021-03-31,World Cup,2022,Europe (Qualifying): F,Qualifying Group 6 Matches and results,Moldova,Israel,,,,,,,,,not_available_in_static_html,https://www.soccerbase.com/tournaments/tournament_tab.sd?tourn_id=1764&tab_id=2167&roundTab=roundTab_6
soccerbase,820710,2021-03-31,World Cup,2022,Europe (Qualifying): F,Qualifying Group 6 Matches and results,Scotland,Faroe Islands,,,,,,,,,not_available_in_static_html,https://www.soccerbase.com/tournaments/tournament_tab.sd?tourn_id=1764&tab_id=2167&roundTab=roundTab_6
soccerbase,820684,2021-03-28,World Cup,2022,Europe (Qualifying): F,Qualifying Group 6 Matches and results,Austria,Faroe Islands,,,,,,,,,not_available_in_static_html,https://www.soccerbase.com/tournaments/tournament_tab.sd?tourn_id=1764&tab_id=2167&roundTab=roundTab_6
soccerbase,820671,2021-03-28,World Cup,2022,Europe (Qualifying): F,Qualifying Group 6 Matches and results,Denmark,Moldova,,,,,,,,,not_available_in_static_html,https://www.soccerbase.com/tournaments/tournament_tab.sd?tourn_id=1764&tab_id=2167&roundTab=roundTab_6
soccerbase,820685,2021-03-28,World Cup,2022,Europe (Qualifying): F,Qualifying Group 6 Matches and results,Israel,Scotland,,,,,,,,,not_available_in_static_html,https://www.soccerbase.com/tournaments/tournament_tab.sd?tourn_id=1764&tab_id=2167&roundTab=roundTab_6
soccerbase,820648,2021-03-25,World Cup,2022,Europe (Qualifying): F,Qualifying Group 6 Matches and results,Israel,Denmark,,,,,,,,,not_available_in_static_html,https://www.soccerbase.com/tournaments/tournament_tab.sd?tourn_id=1764&tab_id=2167&roundTab=roundTab_6
soccerbase,820649,2021-03-25,World Cup,2022,Europe (Qualifying): F,Qualifying Group 6 Matches and results,Moldova,Faroe Islands,,,,,,,,,not_available_in_static_html,https://www.soccerbase.com/tournaments/tournament_tab.sd?tourn_id=1764&tab_id=2167&roundTab=roundTab_6
soccerbase,820650,2021-03-25,World Cup,2022,Europe (Qualifying): F,Qualifying Group 6 Matches and results,Scotland,Austria,,,,,,,,,not_available_in_static_html,https://www.soccerbase.com/tournaments/tournament_tab.sd?tourn_id=1764&tab_id=2167&roundTab=roundTab_6
soccerbase,820879,2021-11-16,World Cup,2022,Europe (Qualifying): G,Qualifying Group 7 Matches and results,Gibraltar,Latvia,,,,,,,,,not_available_in_static_html,https://www.soccerbase.com/tournaments/tournament_tab.sd?tourn_id=1764&tab_id=2167&roundTab=roundTab_7
soccerbase,820880,2021-11-16,World Cup,2022,Europe (Qualifying): G,Qualifying Group 7 Matches and results,Montenegro,Turkey,,,,,,,,,not_available_in_static_html,https://www.soccerbase.com/tournaments/tournament_tab.sd?tourn_id=1764&tab_id=2167&roundTab=roundTab_7
soccerbase,820881,2021-11-16,World Cup,2022,Europe (Qualifying): G,Qualifying Group 7 Matches and results,Netherlands,Norway,,,,,,,,,not_available_in_static_html,https://www.soccerbase.com/tournaments/tournament_tab.sd?tourn_id=1764&tab_id=2167&roundTab=roundTab_7
soccerbase,820859,2021-11-13,World Cup,2022,Europe (Qualifying): G,Qualifying Group 7 Matches and results,Montenegro,Netherlands,,,,,,,,,not_available_in_static_html,https://www.soccerbase.com/tournaments/tournament_tab.sd?tourn_id=1764&tab_id=2167&roundTab=roundTab_7
soccerbase,820848,2021-11-13,World Cup,2022,Europe (Qualifying): G,Qualifying Group 7 Matches and results,Norway,Latvia,,,,,,,,,not_available_in_static_html,https://www.soccerbase.com/tournaments/tournament_tab.sd?tourn_id=1764&tab_id=2167&roundTab=roundTab_7
soccerbase,820851,2021-11-13,World Cup,2022,Europe (Qualifying): G,Qualifying Group 7 Matches and results,Turkey,Gibraltar,,,,,,,,,not_available_in_static_html,https://www.soccerbase.com/tournaments/tournament_tab.sd?tourn_id=1764&tab_id=2167&roundTab=roundTab_7
soccerbase,820779,2021-10-11,World Cup,2022,Europe (Qualifying): G,Qualifying Group 7 Matches and results,Latvia,Turkey,,,,,,,,,not_available_in_static_html,https://www.soccerbase.com/tournaments/tournament_tab.sd?tourn_id=1764&tab_id=2167&roundTab=roundTab_7
soccerbase,820781,2021-10-11,World Cup,2022,Europe (Qualifying): G,Qualifying Group 7 Matches and results,Netherlands,Gibraltar,,,,,,,,,not_available_in_static_html,https://www.soccerbase.com/tournaments/tournament_tab.sd?tourn_id=1764&tab_id=2167&roundTab=roundTab_7
soccerbase,820783,2021-10-11,World Cup,2022,Europe (Qualifying): G,Qualifying Group 7 Matches and results,Norway,Montenegro,,,,,,,,,not_available_in_static_html,https://www.soccerbase.com/tournaments/tournament_tab.sd?tourn_id=1764&tab_id=2167&roundTab=roundTab_7
soccerbase,820803,2021-10-08,World Cup,2022,Europe (Qualifying): G,Qualifying Group 7 Matches and results,Gibraltar,Montenegro,,,,,,,,,not_available_in_static_html,https://www.soccerbase.com/tournaments/tournament_tab.sd?tourn_id=1764&tab_id=2167&roundTab=roundTab_7
soccerbase,820807,2021-10-08,World Cup,2022,Europe (Qualifying): G,Qualifying Group 7 Matches and results,Latvia,Netherlands,,,,,,,,,not_available_in_static_html,https://www.soccerbase.com/tournaments/tournament_tab.sd?tourn_id=1764&tab_id=2167&roundTab=roundTab_7
soccerbase,820809,2021-10-08,World Cup,2022,Europe (Qualifying): G,Qualifying Group 7 Matches and results,Turkey,Norway,,,,,,,,,not_available_in_static_html,https://www.soccerbase.com/tournaments/tournament_tab.sd?tourn_id=1764&tab_id=2167&roundTab=roundTab_7
soccerbase,820741,2021-09-07,World Cup,2022,Europe (Qualifying): G,Qualifying Group 7 Matches and results,Montenegro,Latvia,,,,,,,,,not_available_in_static_html,https://www.soccerbase.com/tournaments/tournament_tab.sd?tourn_id=1764&tab_id=2167&roundTab=roundTab_7
soccerbase,820743,2021-09-07,World Cup,2022,Europe (Qualifying): G,Qualifying Group 7 Matches and results,Netherlands,Turkey,,,,,,,,,not_available_in_static_html,https://www.soccerbase.com/tournaments/tournament_tab.sd?tourn_id=1764&tab_id=2167&roundTab=roundTab_7
soccerbase,820744,2021-09-07,World Cup,2022,Europe (Qualifying): G,Qualifying Group 7 Matches and results,Norway,Gibraltar,,,,,,,,,not_available_in_static_html,https://www.soccerbase.com/tournaments/tournament_tab.sd?tourn_id=1764&tab_id=2167&roundTab=roundTab_7
soccerbase,820760,2021-09-04,World Cup,2022,Europe (Qualifying): G,Qualifying Group 7 Matches and results,Gibraltar,Turkey,,,,,,,,,not_available_in_static_html,https://www.soccerbase.com/tournaments/tournament_tab.sd?tourn_id=1764&tab_id=2167&roundTab=roundTab_7
soccerbase,820747,2021-09-04,World Cup,2022,Europe (Qualifying): G,Qualifying Group 7 Matches and results,Latvia,Norway,,,,,,,,,not_available_in_static_html,https://www.soccerbase.com/tournaments/tournament_tab.sd?tourn_id=1764&tab_id=2167&roundTab=roundTab_7
soccerbase,820762,2021-09-04,World Cup,2022,Europe (Qualifying): G,Qualifying Group 7 Matches and results,Netherlands,Montenegro,,,,,,,,,not_available_in_static_html,https://www.soccerbase.com/tournaments/tournament_tab.sd?tourn_id=1764&tab_id=2167&roundTab=roundTab_7
soccerbase,820707,2021-09-01,World Cup,2022,Europe (Qualifying): G,Qualifying Group 7 Matches and results,Latvia,Gibraltar,,,,,,,,,not_available_in_static_html,https://www.soccerbase.com/tournaments/tournament_tab.sd?tourn_id=1764&tab_id=2167&roundTab=roundTab_7
soccerbase,820709,2021-09-01,World Cup,2022,Europe (Qualifying): G,Qualifying Group 7 Matches and results,Norway,Netherlands,,,,,,,,,not_available_in_static_html,https://www.soccerbase.com/tournaments/tournament_tab.sd?tourn_id=1764&tab_id=2167&roundTab=roundTab_7
soccerbase,820711,2021-09-01,World Cup,2022,Europe (Qualifying): G,Qualifying Group 7 Matches and results,Turkey,Montenegro,,,,,,,,,not_available_in_static_html,https://www.soccerbase.com/tournaments/tournament_tab.sd?tourn_id=1764&tab_id=2167&roundTab=roundTab_7
soccerbase,820677,2021-03-30,World Cup,2022,Europe (Qualifying): G,Qualifying Group 7 Matches and results,Gibraltar,Netherlands,,,,,,,,,not_available_in_static_html,https://www.soccerbase.com/tournaments/tournament_tab.sd?tourn_id=1764&tab_id=2167&roundTab=roundTab_7
soccerbase,820679,2021-03-30,World Cup,2022,Europe (Qualifying): G,Qualifying Group 7 Matches and results,Montenegro,Norway,,,,,,,,,not_available_in_static_html,https://www.soccerbase.com/tournaments/tournament_tab.sd?tourn_id=1764&tab_id=2167&roundTab=roundTab_7
soccerbase,820681,2021-03-30,World Cup,2022,Europe (Qualifying): G,Qualifying Group 7 Matches and results,Turkey,Latvia,,,,,,,,,not_available_in_static_html,https://www.soccerbase.com/tournaments/tournament_tab.sd?tourn_id=1764&tab_id=2167&roundTab=roundTab_7
soccerbase,820657,2021-03-27,World Cup,2022,Europe (Qualifying): G,Qualifying Group 7 Matches and results,Montenegro,Gibraltar,,,,,,,,,not_available_in_static_html,https://www.soccerbase.com/tournaments/tournament_tab.sd?tourn_id=1764&tab_id=2167&roundTab=roundTab_7
soccerbase,820665,2021-03-27,World Cup,2022,Europe (Qualifying): G,Qualifying Group 7 Matches and results,Netherlands,Latvia,,,,,,,,,not_available_in_static_html,https://www.soccerbase.com/tournaments/tournament_tab.sd?tourn_id=1764&tab_id=2167&roundTab=roundTab_7
soccerbase,820660,2021-03-27,World Cup,2022,Europe (Qualifying): G,Qualifying Group 7 Matches and results,Norway,Turkey,,,,,,,,,not_available_in_static_html,https://www.soccerbase.com/tournaments/tournament_tab.sd?tourn_id=1764&tab_id=2167&roundTab=roundTab_7
soccerbase,820638,2021-03-24,World Cup,2022,Europe (Qualifying): G,Qualifying Group 7 Matches and results,Gibraltar,Norway,,,,,,,,,not_available_in_static_html,https://www.soccerbase.com/tournaments/tournament_tab.sd?tourn_id=1764&tab_id=2167&roundTab=roundTab_7
soccerbase,820639,2021-03-24,World Cup,2022,Europe (Qualifying): G,Qualifying Group 7 Matches and results,Latvia,Montenegro,,,,,,,,,not_available_in_static_html,https://www.soccerbase.com/tournaments/tournament_tab.sd?tourn_id=1764&tab_id=2167&roundTab=roundTab_7
soccerbase,820640,2021-03-24,World Cup,2022,Europe (Qualifying): G,Qualifying Group 7 Matches and results,Turkey,Netherlands,,,,,,,,,not_available_in_static_html,https://www.soccerbase.com/tournaments/tournament_tab.sd?tourn_id=1764&tab_id=2167&roundTab=roundTab_7
soccerbase,820854,2021-11-14,World Cup,2022,Europe (Qualifying): H,Qualifying Group 8 Matches and results,Croatia,Russia,,,,,,,,,not_available_in_static_html,https://www.soccerbase.com/tournaments/tournament_tab.sd?tourn_id=1764&tab_id=2167&roundTab=roundTab_8
soccerbase,820856,2021-11-14,World Cup,2022,Europe (Qualifying): H,Qualifying Group 8 Matches and results,Malta,Slovakia,,,,,,,,,not_available_in_static_html,https://www.soccerbase.com/tournaments/tournament_tab.sd?tourn_id=1764&tab_id=2167&roundTab=roundTab_8
soccerbase,820858,2021-11-14,World Cup,2022,Europe (Qualifying): H,Qualifying Group 8 Matches and results,Slovenia,Cyprus,,,,,,,,,not_available_in_static_html,https://www.soccerbase.com/tournaments/tournament_tab.sd?tourn_id=1764&tab_id=2167&roundTab=roundTab_8
soccerbase,820825,2021-11-11,World Cup,2022,Europe (Qualifying): H,Qualifying Group 8 Matches and results,Malta,Croatia,,,,,,,,,not_available_in_static_html,https://www.soccerbase.com/tournaments/tournament_tab.sd?tourn_id=1764&tab_id=2167&roundTab=roundTab_8
soccerbase,820818,2021-11-11,World Cup,2022,Europe (Qualifying): H,Qualifying Group 8 Matches and results,Russia,Cyprus,,,,,,,,,not_available_in_static_html,https://www.soccerbase.com/tournaments/tournament_tab.sd?tourn_id=1764&tab_id=2167&roundTab=roundTab_8
soccerbase,820826,2021-11-11,World Cup,2022,Europe (Qualifying): H,Qualifying Group 8 Matches and results,Slovakia,Slovenia,,,,,,,,,not_available_in_static_html,https://www.soccerbase.com/tournaments/tournament_tab.sd?tourn_id=1764&tab_id=2167&roundTab=roundTab_8
soccerbase,820785,2021-10-11,World Cup,2022,Europe (Qualifying): H,Qualifying Group 8 Matches and results,Croatia,Slovakia,,,,,,,,,not_available_in_static_html,https://www.soccerbase.com/tournaments/tournament_tab.sd?tourn_id=1764&tab_id=2167&roundTab=roundTab_8
soccerbase,820787,2021-10-11,World Cup,2022,Europe (Qualifying): H,Qualifying Group 8 Matches and results,Cyprus,Malta,,,,,,,,,not_available_in_static_html,https://www.soccerbase.com/tournaments/tournament_tab.sd?tourn_id=1764&tab_id=2167&roundTab=roundTab_8
soccerbase,820788,2021-10-11,World Cup,2022,Europe (Qualifying): H,Qualifying Group 8 Matches and results,Slovenia,Russia,,,,,,,,,not_available_in_static_html,https://www.soccerbase.com/tournaments/tournament_tab.sd?tourn_id=1764&tab_id=2167&roundTab=roundTab_8
soccerbase,820812,2021-10-08,World Cup,2022,Europe (Qualifying): H,Qualifying Group 8 Matches and results,Cyprus,Croatia,,,,,,,,,not_available_in_static_html,https://www.soccerbase.com/tournaments/tournament_tab.sd?tourn_id=1764&tab_id=2167&roundTab=roundTab_8
soccerbase,820813,2021-10-08,World Cup,2022,Europe (Qualifying): H,Qualifying Group 8 Matches and results,Malta,Slovenia,,,,,,,,,not_available_in_static_html,https://www.soccerbase.com/tournaments/tournament_tab.sd?tourn_id=1764&tab_id=2167&roundTab=roundTab_8
soccerbase,820815,2021-10-08,World Cup,2022,Europe (Qualifying): H,Qualifying Group 8 Matches and results,Russia,Slovakia,,,,,,,,,not_available_in_static_html,https://www.soccerbase.com/tournaments/tournament_tab.sd?tourn_id=1764&tab_id=2167&roundTab=roundTab_8
soccerbase,820746,2021-09-07,World Cup,2022,Europe (Qualifying): H,Qualifying Group 8 Matches and results,Croatia,Slovenia,,,,,,,,,not_available_in_static_html,https://www.soccerbase.com/tournaments/tournament_tab.sd?tourn_id=1764&tab_id=2167&roundTab=roundTab_8
soccerbase,820748,2021-09-07,World Cup,2022,Europe (Qualifying): H,Qualifying Group 8 Matches and results,Russia,Malta,,,,,,,,,not_available_in_static_html,https://www.soccerbase.com/tournaments/tournament_tab.sd?tourn_id=1764&tab_id=2167&roundTab=roundTab_8
soccerbase,820749,2021-09-07,World Cup,2022,Europe (Qualifying): H,Qualifying Group 8 Matches and results,Slovakia,Cyprus,,,,,,,,,not_available_in_static_html,https://www.soccerbase.com/tournaments/tournament_tab.sd?tourn_id=1764&tab_id=2167&roundTab=roundTab_8
soccerbase,820736,2021-09-04,World Cup,2022,Europe (Qualifying): H,Qualifying Group 8 Matches and results,Cyprus,Russia,,,,,,,,,not_available_in_static_html,https://www.soccerbase.com/tournaments/tournament_tab.sd?tourn_id=1764&tab_id=2167&roundTab=roundTab_8
soccerbase,820764,2021-09-04,World Cup,2022,Europe (Qualifying): H,Qualifying Group 8 Matches and results,Slovakia,Croatia,,,,,,,,,not_available_in_static_html,https://www.soccerbase.com/tournaments/tournament_tab.sd?tourn_id=1764&tab_id=2167&roundTab=roundTab_8
soccerbase,820750,2021-09-04,World Cup,2022,Europe (Qualifying): H,Qualifying Group 8 Matches and results,Slovenia,Malta,,,,,,,,,not_available_in_static_html,https://www.soccerbase.com/tournaments/tournament_tab.sd?tourn_id=1764&tab_id=2167&roundTab=roundTab_8
soccerbase,820713,2021-09-01,World Cup,2022,Europe (Qualifying): H,Qualifying Group 8 Matches and results,Malta,Cyprus,,,,,,,,,not_available_in_static_html,https://www.soccerbase.com/tournaments/tournament_tab.sd?tourn_id=1764&tab_id=2167&roundTab=roundTab_8
soccerbase,820714,2021-09-01,World Cup,2022,Europe (Qualifying): H,Qualifying Group 8 Matches and results,Russia,Croatia,,,,,,,,,not_available_in_static_html,https://www.soccerbase.com/tournaments/tournament_tab.sd?tourn_id=1764&tab_id=2167&roundTab=roundTab_8
soccerbase,820716,2021-09-01,World Cup,2022,Europe (Qualifying): H,Qualifying Group 8 Matches and results,Slovenia,Slovakia,,,,,,,,,not_available_in_static_html,https://www.soccerbase.com/tournaments/tournament_tab.sd?tourn_id=1764&tab_id=2167&roundTab=roundTab_8
soccerbase,820683,2021-03-30,World Cup,2022,Europe (Qualifying): H,Qualifying Group 8 Matches and results,Croatia,Malta,,,,,,,,,not_available_in_static_html,https://www.soccerbase.com/tournaments/tournament_tab.sd?tourn_id=1764&tab_id=2167&roundTab=roundTab_8
soccerbase,820686,2021-03-30,World Cup,2022,Europe (Qualifying): H,Qualifying Group 8 Matches and results,Cyprus,Slovenia,,,,,,,,,not_available_in_static_html,https://www.soccerbase.com/tournaments/tournament_tab.sd?tourn_id=1764&tab_id=2167&roundTab=roundTab_8
soccerbase,820688,2021-03-30,World Cup,2022,Europe (Qualifying): H,Qualifying Group 8 Matches and results,Slovakia,Russia,,,,,,,,,not_available_in_static_html,https://www.soccerbase.com/tournaments/tournament_tab.sd?tourn_id=1764&tab_id=2167&roundTab=roundTab_8
soccerbase,820661,2021-03-27,World Cup,2022,Europe (Qualifying): H,Qualifying Group 8 Matches and results,Croatia,Cyprus,,,,,,,,,not_available_in_static_html,https://www.soccerbase.com/tournaments/tournament_tab.sd?tourn_id=1764&tab_id=2167&roundTab=roundTab_8
soccerbase,820658,2021-03-27,World Cup,2022,Europe (Qualifying): H,Qualifying Group 8 Matches and results,Russia,Slovenia,,,,,,,,,not_available_in_static_html,https://www.soccerbase.com/tournaments/tournament_tab.sd?tourn_id=1764&tab_id=2167&roundTab=roundTab_8
soccerbase,820666,2021-03-27,World Cup,2022,Europe (Qualifying): H,Qualifying Group 8 Matches and results,Slovakia,Malta,,,,,,,,,not_available_in_static_html,https://www.soccerbase.com/tournaments/tournament_tab.sd?tourn_id=1764&tab_id=2167&roundTab=roundTab_8
soccerbase,820641,2021-03-24,World Cup,2022,Europe (Qualifying): H,Qualifying Group 8 Matches and results,Cyprus,Slovakia,,,,,,,,,not_available_in_static_html,https://www.soccerbase.com/tournaments/tournament_tab.sd?tourn_id=1764&tab_id=2167&roundTab=roundTab_8
soccerbase,820642,2021-03-24,World Cup,2022,Europe (Qualifying): H,Qualifying Group 8 Matches and results,Malta,Russia,,,,,,,,,not_available_in_static_html,https://www.soccerbase.com/tournaments/tournament_tab.sd?tourn_id=1764&tab_id=2167&roundTab=roundTab_8
soccerbase,820643,2021-03-24,World Cup,2022,Europe (Qualifying): H,Qualifying Group 8 Matches and results,Slovenia,Croatia,,,,,,,,,not_available_in_static_html,https://www.soccerbase.com/tournaments/tournament_tab.sd?tourn_id=1764&tab_id=2167&roundTab=roundTab_8
soccerbase,820872,2021-11-15,World Cup,2022,Europe (Qualifying): I,Qualifying Group 9 Matches and results,Albania,Andorra,,,,,,,,,not_available_in_static_html,https://www.soccerbase.com/tournaments/tournament_tab.sd?tourn_id=1764&tab_id=2167&roundTab=roundTab_9
soccerbase,820873,2021-11-15,World Cup,2022,Europe (Qualifying): I,Qualifying Group 9 Matches and results,Poland,Hungary,,,,,,,,,not_available_in_static_html,https://www.soccerbase.com/tournaments/tournament_tab.sd?tourn_id=1764&tab_id=2167&roundTab=roundTab_9
soccerbase,820874,2021-11-15,World Cup,2022,Europe (Qualifying): I,Qualifying Group 9 Matches and results,San Marino,England,,,,,,,,,not_available_in_static_html,https://www.soccerbase.com/tournaments/tournament_tab.sd?tourn_id=1764&tab_id=2167&roundTab=roundTab_9
soccerbase,820840,2021-11-12,World Cup,2022,Europe (Qualifying): I,Qualifying Group 9 Matches and results,Andorra,Poland,,,,,,,,,not_available_in_static_html,https://www.soccerbase.com/tournaments/tournament_tab.sd?tourn_id=1764&tab_id=2167&roundTab=roundTab_9
soccerbase,820842,2021-11-12,World Cup,2022,Europe (Qualifying): I,Qualifying Group 9 Matches and results,England,Albania,,,,,,,,,not_available_in_static_html,https://www.soccerbase.com/tournaments/tournament_tab.sd?tourn_id=1764&tab_id=2167&roundTab=roundTab_9
soccerbase,820844,2021-11-12,World Cup,2022,Europe (Qualifying): I,Qualifying Group 9 Matches and results,Hungary,San Marino,,,,,,,,,not_available_in_static_html,https://www.soccerbase.com/tournaments/tournament_tab.sd?tourn_id=1764&tab_id=2167&roundTab=roundTab_9
soccerbase,820808,2021-10-12,World Cup,2022,Europe (Qualifying): I,Qualifying Group 9 Matches and results,Albania,Poland,,,,,,,,,not_available_in_static_html,https://www.soccerbase.com/tournaments/tournament_tab.sd?tourn_id=1764&tab_id=2167&roundTab=roundTab_9
soccerbase,820810,2021-10-12,World Cup,2022,Europe (Qualifying): I,Qualifying Group 9 Matches and results,England,Hungary,,,,,,,,,not_available_in_static_html,https://www.soccerbase.com/tournaments/tournament_tab.sd?tourn_id=1764&tab_id=2167&roundTab=roundTab_9
soccerbase,820811,2021-10-12,World Cup,2022,Europe (Qualifying): I,Qualifying Group 9 Matches and results,San Marino,Andorra,,,,,,,,,not_available_in_static_html,https://www.soccerbase.com/tournaments/tournament_tab.sd?tourn_id=1764&tab_id=2167&roundTab=roundTab_9
soccerbase,820849,2021-10-09,World Cup,2022,Europe (Qualifying): I,Qualifying Group 9 Matches and results,Andorra,England,,,,,,,,,not_available_in_static_html,https://www.soccerbase.com/tournaments/tournament_tab.sd?tourn_id=1764&tab_id=2167&roundTab=roundTab_9
soccerbase,820850,2021-10-09,World Cup,2022,Europe (Qualifying): I,Qualifying Group 9 Matches and results,Hungary,Albania,,,,,,,,,not_available_in_static_html,https://www.soccerbase.com/tournaments/tournament_tab.sd?tourn_id=1764&tab_id=2167&roundTab=roundTab_9
soccerbase,820852,2021-10-09,World Cup,2022,Europe (Qualifying): I,Qualifying Group 9 Matches and results,Poland,San Marino,,,,,,,,,not_available_in_static_html,https://www.soccerbase.com/tournaments/tournament_tab.sd?tourn_id=1764&tab_id=2167&roundTab=roundTab_9
soccerbase,820765,2021-09-08,World Cup,2022,Europe (Qualifying): I,Qualifying Group 9 Matches and results,Albania,San Marino,,,,,,,,,not_available_in_static_html,https://www.soccerbase.com/tournaments/tournament_tab.sd?tourn_id=1764&tab_id=2167&roundTab=roundTab_9
soccerbase,820766,2021-09-08,World Cup,2022,Europe (Qualifying): I,Qualifying Group 9 Matches and results,Hungary,Andorra,,,,,,,,,not_available_in_static_html,https://www.soccerbase.com/tournaments/tournament_tab.sd?tourn_id=1764&tab_id=2167&roundTab=roundTab_9
soccerbase,820767,2021-09-08,World Cup,2022,Europe (Qualifying): I,Qualifying Group 9 Matches and results,Poland,England,,,,,,,,,not_available_in_static_html,https://www.soccerbase.com/tournaments/tournament_tab.sd?tourn_id=1764&tab_id=2167&roundTab=roundTab_9
soccerbase,820772,2021-09-05,World Cup,2022,Europe (Qualifying): I,Qualifying Group 9 Matches and results,Albania,Hungary,,,,,,,,,not_available_in_static_html,https://www.soccerbase.com/tournaments/tournament_tab.sd?tourn_id=1764&tab_id=2167&roundTab=roundTab_9
soccerbase,820773,2021-09-05,World Cup,2022,Europe (Qualifying): I,Qualifying Group 9 Matches and results,England,Andorra,,,,,,,,,not_available_in_static_html,https://www.soccerbase.com/tournaments/tournament_tab.sd?tourn_id=1764&tab_id=2167&roundTab=roundTab_9
soccerbase,820784,2021-09-05,World Cup,2022,Europe (Qualifying): I,Qualifying Group 9 Matches and results,San Marino,Poland,,,,,,,,,not_available_in_static_html,https://www.soccerbase.com/tournaments/tournament_tab.sd?tourn_id=1764&tab_id=2167&roundTab=roundTab_9
soccerbase,820726,2021-09-02,World Cup,2022,Europe (Qualifying): I,Qualifying Group 9 Matches and results,Andorra,San Marino,,,,,,,,,not_available_in_static_html,https://www.soccerbase.com/tournaments/tournament_tab.sd?tourn_id=1764&tab_id=2167&roundTab=roundTab_9
soccerbase,820727,2021-09-02,World Cup,2022,Europe (Qualifying): I,Qualifying Group 9 Matches and results,Hungary,England,,,,,,,,,not_available_in_static_html,https://www.soccerbase.com/tournaments/tournament_tab.sd?tourn_id=1764&tab_id=2167&roundTab=roundTab_9
soccerbase,820728,2021-09-02,World Cup,2022,Europe (Qualifying): I,Qualifying Group 9 Matches and results,Poland,Albania,,,,,,,,,not_available_in_static_html,https://www.soccerbase.com/tournaments/tournament_tab.sd?tourn_id=1764&tab_id=2167&roundTab=roundTab_9
soccerbase,820712,2021-03-31,World Cup,2022,Europe (Qualifying): I,Qualifying Group 9 Matches and results,Andorra,Hungary,,,,,,,,,not_available_in_static_html,https://www.soccerbase.com/tournaments/tournament_tab.sd?tourn_id=1764&tab_id=2167&roundTab=roundTab_9
soccerbase,820715,2021-03-31,World Cup,2022,Europe (Qualifying): I,Qualifying Group 9 Matches and results,England,Poland,,,,,,,,,not_available_in_static_html,https://www.soccerbase.com/tournaments/tournament_tab.sd?tourn_id=1764&tab_id=2167&roundTab=roundTab_9
soccerbase,820717,2021-03-31,World Cup,2022,Europe (Qualifying): I,Qualifying Group 9 Matches and results,San Marino,Albania,,,,,,,,,not_available_in_static_html,https://www.soccerbase.com/tournaments/tournament_tab.sd?tourn_id=1764&tab_id=2167&roundTab=roundTab_9
soccerbase,820672,2021-03-28,World Cup,2022,Europe (Qualifying): I,Qualifying Group 9 Matches and results,Albania,England,,,,,,,,,not_available_in_static_html,https://www.soccerbase.com/tournaments/tournament_tab.sd?tourn_id=1764&tab_id=2167&roundTab=roundTab_9
soccerbase,820687,2021-03-28,World Cup,2022,Europe (Qualifying): I,Qualifying Group 9 Matches and results,Poland,Andorra,,,,,,,,,not_available_in_static_html,https://www.soccerbase.com/tournaments/tournament_tab.sd?tourn_id=1764&tab_id=2167&roundTab=roundTab_9
soccerbase,820689,2021-03-28,World Cup,2022,Europe (Qualifying): I,Qualifying Group 9 Matches and results,San Marino,Hungary,,,,,,,,,not_available_in_static_html,https://www.soccerbase.com/tournaments/tournament_tab.sd?tourn_id=1764&tab_id=2167&roundTab=roundTab_9
soccerbase,820651,2021-03-25,World Cup,2022,Europe (Qualifying): I,Qualifying Group 9 Matches and results,Andorra,Albania,,,,,,,,,not_available_in_static_html,https://www.soccerbase.com/tournaments/tournament_tab.sd?tourn_id=1764&tab_id=2167&roundTab=roundTab_9
soccerbase,820652,2021-03-25,World Cup,2022,Europe (Qualifying): I,Qualifying Group 9 Matches and results,England,San Marino,,,,,,,,,not_available_in_static_html,https://www.soccerbase.com/tournaments/tournament_tab.sd?tourn_id=1764&tab_id=2167&roundTab=roundTab_9
soccerbase,820653,2021-03-25,World Cup,2022,Europe (Qualifying): I,Qualifying Group 9 Matches and results,Hungary,Poland,,,,,,,,,not_available_in_static_html,https://www.soccerbase.com/tournaments/tournament_tab.sd?tourn_id=1764&tab_id=2167&roundTab=roundTab_9
soccerbase,820860,2021-11-14,World Cup,2022,Europe (Qualifying): J,Qualifying Group 10 Matches and results,Armenia,Germany,,,,,,,,,not_available_in_static_html,https://www.soccerbase.com/tournaments/tournament_tab.sd?tourn_id=1764&tab_id=2167&roundTab=roundTab_10
soccerbase,820861,2021-11-14,World Cup,2022,Europe (Qualifying): J,Qualifying Group 10 Matches and results,Liechtenstein,Romania,,,,,,,,,not_available_in_static_html,https://www.soccerbase.com/tournaments/tournament_tab.sd?tourn_id=1764&tab_id=2167&roundTab=roundTab_10
soccerbase,820862,2021-11-14,World Cup,2022,Europe (Qualifying): J,Qualifying Group 10 Matches and results,N Macedonia,Iceland,,,,,,,,,not_available_in_static_html,https://www.soccerbase.com/tournaments/tournament_tab.sd?tourn_id=1764&tab_id=2167&roundTab=roundTab_10
soccerbase,820819,2021-11-11,World Cup,2022,Europe (Qualifying): J,Qualifying Group 10 Matches and results,Armenia,N Macedonia,,,,,,,,,not_available_in_static_html,https://www.soccerbase.com/tournaments/tournament_tab.sd?tourn_id=1764&tab_id=2167&roundTab=roundTab_10
soccerbase,820828,2021-11-11,World Cup,2022,Europe (Qualifying): J,Qualifying Group 10 Matches and results,Germany,Liechtenstein,,,,,,,,,not_available_in_static_html,https://www.soccerbase.com/tournaments/tournament_tab.sd?tourn_id=1764&tab_id=2167&roundTab=roundTab_10
soccerbase,820829,2021-11-11,World Cup,2022,Europe (Qualifying): J,Qualifying Group 10 Matches and results,Romania,Iceland,,,,,,,,,not_available_in_static_html,https://www.soccerbase.com/tournaments/tournament_tab.sd?tourn_id=1764&tab_id=2167&roundTab=roundTab_10
soccerbase,820790,2021-10-11,World Cup,2022,Europe (Qualifying): J,Qualifying Group 10 Matches and results,Iceland,Liechtenstein,,,,,,,,,not_available_in_static_html,https://www.soccerbase.com/tournaments/tournament_tab.sd?tourn_id=1764&tab_id=2167&roundTab=roundTab_10
soccerbase,820791,2021-10-11,World Cup,2022,Europe (Qualifying): J,Qualifying Group 10 Matches and results,N Macedonia,Germany,,,,,,,,,not_available_in_static_html,https://www.soccerbase.com/tournaments/tournament_tab.sd?tourn_id=1764&tab_id=2167&roundTab=roundTab_10
soccerbase,820792,2021-10-11,World Cup,2022,Europe (Qualifying): J,Qualifying Group 10 Matches and results,Romania,Armenia,,,,,,,,,not_available_in_static_html,https://www.soccerbase.com/tournaments/tournament_tab.sd?tourn_id=1764&tab_id=2167&roundTab=roundTab_10
soccerbase,820816,2021-10-08,World Cup,2022,Europe (Qualifying): J,Qualifying Group 10 Matches and results,Germany,Romania,,,,,,,,,not_available_in_static_html,https://www.soccerbase.com/tournaments/tournament_tab.sd?tourn_id=1764&tab_id=2167&roundTab=roundTab_10
soccerbase,820820,2021-10-08,World Cup,2022,Europe (Qualifying): J,Qualifying Group 10 Matches and results,Iceland,Armenia,,,,,,,,,not_available_in_static_html,https://www.soccerbase.com/tournaments/tournament_tab.sd?tourn_id=1764&tab_id=2167&roundTab=roundTab_10
soccerbase,820821,2021-10-08,World Cup,2022,Europe (Qualifying): J,Qualifying Group 10 Matches and results,Liechtenstein,N Macedonia,,,,,,,,,not_available_in_static_html,https://www.soccerbase.com/tournaments/tournament_tab.sd?tourn_id=1764&tab_id=2167&roundTab=roundTab_10
soccerbase,820751,2021-09-08,World Cup,2022,Europe (Qualifying): J,Qualifying Group 10 Matches and results,Armenia,Liechtenstein,,,,,,,,,not_available_in_static_html,https://www.soccerbase.com/tournaments/tournament_tab.sd?tourn_id=1764&tab_id=2167&roundTab=roundTab_10
soccerbase,820768,2021-09-08,World Cup,2022,Europe (Qualifying): J,Qualifying Group 10 Matches and results,Iceland,Germany,,,,,,,,,not_available_in_static_html,https://www.soccerbase.com/tournaments/tournament_tab.sd?tourn_id=1764&tab_id=2167&roundTab=roundTab_10
soccerbase,820769,2021-09-08,World Cup,2022,Europe (Qualifying): J,Qualifying Group 10 Matches and results,N Macedonia,Romania,,,,,,,,,not_available_in_static_html,https://www.soccerbase.com/tournaments/tournament_tab.sd?tourn_id=1764&tab_id=2167&roundTab=roundTab_10
soccerbase,820786,2021-09-05,World Cup,2022,Europe (Qualifying): J,Qualifying Group 10 Matches and results,Germany,Armenia,,,,,,,,,not_available_in_static_html,https://www.soccerbase.com/tournaments/tournament_tab.sd?tourn_id=1764&tab_id=2167&roundTab=roundTab_10
soccerbase,820774,2021-09-05,World Cup,2022,Europe (Qualifying): J,Qualifying Group 10 Matches and results,Iceland,N Macedonia,,,,,,,,,not_available_in_static_html,https://www.soccerbase.com/tournaments/tournament_tab.sd?tourn_id=1764&tab_id=2167&roundTab=roundTab_10
soccerbase,820789,2021-09-05,World Cup,2022,Europe (Qualifying): J,Qualifying Group 10 Matches and results,Romania,Liechtenstein,,,,,,,,,not_available_in_static_html,https://www.soccerbase.com/tournaments/tournament_tab.sd?tourn_id=1764&tab_id=2167&roundTab=roundTab_10
soccerbase,820729,2021-09-02,World Cup,2022,Europe (Qualifying): J,Qualifying Group 10 Matches and results,Iceland,Romania,,,,,,,,,not_available_in_static_html,https://www.soccerbase.com/tournaments/tournament_tab.sd?tourn_id=1764&tab_id=2167&roundTab=roundTab_10
soccerbase,820730,2021-09-02,World Cup,2022,Europe (Qualifying): J,Qualifying Group 10 Matches and results,Liechtenstein,Germany,,,,,,,,,not_available_in_static_html,https://www.soccerbase.com/tournaments/tournament_tab.sd?tourn_id=1764&tab_id=2167&roundTab=roundTab_10
soccerbase,820731,2021-09-02,World Cup,2022,Europe (Qualifying): J,Qualifying Group 10 Matches and results,N Macedonia,Armenia,,,,,,,,,not_available_in_static_html,https://www.soccerbase.com/tournaments/tournament_tab.sd?tourn_id=1764&tab_id=2167&roundTab=roundTab_10
soccerbase,820692,2021-03-31,World Cup,2022,Europe (Qualifying): J,Qualifying Group 10 Matches and results,Armenia,Romania,,,,,,,,,not_available_in_static_html,https://www.soccerbase.com/tournaments/tournament_tab.sd?tourn_id=1764&tab_id=2167&roundTab=roundTab_10
soccerbase,820718,2021-03-31,World Cup,2022,Europe (Qualifying): J,Qualifying Group 10 Matches and results,Germany,N Macedonia,,,,,,,,,not_available_in_static_html,https://www.soccerbase.com/tournaments/tournament_tab.sd?tourn_id=1764&tab_id=2167&roundTab=roundTab_10
soccerbase,820720,2021-03-31,World Cup,2022,Europe (Qualifying): J,Qualifying Group 10 Matches and results,Liechtenstein,Iceland,,,,,,,,,not_available_in_static_html,https://www.soccerbase.com/tournaments/tournament_tab.sd?tourn_id=1764&tab_id=2167&roundTab=roundTab_10
soccerbase,820674,2021-03-28,World Cup,2022,Europe (Qualifying): J,Qualifying Group 10 Matches and results,Armenia,Iceland,,,,,,,,,not_available_in_static_html,https://www.soccerbase.com/tournaments/tournament_tab.sd?tourn_id=1764&tab_id=2167&roundTab=roundTab_10
soccerbase,820690,2021-03-28,World Cup,2022,Europe (Qualifying): J,Qualifying Group 10 Matches and results,N Macedonia,Liechtenstein,,,,,,,,,not_available_in_static_html,https://www.soccerbase.com/tournaments/tournament_tab.sd?tourn_id=1764&tab_id=2167&roundTab=roundTab_10
soccerbase,820691,2021-03-28,World Cup,2022,Europe (Qualifying): J,Qualifying Group 10 Matches and results,Romania,Germany,,,,,,,,,not_available_in_static_html,https://www.soccerbase.com/tournaments/tournament_tab.sd?tourn_id=1764&tab_id=2167&roundTab=roundTab_10
soccerbase,820654,2021-03-25,World Cup,2022,Europe (Qualifying): J,Qualifying Group 10 Matches and results,Germany,Iceland,,,,,,,,,not_available_in_static_html,https://www.soccerbase.com/tournaments/tournament_tab.sd?tourn_id=1764&tab_id=2167&roundTab=roundTab_10
soccerbase,820655,2021-03-25,World Cup,2022,Europe (Qualifying): J,Qualifying Group 10 Matches and results,Liechtenstein,Armenia,,,,,,,,,not_available_in_static_html,https://www.soccerbase.com/tournaments/tournament_tab.sd?tourn_id=1764&tab_id=2167&roundTab=roundTab_10
soccerbase,820656,2021-03-25,World Cup,2022,Europe (Qualifying): J,Qualifying Group 10 Matches and results,Romania,N Macedonia,,,,,,,,,not_available_in_static_html,https://www.soccerbase.com/tournaments/tournament_tab.sd?tourn_id=1764&tab_id=2167&roundTab=roundTab_10
soccerbase,801474,2022-03-30,World Cup,2022,Conmebol (Qualifying),CONMEBOL Qualifying Matches and results,Bolivia,Brazil,,,,,,,,,not_available_in_static_html,https://www.soccerbase.com/tournaments/tournament.sd?tourn_id=1764&tab=tab-2168
soccerbase,801475,2022-03-30,World Cup,2022,Conmebol (Qualifying),CONMEBOL Qualifying Matches and results,Chile,Uruguay,,,,,,,,,not_available_in_static_html,https://www.soccerbase.com/tournaments/tournament.sd?tourn_id=1764&tab=tab-2168
soccerbase,801476,2022-03-30,World Cup,2022,Conmebol (Qualifying),CONMEBOL Qualifying Matches and results,Ecuador,Argentina,,,,,,,,,not_available_in_static_html,https://www.soccerbase.com/tournaments/tournament.sd?tourn_id=1764&tab=tab-2168
soccerbase,801472,2022-03-30,World Cup,2022,Conmebol (Qualifying),CONMEBOL Qualifying Matches and results,Peru,Paraguay,,,,,,,,,not_available_in_static_html,https://www.soccerbase.com/tournaments/tournament.sd?tourn_id=1764&tab=tab-2168
soccerbase,801473,2022-03-30,World Cup,2022,Conmebol (Qualifying),CONMEBOL Qualifying Matches and results,Venezuela,Colombia,,,,,,,,,not_available_in_static_html,https://www.soccerbase.com/tournaments/tournament.sd?tourn_id=1764&tab=tab-2168
soccerbase,801471,2022-03-25,World Cup,2022,Conmebol (Qualifying),CONMEBOL Qualifying Matches and results,Argentina,Venezuela,,,,,,,,,not_available_in_static_html,https://www.soccerbase.com/tournaments/tournament.sd?tourn_id=1764&tab=tab-2168
soccerbase,801469,2022-03-24,World Cup,2022,Conmebol (Qualifying),CONMEBOL Qualifying Matches and results,Brazil,Chile,,,,,,,,,not_available_in_static_html,https://www.soccerbase.com/tournaments/tournament.sd?tourn_id=1764&tab=tab-2168
soccerbase,801468,2022-03-24,World Cup,2022,Conmebol (Qualifying),CONMEBOL Qualifying Matches and results,Colombia,Bolivia,,,,,,,,,not_available_in_static_html,https://www.soccerbase.com/tournaments/tournament.sd?tourn_id=1764&tab=tab-2168
soccerbase,801470,2022-03-24,World Cup,2022,Conmebol (Qualifying),CONMEBOL Qualifying Matches and results,Paraguay,Ecuador,,,,,,,,,not_available_in_static_html,https://www.soccerbase.com/tournaments/tournament.sd?tourn_id=1764&tab=tab-2168
soccerbase,801467,2022-03-24,World Cup,2022,Conmebol (Qualifying),CONMEBOL Qualifying Matches and results,Uruguay,Peru,,,,,,,,,not_available_in_static_html,https://www.soccerbase.com/tournaments/tournament.sd?tourn_id=1764&tab=tab-2168
soccerbase,801464,2022-02-02,World Cup,2022,Conmebol (Qualifying),CONMEBOL Qualifying Matches and results,Brazil,Paraguay,,,,,,,,,not_available_in_static_html,https://www.soccerbase.com/tournaments/tournament.sd?tourn_id=1764&tab=tab-2168
soccerbase,801463,2022-02-02,World Cup,2022,Conmebol (Qualifying),CONMEBOL Qualifying Matches and results,Peru,Ecuador,,,,,,,,,not_available_in_static_html,https://www.soccerbase.com/tournaments/tournament.sd?tourn_id=1764&tab=tab-2168
soccerbase,801466,2022-02-01,World Cup,2022,Conmebol (Qualifying),CONMEBOL Qualifying Matches and results,Argentina,Colombia,,,,,,,,,not_available_in_static_html,https://www.soccerbase.com/tournaments/tournament.sd?tourn_id=1764&tab=tab-2168
soccerbase,801465,2022-02-01,World Cup,2022,Conmebol (Qualifying),CONMEBOL Qualifying Matches and results,Bolivia,Chile,,,,,,,,,not_available_in_static_html,https://www.soccerbase.com/tournaments/tournament.sd?tourn_id=1764&tab=tab-2168
soccerbase,801462,2022-02-01,World Cup,2022,Conmebol (Qualifying),CONMEBOL Qualifying Matches and results,Uruguay,Venezuela,,,,,,,,,not_available_in_static_html,https://www.soccerbase.com/tournaments/tournament.sd?tourn_id=1764&tab=tab-2168
soccerbase,801460,2022-01-28,World Cup,2022,Conmebol (Qualifying),CONMEBOL Qualifying Matches and results,Chile,Argentina,,,,,,,,,not_available_in_static_html,https://www.soccerbase.com/tournaments/tournament.sd?tourn_id=1764&tab=tab-2168
soccerbase,801457,2022-01-28,World Cup,2022,Conmebol (Qualifying),CONMEBOL Qualifying Matches and results,Colombia,Peru,,,,,,,,,not_available_in_static_html,https://www.soccerbase.com/tournaments/tournament.sd?tourn_id=1764&tab=tab-2168
soccerbase,801458,2022-01-28,World Cup,2022,Conmebol (Qualifying),CONMEBOL Qualifying Matches and results,Venezuela,Bolivia,,,,,,,,,not_available_in_static_html,https://www.soccerbase.com/tournaments/tournament.sd?tourn_id=1764&tab=tab-2168
soccerbase,801461,2022-01-27,World Cup,2022,Conmebol (Qualifying),CONMEBOL Qualifying Matches and results,Ecuador,Brazil,,,,,,,,,not_available_in_static_html,https://www.soccerbase.com/tournaments/tournament.sd?tourn_id=1764&tab=tab-2168
soccerbase,801459,2022-01-27,World Cup,2022,Conmebol (Qualifying),CONMEBOL Qualifying Matches and results,Paraguay,Uruguay,,,,,,,,,not_available_in_static_html,https://www.soccerbase.com/tournaments/tournament.sd?tourn_id=1764&tab=tab-2168
soccerbase,801456,2021-11-17,World Cup,2022,Conmebol (Qualifying),CONMEBOL Qualifying Matches and results,Chile,Ecuador,,,,,,,,,not_available_in_static_html,https://www.soccerbase.com/tournaments/tournament.sd?tourn_id=1764&tab=tab-2168
soccerbase,801455,2021-11-16,World Cup,2022,Conmebol (Qualifying),CONMEBOL Qualifying Matches and results,Argentina,Brazil,,,,,,,,,not_available_in_static_html,https://www.soccerbase.com/tournaments/tournament.sd?tourn_id=1764&tab=tab-2168
soccerbase,801454,2021-11-16,World Cup,2022,Conmebol (Qualifying),CONMEBOL Qualifying Matches and results,Bolivia,Uruguay,,,,,,,,,not_available_in_static_html,https://www.soccerbase.com/tournaments/tournament.sd?tourn_id=1764&tab=tab-2168
soccerbase,801452,2021-11-16,World Cup,2022,Conmebol (Qualifying),CONMEBOL Qualifying Matches and results,Colombia,Paraguay,,,,,,,,,not_available_in_static_html,https://www.soccerbase.com/tournaments/tournament.sd?tourn_id=1764&tab=tab-2168
soccerbase,801453,2021-11-16,World Cup,2022,Conmebol (Qualifying),CONMEBOL Qualifying Matches and results,Venezuela,Peru,,,,,,,,,not_available_in_static_html,https://www.soccerbase.com/tournaments/tournament.sd?tourn_id=1764&tab=tab-2168
soccerbase,801449,2021-11-12,World Cup,2022,Conmebol (Qualifying),CONMEBOL Qualifying Matches and results,Brazil,Colombia,,,,,,,,,not_available_in_static_html,https://www.soccerbase.com/tournaments/tournament.sd?tourn_id=1764&tab=tab-2168
soccerbase,801448,2021-11-12,World Cup,2022,Conmebol (Qualifying),CONMEBOL Qualifying Matches and results,Peru,Bolivia,,,,,,,,,not_available_in_static_html,https://www.soccerbase.com/tournaments/tournament.sd?tourn_id=1764&tab=tab-2168
soccerbase,801447,2021-11-12,World Cup,2022,Conmebol (Qualifying),CONMEBOL Qualifying Matches and results,Uruguay,Argentina,,,,,,,,,not_available_in_static_html,https://www.soccerbase.com/tournaments/tournament.sd?tourn_id=1764&tab=tab-2168
soccerbase,801450,2021-11-11,World Cup,2022,Conmebol (Qualifying),CONMEBOL Qualifying Matches and results,Ecuador,Venezuela,,,,,,,,,not_available_in_static_html,https://www.soccerbase.com/tournaments/tournament.sd?tourn_id=1764&tab=tab-2168
soccerbase,801451,2021-11-11,World Cup,2022,Conmebol (Qualifying),CONMEBOL Qualifying Matches and results,Paraguay,Chile,,,,,,,,,not_available_in_static_html,https://www.soccerbase.com/tournaments/tournament.sd?tourn_id=1764&tab=tab-2168
soccerbase,801444,2021-10-15,World Cup,2022,Conmebol (Qualifying),CONMEBOL Qualifying Matches and results,Argentina,Peru,,,,,,,,,not_available_in_static_html,https://www.soccerbase.com/tournaments/tournament.sd?tourn_id=1764&tab=tab-2168
soccerbase,801443,2021-10-15,World Cup,2022,Conmebol (Qualifying),CONMEBOL Qualifying Matches and results,Brazil,Uruguay,,,,,,,,,not_available_in_static_html,https://www.soccerbase.com/tournaments/tournament.sd?tourn_id=1764&tab=tab-2168
soccerbase,801445,2021-10-15,World Cup,2022,Conmebol (Qualifying),CONMEBOL Qualifying Matches and results,Chile,Venezuela,,,,,,,,,not_available_in_static_html,https://www.soccerbase.com/tournaments/tournament.sd?tourn_id=1764&tab=tab-2168
soccerbase,801446,2021-10-14,World Cup,2022,Conmebol (Qualifying),CONMEBOL Qualifying Matches and results,Bolivia,Paraguay,,,,,,,,,not_available_in_static_html,https://www.soccerbase.com/tournaments/tournament.sd?tourn_id=1764&tab=tab-2168
soccerbase,801442,2021-10-14,World Cup,2022,Conmebol (Qualifying),CONMEBOL Qualifying Matches and results,Colombia,Ecuador,,,,,,,,,not_available_in_static_html,https://www.soccerbase.com/tournaments/tournament.sd?tourn_id=1764&tab=tab-2168
soccerbase,801410,2021-10-11,World Cup,2022,Conmebol (Qualifying),CONMEBOL Qualifying Matches and results,Argentina,Uruguay,,,,,,,,,not_available_in_static_html,https://www.soccerbase.com/tournaments/tournament.sd?tourn_id=1764&tab=tab-2168
soccerbase,801411,2021-10-11,World Cup,2022,Conmebol (Qualifying),CONMEBOL Qualifying Matches and results,Chile,Paraguay,,,,,,,,,not_available_in_static_html,https://www.soccerbase.com/tournaments/tournament.sd?tourn_id=1764&tab=tab-2168
soccerbase,801409,2021-10-10,World Cup,2022,Conmebol (Qualifying),CONMEBOL Qualifying Matches and results,Bolivia,Peru,,,,,,,,,not_available_in_static_html,https://www.soccerbase.com/tournaments/tournament.sd?tourn_id=1764&tab=tab-2168
soccerbase,801407,2021-10-10,World Cup,2022,Conmebol (Qualifying),CONMEBOL Qualifying Matches and results,Colombia,Brazil,,,,,,,,,not_available_in_static_html,https://www.soccerbase.com/tournaments/tournament.sd?tourn_id=1764&tab=tab-2168
soccerbase,801408,2021-10-10,World Cup,2022,Conmebol (Qualifying),CONMEBOL Qualifying Matches and results,Venezuela,Ecuador,,,,,,,,,not_available_in_static_html,https://www.soccerbase.com/tournaments/tournament.sd?tourn_id=1764&tab=tab-2168
soccerbase,801440,2021-10-08,World Cup,2022,Conmebol (Qualifying),CONMEBOL Qualifying Matches and results,Ecuador,Bolivia,,,,,,,,,not_available_in_static_html,https://www.soccerbase.com/tournaments/tournament.sd?tourn_id=1764&tab=tab-2168
soccerbase,801441,2021-10-08,World Cup,2022,Conmebol (Qualifying),CONMEBOL Qualifying Matches and results,Paraguay,Argentina,,,,,,,,,not_available_in_static_html,https://www.soccerbase.com/tournaments/tournament.sd?tourn_id=1764&tab=tab-2168
soccerbase,801438,2021-10-08,World Cup,2022,Conmebol (Qualifying),CONMEBOL Qualifying Matches and results,Peru,Chile,,,,,,,,,not_available_in_static_html,https://www.soccerbase.com/tournaments/tournament.sd?tourn_id=1764&tab=tab-2168
soccerbase,801437,2021-10-08,World Cup,2022,Conmebol (Qualifying),CONMEBOL Qualifying Matches and results,Uruguay,Colombia,,,,,,,,,not_available_in_static_html,https://www.soccerbase.com/tournaments/tournament.sd?tourn_id=1764&tab=tab-2168
soccerbase,801439,2021-10-08,World Cup,2022,Conmebol (Qualifying),CONMEBOL Qualifying Matches and results,Venezuela,Brazil,,,,,,,,,not_available_in_static_html,https://www.soccerbase.com/tournaments/tournament.sd?tourn_id=1764&tab=tab-2168
soccerbase,801436,2021-09-10,World Cup,2022,Conmebol (Qualifying),CONMEBOL Qualifying Matches and results,Argentina,Bolivia,,,,,,,,,not_available_in_static_html,https://www.soccerbase.com/tournaments/tournament.sd?tourn_id=1764&tab=tab-2168
soccerbase,801434,2021-09-10,World Cup,2022,Conmebol (Qualifying),CONMEBOL Qualifying Matches and results,Brazil,Peru,,,,,,,,,not_available_in_static_html,https://www.soccerbase.com/tournaments/tournament.sd?tourn_id=1764&tab=tab-2168
soccerbase,801433,2021-09-10,World Cup,2022,Conmebol (Qualifying),CONMEBOL Qualifying Matches and results,Colombia,Chile,,,,,,,,,not_available_in_static_html,https://www.soccerbase.com/tournaments/tournament.sd?tourn_id=1764&tab=tab-2168
soccerbase,801435,2021-09-09,World Cup,2022,Conmebol (Qualifying),CONMEBOL Qualifying Matches and results,Paraguay,Venezuela,,,,,,,,,not_available_in_static_html,https://www.soccerbase.com/tournaments/tournament.sd?tourn_id=1764&tab=tab-2168
soccerbase,801432,2021-09-09,World Cup,2022,Conmebol (Qualifying),CONMEBOL Qualifying Matches and results,Uruguay,Ecuador,,,,,,,,,not_available_in_static_html,https://www.soccerbase.com/tournaments/tournament.sd?tourn_id=1764&tab=tab-2168
soccerbase,801413,2021-09-06,World Cup,2022,Conmebol (Qualifying),CONMEBOL Qualifying Matches and results,Peru,Venezuela,,,,,,,,,not_available_in_static_html,https://www.soccerbase.com/tournaments/tournament.sd?tourn_id=1764&tab=tab-2168
soccerbase,875003,2021-09-05,World Cup,2022,Conmebol (Qualifying),CONMEBOL Qualifying Matches and results,Brazil,Argentina,,,,,,,,,not_available_in_static_html,https://www.soccerbase.com/tournaments/tournament.sd?tourn_id=1764&tab=tab-2168
soccerbase,801416,2021-09-05,World Cup,2022,Conmebol (Qualifying),CONMEBOL Qualifying Matches and results,Ecuador,Chile,,,,,,,,,not_available_in_static_html,https://www.soccerbase.com/tournaments/tournament.sd?tourn_id=1764&tab=tab-2168
soccerbase,801415,2021-09-05,World Cup,2022,Conmebol (Qualifying),CONMEBOL Qualifying Matches and results,Paraguay,Colombia,,,,,,,,,not_available_in_static_html,https://www.soccerbase.com/tournaments/tournament.sd?tourn_id=1764&tab=tab-2168
soccerbase,801412,2021-09-05,World Cup,2022,Conmebol (Qualifying),CONMEBOL Qualifying Matches and results,Uruguay,Bolivia,,,,,,,,,not_available_in_static_html,https://www.soccerbase.com/tournaments/tournament.sd?tourn_id=1764&tab=tab-2168
soccerbase,801430,2021-09-03,World Cup,2022,Conmebol (Qualifying),CONMEBOL Qualifying Matches and results,Chile,Brazil,,,,,,,,,not_available_in_static_html,https://www.soccerbase.com/tournaments/tournament.sd?tourn_id=1764&tab=tab-2168
soccerbase,801427,2021-09-03,World Cup,2022,Conmebol (Qualifying),CONMEBOL Qualifying Matches and results,Peru,Uruguay,,,,,,,,,not_available_in_static_html,https://www.soccerbase.com/tournaments/tournament.sd?tourn_id=1764&tab=tab-2168
soccerbase,801428,2021-09-03,World Cup,2022,Conmebol (Qualifying),CONMEBOL Qualifying Matches and results,Venezuela,Argentina,,,,,,,,,not_available_in_static_html,https://www.soccerbase.com/tournaments/tournament.sd?tourn_id=1764&tab=tab-2168
soccerbase,801429,2021-09-02,World Cup,2022,Conmebol (Qualifying),CONMEBOL Qualifying Matches and results,Bolivia,Colombia,,,,,,,,,not_available_in_static_html,https://www.soccerbase.com/tournaments/tournament.sd?tourn_id=1764&tab=tab-2168
soccerbase,801431,2021-09-02,World Cup,2022,Conmebol (Qualifying),CONMEBOL Qualifying Matches and results,Ecuador,Paraguay,,,,,,,,,not_available_in_static_html,https://www.soccerbase.com/tournaments/tournament.sd?tourn_id=1764&tab=tab-2168
soccerbase,801425,2021-06-09,World Cup,2022,Conmebol (Qualifying),CONMEBOL Qualifying Matches and results,Chile,Bolivia,,,,,,,,,not_available_in_static_html,https://www.soccerbase.com/tournaments/tournament.sd?tourn_id=1764&tab=tab-2168
soccerbase,801422,2021-06-09,World Cup,2022,Conmebol (Qualifying),CONMEBOL Qualifying Matches and results,Colombia,Argentina,,,,,,,,,not_available_in_static_html,https://www.soccerbase.com/tournaments/tournament.sd?tourn_id=1764&tab=tab-2168
soccerbase,801424,2021-06-09,World Cup,2022,Conmebol (Qualifying),CONMEBOL Qualifying Matches and results,Paraguay,Brazil,,,,,,,,,not_available_in_static_html,https://www.soccerbase.com/tournaments/tournament.sd?tourn_id=1764&tab=tab-2168
soccerbase,801426,2021-06-08,World Cup,2022,Conmebol (Qualifying),CONMEBOL Qualifying Matches and results,Ecuador,Peru,,,,,,,,,not_available_in_static_html,https://www.soccerbase.com/tournaments/tournament.sd?tourn_id=1764&tab=tab-2168
soccerbase,801423,2021-06-08,World Cup,2022,Conmebol (Qualifying),CONMEBOL Qualifying Matches and results,Venezuela,Uruguay,,,,,,,,,not_available_in_static_html,https://www.soccerbase.com/tournaments/tournament.sd?tourn_id=1764&tab=tab-2168
soccerbase,801419,2021-06-05,World Cup,2022,Conmebol (Qualifying),CONMEBOL Qualifying Matches and results,Brazil,Ecuador,,,,,,,,,not_available_in_static_html,https://www.soccerbase.com/tournaments/tournament.sd?tourn_id=1764&tab=tab-2168
soccerbase,801421,2021-06-04,World Cup,2022,Conmebol (Qualifying),CONMEBOL Qualifying Matches and results,Argentina,Chile,,,,,,,,,not_available_in_static_html,https://www.soccerbase.com/tournaments/tournament.sd?tourn_id=1764&tab=tab-2168
soccerbase,801418,2021-06-04,World Cup,2022,Conmebol (Qualifying),CONMEBOL Qualifying Matches and results,Peru,Colombia,,,,,,,,,not_available_in_static_html,https://www.soccerbase.com/tournaments/tournament.sd?tourn_id=1764&tab=tab-2168
soccerbase,801420,2021-06-03,World Cup,2022,Conmebol (Qualifying),CONMEBOL Qualifying Matches and results,Bolivia,Venezuela,,,,,,,,,not_available_in_static_html,https://www.soccerbase.com/tournaments/tournament.sd?tourn_id=1764&tab=tab-2168
soccerbase,801417,2021-06-03,World Cup,2022,Conmebol (Qualifying),CONMEBOL Qualifying Matches and results,Uruguay,Paraguay,,,,,,,,,not_available_in_static_html,https://www.soccerbase.com/tournaments/tournament.sd?tourn_id=1764&tab=tab-2168
soccerbase,801403,2020-11-18,World Cup,2022,Conmebol (Qualifying),CONMEBOL Qualifying Matches and results,Peru,Argentina,,,,,,,,,not_available_in_static_html,https://www.soccerbase.com/tournaments/tournament.sd?tourn_id=1764&tab=tab-2168
soccerbase,801406,2020-11-17,World Cup,2022,Conmebol (Qualifying),CONMEBOL Qualifying Matches and results,Ecuador,Colombia,,,,,,,,,not_available_in_static_html,https://www.soccerbase.com/tournaments/tournament.sd?tourn_id=1764&tab=tab-2168
soccerbase,801405,2020-11-17,World Cup,2022,Conmebol (Qualifying),CONMEBOL Qualifying Matches and results,Paraguay,Bolivia,,,,,,,,,not_available_in_static_html,https://www.soccerbase.com/tournaments/tournament.sd?tourn_id=1764&tab=tab-2168
soccerbase,801402,2020-11-17,World Cup,2022,Conmebol (Qualifying),CONMEBOL Qualifying Matches and results,Uruguay,Brazil,,,,,,,,,not_available_in_static_html,https://www.soccerbase.com/tournaments/tournament.sd?tourn_id=1764&tab=tab-2168
soccerbase,801404,2020-11-17,World Cup,2022,Conmebol (Qualifying),CONMEBOL Qualifying Matches and results,Venezuela,Chile,,,,,,,,,not_available_in_static_html,https://www.soccerbase.com/tournaments/tournament.sd?tourn_id=1764&tab=tab-2168
soccerbase,801398,2020-11-14,World Cup,2022,Conmebol (Qualifying),CONMEBOL Qualifying Matches and results,Brazil,Venezuela,,,,,,,,,not_available_in_static_html,https://www.soccerbase.com/tournaments/tournament.sd?tourn_id=1764&tab=tab-2168
soccerbase,801400,2020-11-13,World Cup,2022,Conmebol (Qualifying),CONMEBOL Qualifying Matches and results,Argentina,Paraguay,,,,,,,,,not_available_in_static_html,https://www.soccerbase.com/tournaments/tournament.sd?tourn_id=1764&tab=tab-2168
soccerbase,801401,2020-11-13,World Cup,2022,Conmebol (Qualifying),CONMEBOL Qualifying Matches and results,Chile,Peru,,,,,,,,,not_available_in_static_html,https://www.soccerbase.com/tournaments/tournament.sd?tourn_id=1764&tab=tab-2168
soccerbase,801397,2020-11-13,World Cup,2022,Conmebol (Qualifying),CONMEBOL Qualifying Matches and results,Colombia,Uruguay,,,,,,,,,not_available_in_static_html,https://www.soccerbase.com/tournaments/tournament.sd?tourn_id=1764&tab=tab-2168
soccerbase,801399,2020-11-12,World Cup,2022,Conmebol (Qualifying),CONMEBOL Qualifying Matches and results,Bolivia,Ecuador,,,,,,,,,not_available_in_static_html,https://www.soccerbase.com/tournaments/tournament.sd?tourn_id=1764&tab=tab-2168
soccerbase,801395,2020-10-14,World Cup,2022,Conmebol (Qualifying),CONMEBOL Qualifying Matches and results,Chile,Colombia,,,,,,,,,not_available_in_static_html,https://www.soccerbase.com/tournaments/tournament.sd?tourn_id=1764&tab=tab-2168
soccerbase,801392,2020-10-14,World Cup,2022,Conmebol (Qualifying),CONMEBOL Qualifying Matches and results,Peru,Brazil,,,,,,,,,not_available_in_static_html,https://www.soccerbase.com/tournaments/tournament.sd?tourn_id=1764&tab=tab-2168
soccerbase,801394,2020-10-13,World Cup,2022,Conmebol (Qualifying),CONMEBOL Qualifying Matches and results,Bolivia,Argentina,,,,,,,,,not_available_in_static_html,https://www.soccerbase.com/tournaments/tournament.sd?tourn_id=1764&tab=tab-2168
soccerbase,801396,2020-10-13,World Cup,2022,Conmebol (Qualifying),CONMEBOL Qualifying Matches and results,Ecuador,Uruguay,,,,,,,,,not_available_in_static_html,https://www.soccerbase.com/tournaments/tournament.sd?tourn_id=1764&tab=tab-2168
soccerbase,801393,2020-10-13,World Cup,2022,Conmebol (Qualifying),CONMEBOL Qualifying Matches and results,Venezuela,Paraguay,,,,,,,,,not_available_in_static_html,https://www.soccerbase.com/tournaments/tournament.sd?tourn_id=1764&tab=tab-2168
soccerbase,801389,2020-10-10,World Cup,2022,Conmebol (Qualifying),CONMEBOL Qualifying Matches and results,Brazil,Bolivia,,,,,,,,,not_available_in_static_html,https://www.soccerbase.com/tournaments/tournament.sd?tourn_id=1764&tab=tab-2168
soccerbase,801388,2020-10-10,World Cup,2022,Conmebol (Qualifying),CONMEBOL Qualifying Matches and results,Colombia,Venezuela,,,,,,,,,not_available_in_static_html,https://www.soccerbase.com/tournaments/tournament.sd?tourn_id=1764&tab=tab-2168
soccerbase,801391,2020-10-09,World Cup,2022,Conmebol (Qualifying),CONMEBOL Qualifying Matches and results,Argentina,Ecuador,,,,,,,,,not_available_in_static_html,https://www.soccerbase.com/tournaments/tournament.sd?tourn_id=1764&tab=tab-2168
soccerbase,801390,2020-10-08,World Cup,2022,Conmebol (Qualifying),CONMEBOL Qualifying Matches and results,Paraguay,Peru,,,,,,,,,not_available_in_static_html,https://www.soccerbase.com/tournaments/tournament.sd?tourn_id=1764&tab=tab-2168
soccerbase,801387,2020-10-08,World Cup,2022,Conmebol (Qualifying),CONMEBOL Qualifying Matches and results,Uruguay,Chile,,,,,,,,,not_available_in_static_html,https://www.soccerbase.com/tournaments/tournament.sd?tourn_id=1764&tab=tab-2168
soccerbase,832626,2022-03-29,World Cup,2022,Asia (Qualifying): rd 3 A,Asia rd 3 grp 1 Matches and results,Iran,Lebanon,,,,,,,,,not_available_in_static_html,https://www.soccerbase.com/tournaments/tournament_tab.sd?tourn_id=1764&tab_id=2170&roundTab=roundTab_1
soccerbase,832625,2022-03-29,World Cup,2022,Asia (Qualifying): rd 3 A,Asia rd 3 grp 1 Matches and results,Syria,Iraq,,,,,,,,,not_available_in_static_html,https://www.soccerbase.com/tournaments/tournament_tab.sd?tourn_id=1764&tab_id=2170&roundTab=roundTab_1
soccerbase,832628,2022-03-29,World Cup,2022,Asia (Qualifying): rd 3 A,Asia rd 3 grp 1 Matches and results,UAE,South Korea,,,,,,,,,not_available_in_static_html,https://www.soccerbase.com/tournaments/tournament_tab.sd?tourn_id=1764&tab_id=2170&roundTab=roundTab_1
soccerbase,832620,2022-03-24,World Cup,2022,Asia (Qualifying): rd 3 A,Asia rd 3 grp 1 Matches and results,Iraq,UAE,,,,,,,,,not_available_in_static_html,https://www.soccerbase.com/tournaments/tournament_tab.sd?tourn_id=1764&tab_id=2170&roundTab=roundTab_1
soccerbase,832619,2022-03-24,World Cup,2022,Asia (Qualifying): rd 3 A,Asia rd 3 grp 1 Matches and results,Lebanon,Syria,,,,,,,,,not_available_in_static_html,https://www.soccerbase.com/tournaments/tournament_tab.sd?tourn_id=1764&tab_id=2170&roundTab=roundTab_1
soccerbase,832622,2022-03-24,World Cup,2022,Asia (Qualifying): rd 3 A,Asia rd 3 grp 1 Matches and results,South Korea,Iran,,,,,,,,,not_available_in_static_html,https://www.soccerbase.com/tournaments/tournament_tab.sd?tourn_id=1764&tab_id=2170&roundTab=roundTab_1
soccerbase,832612,2022-02-01,World Cup,2022,Asia (Qualifying): rd 3 A,Asia rd 3 grp 1 Matches and results,Iran,UAE,,,,,,,,,not_available_in_static_html,https://www.soccerbase.com/tournaments/tournament_tab.sd?tourn_id=1764&tab_id=2170&roundTab=roundTab_1
soccerbase,832614,2022-02-01,World Cup,2022,Asia (Qualifying): rd 3 A,Asia rd 3 grp 1 Matches and results,Lebanon,Iraq,,,,,,,,,not_available_in_static_html,https://www.soccerbase.com/tournaments/tournament_tab.sd?tourn_id=1764&tab_id=2170&roundTab=roundTab_1
soccerbase,832616,2022-02-01,World Cup,2022,Asia (Qualifying): rd 3 A,Asia rd 3 grp 1 Matches and results,Syria,South Korea,,,,,,,,,not_available_in_static_html,https://www.soccerbase.com/tournaments/tournament_tab.sd?tourn_id=1764&tab_id=2170&roundTab=roundTab_1
soccerbase,832610,2022-01-27,World Cup,2022,Asia (Qualifying): rd 3 A,Asia rd 3 grp 1 Matches and results,Iran,Iraq,,,,,,,,,not_available_in_static_html,https://www.soccerbase.com/tournaments/tournament_tab.sd?tourn_id=1764&tab_id=2170&roundTab=roundTab_1
soccerbase,832585,2022-01-27,World Cup,2022,Asia (Qualifying): rd 3 A,Asia rd 3 grp 1 Matches and results,Lebanon,South Korea,,,,,,,,,not_available_in_static_html,https://www.soccerbase.com/tournaments/tournament_tab.sd?tourn_id=1764&tab_id=2170&roundTab=roundTab_1
soccerbase,832608,2022-01-27,World Cup,2022,Asia (Qualifying): rd 3 A,Asia rd 3 grp 1 Matches and results,UAE,Syria,,,,,,,,,not_available_in_static_html,https://www.soccerbase.com/tournaments/tournament_tab.sd?tourn_id=1764&tab_id=2170&roundTab=roundTab_1
soccerbase,832604,2021-11-16,World Cup,2022,Asia (Qualifying): rd 3 A,Asia rd 3 grp 1 Matches and results,Iraq,South Korea,,,,,,,,,not_available_in_static_html,https://www.soccerbase.com/tournaments/tournament_tab.sd?tourn_id=1764&tab_id=2170&roundTab=roundTab_1
soccerbase,832607,2021-11-16,World Cup,2022,Asia (Qualifying): rd 3 A,Asia rd 3 grp 1 Matches and results,Lebanon,UAE,,,,,,,,,not_available_in_static_html,https://www.soccerbase.com/tournaments/tournament_tab.sd?tourn_id=1764&tab_id=2170&roundTab=roundTab_1
soccerbase,832602,2021-11-16,World Cup,2022,Asia (Qualifying): rd 3 A,Asia rd 3 grp 1 Matches and results,Syria,Iran,,,,,,,,,not_available_in_static_html,https://www.soccerbase.com/tournaments/tournament_tab.sd?tourn_id=1764&tab_id=2170&roundTab=roundTab_1
soccerbase,832596,2021-11-11,World Cup,2022,Asia (Qualifying): rd 3 A,Asia rd 3 grp 1 Matches and results,Iraq,Syria,,,,,,,,,not_available_in_static_html,https://www.soccerbase.com/tournaments/tournament_tab.sd?tourn_id=1764&tab_id=2170&roundTab=roundTab_1
soccerbase,832598,2021-11-11,World Cup,2022,Asia (Qualifying): rd 3 A,Asia rd 3 grp 1 Matches and results,Lebanon,Iran,,,,,,,,,not_available_in_static_html,https://www.soccerbase.com/tournaments/tournament_tab.sd?tourn_id=1764&tab_id=2170&roundTab=roundTab_1
soccerbase,832599,2021-11-11,World Cup,2022,Asia (Qualifying): rd 3 A,Asia rd 3 grp 1 Matches and results,South Korea,UAE,,,,,,,,,not_available_in_static_html,https://www.soccerbase.com/tournaments/tournament_tab.sd?tourn_id=1764&tab_id=2170&roundTab=roundTab_1
soccerbase,832595,2021-10-12,World Cup,2022,Asia (Qualifying): rd 3 A,Asia rd 3 grp 1 Matches and results,Iran,South Korea,,,,,,,,,not_available_in_static_html,https://www.soccerbase.com/tournaments/tournament_tab.sd?tourn_id=1764&tab_id=2170&roundTab=roundTab_1
soccerbase,832590,2021-10-12,World Cup,2022,Asia (Qualifying): rd 3 A,Asia rd 3 grp 1 Matches and results,Syria,Lebanon,,,,,,,,,not_available_in_static_html,https://www.soccerbase.com/tournaments/tournament_tab.sd?tourn_id=1764&tab_id=2170&roundTab=roundTab_1
soccerbase,832593,2021-10-12,World Cup,2022,Asia (Qualifying): rd 3 A,Asia rd 3 grp 1 Matches and results,UAE,Iraq,,,,,,,,,not_available_in_static_html,https://www.soccerbase.com/tournaments/tournament_tab.sd?tourn_id=1764&tab_id=2170&roundTab=roundTab_1
soccerbase,832588,2021-10-07,World Cup,2022,Asia (Qualifying): rd 3 A,Asia rd 3 grp 1 Matches and results,Iraq,Lebanon,,,,,,,,,not_available_in_static_html,https://www.soccerbase.com/tournaments/tournament_tab.sd?tourn_id=1764&tab_id=2170&roundTab=roundTab_1
soccerbase,832589,2021-10-07,World Cup,2022,Asia (Qualifying): rd 3 A,Asia rd 3 grp 1 Matches and results,South Korea,Syria,,,,,,,,,not_available_in_static_html,https://www.soccerbase.com/tournaments/tournament_tab.sd?tourn_id=1764&tab_id=2170&roundTab=roundTab_1
soccerbase,832587,2021-10-07,World Cup,2022,Asia (Qualifying): rd 3 A,Asia rd 3 grp 1 Matches and results,UAE,Iran,,,,,,,,,not_available_in_static_html,https://www.soccerbase.com/tournaments/tournament_tab.sd?tourn_id=1764&tab_id=2170&roundTab=roundTab_1
soccerbase,832586,2021-09-07,World Cup,2022,Asia (Qualifying): rd 3 A,Asia rd 3 grp 1 Matches and results,Iraq,Iran,,,,,,,,,not_available_in_static_html,https://www.soccerbase.com/tournaments/tournament_tab.sd?tourn_id=1764&tab_id=2170&roundTab=roundTab_1
soccerbase,832609,2021-09-07,World Cup,2022,Asia (Qualifying): rd 3 A,Asia rd 3 grp 1 Matches and results,South Korea,Lebanon,,,,,,,,,not_available_in_static_html,https://www.soccerbase.com/tournaments/tournament_tab.sd?tourn_id=1764&tab_id=2170&roundTab=roundTab_1
soccerbase,832584,2021-09-07,World Cup,2022,Asia (Qualifying): rd 3 A,Asia rd 3 grp 1 Matches and results,Syria,UAE,,,,,,,,,not_available_in_static_html,https://www.soccerbase.com/tournaments/tournament_tab.sd?tourn_id=1764&tab_id=2170&roundTab=roundTab_1
soccerbase,832581,2021-09-02,World Cup,2022,Asia (Qualifying): rd 3 A,Asia rd 3 grp 1 Matches and results,Iran,Syria,,,,,,,,,not_available_in_static_html,https://www.soccerbase.com/tournaments/tournament_tab.sd?tourn_id=1764&tab_id=2170&roundTab=roundTab_1
soccerbase,832582,2021-09-02,World Cup,2022,Asia (Qualifying): rd 3 A,Asia rd 3 grp 1 Matches and results,South Korea,Iraq,,,,,,,,,not_available_in_static_html,https://www.soccerbase.com/tournaments/tournament_tab.sd?tourn_id=1764&tab_id=2170&roundTab=roundTab_1
soccerbase,832583,2021-09-02,World Cup,2022,Asia (Qualifying): rd 3 A,Asia rd 3 grp 1 Matches and results,UAE,Lebanon,,,,,,,,,not_available_in_static_html,https://www.soccerbase.com/tournaments/tournament_tab.sd?tourn_id=1764&tab_id=2170&roundTab=roundTab_1
soccerbase,832639,2022-03-29,World Cup,2022,Asia (Qualifying): rd 3 B,Asia rd 3 grp 2 Matches and results,Japan,Vietnam,,,,,,,,,not_available_in_static_html,https://www.soccerbase.com/tournaments/tournament_tab.sd?tourn_id=1764&tab_id=2170&roundTab=roundTab_2
soccerbase,832638,2022-03-29,World Cup,2022,Asia (Qualifying): rd 3 B,Asia rd 3 grp 2 Matches and results,Oman,China,,,,,,,,,not_available_in_static_html,https://www.soccerbase.com/tournaments/tournament_tab.sd?tourn_id=1764&tab_id=2170&roundTab=roundTab_2
soccerbase,832640,2022-03-29,World Cup,2022,Asia (Qualifying): rd 3 B,Asia rd 3 grp 2 Matches and results,Saudi Arabia,Australia,,,,,,,,,not_available_in_static_html,https://www.soccerbase.com/tournaments/tournament_tab.sd?tourn_id=1764&tab_id=2170&roundTab=roundTab_2
soccerbase,832637,2022-03-24,World Cup,2022,Asia (Qualifying): rd 3 B,Asia rd 3 grp 2 Matches and results,Australia,Japan,,,,,,,,,not_available_in_static_html,https://www.soccerbase.com/tournaments/tournament_tab.sd?tourn_id=1764&tab_id=2170&roundTab=roundTab_2
soccerbase,832636,2022-03-24,World Cup,2022,Asia (Qualifying): rd 3 B,Asia rd 3 grp 2 Matches and results,China,Saudi Arabia,,,,,,,,,not_available_in_static_html,https://www.soccerbase.com/tournaments/tournament_tab.sd?tourn_id=1764&tab_id=2170&roundTab=roundTab_2
soccerbase,832635,2022-03-24,World Cup,2022,Asia (Qualifying): rd 3 B,Asia rd 3 grp 2 Matches and results,Vietnam,Oman,,,,,,,,,not_available_in_static_html,https://www.soccerbase.com/tournaments/tournament_tab.sd?tourn_id=1764&tab_id=2170&roundTab=roundTab_2
soccerbase,832632,2022-02-01,World Cup,2022,Asia (Qualifying): rd 3 B,Asia rd 3 grp 2 Matches and results,Japan,Saudi Arabia,,,,,,,,,not_available_in_static_html,https://www.soccerbase.com/tournaments/tournament_tab.sd?tourn_id=1764&tab_id=2170&roundTab=roundTab_2
soccerbase,832634,2022-02-01,World Cup,2022,Asia (Qualifying): rd 3 B,Asia rd 3 grp 2 Matches and results,Oman,Australia,,,,,,,,,not_available_in_static_html,https://www.soccerbase.com/tournaments/tournament_tab.sd?tourn_id=1764&tab_id=2170&roundTab=roundTab_2
soccerbase,832633,2022-02-01,World Cup,2022,Asia (Qualifying): rd 3 B,Asia rd 3 grp 2 Matches and results,Vietnam,China,,,,,,,,,not_available_in_static_html,https://www.soccerbase.com/tournaments/tournament_tab.sd?tourn_id=1764&tab_id=2170&roundTab=roundTab_2
soccerbase,832630,2022-01-27,World Cup,2022,Asia (Qualifying): rd 3 B,Asia rd 3 grp 2 Matches and results,Australia,Vietnam,,,,,,,,,not_available_in_static_html,https://www.soccerbase.com/tournaments/tournament_tab.sd?tourn_id=1764&tab_id=2170&roundTab=roundTab_2
soccerbase,832631,2022-01-27,World Cup,2022,Asia (Qualifying): rd 3 B,Asia rd 3 grp 2 Matches and results,Japan,China,,,,,,,,,not_available_in_static_html,https://www.soccerbase.com/tournaments/tournament_tab.sd?tourn_id=1764&tab_id=2170&roundTab=roundTab_2
soccerbase,832629,2022-01-27,World Cup,2022,Asia (Qualifying): rd 3 B,Asia rd 3 grp 2 Matches and results,Saudi Arabia,Oman,,,,,,,,,not_available_in_static_html,https://www.soccerbase.com/tournaments/tournament_tab.sd?tourn_id=1764&tab_id=2170&roundTab=roundTab_2
soccerbase,832624,2021-11-16,World Cup,2022,Asia (Qualifying): rd 3 B,Asia rd 3 grp 2 Matches and results,China,Australia,,,,,,,,,not_available_in_static_html,https://www.soccerbase.com/tournaments/tournament_tab.sd?tourn_id=1764&tab_id=2170&roundTab=roundTab_2
soccerbase,832623,2021-11-16,World Cup,2022,Asia (Qualifying): rd 3 B,Asia rd 3 grp 2 Matches and results,Oman,Japan,,,,,,,,,not_available_in_static_html,https://www.soccerbase.com/tournaments/tournament_tab.sd?tourn_id=1764&tab_id=2170&roundTab=roundTab_2
soccerbase,832627,2021-11-16,World Cup,2022,Asia (Qualifying): rd 3 B,Asia rd 3 grp 2 Matches and results,Vietnam,Saudi Arabia,,,,,,,,,not_available_in_static_html,https://www.soccerbase.com/tournaments/tournament_tab.sd?tourn_id=1764&tab_id=2170&roundTab=roundTab_2
soccerbase,832621,2021-11-11,World Cup,2022,Asia (Qualifying): rd 3 B,Asia rd 3 grp 2 Matches and results,Australia,Saudi Arabia,,,,,,,,,not_available_in_static_html,https://www.soccerbase.com/tournaments/tournament_tab.sd?tourn_id=1764&tab_id=2170&roundTab=roundTab_2
soccerbase,832617,2021-11-11,World Cup,2022,Asia (Qualifying): rd 3 B,Asia rd 3 grp 2 Matches and results,China,Oman,,,,,,,,,not_available_in_static_html,https://www.soccerbase.com/tournaments/tournament_tab.sd?tourn_id=1764&tab_id=2170&roundTab=roundTab_2
soccerbase,832618,2021-11-11,World Cup,2022,Asia (Qualifying): rd 3 B,Asia rd 3 grp 2 Matches and results,Vietnam,Japan,,,,,,,,,not_available_in_static_html,https://www.soccerbase.com/tournaments/tournament_tab.sd?tourn_id=1764&tab_id=2170&roundTab=roundTab_2
soccerbase,832615,2021-10-12,World Cup,2022,Asia (Qualifying): rd 3 B,Asia rd 3 grp 2 Matches and results,Japan,Australia,,,,,,,,,not_available_in_static_html,https://www.soccerbase.com/tournaments/tournament_tab.sd?tourn_id=1764&tab_id=2170&roundTab=roundTab_2
soccerbase,832611,2021-10-12,World Cup,2022,Asia (Qualifying): rd 3 B,Asia rd 3 grp 2 Matches and results,Oman,Vietnam,,,,,,,,,not_available_in_static_html,https://www.soccerbase.com/tournaments/tournament_tab.sd?tourn_id=1764&tab_id=2170&roundTab=roundTab_2
soccerbase,832613,2021-10-12,World Cup,2022,Asia (Qualifying): rd 3 B,Asia rd 3 grp 2 Matches and results,Saudi Arabia,China,,,,,,,,,not_available_in_static_html,https://www.soccerbase.com/tournaments/tournament_tab.sd?tourn_id=1764&tab_id=2170&roundTab=roundTab_2
soccerbase,832606,2021-10-07,World Cup,2022,Asia (Qualifying): rd 3 B,Asia rd 3 grp 2 Matches and results,Australia,Oman,,,,,,,,,not_available_in_static_html,https://www.soccerbase.com/tournaments/tournament_tab.sd?tourn_id=1764&tab_id=2170&roundTab=roundTab_2
soccerbase,832605,2021-10-07,World Cup,2022,Asia (Qualifying): rd 3 B,Asia rd 3 grp 2 Matches and results,China,Vietnam,,,,,,,,,not_available_in_static_html,https://www.soccerbase.com/tournaments/tournament_tab.sd?tourn_id=1764&tab_id=2170&roundTab=roundTab_2
soccerbase,832603,2021-10-07,World Cup,2022,Asia (Qualifying): rd 3 B,Asia rd 3 grp 2 Matches and results,Saudi Arabia,Japan,,,,,,,,,not_available_in_static_html,https://www.soccerbase.com/tournaments/tournament_tab.sd?tourn_id=1764&tab_id=2170&roundTab=roundTab_2
soccerbase,832601,2021-09-07,World Cup,2022,Asia (Qualifying): rd 3 B,Asia rd 3 grp 2 Matches and results,China,Japan,,,,,,,,,not_available_in_static_html,https://www.soccerbase.com/tournaments/tournament_tab.sd?tourn_id=1764&tab_id=2170&roundTab=roundTab_2
soccerbase,832597,2021-09-07,World Cup,2022,Asia (Qualifying): rd 3 B,Asia rd 3 grp 2 Matches and results,Oman,Saudi Arabia,,,,,,,,,not_available_in_static_html,https://www.soccerbase.com/tournaments/tournament_tab.sd?tourn_id=1764&tab_id=2170&roundTab=roundTab_2
soccerbase,832600,2021-09-07,World Cup,2022,Asia (Qualifying): rd 3 B,Asia rd 3 grp 2 Matches and results,Vietnam,Australia,,,,,,,,,not_available_in_static_html,https://www.soccerbase.com/tournaments/tournament_tab.sd?tourn_id=1764&tab_id=2170&roundTab=roundTab_2
soccerbase,832592,2021-09-02,World Cup,2022,Asia (Qualifying): rd 3 B,Asia rd 3 grp 2 Matches and results,Australia,China,,,,,,,,,not_available_in_static_html,https://www.soccerbase.com/tournaments/tournament_tab.sd?tourn_id=1764&tab_id=2170&roundTab=roundTab_2
soccerbase,832591,2021-09-02,World Cup,2022,Asia (Qualifying): rd 3 B,Asia rd 3 grp 2 Matches and results,Japan,Oman,,,,,,,,,not_available_in_static_html,https://www.soccerbase.com/tournaments/tournament_tab.sd?tourn_id=1764&tab_id=2170&roundTab=roundTab_2
soccerbase,832594,2021-09-02,World Cup,2022,Asia (Qualifying): rd 3 B,Asia rd 3 grp 2 Matches and results,Saudi Arabia,Vietnam,,,,,,,,,not_available_in_static_html,https://www.soccerbase.com/tournaments/tournament_tab.sd?tourn_id=1764&tab_id=2170&roundTab=roundTab_2
soccerbase,784841,2019-06-11,World Cup,2022,Asia (Qualifying): rd 1,Asia rd 1 Matches and results,Bangladesh,Laos,,,,,,,,,not_available_in_static_html,https://www.soccerbase.com/tournaments/tournament_tab.sd?tourn_id=1764&tab_id=2170&roundTab=roundTab_11
soccerbase,784964,2019-06-11,World Cup,2022,Asia (Qualifying): rd 1,Asia rd 1 Matches and results,Brunei,Mongolia,,,,,,,,,not_available_in_static_html,https://www.soccerbase.com/tournaments/tournament_tab.sd?tourn_id=1764&tab_id=2170&roundTab=roundTab_11
soccerbase,784965,2019-06-11,World Cup,2022,Asia (Qualifying): rd 1,Asia rd 1 Matches and results,Guam,Bhutan,,,,,,,,,not_available_in_static_html,https://www.soccerbase.com/tournaments/tournament_tab.sd?tourn_id=1764&tab_id=2170&roundTab=roundTab_11
soccerbase,784966,2019-06-11,World Cup,2022,Asia (Qualifying): rd 1,Asia rd 1 Matches and results,Pakistan,Cambodia,,,,,,,,,not_available_in_static_html,https://www.soccerbase.com/tournaments/tournament_tab.sd?tourn_id=1764&tab_id=2170&roundTab=roundTab_11
soccerbase,784967,2019-06-11,World Cup,2022,Asia (Qualifying): rd 1,Asia rd 1 Matches and results,Sri Lanka,Macau,,,,,,,,,not_available_in_static_html,https://www.soccerbase.com/tournaments/tournament_tab.sd?tourn_id=1764&tab_id=2170&roundTab=roundTab_11
soccerbase,784968,2019-06-11,World Cup,2022,Asia (Qualifying): rd 1,Asia rd 1 Matches and results,Timor-Leste,Malaysia,,,,,,,,,not_available_in_static_html,https://www.soccerbase.com/tournaments/tournament_tab.sd?tourn_id=1764&tab_id=2170&roundTab=roundTab_11
soccerbase,784963,2019-06-07,World Cup,2022,Asia (Qualifying): rd 1,Asia rd 1 Matches and results,Malaysia,Timor-Leste,,,,,,,,,not_available_in_static_html,https://www.soccerbase.com/tournaments/tournament_tab.sd?tourn_id=1764&tab_id=2170&roundTab=roundTab_11
soccerbase,784840,2019-06-06,World Cup,2022,Asia (Qualifying): rd 1,Asia rd 1 Matches and results,Bhutan,Guam,,,,,,,,,not_available_in_static_html,https://www.soccerbase.com/tournaments/tournament_tab.sd?tourn_id=1764&tab_id=2170&roundTab=roundTab_11
soccerbase,784959,2019-06-06,World Cup,2022,Asia (Qualifying): rd 1,Asia rd 1 Matches and results,Cambodia,Pakistan,,,,,,,,,not_available_in_static_html,https://www.soccerbase.com/tournaments/tournament_tab.sd?tourn_id=1764&tab_id=2170&roundTab=roundTab_11
soccerbase,784960,2019-06-06,World Cup,2022,Asia (Qualifying): rd 1,Asia rd 1 Matches and results,Laos,Bangladesh,,,,,,,,,not_available_in_static_html,https://www.soccerbase.com/tournaments/tournament_tab.sd?tourn_id=1764&tab_id=2170&roundTab=roundTab_11
soccerbase,784961,2019-06-06,World Cup,2022,Asia (Qualifying): rd 1,Asia rd 1 Matches and results,Macau,Sri Lanka,,,,,,,,,not_available_in_static_html,https://www.soccerbase.com/tournaments/tournament_tab.sd?tourn_id=1764&tab_id=2170&roundTab=roundTab_11
soccerbase,784962,2019-06-06,World Cup,2022,Asia (Qualifying): rd 1,Asia rd 1 Matches and results,Mongolia,Brunei,,,,,,,,,not_available_in_static_html,https://www.soccerbase.com/tournaments/tournament_tab.sd?tourn_id=1764&tab_id=2170&roundTab=roundTab_11
soccerbase,799637,2019-09-10,World Cup,2022,Africa (Qualifying): rd 1,Africa rd 1 Matches and results,Angola,Gambia,,,,,,,,,not_available_in_static_html,https://www.soccerbase.com/tournaments/tournament_tab.sd?tourn_id=1764&tab_id=2172&roundTab=roundTab_6
soccerbase,799667,2019-09-10,World Cup,2022,Africa (Qualifying): rd 1,Africa rd 1 Matches and results,Guinea-Bissau,Sao Tome & P,,,,,,,,,not_available_in_static_html,https://www.soccerbase.com/tournaments/tournament_tab.sd?tourn_id=1764&tab_id=2172&roundTab=roundTab_6
soccerbase,799668,2019-09-10,World Cup,2022,Africa (Qualifying): rd 1,Africa rd 1 Matches and results,Malawi,Botswana,,,,,,,,,not_available_in_static_html,https://www.soccerbase.com/tournaments/tournament_tab.sd?tourn_id=1764&tab_id=2172&roundTab=roundTab_6
soccerbase,799669,2019-09-10,World Cup,2022,Africa (Qualifying): rd 1,Africa rd 1 Matches and results,Mozambique,Mauritius,,,,,,,,,not_available_in_static_html,https://www.soccerbase.com/tournaments/tournament_tab.sd?tourn_id=1764&tab_id=2172&roundTab=roundTab_6
soccerbase,799639,2019-09-10,World Cup,2022,Africa (Qualifying): rd 1,Africa rd 1 Matches and results,Namibia,Eritrea,,,,,,,,,not_available_in_static_html,https://www.soccerbase.com/tournaments/tournament_tab.sd?tourn_id=1764&tab_id=2172&roundTab=roundTab_6
soccerbase,799640,2019-09-10,World Cup,2022,Africa (Qualifying): rd 1,Africa rd 1 Matches and results,Rwanda,Seychelles,,,,,,,,,not_available_in_static_html,https://www.soccerbase.com/tournaments/tournament_tab.sd?tourn_id=1764&tab_id=2172&roundTab=roundTab_6
soccerbase,799671,2019-09-10,World Cup,2022,Africa (Qualifying): rd 1,Africa rd 1 Matches and results,Sudan,Chad,,,,,,,,,not_available_in_static_html,https://www.soccerbase.com/tournaments/tournament_tab.sd?tourn_id=1764&tab_id=2172&roundTab=roundTab_6
soccerbase,799638,2019-09-10,World Cup,2022,Africa (Qualifying): rd 1,Africa rd 1 Matches and results,Swaziland,Djibouti,,,,,,,,,not_available_in_static_html,https://www.soccerbase.com/tournaments/tournament_tab.sd?tourn_id=1764&tab_id=2172&roundTab=roundTab_6
soccerbase,799672,2019-09-10,World Cup,2022,Africa (Qualifying): rd 1,Africa rd 1 Matches and results,Togo,Comoros,,,,,,,,,not_available_in_static_html,https://www.soccerbase.com/tournaments/tournament_tab.sd?tourn_id=1764&tab_id=2172&roundTab=roundTab_6
soccerbase,799634,2019-09-10,World Cup,2022,Africa (Qualifying): rd 1,Africa rd 1 Matches and results,Zimbabwe,Somalia,,,,,,,,,not_available_in_static_html,https://www.soccerbase.com/tournaments/tournament_tab.sd?tourn_id=1764&tab_id=2172&roundTab=roundTab_6
soccerbase,799665,2019-09-08,World Cup,2022,Africa (Qualifying): rd 1,Africa rd 1 Matches and results,Eq Guinea,South Sudan,,,,,,,,,not_available_in_static_html,https://www.soccerbase.com/tournaments/tournament_tab.sd?tourn_id=1764&tab_id=2172&roundTab=roundTab_6
soccerbase,799666,2019-09-08,World Cup,2022,Africa (Qualifying): rd 1,Africa rd 1 Matches and results,Lesotho,Ethiopia,,,,,,,,,not_available_in_static_html,https://www.soccerbase.com/tournaments/tournament_tab.sd?tourn_id=1764&tab_id=2172&roundTab=roundTab_6
soccerbase,799670,2019-09-08,World Cup,2022,Africa (Qualifying): rd 1,Africa rd 1 Matches and results,Sierra Leone,Liberia,,,,,,,,,not_available_in_static_html,https://www.soccerbase.com/tournaments/tournament_tab.sd?tourn_id=1764&tab_id=2172&roundTab=roundTab_6
soccerbase,799635,2019-09-08,World Cup,2022,Africa (Qualifying): rd 1,Africa rd 1 Matches and results,Tanzania,Burundi,,,,,,,,,not_available_in_static_html,https://www.soccerbase.com/tournaments/tournament_tab.sd?tourn_id=1764&tab_id=2172&roundTab=roundTab_6
soccerbase,799664,2019-09-07,World Cup,2022,Africa (Qualifying): rd 1,Africa rd 1 Matches and results,Botswana,Malawi,,,,,,,,,not_available_in_static_html,https://www.soccerbase.com/tournaments/tournament_tab.sd?tourn_id=1764&tab_id=2172&roundTab=roundTab_6
soccerbase,799663,2019-09-06,World Cup,2022,Africa (Qualifying): rd 1,Africa rd 1 Matches and results,Comoros,Togo,,,,,,,,,not_available_in_static_html,https://www.soccerbase.com/tournaments/tournament_tab.sd?tourn_id=1764&tab_id=2172&roundTab=roundTab_6
soccerbase,799633,2019-09-06,World Cup,2022,Africa (Qualifying): rd 1,Africa rd 1 Matches and results,Gambia,Angola,,,,,,,,,not_available_in_static_html,https://www.soccerbase.com/tournaments/tournament_tab.sd?tourn_id=1764&tab_id=2172&roundTab=roundTab_6
soccerbase,799661,2019-09-05,World Cup,2022,Africa (Qualifying): rd 1,Africa rd 1 Matches and results,Chad,Sudan,,,,,,,,,not_available_in_static_html,https://www.soccerbase.com/tournaments/tournament_tab.sd?tourn_id=1764&tab_id=2172&roundTab=roundTab_6
soccerbase,799662,2019-09-05,World Cup,2022,Africa (Qualifying): rd 1,Africa rd 1 Matches and results,Seychelles,Rwanda,,,,,,,,,not_available_in_static_html,https://www.soccerbase.com/tournaments/tournament_tab.sd?tourn_id=1764&tab_id=2172&roundTab=roundTab_6
soccerbase,799632,2019-09-05,World Cup,2022,Africa (Qualifying): rd 1,Africa rd 1 Matches and results,Somalia,Zimbabwe,,,,,,,,,not_available_in_static_html,https://www.soccerbase.com/tournaments/tournament_tab.sd?tourn_id=1764&tab_id=2172&roundTab=roundTab_6
soccerbase,799653,2019-09-04,World Cup,2022,Africa (Qualifying): rd 1,Africa rd 1 Matches and results,Burundi,Tanzania,,,,,,,,,not_available_in_static_html,https://www.soccerbase.com/tournaments/tournament_tab.sd?tourn_id=1764&tab_id=2172&roundTab=roundTab_6
soccerbase,799654,2019-09-04,World Cup,2022,Africa (Qualifying): rd 1,Africa rd 1 Matches and results,Djibouti,Swaziland,,,,,,,,,not_available_in_static_html,https://www.soccerbase.com/tournaments/tournament_tab.sd?tourn_id=1764&tab_id=2172&roundTab=roundTab_6
soccerbase,799655,2019-09-04,World Cup,2022,Africa (Qualifying): rd 1,Africa rd 1 Matches and results,Eritrea,Namibia,,,,,,,,,not_available_in_static_html,https://www.soccerbase.com/tournaments/tournament_tab.sd?tourn_id=1764&tab_id=2172&roundTab=roundTab_6
soccerbase,799656,2019-09-04,World Cup,2022,Africa (Qualifying): rd 1,Africa rd 1 Matches and results,Ethiopia,Lesotho,,,,,,,,,not_available_in_static_html,https://www.soccerbase.com/tournaments/tournament_tab.sd?tourn_id=1764&tab_id=2172&roundTab=roundTab_6
soccerbase,799657,2019-09-04,World Cup,2022,Africa (Qualifying): rd 1,Africa rd 1 Matches and results,Liberia,Sierra Leone,,,,,,,,,not_available_in_static_html,https://www.soccerbase.com/tournaments/tournament_tab.sd?tourn_id=1764&tab_id=2172&roundTab=roundTab_6
soccerbase,799658,2019-09-04,World Cup,2022,Africa (Qualifying): rd 1,Africa rd 1 Matches and results,Mauritius,Mozambique,,,,,,,,,not_available_in_static_html,https://www.soccerbase.com/tournaments/tournament_tab.sd?tourn_id=1764&tab_id=2172&roundTab=roundTab_6
soccerbase,799660,2019-09-04,World Cup,2022,Africa (Qualifying): rd 1,Africa rd 1 Matches and results,Sao Tome & P,Guinea-Bissau,,,,,,,,,not_available_in_static_html,https://www.soccerbase.com/tournaments/tournament_tab.sd?tourn_id=1764&tab_id=2172&roundTab=roundTab_6
soccerbase,799659,2019-09-04,World Cup,2022,Africa (Qualifying): rd 1,Africa rd 1 Matches and results,South Sudan,Eq Guinea,,,,,,,,,not_available_in_static_html,https://www.soccerbase.com/tournaments/tournament_tab.sd?tourn_id=1764&tab_id=2172&roundTab=roundTab_6
