soccerbase_game_id,date,home_team,away_team,status
282700,1959-12-13,France,Austria,cached_from_soccerbase_match_stats
282701,1960-03-27,Austria,France,cached_from_soccerbase_match_stats
282702,1960-05-08,Portugal,Yugoslavia,cached_from_soccerbase_match_stats
282698,1960-05-22,Romania,Czechoslovakia,cached_from_soccerbase_match_stats
282703,1960-05-22,Yugoslavia,Portugal,cached_from_soccerbase_match_stats
282699,1960-05-29,Czechoslovakia,Romania,cached_from_soccerbase_match_stats
281262,1960-07-06,USSR,Czechoslovakia,cached_from_soccerbase_match_stats
281263,1960-07-06,France,Yugoslavia,cached_from_soccerbase_match_stats
281264,1960-07-09,France,Czechoslovakia,cached_from_soccerbase_match_stats
282893,1960-07-10,USSR,Yugoslavia,cached_from_soccerbase_match_stats
282693,1963-12-04,Luxembourg,Denmark,cached_from_soccerbase_match_stats
282694,1963-12-10,Denmark,Luxembourg,cached_from_soccerbase_match_stats
282691,1964-03-11,Spain,Ireland,cached_from_soccerbase_match_stats
282692,1964-04-08,Ireland,Spain,cached_from_soccerbase_match_stats
282689,1964-04-25,France,Hungary,cached_from_soccerbase_match_stats
282696,1964-05-13,Sweden,USSR,cached_from_soccerbase_match_stats
282690,1964-05-23,Hungary,France,cached_from_soccerbase_match_stats
282697,1964-05-27,USSR,Sweden,cached_from_soccerbase_match_stats
281248,1964-06-17,Spain,Hungary,cached_from_soccerbase_match_stats
281249,1964-06-17,USSR,Denmark,cached_from_soccerbase_match_stats
281250,1964-06-20,Hungary,Denmark,cached_from_soccerbase_match_stats
282894,1964-06-21,Spain,USSR,cached_from_soccerbase_match_stats
282685,1968-04-03,England,Spain,cached_from_soccerbase_match_stats
282681,1968-04-06,Bulgaria,Italy,cached_from_soccerbase_match_stats
282682,1968-04-20,Italy,Bulgaria,cached_from_soccerbase_match_stats
282688,1968-04-24,Yugoslavia,France,cached_from_soccerbase_match_stats
282683,1968-05-04,Hungary,USSR,cached_from_soccerbase_match_stats
282686,1968-05-08,Spain,England,cached_from_soccerbase_match_stats
282684,1968-05-11,USSR,Hungary,cached_from_soccerbase_match_stats
281244,1968-06-05,Yugoslavia,England,cached_from_soccerbase_match_stats
282622,1968-06-05,Italy,USSR,cached_from_soccerbase_match_stats
281245,1968-06-08,England,USSR,cached_from_soccerbase_match_stats
282895,1968-06-08,Italy,Yugoslavia,cached_from_soccerbase_match_stats
282896,1968-06-10,Italy,Yugoslavia,cached_from_soccerbase_match_stats
282613,1972-04-29,England,West Germany,cached_from_soccerbase_match_stats
282676,1972-04-29,Hungary,Romania,cached_from_soccerbase_match_stats
282679,1972-04-29,Italy,Belgium,cached_from_soccerbase_match_stats
282675,1972-04-30,Yugoslavia,USSR,cached_from_soccerbase_match_stats
282614,1972-05-13,West Germany,England,cached_from_soccerbase_match_stats
282674,1972-05-13,USSR,Yugoslavia,cached_from_soccerbase_match_stats
282680,1972-05-13,Belgium,Italy,cached_from_soccerbase_match_stats
282677,1972-05-14,Romania,Hungary,cached_from_soccerbase_match_stats
281239,1972-06-14,Belgium,West Germany,cached_from_soccerbase_match_stats
281240,1972-06-14,USSR,Hungary,cached_from_soccerbase_match_stats
281241,1972-06-17,Belgium,Hungary,cached_from_soccerbase_match_stats
282897,1972-06-18,West Germany,USSR,cached_from_soccerbase_match_stats
309384,1975-07-17,Chile,Peru,cached_from_soccerbase_match_stats
309385,1975-07-20,Bolivia,Chile,cached_from_soccerbase_match_stats
309390,1975-07-20,Colombia,Paraguay,cached_from_soccerbase_match_stats
309391,1975-07-24,Ecuador,Paraguay,cached_from_soccerbase_match_stats
308411,1975-07-27,Ecuador,Colombia,cached_from_soccerbase_match_stats
309386,1975-07-27,Bolivia,Peru,cached_from_soccerbase_match_stats
309392,1975-07-30,Paraguay,Colombia,cached_from_soccerbase_match_stats
331079,1975-07-30,Venezuela,Brazil,cached_from_soccerbase_match_stats
309379,1975-08-03,Venezuela,Argentina,cached_from_soccerbase_match_stats
309380,1975-08-06,Brazil,Argentina,cached_from_soccerbase_match_stats
309387,1975-08-07,Peru,Bolivia,cached_from_soccerbase_match_stats
309399,1975-08-07,Colombia,Ecuador,cached_from_soccerbase_match_stats
309381,1975-08-10,Argentina,Venezuela,cached_from_soccerbase_match_stats
309393,1975-08-10,Paraguay,Ecuador,cached_from_soccerbase_match_stats
309382,1975-08-13,Brazil,Venezuela,cached_from_soccerbase_match_stats
309388,1975-08-13,Chile,Bolivia,cached_from_soccerbase_match_stats
309383,1975-08-16,Argentina,Brazil,cached_from_soccerbase_match_stats
309389,1975-08-20,Peru,Chile,cached_from_soccerbase_match_stats
309394,1975-09-21,Colombia,Uruguay,cached_from_soccerbase_match_stats
308960,1975-09-30,Brazil,Peru,cached_from_soccerbase_match_stats
309395,1975-10-01,Uruguay,Colombia,cached_from_soccerbase_match_stats
309396,1975-10-04,Peru,Brazil,cached_from_soccerbase_match_stats
312176,1975-10-16,Colombia,Peru,cached_from_soccerbase_match_stats
312177,1975-10-22,Peru,Colombia,cached_from_soccerbase_match_stats
312178,1975-10-28,Colombia,Peru,cached_from_soccerbase_match_stats
282704,1976-04-24,Czechoslovakia,USSR,cached_from_soccerbase_match_stats
362303,1976-04-24,Spain,West Germany,cached_from_soccerbase_match_stats
282706,1976-04-25,Netherlands,Belgium,cached_from_soccerbase_match_stats
282708,1976-04-25,Yugoslavia,Wales,cached_from_soccerbase_match_stats
282705,1976-05-22,USSR,Czechoslovakia,cached_from_soccerbase_match_stats
282707,1976-05-22,Belgium,Netherlands,cached_from_soccerbase_match_stats
282709,1976-05-22,Wales,Yugoslavia,cached_from_soccerbase_match_stats
362304,1976-05-22,West Germany,Spain,cached_from_soccerbase_match_stats
281234,1976-06-16,Czechoslovakia,Netherlands,cached_from_soccerbase_match_stats
281237,1976-06-17,West Germany,Yugoslavia,cached_from_soccerbase_match_stats
281238,1976-06-19,Netherlands,Yugoslavia,cached_from_soccerbase_match_stats
282898,1976-06-20,Czechoslovakia,West Germany,cached_from_soccerbase_match_stats
308369,1979-07-18,Bolivia,Argentina,cached_from_soccerbase_match_stats
309339,1979-07-26,Bolivia,Brazil,cached_from_soccerbase_match_stats
309335,1979-08-01,Venezuela,Colombia,cached_from_soccerbase_match_stats
309340,1979-08-02,Brazil,Argentina,cached_from_soccerbase_match_stats
309334,1979-08-08,Venezuela,Chile,cached_from_soccerbase_match_stats
309338,1979-08-08,Argentina,Bolivia,cached_from_soccerbase_match_stats
309337,1979-08-15,Colombia,Chile,cached_from_soccerbase_match_stats
309342,1979-08-16,Brazil,Bolivia,cached_from_soccerbase_match_stats
309333,1979-08-22,Colombia,Venezuela,cached_from_soccerbase_match_stats
309344,1979-08-23,Argentina,Brazil,cached_from_soccerbase_match_stats
309332,1979-08-29,Chile,Venezuela,cached_from_soccerbase_match_stats
309345,1979-08-29,Ecuador,Paraguay,cached_from_soccerbase_match_stats
309336,1979-09-05,Chile,Colombia,cached_from_soccerbase_match_stats
309347,1979-09-05,Ecuador,Uruguay,cached_from_soccerbase_match_stats
309348,1979-09-13,Paraguay,Ecuador,cached_from_soccerbase_match_stats
309349,1979-09-16,Uruguay,Ecuador,cached_from_soccerbase_match_stats
309350,1979-09-20,Paraguay,Uruguay,cached_from_soccerbase_match_stats
309351,1979-09-26,Uruguay,Paraguay,cached_from_soccerbase_match_stats
309355,1979-10-17,Peru,Chile,cached_from_soccerbase_match_stats
309352,1979-10-24,Paraguay,Brazil,cached_from_soccerbase_match_stats
309356,1979-10-24,Chile,Peru,cached_from_soccerbase_match_stats
309354,1979-10-31,Brazil,Paraguay,cached_from_soccerbase_match_stats
309359,1979-11-28,Paraguay,Chile,cached_from_soccerbase_match_stats
309358,1979-12-05,Chile,Paraguay,cached_from_soccerbase_match_stats
281219,1980-06-11,West Germany,Czechoslovakia,cached_from_soccerbase_match_stats
281225,1980-06-11,Netherlands,Greece,cached_from_soccerbase_match_stats
281226,1980-06-12,Belgium,England,cached_from_soccerbase_match_stats
281232,1980-06-12,Spain,Italy,cached_from_soccerbase_match_stats
376203,1980-06-14,West Germany,Netherlands,cached_from_soccerbase_match_stats
423113,1980-06-14,Czechoslovakia,Greece,cached_from_soccerbase_match_stats
281227,1980-06-15,Spain,Belgium,cached_from_soccerbase_match_stats
357719,1980-06-15,Italy,England,cached_from_soccerbase_match_stats
281221,1980-06-17,West Germany,Greece,cached_from_soccerbase_match_stats
281228,1980-06-18,Italy,Belgium,cached_from_soccerbase_match_stats
281231,1980-06-18,England,Spain,cached_from_soccerbase_match_stats
422555,1980-06-21,Italy,Czechoslovakia,cached_from_soccerbase_match_stats
282899,1980-06-22,West Germany,Belgium,cached_from_soccerbase_match_stats
309306,1983-08-10,Ecuador,Argentina,cached_from_soccerbase_match_stats
309312,1983-08-14,Bolivia,Colombia,cached_from_soccerbase_match_stats
309307,1983-08-17,Ecuador,Brazil,cached_from_soccerbase_match_stats
312179,1983-08-17,Peru,Colombia,cached_from_soccerbase_match_stats
309314,1983-08-21,Bolivia,Peru,cached_from_soccerbase_match_stats
309308,1983-08-24,Argentina,Brazil,cached_from_soccerbase_match_stats
312180,1983-08-28,Colombia,Peru,cached_from_soccerbase_match_stats
309316,1983-08-31,Colombia,Bolivia,cached_from_soccerbase_match_stats
309301,1983-09-01,Uruguay,Chile,cached_from_soccerbase_match_stats
309309,1983-09-01,Brazil,Ecuador,cached_from_soccerbase_match_stats
309302,1983-09-04,Uruguay,Venezuela,cached_from_soccerbase_match_stats
309317,1983-09-04,Peru,Bolivia,cached_from_soccerbase_match_stats
309310,1983-09-07,Argentina,Ecuador,cached_from_soccerbase_match_stats
309305,1983-09-08,Chile,Venezuela,cached_from_soccerbase_match_stats
309303,1983-09-11,Chile,Uruguay,cached_from_soccerbase_match_stats
309311,1983-09-14,Brazil,Argentina,cached_from_soccerbase_match_stats
309304,1983-09-18,Venezuela,Uruguay,cached_from_soccerbase_match_stats
309300,1983-09-21,Venezuela,Chile,cached_from_soccerbase_match_stats
309319,1983-10-13,Peru,Uruguay,cached_from_soccerbase_match_stats
309322,1983-10-13,Paraguay,Brazil,cached_from_soccerbase_match_stats
309320,1983-10-20,Uruguay,Peru,cached_from_soccerbase_match_stats
309324,1983-10-20,Brazil,Paraguay,cached_from_soccerbase_match_stats
309328,1983-10-27,Uruguay,Brazil,cached_from_soccerbase_match_stats
309327,1983-11-04,Brazil,Uruguay,cached_from_soccerbase_match_stats
360024,1984-06-12,France,Denmark,cached_from_soccerbase_match_stats
281210,1984-06-13,Belgium,Yugoslavia,cached_from_soccerbase_match_stats
281211,1984-06-14,West Germany,Portugal,cached_from_soccerbase_match_stats
281218,1984-06-14,Spain,Romania,cached_from_soccerbase_match_stats
281205,1984-06-16,France,Belgium,cached_from_soccerbase_match_stats
281207,1984-06-16,Denmark,Yugoslavia,cached_from_soccerbase_match_stats
282361,1984-06-17,West Germany,Romania,cached_from_soccerbase_match_stats
354369,1984-06-17,Spain,Portugal,cached_from_soccerbase_match_stats
281208,1984-06-19,Denmark,Belgium,cached_from_soccerbase_match_stats
281217,1984-06-20,Portugal,Romania,cached_from_soccerbase_match_stats
362306,1984-06-20,West Germany,Spain,cached_from_soccerbase_match_stats
353887,1984-06-23,France,Portugal,cached_from_soccerbase_match_stats
281209,1984-06-24,Denmark,Spain,cached_from_soccerbase_match_stats
282592,1984-06-27,France,Spain,cached_from_soccerbase_match_stats
309253,1987-06-27,Argentina,Peru,cached_from_soccerbase_match_stats
309259,1987-06-28,Brazil,Venezuela,cached_from_soccerbase_match_stats
309263,1987-06-28,Paraguay,Bolivia,cached_from_soccerbase_match_stats
309258,1987-06-30,Chile,Venezuela,cached_from_soccerbase_match_stats
309264,1987-07-01,Colombia,Bolivia,cached_from_soccerbase_match_stats
309254,1987-07-02,Argentina,Ecuador,cached_from_soccerbase_match_stats
323770,1987-07-03,Chile,Brazil,cached_from_soccerbase_match_stats
309256,1987-07-04,Peru,Ecuador,cached_from_soccerbase_match_stats
309265,1987-07-05,Colombia,Paraguay,cached_from_soccerbase_match_stats
309266,1987-07-08,Colombia,Chile,cached_from_soccerbase_match_stats
309267,1987-07-09,Argentina,Uruguay,cached_from_soccerbase_match_stats
309269,1987-07-11,Argentina,Colombia,cached_from_soccerbase_match_stats
309268,1987-07-12,Uruguay,Chile,cached_from_soccerbase_match_stats
281187,1988-06-10,West Germany,Italy,cached_from_soccerbase_match_stats
281194,1988-06-11,Spain,Denmark,cached_from_soccerbase_match_stats
281195,1988-06-12,England,Ireland,cached_from_soccerbase_match_stats
281201,1988-06-12,Netherlands,USSR,cached_from_soccerbase_match_stats
281188,1988-06-14,West Germany,Denmark,cached_from_soccerbase_match_stats
281191,1988-06-14,Italy,Spain,cached_from_soccerbase_match_stats
353653,1988-06-15,Ireland,USSR,cached_from_soccerbase_match_stats
354323,1988-06-15,Netherlands,England,cached_from_soccerbase_match_stats
281192,1988-06-17,Italy,Denmark,cached_from_soccerbase_match_stats
362309,1988-06-17,West Germany,Spain,cached_from_soccerbase_match_stats
281198,1988-06-18,England,USSR,cached_from_soccerbase_match_stats
281200,1988-06-18,Netherlands,Ireland,cached_from_soccerbase_match_stats
376202,1988-06-21,West Germany,Netherlands,cached_from_soccerbase_match_stats
281193,1988-06-22,USSR,Italy,cached_from_soccerbase_match_stats
282588,1988-06-25,Netherlands,USSR,cached_from_soccerbase_match_stats
309211,1989-07-01,Peru,Paraguay,cached_from_soccerbase_match_stats
309212,1989-07-01,Brazil,Venezuela,cached_from_soccerbase_match_stats
309228,1989-07-02,Ecuador,Uruguay,cached_from_soccerbase_match_stats
309229,1989-07-02,Argentina,Chile,cached_from_soccerbase_match_stats
309208,1989-07-03,Brazil,Peru,cached_from_soccerbase_match_stats
309209,1989-07-03,Colombia,Venezuela,cached_from_soccerbase_match_stats
309226,1989-07-04,Bolivia,Uruguay,cached_from_soccerbase_match_stats
309230,1989-07-04,Argentina,Ecuador,cached_from_soccerbase_match_stats
309213,1989-07-05,Peru,Venezuela,cached_from_soccerbase_match_stats
309215,1989-07-05,Paraguay,Colombia,cached_from_soccerbase_match_stats
309232,1989-07-06,Ecuador,Bolivia,cached_from_soccerbase_match_stats
309234,1989-07-06,Uruguay,Chile,cached_from_soccerbase_match_stats
309216,1989-07-07,Paraguay,Venezuela,cached_from_soccerbase_match_stats
309218,1989-07-07,Brazil,Colombia,cached_from_soccerbase_match_stats
309225,1989-07-08,Argentina,Uruguay,cached_from_soccerbase_match_stats
309235,1989-07-08,Chile,Bolivia,cached_from_soccerbase_match_stats
309246,1989-07-09,Brazil,Paraguay,cached_from_soccerbase_match_stats
312181,1989-07-09,Colombia,Peru,cached_from_soccerbase_match_stats
309223,1989-07-10,Argentina,Bolivia,cached_from_soccerbase_match_stats
309224,1989-07-10,Ecuador,Chile,cached_from_soccerbase_match_stats
309238,1989-07-12,Uruguay,Paraguay,cached_from_soccerbase_match_stats
309248,1989-07-12,Brazil,Argentina,cached_from_soccerbase_match_stats
309227,1989-07-14,Brazil,Paraguay,cached_from_soccerbase_match_stats
309241,1989-07-14,Uruguay,Argentina,cached_from_soccerbase_match_stats
309242,1989-07-16,Argentina,Paraguay,cached_from_soccerbase_match_stats
309244,1989-07-16,Brazil,Uruguay,cached_from_soccerbase_match_stats
351581,1990-03-15,Algeria,Nigeria,cached_from_soccerbase_match_stats
309139,1991-07-06,Chile,Venezuela,cached_from_soccerbase_match_stats
309142,1991-07-06,Paraguay,Peru,cached_from_soccerbase_match_stats
309158,1991-07-07,Ecuador,Colombia,cached_from_soccerbase_match_stats
309160,1991-07-07,Bolivia,Uruguay,cached_from_soccerbase_match_stats
309145,1991-07-08,Chile,Peru,cached_from_soccerbase_match_stats
309147,1991-07-08,Argentina,Venezuela,cached_from_soccerbase_match_stats
309161,1991-07-09,Uruguay,Ecuador,cached_from_soccerbase_match_stats
309163,1991-07-09,Brazil,Bolivia,cached_from_soccerbase_match_stats
309148,1991-07-10,Paraguay,Venezuela,cached_from_soccerbase_match_stats
309150,1991-07-10,Chile,Argentina,cached_from_soccerbase_match_stats
309166,1991-07-11,Colombia,Bolivia,cached_from_soccerbase_match_stats
309168,1991-07-11,Brazil,Uruguay,cached_from_soccerbase_match_stats
309151,1991-07-12,Peru,Venezuela,cached_from_soccerbase_match_stats
309153,1991-07-12,Argentina,Paraguay,cached_from_soccerbase_match_stats
309169,1991-07-13,Ecuador,Bolivia,cached_from_soccerbase_match_stats
309171,1991-07-13,Brazil,Colombia,cached_from_soccerbase_match_stats
309155,1991-07-14,Argentina,Peru,cached_from_soccerbase_match_stats
309156,1991-07-14,Chile,Paraguay,cached_from_soccerbase_match_stats
309172,1991-07-15,Uruguay,Colombia,cached_from_soccerbase_match_stats
309176,1991-07-15,Brazil,Ecuador,cached_from_soccerbase_match_stats
309138,1991-07-17,Chile,Colombia,cached_from_soccerbase_match_stats
309199,1991-07-17,Argentina,Brazil,cached_from_soccerbase_match_stats
309201,1991-07-19,Chile,Argentina,cached_from_soccerbase_match_stats
309202,1991-07-19,Brazil,Colombia,cached_from_soccerbase_match_stats
309203,1991-07-21,Chile,Brazil,cached_from_soccerbase_match_stats
309205,1991-07-21,Argentina,Colombia,cached_from_soccerbase_match_stats
351320,1992-01-12,Senegal,Nigeria,cached_from_soccerbase_match_stats
351323,1992-01-12,Cameroon,Morocco,cached_from_soccerbase_match_stats
351326,1992-01-13,Ivory Coast,Algeria,cached_from_soccerbase_match_stats
351329,1992-01-13,Zambia,Egypt,cached_from_soccerbase_match_stats
351321,1992-01-14,Nigeria,Kenya,cached_from_soccerbase_match_stats
351324,1992-01-14,Morocco,Zaire,cached_from_soccerbase_match_stats
351327,1992-01-15,Ivory Coast,Congo,cached_from_soccerbase_match_stats
351330,1992-01-15,Ghana,Zambia,cached_from_soccerbase_match_stats
351322,1992-01-16,Senegal,Kenya,cached_from_soccerbase_match_stats
351325,1992-01-16,Cameroon,Zaire,cached_from_soccerbase_match_stats
351328,1992-01-17,Algeria,Congo,cached_from_soccerbase_match_stats
351331,1992-01-17,Ghana,Egypt,cached_from_soccerbase_match_stats
351332,1992-01-19,Nigeria,Zaire,cached_from_soccerbase_match_stats
351333,1992-01-19,Senegal,Cameroon,cached_from_soccerbase_match_stats
351334,1992-01-20,Ivory Coast,Zambia,cached_from_soccerbase_match_stats
351335,1992-01-20,Ghana,Congo,cached_from_soccerbase_match_stats
351336,1992-01-23,Ghana,Nigeria,cached_from_soccerbase_match_stats
351337,1992-01-23,Cameroon,Ivory Coast,cached_from_soccerbase_match_stats
351338,1992-01-25,Nigeria,Cameroon,cached_from_soccerbase_match_stats
351339,1992-01-26,Ivory Coast,Ghana,cached_from_soccerbase_match_stats
281037,1992-06-10,Sweden,France,cached_from_soccerbase_match_stats
281043,1992-06-11,Denmark,England,cached_from_soccerbase_match_stats
281046,1992-06-12,CIS,Germany,cached_from_soccerbase_match_stats
403534,1992-06-12,Netherlands,Scotland,cached_from_soccerbase_match_stats
281038,1992-06-14,Sweden,Denmark,cached_from_soccerbase_match_stats
281041,1992-06-14,England,France,cached_from_soccerbase_match_stats
281049,1992-06-15,Scotland,Germany,cached_from_soccerbase_match_stats
553479,1992-06-15,Netherlands,CIS,cached_from_soccerbase_match_stats
328214,1992-06-17,Sweden,England,cached_from_soccerbase_match_stats
360025,1992-06-17,Denmark,France,cached_from_soccerbase_match_stats
281048,1992-06-18,Scotland,CIS,cached_from_soccerbase_match_stats
376201,1992-06-18,Netherlands,Germany,cached_from_soccerbase_match_stats
281040,1992-06-21,Sweden,Germany,cached_from_soccerbase_match_stats
466345,1992-06-22,Denmark,Netherlands,cached_from_soccerbase_match_stats
282591,1992-06-26,Denmark,Germany,cached_from_soccerbase_match_stats
309095,1993-06-15,Ecuador,Venezuela,cached_from_soccerbase_match_stats
309097,1993-06-16,Uruguay,USA,cached_from_soccerbase_match_stats
309116,1993-06-16,Colombia,Mexico,cached_from_soccerbase_match_stats
309114,1993-06-17,Argentina,Bolivia,cached_from_soccerbase_match_stats
308131,1993-06-18,Brazil,Peru,cached_from_soccerbase_match_stats
309112,1993-06-18,Paraguay,Chile,cached_from_soccerbase_match_stats
309098,1993-06-19,Ecuador,USA,cached_from_soccerbase_match_stats
309104,1993-06-19,Uruguay,Venezuela,cached_from_soccerbase_match_stats
309117,1993-06-20,Argentina,Mexico,cached_from_soccerbase_match_stats
309119,1993-06-20,Colombia,Bolivia,cached_from_soccerbase_match_stats
309101,1993-06-21,Peru,Paraguay,cached_from_soccerbase_match_stats
309113,1993-06-21,Chile,Brazil,cached_from_soccerbase_match_stats
309099,1993-06-22,USA,Venezuela,cached_from_soccerbase_match_stats
309106,1993-06-22,Ecuador,Uruguay,cached_from_soccerbase_match_stats
309122,1993-06-23,Mexico,Bolivia,cached_from_soccerbase_match_stats
309124,1993-06-23,Argentina,Colombia,cached_from_soccerbase_match_stats
308119,1993-06-24,Brazil,Paraguay,cached_from_soccerbase_match_stats
309127,1993-06-24,Peru,Chile,cached_from_soccerbase_match_stats
309090,1993-06-26,Ecuador,Paraguay,cached_from_soccerbase_match_stats
309128,1993-06-26,Colombia,Uruguay,cached_from_soccerbase_match_stats
309093,1993-06-27,Argentina,Brazil,cached_from_soccerbase_match_stats
309094,1993-06-27,Mexico,Peru,cached_from_soccerbase_match_stats
309087,1993-06-30,Ecuador,Mexico,cached_from_soccerbase_match_stats
309089,1993-07-01,Argentina,Colombia,cached_from_soccerbase_match_stats
309086,1993-07-03,Ecuador,Colombia,cached_from_soccerbase_match_stats
309085,1993-07-04,Argentina,Mexico,cached_from_soccerbase_match_stats
351300,1994-03-26,Tunisia,Mali,cached_from_soccerbase_match_stats
351303,1994-03-26,Nigeria,Gabon,cached_from_soccerbase_match_stats
351306,1994-03-27,Ivory Coast,Sierra Leone,cached_from_soccerbase_match_stats
351309,1994-03-27,Ghana,Guinea,cached_from_soccerbase_match_stats
351301,1994-03-28,Zaire,Mali,cached_from_soccerbase_match_stats
351304,1994-03-28,Egypt,Gabon,cached_from_soccerbase_match_stats
351307,1994-03-29,Zambia,Sierra Leone,cached_from_soccerbase_match_stats
351310,1994-03-29,Senegal,Guinea,cached_from_soccerbase_match_stats
351302,1994-03-30,Tunisia,Zaire,cached_from_soccerbase_match_stats
351305,1994-03-30,Nigeria,Egypt,cached_from_soccerbase_match_stats
351308,1994-03-31,Zambia,Ivory Coast,cached_from_soccerbase_match_stats
351311,1994-03-31,Ghana,Senegal,cached_from_soccerbase_match_stats
351312,1994-04-02,Zaire,Nigeria,cached_from_soccerbase_match_stats
351313,1994-04-02,Egypt,Mali,cached_from_soccerbase_match_stats
351314,1994-04-03,Zambia,Senegal,cached_from_soccerbase_match_stats
351315,1994-04-03,Ghana,Ivory Coast,cached_from_soccerbase_match_stats
351317,1994-04-06,Zambia,Mali,cached_from_soccerbase_match_stats
540428,1994-04-06,Nigeria,Ivory Coast,cached_from_soccerbase_match_stats
351318,1994-04-10,Ivory Coast,Mali,cached_from_soccerbase_match_stats
351319,1994-04-10,Nigeria,Zambia,cached_from_soccerbase_match_stats
309063,1995-07-05,Uruguay,Venezuela,cached_from_soccerbase_match_stats
309064,1995-07-06,Paraguay,Mexico,cached_from_soccerbase_match_stats
309071,1995-07-07,Brazil,Ecuador,cached_from_soccerbase_match_stats
312182,1995-07-07,Peru,Colombia,cached_from_soccerbase_match_stats
309077,1995-07-08,USA,Chile,cached_from_soccerbase_match_stats
309078,1995-07-08,Bolivia,Argentina,cached_from_soccerbase_match_stats
309065,1995-07-09,Uruguay,Paraguay,cached_from_soccerbase_match_stats
309066,1995-07-09,Mexico,Venezuela,cached_from_soccerbase_match_stats
309073,1995-07-10,Brazil,Peru,cached_from_soccerbase_match_stats
309076,1995-07-10,Ecuador,Colombia,cached_from_soccerbase_match_stats
309079,1995-07-11,Bolivia,USA,cached_from_soccerbase_match_stats
309080,1995-07-11,Argentina,Chile,cached_from_soccerbase_match_stats
309067,1995-07-12,Paraguay,Venezuela,cached_from_soccerbase_match_stats
309068,1995-07-13,Uruguay,Mexico,cached_from_soccerbase_match_stats
309074,1995-07-13,Ecuador,Peru,cached_from_soccerbase_match_stats
309075,1995-07-13,Brazil,Colombia,cached_from_soccerbase_match_stats
309081,1995-07-14,Chile,Bolivia,cached_from_soccerbase_match_stats
309083,1995-07-14,USA,Argentina,cached_from_soccerbase_match_stats
309055,1995-07-16,USA,Mexico,cached_from_soccerbase_match_stats
309057,1995-07-16,Colombia,Paraguay,cached_from_soccerbase_match_stats
309059,1995-07-16,Brazil,Argentina,cached_from_soccerbase_match_stats
309060,1995-07-16,Uruguay,Bolivia,cached_from_soccerbase_match_stats
309053,1995-07-19,Brazil,USA,cached_from_soccerbase_match_stats
309054,1995-07-19,Uruguay,Colombia,cached_from_soccerbase_match_stats
309052,1995-07-22,Colombia,USA,cached_from_soccerbase_match_stats
309061,1995-07-24,Uruguay,Brazil,cached_from_soccerbase_match_stats
351271,1996-01-13,South Africa,Cameroon,cached_from_soccerbase_match_stats
351276,1996-01-14,Zambia,Algeria,cached_from_soccerbase_match_stats
351285,1996-01-14,Ivory Coast,Ghana,cached_from_soccerbase_match_stats
351270,1996-01-15,Egypt,Angola,cached_from_soccerbase_match_stats
351277,1996-01-15,Sierra Leone,Burkina Faso,cached_from_soccerbase_match_stats
351282,1996-01-16,Gabon,Liberia,cached_from_soccerbase_match_stats
351286,1996-01-16,Tunisia,Mozambique,cached_from_soccerbase_match_stats
351272,1996-01-18,Cameroon,Egypt,cached_from_soccerbase_match_stats
351278,1996-01-18,Algeria,Sierra Leone,cached_from_soccerbase_match_stats
351283,1996-01-19,Zaire,Gabon,cached_from_soccerbase_match_stats
351287,1996-01-19,Ghana,Tunisia,cached_from_soccerbase_match_stats
351273,1996-01-20,South Africa,Angola,cached_from_soccerbase_match_stats
351279,1996-01-20,Burkina Faso,Zambia,cached_from_soccerbase_match_stats
351288,1996-01-21,Mozambique,Ivory Coast,cached_from_soccerbase_match_stats
351274,1996-01-24,Angola,Cameroon,cached_from_soccerbase_match_stats
351275,1996-01-24,South Africa,Egypt,cached_from_soccerbase_match_stats
351280,1996-01-24,Sierra Leone,Zambia,cached_from_soccerbase_match_stats
351281,1996-01-24,Burkina Faso,Algeria,cached_from_soccerbase_match_stats
351284,1996-01-25,Liberia,Zaire,cached_from_soccerbase_match_stats
351289,1996-01-25,Mozambique,Ghana,cached_from_soccerbase_match_stats
351290,1996-01-25,Tunisia,Ivory Coast,cached_from_soccerbase_match_stats
351291,1996-01-27,South Africa,Algeria,cached_from_soccerbase_match_stats
351292,1996-01-27,Zambia,Egypt,cached_from_soccerbase_match_stats
351293,1996-01-28,Ghana,Zaire,cached_from_soccerbase_match_stats
351294,1996-01-28,Gabon,Tunisia,cached_from_soccerbase_match_stats
351295,1996-01-31,Zambia,Tunisia,cached_from_soccerbase_match_stats
351296,1996-01-31,South Africa,Ghana,cached_from_soccerbase_match_stats
351297,1996-02-03,Zambia,Ghana,cached_from_soccerbase_match_stats
351298,1996-02-03,South Africa,Tunisia,cached_from_soccerbase_match_stats
420498,1996-06-08,England,Switzerland,cached_from_soccerbase_match_stats
420622,1996-06-09,Spain,Bulgaria,cached_from_soccerbase_match_stats
420681,1996-06-09,Denmark,Portugal,cached_from_soccerbase_match_stats
421078,1996-06-09,Germany,Czech Rep,cached_from_soccerbase_match_stats
403531,1996-06-10,Netherlands,Scotland,cached_from_soccerbase_match_stats
420447,1996-06-10,Romania,France,cached_from_soccerbase_match_stats
420336,1996-06-11,Turkey,Croatia,cached_from_soccerbase_match_stats
420725,1996-06-11,Italy,Russia,cached_from_soccerbase_match_stats
420497,1996-06-13,Netherlands,Switzerland,cached_from_soccerbase_match_stats
420621,1996-06-13,Bulgaria,Romania,cached_from_soccerbase_match_stats
281034,1996-06-14,Portugal,Turkey,cached_from_soccerbase_match_stats
420724,1996-06-14,Czech Rep,Italy,cached_from_soccerbase_match_stats
281001,1996-06-15,England,Scotland,cached_from_soccerbase_match_stats
420446,1996-06-15,France,Spain,cached_from_soccerbase_match_stats
420335,1996-06-16,Croatia,Denmark,cached_from_soccerbase_match_stats
421151,1996-06-16,Russia,Germany,cached_from_soccerbase_match_stats
281011,1996-06-18,Romania,Spain,cached_from_soccerbase_match_stats
354322,1996-06-18,England,Netherlands,cached_from_soccerbase_match_stats
420445,1996-06-18,France,Bulgaria,cached_from_soccerbase_match_stats
420496,1996-06-18,Scotland,Switzerland,cached_from_soccerbase_match_stats
420334,1996-06-19,Croatia,Portugal,cached_from_soccerbase_match_stats
420680,1996-06-19,Turkey,Denmark,cached_from_soccerbase_match_stats
420723,1996-06-19,Italy,Germany,cached_from_soccerbase_match_stats
421077,1996-06-19,Russia,Czech Rep,cached_from_soccerbase_match_stats
281008,1996-06-22,England,Spain,cached_from_soccerbase_match_stats
420444,1996-06-22,France,Netherlands,cached_from_soccerbase_match_stats
420333,1996-06-23,Germany,Croatia,cached_from_soccerbase_match_stats
421076,1996-06-23,Portugal,Czech Rep,cached_from_soccerbase_match_stats
282652,1996-06-26,England,Germany,cached_from_soccerbase_match_stats
420443,1996-06-26,France,Czech Rep,cached_from_soccerbase_match_stats
281045,1996-06-30,Germany,Czech Rep,cached_from_soccerbase_match_stats
309040,1997-06-11,Chile,Paraguay,cached_from_soccerbase_match_stats
309041,1997-06-11,Argentina,Ecuador,cached_from_soccerbase_match_stats
309030,1997-06-12,Peru,Uruguay,cached_from_soccerbase_match_stats
309031,1997-06-12,Bolivia,Venezuela,cached_from_soccerbase_match_stats
309021,1997-06-13,Mexico,Colombia,cached_from_soccerbase_match_stats
309022,1997-06-13,Brazil,Costa Rica,cached_from_soccerbase_match_stats
309042,1997-06-14,Paraguay,Ecuador,cached_from_soccerbase_match_stats
309047,1997-06-14,Chile,Argentina,cached_from_soccerbase_match_stats
309033,1997-06-15,Bolivia,Peru,cached_from_soccerbase_match_stats
309034,1997-06-15,Uruguay,Venezuela,cached_from_soccerbase_match_stats
309025,1997-06-16,Colombia,Costa Rica,cached_from_soccerbase_match_stats
309027,1997-06-16,Brazil,Mexico,cached_from_soccerbase_match_stats
309043,1997-06-17,Chile,Ecuador,cached_from_soccerbase_match_stats
309045,1997-06-17,Argentina,Paraguay,cached_from_soccerbase_match_stats
309012,1997-06-18,Bolivia,Uruguay,cached_from_soccerbase_match_stats
309035,1997-06-18,Venezuela,Peru,cached_from_soccerbase_match_stats
309028,1997-06-19,Mexico,Costa Rica,cached_from_soccerbase_match_stats
309029,1997-06-19,Brazil,Colombia,cached_from_soccerbase_match_stats
309019,1997-06-21,Bolivia,Colombia,cached_from_soccerbase_match_stats
309020,1997-06-21,Argentina,Peru,cached_from_soccerbase_match_stats
309017,1997-06-22,Brazil,Paraguay,cached_from_soccerbase_match_stats
309018,1997-06-22,Ecuador,Mexico,cached_from_soccerbase_match_stats
309016,1997-06-25,Bolivia,Mexico,cached_from_soccerbase_match_stats
309015,1997-06-26,Brazil,Peru,cached_from_soccerbase_match_stats
309014,1997-06-28,Mexico,Peru,cached_from_soccerbase_match_stats
309013,1997-06-29,Bolivia,Brazil,cached_from_soccerbase_match_stats
306754,1998-02-07,Burkina Faso,Cameroon,cached_from_soccerbase_match_stats
306764,1998-02-08,Algeria,Guinea,cached_from_soccerbase_match_stats
306846,1998-02-08,South Africa,Angola,cached_from_soccerbase_match_stats
306848,1998-02-08,Ivory Coast,Namibia,cached_from_soccerbase_match_stats
306851,1998-02-09,Ghana,Tunisia,cached_from_soccerbase_match_stats
306854,1998-02-09,Togo,DR Congo,cached_from_soccerbase_match_stats
306872,1998-02-09,Zambia,Morocco,cached_from_soccerbase_match_stats
306857,1998-02-10,Egypt,Mozambique,cached_from_soccerbase_match_stats
306756,1998-02-11,Burkina Faso,Algeria,cached_from_soccerbase_match_stats
306765,1998-02-11,Cameroon,Guinea,cached_from_soccerbase_match_stats
306845,1998-02-11,South Africa,Ivory Coast,cached_from_soccerbase_match_stats
306849,1998-02-12,Angola,Namibia,cached_from_soccerbase_match_stats
306850,1998-02-12,Tunisia,DR Congo,cached_from_soccerbase_match_stats
306853,1998-02-12,Ghana,Togo,cached_from_soccerbase_match_stats
306858,1998-02-13,Morocco,Mozambique,cached_from_soccerbase_match_stats
306859,1998-02-13,Zambia,Egypt,cached_from_soccerbase_match_stats
306760,1998-02-15,Burkina Faso,Guinea,cached_from_soccerbase_match_stats
306763,1998-02-15,Cameroon,Algeria,cached_from_soccerbase_match_stats
306844,1998-02-16,South Africa,Namibia,cached_from_soccerbase_match_stats
306852,1998-02-16,Tunisia,Togo,cached_from_soccerbase_match_stats
306855,1998-02-16,Ghana,DR Congo,cached_from_soccerbase_match_stats
306871,1998-02-16,Ivory Coast,Angola,cached_from_soccerbase_match_stats
306860,1998-02-17,Egypt,Morocco,cached_from_soccerbase_match_stats
306861,1998-02-17,Zambia,Mozambique,cached_from_soccerbase_match_stats
306862,1998-02-20,Cameroon,DR Congo,cached_from_soccerbase_match_stats
306864,1998-02-21,Ivory Coast,Egypt,cached_from_soccerbase_match_stats
306865,1998-02-21,Burkina Faso,Tunisia,cached_from_soccerbase_match_stats
306866,1998-02-22,Morocco,South Africa,cached_from_soccerbase_match_stats
306867,1998-02-25,DR Congo,South Africa,cached_from_soccerbase_match_stats
306868,1998-02-25,Burkina Faso,Egypt,cached_from_soccerbase_match_stats
306869,1998-02-27,Burkina Faso,DR Congo,cached_from_soccerbase_match_stats
306870,1998-02-28,Egypt,South Africa,cached_from_soccerbase_match_stats
279123,1998-06-04,Estonia,Faroe Islands,cached_from_soccerbase_match_stats
279124,1998-08-19,Bosnia-Hz.,Faroe Islands,cached_from_soccerbase_match_stats
283480,1998-09-02,Romania,Liechtenstein,cached_from_soccerbase_match_stats
279104,1998-09-04,N Macedonia,Malta,cached_from_soccerbase_match_stats
266041,1998-09-05,Lithuania,Scotland,cached_from_soccerbase_match_stats
278824,1998-09-05,Georgia,Albania,cached_from_soccerbase_match_stats
278853,1998-09-05,Finland,Moldova,cached_from_soccerbase_match_stats
278870,1998-09-05,Armenia,Andorra,cached_from_soccerbase_match_stats
278965,1998-09-05,Slovakia,Azerbaijan,cached_from_soccerbase_match_stats
279125,1998-09-05,Bosnia-Hz.,Estonia,cached_from_soccerbase_match_stats
292239,1998-09-05,Turkey,N Ireland,cached_from_soccerbase_match_stats
323493,1998-09-05,Austria,Israel,cached_from_soccerbase_match_stats
420170,1998-09-05,Ukraine,Russia,cached_from_soccerbase_match_stats
420231,1998-09-05,Cyprus,Spain,cached_from_soccerbase_match_stats
420307,1998-09-05,Ireland,Croatia,cached_from_soccerbase_match_stats
420421,1998-09-05,Iceland,France,cached_from_soccerbase_match_stats
420661,1998-09-05,Belarus,Denmark,cached_from_soccerbase_match_stats
420703,1998-09-05,Wales,Italy,cached_from_soccerbase_match_stats
420979,1998-09-05,Sweden,England,cached_from_soccerbase_match_stats
419750,1998-09-06,Greece,Slovenia,cached_from_soccerbase_match_stats
419821,1998-09-06,Hungary,Portugal,cached_from_soccerbase_match_stats
420603,1998-09-06,Bulgaria,Poland,cached_from_soccerbase_match_stats
421041,1998-09-06,Faroe Islands,Czech Rep,cached_from_soccerbase_match_stats
421190,1998-09-06,Norway,Latvia,cached_from_soccerbase_match_stats
265999,1998-10-10,Armenia,Iceland,cached_from_soccerbase_match_stats
266044,1998-10-10,Lithuania,Faroe Islands,cached_from_soccerbase_match_stats
278855,1998-10-10,N Ireland,Finland,cached_from_soccerbase_match_stats
278873,1998-10-10,Andorra,Ukraine,cached_from_soccerbase_match_stats
278924,1998-10-10,Poland,Luxembourg,cached_from_soccerbase_match_stats
278941,1998-10-10,Cyprus,Austria,cached_from_soccerbase_match_stats
278942,1998-10-10,San Marino,Israel,cached_from_soccerbase_match_stats
278967,1998-10-10,Liechtenstein,Slovakia,cached_from_soccerbase_match_stats
278968,1998-10-10,Azerbaijan,Hungary,cached_from_soccerbase_match_stats
279127,1998-10-10,Scotland,Estonia,cached_from_soccerbase_match_stats
283415,1998-10-10,Slovenia,Norway,cached_from_soccerbase_match_stats
419820,1998-10-10,Portugal,Romania,cached_from_soccerbase_match_stats
420168,1998-10-10,Russia,France,cached_from_soccerbase_match_stats
420306,1998-10-10,Malta,Croatia,cached_from_soccerbase_match_stats
420479,1998-10-10,Italy,Switzerland,cached_from_soccerbase_match_stats
420573,1998-10-10,England,Bulgaria,cached_from_soccerbase_match_stats
420660,1998-10-10,Denmark,Wales,cached_from_soccerbase_match_stats
421040,1998-10-10,Bosnia-Hz.,Czech Rep,cached_from_soccerbase_match_stats
421122,1998-10-10,Turkey,Germany,cached_from_soccerbase_match_stats
421189,1998-10-10,Latvia,Georgia,cached_from_soccerbase_match_stats
278810,1998-10-14,Wales,Belarus,cached_from_soccerbase_match_stats
278947,1998-10-14,San Marino,Austria,cached_from_soccerbase_match_stats
278970,1998-10-14,Liechtenstein,Azerbaijan,cached_from_soccerbase_match_stats
279107,1998-10-14,Ireland,Malta,cached_from_soccerbase_match_stats
279130,1998-10-14,Scotland,Faroe Islands,cached_from_soccerbase_match_stats
279131,1998-10-14,Lithuania,Bosnia-Hz.,cached_from_soccerbase_match_stats
283416,1998-10-14,Norway,Albania,cached_from_soccerbase_match_stats
283467,1998-10-14,Luxembourg,England,cached_from_soccerbase_match_stats
283482,1998-10-14,Hungary,Romania,cached_from_soccerbase_match_stats
291988,1998-10-14,Ukraine,Armenia,cached_from_soccerbase_match_stats
292240,1998-10-14,Turkey,Finland,cached_from_soccerbase_match_stats
419749,1998-10-14,Greece,Georgia,cached_from_soccerbase_match_stats
419819,1998-10-14,Slovakia,Portugal,cached_from_soccerbase_match_stats
420167,1998-10-14,Iceland,Russia,cached_from_soccerbase_match_stats
420230,1998-10-14,Israel,Spain,cached_from_soccerbase_match_stats
420305,1998-10-14,Croatia,N Macedonia,cached_from_soccerbase_match_stats
420420,1998-10-14,France,Andorra,cached_from_soccerbase_match_stats
420477,1998-10-14,Switzerland,Denmark,cached_from_soccerbase_match_stats
421039,1998-10-14,Czech Rep,Estonia,cached_from_soccerbase_match_stats
421121,1998-10-14,Moldova,Germany,cached_from_soccerbase_match_stats
421188,1998-10-14,Slovenia,Latvia,cached_from_soccerbase_match_stats
421518,1998-10-14,Bulgaria,Sweden,cached_from_soccerbase_match_stats
278859,1998-11-18,N Ireland,Moldova,cached_from_soccerbase_match_stats
278949,1998-11-18,San Marino,Cyprus,cached_from_soccerbase_match_stats
279109,1998-11-18,Malta,N Macedonia,cached_from_soccerbase_match_stats
283498,1998-11-18,Yugoslavia,Ireland,cached_from_soccerbase_match_stats
419748,1998-11-18,Albania,Greece,cached_from_soccerbase_match_stats
278950,1999-02-10,Cyprus,San Marino,cached_from_soccerbase_match_stats
283499,1999-02-10,Malta,Yugoslavia,cached_from_soccerbase_match_stats
419817,1999-03-26,Portugal,Azerbaijan,cached_from_soccerbase_match_stats
278878,1999-03-27,Andorra,Iceland,cached_from_soccerbase_match_stats
278974,1999-03-27,Hungary,Liechtenstein,cached_from_soccerbase_match_stats
283427,1999-03-27,Georgia,Slovenia,cached_from_soccerbase_match_stats
283444,1999-03-27,Turkey,Moldova,cached_from_soccerbase_match_stats
283468,1999-03-27,England,Poland,cached_from_soccerbase_match_stats
283483,1999-03-27,Romania,Slovakia,cached_from_soccerbase_match_stats
419741,1999-03-27,Greece,Norway,cached_from_soccerbase_match_stats
420165,1999-03-27,Armenia,Russia,cached_from_soccerbase_match_stats
420228,1999-03-27,Spain,Austria,cached_from_soccerbase_match_stats
420418,1999-03-27,France,Ukraine,cached_from_soccerbase_match_stats
420472,1999-03-27,Belarus,Switzerland,cached_from_soccerbase_match_stats
420658,1999-03-27,Denmark,Italy,cached_from_soccerbase_match_stats
420989,1999-03-27,Sweden,Luxembourg,cached_from_soccerbase_match_stats
421037,1999-03-27,Czech Rep,Lithuania,cached_from_soccerbase_match_stats
421118,1999-03-27,N Ireland,Germany,cached_from_soccerbase_match_stats
278952,1999-03-28,Israel,Cyprus,cached_from_soccerbase_match_stats
266107,1999-03-31,Moldova,N Ireland,cached_from_soccerbase_match_stats
266133,1999-03-31,Slovakia,Hungary,cached_from_soccerbase_match_stats
278881,1999-03-31,Ukraine,Iceland,cached_from_soccerbase_match_stats
279133,1999-03-31,Lithuania,Estonia,cached_from_soccerbase_match_stats
283484,1999-03-31,Azerbaijan,Romania,cached_from_soccerbase_match_stats
419740,1999-03-31,Latvia,Greece,cached_from_soccerbase_match_stats
419816,1999-03-31,Liechtenstein,Portugal,cached_from_soccerbase_match_stats
420164,1999-03-31,Russia,Andorra,cached_from_soccerbase_match_stats
420227,1999-03-31,San Marino,Spain,cached_from_soccerbase_match_stats
420417,1999-03-31,France,Armenia,cached_from_soccerbase_match_stats
420471,1999-03-31,Switzerland,Wales,cached_from_soccerbase_match_stats
420593,1999-03-31,Luxembourg,Bulgaria,cached_from_soccerbase_match_stats
420701,1999-03-31,Italy,Belarus,cached_from_soccerbase_match_stats
420988,1999-03-31,Poland,Sweden,cached_from_soccerbase_match_stats
421036,1999-03-31,Scotland,Czech Rep,cached_from_soccerbase_match_stats
421117,1999-03-31,Germany,Finland,cached_from_soccerbase_match_stats
278954,1999-04-28,Austria,San Marino,cached_from_soccerbase_match_stats
283418,1999-04-28,Georgia,Norway,cached_from_soccerbase_match_stats
421184,1999-04-28,Latvia,Albania,cached_from_soccerbase_match_stats
283419,1999-05-30,Norway,Georgia,cached_from_soccerbase_match_stats
420589,1999-06-04,Poland,Bulgaria,cached_from_soccerbase_match_stats
421115,1999-06-04,Germany,Moldova,cached_from_soccerbase_match_stats
278883,1999-06-05,Iceland,Armenia,cached_from_soccerbase_match_stats
279089,1999-06-05,Azerbaijan,Liechtenstein,cached_from_soccerbase_match_stats
279135,1999-06-05,Faroe Islands,Scotland,cached_from_soccerbase_match_stats
279137,1999-06-05,Bosnia-Hz.,Lithuania,cached_from_soccerbase_match_stats
283420,1999-06-05,Albania,Norway,cached_from_soccerbase_match_stats
283445,1999-06-05,Finland,Turkey,cached_from_soccerbase_match_stats
283485,1999-06-05,Romania,Hungary,cached_from_soccerbase_match_stats
291992,1999-06-05,Ukraine,Andorra,cached_from_soccerbase_match_stats
419738,1999-06-05,Georgia,Greece,cached_from_soccerbase_match_stats
419815,1999-06-05,Portugal,Slovakia,cached_from_soccerbase_match_stats
420225,1999-06-05,Spain,San Marino,cached_from_soccerbase_match_stats
420302,1999-06-05,N Macedonia,Croatia,cached_from_soccerbase_match_stats
420416,1999-06-05,France,Russia,cached_from_soccerbase_match_stats
420656,1999-06-05,Denmark,Belarus,cached_from_soccerbase_match_stats
420700,1999-06-05,Italy,Wales,cached_from_soccerbase_match_stats
420976,1999-06-05,England,Sweden,cached_from_soccerbase_match_stats
421034,1999-06-05,Estonia,Czech Rep,cached_from_soccerbase_match_stats
421183,1999-06-05,Latvia,Slovenia,cached_from_soccerbase_match_stats
323494,1999-06-06,Israel,Austria,cached_from_soccerbase_match_stats
283500,1999-06-08,Yugoslavia,Malta,cached_from_soccerbase_match_stats
266106,1999-06-09,Moldova,Finland,cached_from_soccerbase_match_stats
266114,1999-06-09,Armenia,Ukraine,cached_from_soccerbase_match_stats
278936,1999-06-09,Luxembourg,Poland,cached_from_soccerbase_match_stats
279092,1999-06-09,Hungary,Slovakia,cached_from_soccerbase_match_stats
279113,1999-06-09,Ireland,N Macedonia,cached_from_soccerbase_match_stats
279138,1999-06-09,Faroe Islands,Bosnia-Hz.,cached_from_soccerbase_match_stats
279139,1999-06-09,Estonia,Lithuania,cached_from_soccerbase_match_stats
283430,1999-06-09,Albania,Slovenia,cached_from_soccerbase_match_stats
311129,1999-06-09,Romania,Azerbaijan,cached_from_soccerbase_match_stats
419737,1999-06-09,Greece,Latvia,cached_from_soccerbase_match_stats
419814,1999-06-09,Portugal,Liechtenstein,cached_from_soccerbase_match_stats
420162,1999-06-09,Russia,Iceland,cached_from_soccerbase_match_stats
420415,1999-06-09,Andorra,France,cached_from_soccerbase_match_stats
420470,1999-06-09,Switzerland,Italy,cached_from_soccerbase_match_stats
420588,1999-06-09,Bulgaria,England,cached_from_soccerbase_match_stats
420655,1999-06-09,Wales,Denmark,cached_from_soccerbase_match_stats
421033,1999-06-09,Czech Rep,Scotland,cached_from_soccerbase_match_stats
260070,1999-06-29,Peru,Japan,cached_from_soccerbase_match_stats
354367,1999-06-29,Paraguay,Bolivia,cached_from_soccerbase_match_stats
312134,1999-06-30,Mexico,Chile,cached_from_soccerbase_match_stats
332407,1999-06-30,Brazil,Venezuela,cached_from_soccerbase_match_stats
323815,1999-07-01,Colombia,Uruguay,cached_from_soccerbase_match_stats
260073,1999-07-02,Paraguay,Japan,cached_from_soccerbase_match_stats
332410,1999-07-02,Peru,Bolivia,cached_from_soccerbase_match_stats
260078,1999-07-03,Brazil,Mexico,cached_from_soccerbase_match_stats
308937,1999-07-03,Chile,Venezuela,cached_from_soccerbase_match_stats
260084,1999-07-04,Uruguay,Ecuador,cached_from_soccerbase_match_stats
260085,1999-07-04,Colombia,Argentina,cached_from_soccerbase_match_stats
260074,1999-07-05,Japan,Bolivia,cached_from_soccerbase_match_stats
308290,1999-07-05,Paraguay,Peru,cached_from_soccerbase_match_stats
260080,1999-07-06,Mexico,Venezuela,cached_from_soccerbase_match_stats
323783,1999-07-06,Brazil,Chile,cached_from_soccerbase_match_stats
308907,1999-07-07,Argentina,Uruguay,cached_from_soccerbase_match_stats
308917,1999-07-07,Colombia,Ecuador,cached_from_soccerbase_match_stats
260156,1999-07-10,Paraguay,Uruguay,cached_from_soccerbase_match_stats
308302,1999-07-10,Peru,Mexico,cached_from_soccerbase_match_stats
260158,1999-07-11,Brazil,Argentina,cached_from_soccerbase_match_stats
308923,1999-07-11,Colombia,Chile,cached_from_soccerbase_match_stats
260274,1999-07-13,Uruguay,Chile,cached_from_soccerbase_match_stats
260467,1999-07-14,Mexico,Brazil,cached_from_soccerbase_match_stats
312135,1999-07-17,Chile,Mexico,cached_from_soccerbase_match_stats
260708,1999-07-18,Uruguay,Brazil,cached_from_soccerbase_match_stats
283431,1999-08-18,Slovenia,Albania,cached_from_soccerbase_match_stats
420298,1999-08-18,Yugoslavia,Croatia,cached_from_soccerbase_match_stats
420297,1999-08-21,Croatia,Malta,cached_from_soccerbase_match_stats
284310,1999-09-01,Ireland,Yugoslavia,cached_from_soccerbase_match_stats
266325,1999-09-03,Azerbaijan,Portugal,cached_from_soccerbase_match_stats
266342,1999-09-04,Belarus,Wales,cached_from_soccerbase_match_stats
266354,1999-09-04,Liechtenstein,Hungary,cached_from_soccerbase_match_stats
278914,1999-09-04,Iceland,Andorra,cached_from_soccerbase_match_stats
279141,1999-09-04,Faroe Islands,Estonia,cached_from_soccerbase_match_stats
279903,1999-09-04,Bosnia-Hz.,Scotland,cached_from_soccerbase_match_stats
283432,1999-09-04,Slovenia,Georgia,cached_from_soccerbase_match_stats
283446,1999-09-04,N Ireland,Turkey,cached_from_soccerbase_match_stats
283470,1999-09-04,England,Luxembourg,cached_from_soccerbase_match_stats
283487,1999-09-04,Slovakia,Romania,cached_from_soccerbase_match_stats
419727,1999-09-04,Norway,Greece,cached_from_soccerbase_match_stats
419812,1999-09-04,Azerbaijan,Portugal,cached_from_soccerbase_match_stats
420160,1999-09-04,Russia,Armenia,cached_from_soccerbase_match_stats
420223,1999-09-04,Austria,Spain,cached_from_soccerbase_match_stats
420296,1999-09-04,Croatia,Ireland,cached_from_soccerbase_match_stats
420413,1999-09-04,Ukraine,France,cached_from_soccerbase_match_stats
420463,1999-09-04,Denmark,Switzerland,cached_from_soccerbase_match_stats
420582,1999-09-04,Sweden,Bulgaria,cached_from_soccerbase_match_stats
421032,1999-09-04,Lithuania,Czech Rep,cached_from_soccerbase_match_stats
421113,1999-09-04,Finland,Germany,cached_from_soccerbase_match_stats
421181,1999-09-04,Albania,Latvia,cached_from_soccerbase_match_stats
278958,1999-09-05,Cyprus,Israel,cached_from_soccerbase_match_stats
283503,1999-09-05,Yugoslavia,N Macedonia,cached_from_soccerbase_match_stats
266475,1999-09-08,Estonia,Scotland,cached_from_soccerbase_match_stats
278916,1999-09-08,Iceland,Ukraine,cached_from_soccerbase_match_stats
278959,1999-09-08,Israel,San Marino,cached_from_soccerbase_match_stats
279097,1999-09-08,Slovakia,Liechtenstein,cached_from_soccerbase_match_stats
279098,1999-09-08,Hungary,Azerbaijan,cached_from_soccerbase_match_stats
279118,1999-09-08,Malta,Ireland,cached_from_soccerbase_match_stats
279143,1999-09-08,Faroe Islands,Lithuania,cached_from_soccerbase_match_stats
283422,1999-09-08,Norway,Slovenia,cached_from_soccerbase_match_stats
283447,1999-09-08,Moldova,Turkey,cached_from_soccerbase_match_stats
283505,1999-09-08,N Macedonia,Yugoslavia,cached_from_soccerbase_match_stats
419811,1999-09-08,Romania,Portugal,cached_from_soccerbase_match_stats
420159,1999-09-08,Andorra,Russia,cached_from_soccerbase_match_stats
420222,1999-09-08,Spain,Cyprus,cached_from_soccerbase_match_stats
420412,1999-09-08,Armenia,France,cached_from_soccerbase_match_stats
420462,1999-09-08,Switzerland,Belarus,cached_from_soccerbase_match_stats
420653,1999-09-08,Italy,Denmark,cached_from_soccerbase_match_stats
420984,1999-09-08,Luxembourg,Sweden,cached_from_soccerbase_match_stats
421031,1999-09-08,Czech Rep,Bosnia-Hz.,cached_from_soccerbase_match_stats
421112,1999-09-08,Germany,N Ireland,cached_from_soccerbase_match_stats
421180,1999-09-08,Georgia,Latvia,cached_from_soccerbase_match_stats
527241,1999-09-08,Poland,England,cached_from_soccerbase_match_stats
279901,1999-10-05,Scotland,Bosnia-Hz.,cached_from_soccerbase_match_stats
420481,1999-10-06,Greece,Albania,cached_from_soccerbase_match_stats
267985,1999-10-09,Scotland,Lithuania,cached_from_soccerbase_match_stats
278851,1999-10-09,Albania,Georgia,cached_from_soccerbase_match_stats
278869,1999-10-09,Finland,N Ireland,cached_from_soccerbase_match_stats
278919,1999-10-09,Andorra,Armenia,cached_from_soccerbase_match_stats
279100,1999-10-09,Azerbaijan,Slovakia,cached_from_soccerbase_match_stats
279119,1999-10-09,N Macedonia,Ireland,cached_from_soccerbase_match_stats
279145,1999-10-09,Estonia,Bosnia-Hz.,cached_from_soccerbase_match_stats
283489,1999-10-09,Liechtenstein,Romania,cached_from_soccerbase_match_stats
360664,1999-10-09,Slovenia,Greece,cached_from_soccerbase_match_stats
419810,1999-10-09,Portugal,Hungary,cached_from_soccerbase_match_stats
420158,1999-10-09,Russia,Ukraine,cached_from_soccerbase_match_stats
420295,1999-10-09,Croatia,Yugoslavia,cached_from_soccerbase_match_stats
420411,1999-10-09,France,Iceland,cached_from_soccerbase_match_stats
420461,1999-10-09,Wales,Switzerland,cached_from_soccerbase_match_stats
420699,1999-10-09,Belarus,Italy,cached_from_soccerbase_match_stats
420983,1999-10-09,Sweden,Poland,cached_from_soccerbase_match_stats
421030,1999-10-09,Czech Rep,Faroe Islands,cached_from_soccerbase_match_stats
421111,1999-10-09,Germany,Turkey,cached_from_soccerbase_match_stats
421179,1999-10-09,Latvia,Norway,cached_from_soccerbase_match_stats
278962,1999-10-10,Austria,Cyprus,cached_from_soccerbase_match_stats
420221,1999-10-10,Spain,Israel,cached_from_soccerbase_match_stats
420581,1999-10-10,Bulgaria,Luxembourg,cached_from_soccerbase_match_stats
280579,1999-11-13,Ireland,Turkey,cached_from_soccerbase_match_stats
283531,1999-11-13,Scotland,England,cached_from_soccerbase_match_stats
291994,1999-11-13,Slovenia,Ukraine,cached_from_soccerbase_match_stats
420651,1999-11-13,Israel,Denmark,cached_from_soccerbase_match_stats
283525,1999-11-17,Turkey,Ireland,cached_from_soccerbase_match_stats
283526,1999-11-17,England,Scotland,cached_from_soccerbase_match_stats
283528,1999-11-17,Ukraine,Slovenia,cached_from_soccerbase_match_stats
420650,1999-11-17,Denmark,Israel,cached_from_soccerbase_match_stats
273595,2000-01-22,Ghana,Cameroon,cached_from_soccerbase_match_stats
273597,2000-01-23,South Africa,Gabon,cached_from_soccerbase_match_stats
273598,2000-01-23,Egypt,Zambia,cached_from_soccerbase_match_stats
273657,2000-01-23,Nigeria,Tunisia,cached_from_soccerbase_match_stats
273462,2000-01-24,Algeria,DR Congo,cached_from_soccerbase_match_stats
273596,2000-01-24,Ivory Coast,Togo,cached_from_soccerbase_match_stats
273658,2000-01-25,Morocco,Congo,cached_from_soccerbase_match_stats
273938,2000-01-25,Burkina Faso,Senegal,cached_from_soccerbase_match_stats
273600,2000-01-27,Ghana,Togo,cached_from_soccerbase_match_stats
273655,2000-01-27,South Africa,DR Congo,cached_from_soccerbase_match_stats
273660,2000-01-28,Nigeria,Congo,cached_from_soccerbase_match_stats
273662,2000-01-28,Cameroon,Ivory Coast,cached_from_soccerbase_match_stats
273663,2000-01-28,Egypt,Senegal,cached_from_soccerbase_match_stats
273689,2000-01-29,Tunisia,Morocco,cached_from_soccerbase_match_stats
273767,2000-01-29,Gabon,Algeria,cached_from_soccerbase_match_stats
273768,2000-01-29,Zambia,Burkina Faso,cached_from_soccerbase_match_stats
273819,2000-01-31,Ghana,Ivory Coast,cached_from_soccerbase_match_stats
273820,2000-01-31,Cameroon,Togo,cached_from_soccerbase_match_stats
273940,2000-02-01,Zambia,Senegal,cached_from_soccerbase_match_stats
281275,2000-02-01,Egypt,Burkina Faso,cached_from_soccerbase_match_stats
273971,2000-02-02,Gabon,DR Congo,cached_from_soccerbase_match_stats
274000,2000-02-02,South Africa,Algeria,cached_from_soccerbase_match_stats
274015,2000-02-03,Nigeria,Morocco,cached_from_soccerbase_match_stats
274016,2000-02-03,Tunisia,Congo,cached_from_soccerbase_match_stats
274174,2000-02-06,Cameroon,Algeria,cached_from_soccerbase_match_stats
274175,2000-02-06,Ghana,South Africa,cached_from_soccerbase_match_stats
274177,2000-02-07,Egypt,Tunisia,cached_from_soccerbase_match_stats
274178,2000-02-07,Nigeria,Senegal,cached_from_soccerbase_match_stats
274635,2000-02-10,Nigeria,South Africa,cached_from_soccerbase_match_stats
274642,2000-02-10,Cameroon,Tunisia,cached_from_soccerbase_match_stats
274773,2000-02-12,Tunisia,South Africa,cached_from_soccerbase_match_stats
274780,2000-02-13,Nigeria,Cameroon,cached_from_soccerbase_match_stats
284884,2000-06-10,Belgium,Sweden,cached_from_soccerbase_match_stats
284769,2000-06-11,Turkey,Italy,cached_from_soccerbase_match_stats
284775,2000-06-11,Netherlands,Czech Rep,cached_from_soccerbase_match_stats
284776,2000-06-11,France,Denmark,cached_from_soccerbase_match_stats
284777,2000-06-12,Germany,Romania,cached_from_soccerbase_match_stats
284778,2000-06-12,Portugal,England,cached_from_soccerbase_match_stats
284870,2000-06-13,Yugoslavia,Slovenia,cached_from_soccerbase_match_stats
360665,2000-06-13,Spain,Norway,cached_from_soccerbase_match_stats
284873,2000-06-14,Belgium,Italy,cached_from_soccerbase_match_stats
284885,2000-06-15,Sweden,Turkey,cached_from_soccerbase_match_stats
284886,2000-06-16,Czech Rep,France,cached_from_soccerbase_match_stats
284887,2000-06-16,Netherlands,Denmark,cached_from_soccerbase_match_stats
284889,2000-06-17,England,Germany,cached_from_soccerbase_match_stats
284890,2000-06-17,Romania,Portugal,cached_from_soccerbase_match_stats
284893,2000-06-18,Slovenia,Spain,cached_from_soccerbase_match_stats
284894,2000-06-18,Norway,Yugoslavia,cached_from_soccerbase_match_stats
284965,2000-06-19,Italy,Sweden,cached_from_soccerbase_match_stats
284966,2000-06-19,Belgium,Turkey,cached_from_soccerbase_match_stats
284985,2000-06-20,England,Romania,cached_from_soccerbase_match_stats
284986,2000-06-20,Portugal,Germany,cached_from_soccerbase_match_stats
285004,2000-06-21,Yugoslavia,Spain,cached_from_soccerbase_match_stats
285010,2000-06-21,Netherlands,France,cached_from_soccerbase_match_stats
285046,2000-06-21,Slovenia,Norway,cached_from_soccerbase_match_stats
360666,2000-06-21,Denmark,Czech Rep,cached_from_soccerbase_match_stats
285051,2000-06-24,Turkey,Portugal,cached_from_soccerbase_match_stats
285052,2000-06-24,Romania,Italy,cached_from_soccerbase_match_stats
285055,2000-06-25,Spain,France,cached_from_soccerbase_match_stats
285064,2000-06-25,Netherlands,Yugoslavia,cached_from_soccerbase_match_stats
285141,2000-06-28,Portugal,France,cached_from_soccerbase_match_stats
421832,2000-06-29,Netherlands,Italy,cached_from_soccerbase_match_stats
285211,2000-07-02,Italy,France,cached_from_soccerbase_match_stats
311967,2001-07-11,Ecuador,Chile,cached_from_soccerbase_match_stats
311988,2001-07-11,Colombia,Venezuela,cached_from_soccerbase_match_stats
312003,2001-07-12,Peru,Paraguay,cached_from_soccerbase_match_stats
312063,2001-07-12,Brazil,Mexico,cached_from_soccerbase_match_stats
311979,2001-07-13,Honduras,Costa Rica,cached_from_soccerbase_match_stats
312016,2001-07-13,Bolivia,Uruguay,cached_from_soccerbase_match_stats
312005,2001-07-14,Colombia,Ecuador,cached_from_soccerbase_match_stats
312067,2001-07-14,Chile,Venezuela,cached_from_soccerbase_match_stats
312002,2001-07-15,Brazil,Peru,cached_from_soccerbase_match_stats
312210,2001-07-15,Paraguay,Mexico,cached_from_soccerbase_match_stats
312019,2001-07-16,Honduras,Bolivia,cached_from_soccerbase_match_stats
312060,2001-07-16,Uruguay,Costa Rica,cached_from_soccerbase_match_stats
312066,2001-07-17,Ecuador,Venezuela,cached_from_soccerbase_match_stats
328653,2001-07-17,Colombia,Chile,cached_from_soccerbase_match_stats
312128,2001-07-18,Peru,Mexico,cached_from_soccerbase_match_stats
312130,2001-07-18,Brazil,Paraguay,cached_from_soccerbase_match_stats
312169,2001-07-19,Honduras,Uruguay,cached_from_soccerbase_match_stats
312170,2001-07-19,Bolivia,Costa Rica,cached_from_soccerbase_match_stats
312208,2001-07-22,Costa Rica,Uruguay,cached_from_soccerbase_match_stats
312209,2001-07-22,Chile,Mexico,cached_from_soccerbase_match_stats
312275,2001-07-23,Colombia,Peru,cached_from_soccerbase_match_stats
312276,2001-07-23,Brazil,Honduras,cached_from_soccerbase_match_stats
312428,2001-07-25,Mexico,Uruguay,cached_from_soccerbase_match_stats
312494,2001-07-26,Colombia,Honduras,cached_from_soccerbase_match_stats
339034,2001-07-29,Colombia,Mexico,cached_from_soccerbase_match_stats
361303,2001-07-29,Honduras,Uruguay,cached_from_soccerbase_match_stats
352557,2002-01-19,Mali,Liberia,cached_from_soccerbase_match_stats
352322,2002-01-20,Burkina Faso,South Africa,cached_from_soccerbase_match_stats
352561,2002-01-20,Egypt,Senegal,cached_from_soccerbase_match_stats
360824,2002-01-20,Cameroon,DR Congo,cached_from_soccerbase_match_stats
352319,2002-01-21,Algeria,Nigeria,cached_from_soccerbase_match_stats
352323,2002-01-21,Ghana,Morocco,cached_from_soccerbase_match_stats
352558,2002-01-21,Ivory Coast,Togo,cached_from_soccerbase_match_stats
352560,2002-01-21,Tunisia,Zambia,cached_from_soccerbase_match_stats
352570,2002-01-24,Ghana,South Africa,cached_from_soccerbase_match_stats
352571,2002-01-24,Mali,Nigeria,cached_from_soccerbase_match_stats
352973,2002-01-25,Algeria,Liberia,cached_from_soccerbase_match_stats
353056,2002-01-25,Egypt,Tunisia,cached_from_soccerbase_match_stats
360661,2002-01-25,Cameroon,Ivory Coast,cached_from_soccerbase_match_stats
352975,2002-01-26,Burkina Faso,Morocco,cached_from_soccerbase_match_stats
353055,2002-01-26,DR Congo,Togo,cached_from_soccerbase_match_stats
353057,2002-01-26,Senegal,Zambia,cached_from_soccerbase_match_stats
352972,2002-01-28,Mali,Algeria,cached_from_soccerbase_match_stats
352974,2002-01-28,Liberia,Nigeria,cached_from_soccerbase_match_stats
353076,2002-01-29,DR Congo,Ivory Coast,cached_from_soccerbase_match_stats
359972,2002-01-29,Cameroon,Togo,cached_from_soccerbase_match_stats
353123,2002-01-30,Burkina Faso,Ghana,cached_from_soccerbase_match_stats
360773,2002-01-30,Morocco,South Africa,cached_from_soccerbase_match_stats
353179,2002-01-31,Senegal,Tunisia,cached_from_soccerbase_match_stats
353180,2002-01-31,Egypt,Zambia,cached_from_soccerbase_match_stats
353564,2002-02-03,Nigeria,Ghana,cached_from_soccerbase_match_stats
353565,2002-02-03,Mali,South Africa,cached_from_soccerbase_match_stats
353603,2002-02-04,Senegal,DR Congo,cached_from_soccerbase_match_stats
360823,2002-02-04,Cameroon,Egypt,cached_from_soccerbase_match_stats
354153,2002-02-07,Senegal,Nigeria,cached_from_soccerbase_match_stats
360822,2002-02-07,Mali,Cameroon,cached_from_soccerbase_match_stats
361798,2002-02-09,Mali,Nigeria,cached_from_soccerbase_match_stats
360821,2002-02-10,Cameroon,Senegal,cached_from_soccerbase_match_stats
407078,2002-09-07,Slovenia,Malta,cached_from_soccerbase_match_stats
407085,2002-09-07,Norway,Denmark,cached_from_soccerbase_match_stats
407093,2002-09-07,Cyprus,France,cached_from_soccerbase_match_stats
407099,2002-09-07,Bosnia-Hz.,Romania,cached_from_soccerbase_match_stats
407101,2002-09-07,Austria,Moldova,cached_from_soccerbase_match_stats
407111,2002-09-07,Netherlands,Belarus,cached_from_soccerbase_match_stats
407121,2002-09-07,San Marino,Poland,cached_from_soccerbase_match_stats
407125,2002-09-07,Latvia,Sweden,cached_from_soccerbase_match_stats
407129,2002-09-07,Lithuania,Germany,cached_from_soccerbase_match_stats
407139,2002-09-07,Faroe Islands,Scotland,cached_from_soccerbase_match_stats
407142,2002-09-07,Armenia,Ukraine,cached_from_soccerbase_match_stats
407147,2002-09-07,Greece,Spain,cached_from_soccerbase_match_stats
407156,2002-09-07,Turkey,Slovakia,cached_from_soccerbase_match_stats
407170,2002-09-07,Belgium,Bulgaria,cached_from_soccerbase_match_stats
407176,2002-09-07,Croatia,Estonia,cached_from_soccerbase_match_stats
407184,2002-09-07,Azerbaijan,Italy,cached_from_soccerbase_match_stats
407191,2002-09-07,Finland,Wales,cached_from_soccerbase_match_stats
420136,2002-09-07,Russia,Ireland,cached_from_soccerbase_match_stats
407168,2002-09-08,Liechtenstein,N Macedonia,cached_from_soccerbase_match_stats
407210,2002-09-08,Switzerland,Georgia,cached_from_soccerbase_match_stats
407074,2002-10-12,Denmark,Luxembourg,cached_from_soccerbase_match_stats
407079,2002-10-12,Malta,Israel,cached_from_soccerbase_match_stats
407086,2002-10-12,Romania,Norway,cached_from_soccerbase_match_stats
407090,2002-10-12,France,Slovenia,cached_from_soccerbase_match_stats
407102,2002-10-12,Belarus,Austria,cached_from_soccerbase_match_stats
407107,2002-10-12,Moldova,Czech Rep,cached_from_soccerbase_match_stats
407115,2002-10-12,Sweden,Hungary,cached_from_soccerbase_match_stats
407122,2002-10-12,Poland,Latvia,cached_from_soccerbase_match_stats
407134,2002-10-12,Iceland,Scotland,cached_from_soccerbase_match_stats
407141,2002-10-12,Lithuania,Faroe Islands,cached_from_soccerbase_match_stats
407148,2002-10-12,Spain,N Ireland,cached_from_soccerbase_match_stats
407152,2002-10-12,Ukraine,Greece,cached_from_soccerbase_match_stats
407157,2002-10-12,N Macedonia,Turkey,cached_from_soccerbase_match_stats
407162,2002-10-12,Slovakia,England,cached_from_soccerbase_match_stats
407171,2002-10-12,Andorra,Belgium,cached_from_soccerbase_match_stats
407181,2002-10-12,Bulgaria,Croatia,cached_from_soccerbase_match_stats
407185,2002-10-12,Italy,Serbia & M,cached_from_soccerbase_match_stats
407194,2002-10-12,Finland,Azerbaijan,cached_from_soccerbase_match_stats
407200,2002-10-12,Georgia,Russia,cached_from_soccerbase_match_stats
407211,2002-10-12,Albania,Switzerland,cached_from_soccerbase_match_stats
407075,2002-10-16,Luxembourg,Romania,cached_from_soccerbase_match_stats
407080,2002-10-16,Malta,France,cached_from_soccerbase_match_stats
407087,2002-10-16,Norway,Bosnia-Hz.,cached_from_soccerbase_match_stats
407103,2002-10-16,Austria,Netherlands,cached_from_soccerbase_match_stats
407108,2002-10-16,Czech Rep,Belarus,cached_from_soccerbase_match_stats
407116,2002-10-16,Hungary,San Marino,cached_from_soccerbase_match_stats
407130,2002-10-16,Germany,Faroe Islands,cached_from_soccerbase_match_stats
407135,2002-10-16,Iceland,Lithuania,cached_from_soccerbase_match_stats
407143,2002-10-16,Greece,Armenia,cached_from_soccerbase_match_stats
407155,2002-10-16,N Ireland,Ukraine,cached_from_soccerbase_match_stats
407158,2002-10-16,Turkey,Liechtenstein,cached_from_soccerbase_match_stats
407163,2002-10-16,England,N Macedonia,cached_from_soccerbase_match_stats
407172,2002-10-16,Estonia,Belgium,cached_from_soccerbase_match_stats
407183,2002-10-16,Bulgaria,Andorra,cached_from_soccerbase_match_stats
407186,2002-10-16,Wales,Italy,cached_from_soccerbase_match_stats
407197,2002-10-16,Serbia & M,Finland,cached_from_soccerbase_match_stats
407201,2002-10-16,Russia,Albania,cached_from_soccerbase_match_stats
407205,2002-10-16,Ireland,Switzerland,cached_from_soccerbase_match_stats
407081,2002-11-20,Cyprus,Malta,cached_from_soccerbase_match_stats
407127,2002-11-20,San Marino,Latvia,cached_from_soccerbase_match_stats
407192,2002-11-20,Azerbaijan,Wales,cached_from_soccerbase_match_stats
407195,2003-02-12,Serbia & M,Azerbaijan,cached_from_soccerbase_match_stats
407076,2003-03-29,Bosnia-Hz.,Luxembourg,cached_from_soccerbase_match_stats
407082,2003-03-29,France,Malta,cached_from_soccerbase_match_stats
407095,2003-03-29,Cyprus,Israel,cached_from_soccerbase_match_stats
407097,2003-03-29,Romania,Denmark,cached_from_soccerbase_match_stats
407109,2003-03-29,Netherlands,Czech Rep,cached_from_soccerbase_match_stats
407114,2003-03-29,Belarus,Moldova,cached_from_soccerbase_match_stats
407117,2003-03-29,Poland,Hungary,cached_from_soccerbase_match_stats
407131,2003-03-29,Germany,Lithuania,cached_from_soccerbase_match_stats
407136,2003-03-29,Scotland,Iceland,cached_from_soccerbase_match_stats
407149,2003-03-29,Ukraine,Spain,cached_from_soccerbase_match_stats
407164,2003-03-29,Liechtenstein,England,cached_from_soccerbase_match_stats
407166,2003-03-29,N Macedonia,Slovakia,cached_from_soccerbase_match_stats
407173,2003-03-29,Croatia,Belgium,cached_from_soccerbase_match_stats
407189,2003-03-29,Italy,Finland,cached_from_soccerbase_match_stats
407202,2003-03-29,Albania,Russia,cached_from_soccerbase_match_stats
407206,2003-03-29,Georgia,Ireland,cached_from_soccerbase_match_stats
446878,2003-03-29,Armenia,N Ireland,cached_from_soccerbase_match_stats
476541,2003-03-29,Wales,Azerbaijan,cached_from_soccerbase_match_stats
407077,2003-04-02,Luxembourg,Norway,cached_from_soccerbase_match_stats
407091,2003-04-02,Slovenia,Cyprus,cached_from_soccerbase_match_stats
407094,2003-04-02,Israel,France,cached_from_soccerbase_match_stats
407098,2003-04-02,Denmark,Bosnia-Hz.,cached_from_soccerbase_match_stats
407104,2003-04-02,Czech Rep,Austria,cached_from_soccerbase_match_stats
407112,2003-04-02,Moldova,Netherlands,cached_from_soccerbase_match_stats
407118,2003-04-02,Hungary,Sweden,cached_from_soccerbase_match_stats
407123,2003-04-02,Poland,San Marino,cached_from_soccerbase_match_stats
407140,2003-04-02,Lithuania,Scotland,cached_from_soccerbase_match_stats
407145,2003-04-02,Spain,Armenia,cached_from_soccerbase_match_stats
407153,2003-04-02,N Ireland,Greece,cached_from_soccerbase_match_stats
407159,2003-04-02,England,Turkey,cached_from_soccerbase_match_stats
407167,2003-04-02,Slovakia,Liechtenstein,cached_from_soccerbase_match_stats
407177,2003-04-02,Estonia,Bulgaria,cached_from_soccerbase_match_stats
407182,2003-04-02,Croatia,Andorra,cached_from_soccerbase_match_stats
407207,2003-04-02,Albania,Ireland,cached_from_soccerbase_match_stats
407212,2003-04-02,Georgia,Switzerland,cached_from_soccerbase_match_stats
407083,2003-04-30,Malta,Slovenia,cached_from_soccerbase_match_stats
407096,2003-04-30,Israel,Cyprus,cached_from_soccerbase_match_stats
407128,2003-04-30,Latvia,San Marino,cached_from_soccerbase_match_stats
407178,2003-04-30,Andorra,Estonia,cached_from_soccerbase_match_stats
407203,2003-04-30,Georgia,Russia,cached_from_soccerbase_match_stats
407084,2003-06-07,Malta,Cyprus,cached_from_soccerbase_match_stats
407088,2003-06-07,Denmark,Norway,cached_from_soccerbase_match_stats
407092,2003-06-07,Israel,Slovenia,cached_from_soccerbase_match_stats
407100,2003-06-07,Romania,Bosnia-Hz.,cached_from_soccerbase_match_stats
407105,2003-06-07,Moldova,Austria,cached_from_soccerbase_match_stats
407113,2003-06-07,Belarus,Netherlands,cached_from_soccerbase_match_stats
407119,2003-06-07,Hungary,Latvia,cached_from_soccerbase_match_stats
407126,2003-06-07,San Marino,Sweden,cached_from_soccerbase_match_stats
407132,2003-06-07,Scotland,Germany,cached_from_soccerbase_match_stats
407137,2003-06-07,Iceland,Faroe Islands,cached_from_soccerbase_match_stats
407146,2003-06-07,Ukraine,Armenia,cached_from_soccerbase_match_stats
407150,2003-06-07,Spain,Greece,cached_from_soccerbase_match_stats
407160,2003-06-07,Slovakia,Turkey,cached_from_soccerbase_match_stats
407169,2003-06-07,N Macedonia,Liechtenstein,cached_from_soccerbase_match_stats
407174,2003-06-07,Bulgaria,Belgium,cached_from_soccerbase_match_stats
407179,2003-06-07,Estonia,Andorra,cached_from_soccerbase_match_stats
407198,2003-06-07,Finland,Serbia & M,cached_from_soccerbase_match_stats
407204,2003-06-07,Switzerland,Russia,cached_from_soccerbase_match_stats
407208,2003-06-07,Ireland,Albania,cached_from_soccerbase_match_stats
407073,2003-06-11,Luxembourg,Denmark,cached_from_soccerbase_match_stats
407089,2003-06-11,Norway,Romania,cached_from_soccerbase_match_stats
407106,2003-06-11,Austria,Belarus,cached_from_soccerbase_match_stats
407110,2003-06-11,Czech Rep,Moldova,cached_from_soccerbase_match_stats
407120,2003-06-11,San Marino,Hungary,cached_from_soccerbase_match_stats
407124,2003-06-11,Sweden,Poland,cached_from_soccerbase_match_stats
407133,2003-06-11,Faroe Islands,Germany,cached_from_soccerbase_match_stats
407138,2003-06-11,Lithuania,Iceland,cached_from_soccerbase_match_stats
407151,2003-06-11,N Ireland,Spain,cached_from_soccerbase_match_stats
407154,2003-06-11,Greece,Ukraine,cached_from_soccerbase_match_stats
407161,2003-06-11,Turkey,N Macedonia,cached_from_soccerbase_match_stats
407165,2003-06-11,England,Slovakia,cached_from_soccerbase_match_stats
407175,2003-06-11,Belgium,Andorra,cached_from_soccerbase_match_stats
407180,2003-06-11,Estonia,Croatia,cached_from_soccerbase_match_stats
407190,2003-06-11,Finland,Italy,cached_from_soccerbase_match_stats
407196,2003-06-11,Azerbaijan,Serbia & M,cached_from_soccerbase_match_stats
407209,2003-06-11,Ireland,Georgia,cached_from_soccerbase_match_stats
407213,2003-06-11,Switzerland,Albania,cached_from_soccerbase_match_stats
398555,2003-08-20,Faroe Islands,Iceland,cached_from_soccerbase_match_stats
407369,2003-08-20,Serbia & M,Wales,cached_from_soccerbase_match_stats
399795,2003-09-06,Scotland,Faroe Islands,cached_from_soccerbase_match_stats
399862,2003-09-06,Ireland,Russia,cached_from_soccerbase_match_stats
399945,2003-09-06,N Macedonia,England,cached_from_soccerbase_match_stats
403145,2003-09-06,Andorra,Croatia,cached_from_soccerbase_match_stats
403147,2003-09-06,Azerbaijan,Finland,cached_from_soccerbase_match_stats
403148,2003-09-06,Belarus,Czech Rep,cached_from_soccerbase_match_stats
403152,2003-09-06,Bosnia-Hz.,Norway,cached_from_soccerbase_match_stats
403153,2003-09-06,France,Cyprus,cached_from_soccerbase_match_stats
403154,2003-09-06,Slovenia,Israel,cached_from_soccerbase_match_stats
403155,2003-09-06,Romania,Luxembourg,cached_from_soccerbase_match_stats
403156,2003-09-06,Netherlands,Austria,cached_from_soccerbase_match_stats
403157,2003-09-06,Latvia,Poland,cached_from_soccerbase_match_stats
403159,2003-09-06,Iceland,Germany,cached_from_soccerbase_match_stats
403160,2003-09-06,Ukraine,N Ireland,cached_from_soccerbase_match_stats
403161,2003-09-06,Liechtenstein,Turkey,cached_from_soccerbase_match_stats
403164,2003-09-06,Georgia,Albania,cached_from_soccerbase_match_stats
406988,2003-09-06,Italy,Wales,cached_from_soccerbase_match_stats
419702,2003-09-06,Armenia,Greece,cached_from_soccerbase_match_stats
420728,2003-09-06,Sweden,San Marino,cached_from_soccerbase_match_stats
422610,2003-09-06,Bulgaria,Estonia,cached_from_soccerbase_match_stats
400182,2003-09-10,England,Liechtenstein,cached_from_soccerbase_match_stats
403178,2003-09-10,Israel,Malta,cached_from_soccerbase_match_stats
403179,2003-09-10,Slovenia,France,cached_from_soccerbase_match_stats
403180,2003-09-10,Luxembourg,Bosnia-Hz.,cached_from_soccerbase_match_stats
403181,2003-09-10,Denmark,Romania,cached_from_soccerbase_match_stats
403182,2003-09-10,Czech Rep,Netherlands,cached_from_soccerbase_match_stats
403183,2003-09-10,Moldova,Belarus,cached_from_soccerbase_match_stats
403184,2003-09-10,Poland,Sweden,cached_from_soccerbase_match_stats
403185,2003-09-10,Latvia,Hungary,cached_from_soccerbase_match_stats
403189,2003-09-10,Faroe Islands,Lithuania,cached_from_soccerbase_match_stats
403190,2003-09-10,N Ireland,Armenia,cached_from_soccerbase_match_stats
403191,2003-09-10,Spain,Ukraine,cached_from_soccerbase_match_stats
403192,2003-09-10,Slovakia,N Macedonia,cached_from_soccerbase_match_stats
403194,2003-09-10,Belgium,Croatia,cached_from_soccerbase_match_stats
403195,2003-09-10,Wales,Finland,cached_from_soccerbase_match_stats
403197,2003-09-10,Serbia & M,Italy,cached_from_soccerbase_match_stats
403198,2003-09-10,Russia,Switzerland,cached_from_soccerbase_match_stats
403199,2003-09-10,Albania,Georgia,cached_from_soccerbase_match_stats
403267,2003-09-10,Germany,Scotland,cached_from_soccerbase_match_stats
422609,2003-09-10,Andorra,Bulgaria,cached_from_soccerbase_match_stats
403412,2003-10-11,Armenia,Spain,cached_from_soccerbase_match_stats
403427,2003-10-11,Scotland,Lithuania,cached_from_soccerbase_match_stats
403430,2003-10-11,Turkey,England,cached_from_soccerbase_match_stats
403566,2003-10-11,Cyprus,Slovenia,cached_from_soccerbase_match_stats
403567,2003-10-11,France,Israel,cached_from_soccerbase_match_stats
403568,2003-10-11,Norway,Luxembourg,cached_from_soccerbase_match_stats
403569,2003-10-11,Bosnia-Hz.,Denmark,cached_from_soccerbase_match_stats
403570,2003-10-11,Austria,Czech Rep,cached_from_soccerbase_match_stats
403571,2003-10-11,Netherlands,Moldova,cached_from_soccerbase_match_stats
403572,2003-10-11,Sweden,Latvia,cached_from_soccerbase_match_stats
403573,2003-10-11,Hungary,Poland,cached_from_soccerbase_match_stats
403574,2003-10-11,Germany,Iceland,cached_from_soccerbase_match_stats
403576,2003-10-11,Liechtenstein,Slovakia,cached_from_soccerbase_match_stats
403577,2003-10-11,Croatia,Bulgaria,cached_from_soccerbase_match_stats
403578,2003-10-11,Belgium,Estonia,cached_from_soccerbase_match_stats
403579,2003-10-11,Italy,Azerbaijan,cached_from_soccerbase_match_stats
403580,2003-10-11,Russia,Georgia,cached_from_soccerbase_match_stats
403581,2003-10-11,Switzerland,Ireland,cached_from_soccerbase_match_stats
407368,2003-10-11,Wales,Serbia & M,cached_from_soccerbase_match_stats
419701,2003-10-11,Greece,N Ireland,cached_from_soccerbase_match_stats
406937,2003-11-15,Scotland,Netherlands,cached_from_soccerbase_match_stats
407070,2003-11-15,Croatia,Slovenia,cached_from_soccerbase_match_stats
407071,2003-11-15,Spain,Norway,cached_from_soccerbase_match_stats
407072,2003-11-15,Latvia,Turkey,cached_from_soccerbase_match_stats
407248,2003-11-15,Russia,Wales,cached_from_soccerbase_match_stats
407378,2003-11-19,Netherlands,Scotland,cached_from_soccerbase_match_stats
407379,2003-11-19,Wales,Russia,cached_from_soccerbase_match_stats
407386,2003-11-19,Turkey,Latvia,cached_from_soccerbase_match_stats
407387,2003-11-19,Slovenia,Croatia,cached_from_soccerbase_match_stats
407388,2003-11-19,Norway,Spain,cached_from_soccerbase_match_stats
412480,2004-01-24,Tunisia,Rwanda,cached_from_soccerbase_match_stats
412459,2004-01-25,DR Congo,Guinea,cached_from_soccerbase_match_stats
412529,2004-01-25,Zimbabwe,Egypt,cached_from_soccerbase_match_stats
412532,2004-01-25,Cameroon,Algeria,cached_from_soccerbase_match_stats
412404,2004-01-26,Kenya,Mali,cached_from_soccerbase_match_stats
412472,2004-01-26,Senegal,Burkina Faso,cached_from_soccerbase_match_stats
412625,2004-01-27,Nigeria,Morocco,cached_from_soccerbase_match_stats
412634,2004-01-27,South Africa,Benin,cached_from_soccerbase_match_stats
412682,2004-01-28,Rwanda,Guinea,cached_from_soccerbase_match_stats
422480,2004-01-28,Tunisia,DR Congo,cached_from_soccerbase_match_stats
412681,2004-01-29,Cameroon,Zimbabwe,cached_from_soccerbase_match_stats
412691,2004-01-29,Algeria,Egypt,cached_from_soccerbase_match_stats
412738,2004-01-30,Burkina Faso,Mali,cached_from_soccerbase_match_stats
412761,2004-01-30,Senegal,Kenya,cached_from_soccerbase_match_stats
413000,2004-01-31,Morocco,Benin,cached_from_soccerbase_match_stats
413001,2004-01-31,Nigeria,South Africa,cached_from_soccerbase_match_stats
412998,2004-02-01,Tunisia,Guinea,cached_from_soccerbase_match_stats
412999,2004-02-01,Rwanda,DR Congo,cached_from_soccerbase_match_stats
413074,2004-02-02,Burkina Faso,Kenya,cached_from_soccerbase_match_stats
413075,2004-02-02,Senegal,Mali,cached_from_soccerbase_match_stats
413197,2004-02-03,Algeria,Zimbabwe,cached_from_soccerbase_match_stats
413198,2004-02-03,Cameroon,Egypt,cached_from_soccerbase_match_stats
413236,2004-02-04,Morocco,South Africa,cached_from_soccerbase_match_stats
413237,2004-02-04,Nigeria,Benin,cached_from_soccerbase_match_stats
413759,2004-02-07,Tunisia,Senegal,cached_from_soccerbase_match_stats
413760,2004-02-07,Mali,Guinea,cached_from_soccerbase_match_stats
413761,2004-02-08,Cameroon,Nigeria,cached_from_soccerbase_match_stats
413762,2004-02-08,Morocco,Algeria,cached_from_soccerbase_match_stats
413862,2004-02-11,Tunisia,Nigeria,cached_from_soccerbase_match_stats
413863,2004-02-11,Mali,Morocco,cached_from_soccerbase_match_stats
413926,2004-02-13,Mali,Nigeria,cached_from_soccerbase_match_stats
422481,2004-02-14,Tunisia,Morocco,cached_from_soccerbase_match_stats
422835,2004-06-12,Portugal,Greece,cached_from_soccerbase_match_stats
422838,2004-06-12,Spain,Russia,cached_from_soccerbase_match_stats
422837,2004-06-13,Switzerland,Croatia,cached_from_soccerbase_match_stats
422839,2004-06-13,France,England,cached_from_soccerbase_match_stats
422840,2004-06-14,Denmark,Italy,cached_from_soccerbase_match_stats
422841,2004-06-14,Sweden,Bulgaria,cached_from_soccerbase_match_stats
422842,2004-06-15,Czech Rep,Latvia,cached_from_soccerbase_match_stats
422843,2004-06-15,Germany,Netherlands,cached_from_soccerbase_match_stats
422845,2004-06-16,Greece,Spain,cached_from_soccerbase_match_stats
422846,2004-06-16,Portugal,Russia,cached_from_soccerbase_match_stats
422854,2004-06-17,Croatia,France,cached_from_soccerbase_match_stats
422856,2004-06-17,England,Switzerland,cached_from_soccerbase_match_stats
422858,2004-06-18,Italy,Sweden,cached_from_soccerbase_match_stats
422867,2004-06-18,Bulgaria,Denmark,cached_from_soccerbase_match_stats
422859,2004-06-19,Latvia,Germany,cached_from_soccerbase_match_stats
422868,2004-06-19,Netherlands,Czech Rep,cached_from_soccerbase_match_stats
422873,2004-06-20,Portugal,Spain,cached_from_soccerbase_match_stats
422874,2004-06-20,Russia,Greece,cached_from_soccerbase_match_stats
422925,2004-06-21,Croatia,England,cached_from_soccerbase_match_stats
428045,2004-06-21,Switzerland,France,cached_from_soccerbase_match_stats
428046,2004-06-22,Italy,Bulgaria,cached_from_soccerbase_match_stats
428048,2004-06-22,Denmark,Sweden,cached_from_soccerbase_match_stats
428044,2004-06-23,Germany,Czech Rep,cached_from_soccerbase_match_stats
428047,2004-06-23,Netherlands,Latvia,cached_from_soccerbase_match_stats
422973,2004-06-24,Portugal,England,cached_from_soccerbase_match_stats
422976,2004-06-25,France,Greece,cached_from_soccerbase_match_stats
422979,2004-06-26,Sweden,Netherlands,cached_from_soccerbase_match_stats
422982,2004-06-27,Czech Rep,Denmark,cached_from_soccerbase_match_stats
423111,2004-06-30,Portugal,Netherlands,cached_from_soccerbase_match_stats
423114,2004-07-01,Czech Rep,Greece,cached_from_soccerbase_match_stats
423124,2004-07-04,Portugal,Greece,cached_from_soccerbase_match_stats
426051,2004-07-06,Venezuela,Colombia,cached_from_soccerbase_match_stats
426052,2004-07-06,Peru,Bolivia,cached_from_soccerbase_match_stats
426057,2004-07-07,Mexico,Uruguay,cached_from_soccerbase_match_stats
426058,2004-07-07,Argentina,Ecuador,cached_from_soccerbase_match_stats
426096,2004-07-08,Costa Rica,Paraguay,cached_from_soccerbase_match_stats
426097,2004-07-08,Brazil,Chile,cached_from_soccerbase_match_stats
426098,2004-07-09,Colombia,Bolivia,cached_from_soccerbase_match_stats
426099,2004-07-09,Peru,Venezuela,cached_from_soccerbase_match_stats
426126,2004-07-10,Argentina,Mexico,cached_from_soccerbase_match_stats
426127,2004-07-10,Ecuador,Uruguay,cached_from_soccerbase_match_stats
426128,2004-07-11,Paraguay,Chile,cached_from_soccerbase_match_stats
426129,2004-07-11,Brazil,Costa Rica,cached_from_soccerbase_match_stats
426171,2004-07-12,Peru,Colombia,cached_from_soccerbase_match_stats
426172,2004-07-12,Venezuela,Bolivia,cached_from_soccerbase_match_stats
426173,2004-07-13,Mexico,Ecuador,cached_from_soccerbase_match_stats
426174,2004-07-13,Argentina,Uruguay,cached_from_soccerbase_match_stats
426217,2004-07-14,Chile,Costa Rica,cached_from_soccerbase_match_stats
426218,2004-07-14,Brazil,Paraguay,cached_from_soccerbase_match_stats
426275,2004-07-17,Peru,Argentina,cached_from_soccerbase_match_stats
426278,2004-07-17,Colombia,Costa Rica,cached_from_soccerbase_match_stats
426276,2004-07-18,Mexico,Brazil,cached_from_soccerbase_match_stats
426277,2004-07-18,Paraguay,Uruguay,cached_from_soccerbase_match_stats
426336,2004-07-20,Argentina,Colombia,cached_from_soccerbase_match_stats
426408,2004-07-21,Uruguay,Brazil,cached_from_soccerbase_match_stats
426523,2004-07-24,Colombia,Uruguay,cached_from_soccerbase_match_stats
426537,2004-07-25,Argentina,Brazil,cached_from_soccerbase_match_stats
476062,2006-01-20,Egypt,Libya,cached_from_soccerbase_match_stats
473626,2006-01-21,Togo,DR Congo,cached_from_soccerbase_match_stats
475890,2006-01-21,Morocco,Ivory Coast,cached_from_soccerbase_match_stats
475923,2006-01-21,Cameroon,Angola,cached_from_soccerbase_match_stats
476060,2006-01-22,Tunisia,Zambia,cached_from_soccerbase_match_stats
476061,2006-01-22,South Africa,Guinea,cached_from_soccerbase_match_stats
473637,2006-01-23,Nigeria,Ghana,cached_from_soccerbase_match_stats
473638,2006-01-23,Zimbabwe,Senegal,cached_from_soccerbase_match_stats
476192,2006-01-24,Libya,Ivory Coast,cached_from_soccerbase_match_stats
476193,2006-01-24,Egypt,Morocco,cached_from_soccerbase_match_stats
476211,2006-01-25,Angola,DR Congo,cached_from_soccerbase_match_stats
476212,2006-01-25,Cameroon,Togo,cached_from_soccerbase_match_stats
476347,2006-01-26,Tunisia,South Africa,cached_from_soccerbase_match_stats
476348,2006-01-26,Zambia,Guinea,cached_from_soccerbase_match_stats
473639,2006-01-27,Ghana,Senegal,cached_from_soccerbase_match_stats
473640,2006-01-27,Nigeria,Zimbabwe,cached_from_soccerbase_match_stats
473623,2006-01-28,Libya,Morocco,cached_from_soccerbase_match_stats
476419,2006-01-28,Egypt,Ivory Coast,cached_from_soccerbase_match_stats
476462,2006-01-29,Cameroon,DR Congo,cached_from_soccerbase_match_stats
485333,2006-01-29,Angola,Togo,cached_from_soccerbase_match_stats
473636,2006-01-30,Zambia,South Africa,cached_from_soccerbase_match_stats
476727,2006-01-30,Tunisia,Guinea,cached_from_soccerbase_match_stats
476705,2006-01-31,Nigeria,Senegal,cached_from_soccerbase_match_stats
485346,2006-01-31,Ghana,Zimbabwe,cached_from_soccerbase_match_stats
476976,2006-02-03,Guinea,Senegal,cached_from_soccerbase_match_stats
476977,2006-02-03,Egypt,DR Congo,cached_from_soccerbase_match_stats
477554,2006-02-04,Cameroon,Ivory Coast,cached_from_soccerbase_match_stats
485385,2006-02-04,Nigeria,Tunisia,cached_from_soccerbase_match_stats
477347,2006-02-07,Ivory Coast,Nigeria,cached_from_soccerbase_match_stats
477457,2006-02-07,Egypt,Senegal,cached_from_soccerbase_match_stats
477557,2006-02-09,Senegal,Nigeria,cached_from_soccerbase_match_stats
477570,2006-02-10,Egypt,Ivory Coast,cached_from_soccerbase_match_stats
496777,2006-08-16,Faroe Islands,Georgia,cached_from_soccerbase_match_stats
497076,2006-08-16,Belgium,Kazakhstan,cached_from_soccerbase_match_stats
551861,2006-08-16,Estonia,N Macedonia,cached_from_soccerbase_match_stats
493877,2006-09-02,Scotland,Faroe Islands,cached_from_soccerbase_match_stats
496784,2006-09-02,England,Andorra,cached_from_soccerbase_match_stats
496800,2006-09-02,Estonia,Israel,cached_from_soccerbase_match_stats
496929,2006-09-02,Germany,Ireland,cached_from_soccerbase_match_stats
496931,2006-09-02,Czech Rep,Wales,cached_from_soccerbase_match_stats
496940,2006-09-02,N Ireland,Iceland,cached_from_soccerbase_match_stats
497077,2006-09-02,Serbia,Azerbaijan,cached_from_soccerbase_match_stats
497078,2006-09-02,Poland,Finland,cached_from_soccerbase_match_stats
497300,2006-09-02,Georgia,France,cached_from_soccerbase_match_stats
497303,2006-09-02,Moldova,Greece,cached_from_soccerbase_match_stats
497304,2006-09-02,Malta,Bosnia-Hz.,cached_from_soccerbase_match_stats
497308,2006-09-02,Hungary,Norway,cached_from_soccerbase_match_stats
497542,2006-09-02,Romania,Bulgaria,cached_from_soccerbase_match_stats
497543,2006-09-02,Luxembourg,Netherlands,cached_from_soccerbase_match_stats
497544,2006-09-02,Belarus,Albania,cached_from_soccerbase_match_stats
508918,2006-09-02,Slovakia,Cyprus,cached_from_soccerbase_match_stats
552729,2006-09-02,Italy,Lithuania,cached_from_soccerbase_match_stats
552730,2006-09-02,Spain,Liechtenstein,cached_from_soccerbase_match_stats
552734,2006-09-02,Latvia,Sweden,cached_from_soccerbase_match_stats
496776,2006-09-06,Lithuania,Scotland,cached_from_soccerbase_match_stats
496781,2006-09-06,Ukraine,Georgia,cached_from_soccerbase_match_stats
496783,2006-09-06,N Macedonia,England,cached_from_soccerbase_match_stats
496827,2006-09-06,Russia,Croatia,cached_from_soccerbase_match_stats
496910,2006-09-06,Israel,Andorra,cached_from_soccerbase_match_stats
496932,2006-09-06,Slovakia,Czech Rep,cached_from_soccerbase_match_stats
496937,2006-09-06,San Marino,Germany,cached_from_soccerbase_match_stats
496943,2006-09-06,Iceland,Denmark,cached_from_soccerbase_match_stats
496944,2006-09-06,Sweden,Liechtenstein,cached_from_soccerbase_match_stats
497291,2006-09-06,Poland,Serbia,cached_from_soccerbase_match_stats
497294,2006-09-06,Azerbaijan,Kazakhstan,cached_from_soccerbase_match_stats
497297,2006-09-06,Armenia,Belgium,cached_from_soccerbase_match_stats
497306,2006-09-06,Bosnia-Hz.,Hungary,cached_from_soccerbase_match_stats
497307,2006-09-06,Norway,Moldova,cached_from_soccerbase_match_stats
497545,2006-09-06,Bulgaria,Slovenia,cached_from_soccerbase_match_stats
551653,2006-09-06,N Ireland,Spain,cached_from_soccerbase_match_stats
551715,2006-09-06,Netherlands,Belarus,cached_from_soccerbase_match_stats
551716,2006-09-06,Albania,Romania,cached_from_soccerbase_match_stats
552721,2006-09-06,Finland,Portugal,cached_from_soccerbase_match_stats
552722,2006-09-06,Turkey,Malta,cached_from_soccerbase_match_stats
552728,2006-09-06,France,Italy,cached_from_soccerbase_match_stats
497296,2006-10-07,Croatia,Andorra,cached_from_soccerbase_match_stats
508643,2006-10-07,England,N Macedonia,cached_from_soccerbase_match_stats
508944,2006-10-07,Cyprus,Ireland,cached_from_soccerbase_match_stats
541150,2006-10-07,Serbia,Belgium,cached_from_soccerbase_match_stats
541151,2006-10-07,Portugal,Azerbaijan,cached_from_soccerbase_match_stats
541156,2006-10-07,Kazakhstan,Poland,cached_from_soccerbase_match_stats
541157,2006-10-07,Armenia,Finland,cached_from_soccerbase_match_stats
545518,2006-10-07,Scotland,France,cached_from_soccerbase_match_stats
545519,2006-10-07,Italy,Ukraine,cached_from_soccerbase_match_stats
545520,2006-10-07,Faroe Islands,Lithuania,cached_from_soccerbase_match_stats
550737,2006-10-07,Moldova,Bosnia-Hz.,cached_from_soccerbase_match_stats
550739,2006-10-07,Greece,Norway,cached_from_soccerbase_match_stats
551040,2006-10-07,Wales,Slovakia,cached_from_soccerbase_match_stats
551041,2006-10-07,Czech Rep,San Marino,cached_from_soccerbase_match_stats
551452,2006-10-07,Russia,Israel,cached_from_soccerbase_match_stats
551654,2006-10-07,Sweden,Spain,cached_from_soccerbase_match_stats
551655,2006-10-07,Latvia,Iceland,cached_from_soccerbase_match_stats
551656,2006-10-07,Denmark,N Ireland,cached_from_soccerbase_match_stats
551717,2006-10-07,Slovenia,Luxembourg,cached_from_soccerbase_match_stats
551718,2006-10-07,Romania,Belarus,cached_from_soccerbase_match_stats
551719,2006-10-07,Bulgaria,Netherlands,cached_from_soccerbase_match_stats
552723,2006-10-07,Hungary,Turkey,cached_from_soccerbase_match_stats
508632,2006-10-11,Kazakhstan,Finland,cached_from_soccerbase_match_stats
508644,2006-10-11,Croatia,England,cached_from_soccerbase_match_stats
508651,2006-10-11,France,Faroe Islands,cached_from_soccerbase_match_stats
508653,2006-10-11,Georgia,Italy,cached_from_soccerbase_match_stats
508667,2006-10-11,Netherlands,Albania,cached_from_soccerbase_match_stats
508684,2006-10-11,Belarus,Slovenia,cached_from_soccerbase_match_stats
508907,2006-10-11,Malta,Hungary,cached_from_soccerbase_match_stats
508922,2006-10-11,Poland,Portugal,cached_from_soccerbase_match_stats
508937,2006-10-11,Luxembourg,Bulgaria,cached_from_soccerbase_match_stats
508939,2006-10-11,N Ireland,Latvia,cached_from_soccerbase_match_stats
508943,2006-10-11,Wales,Cyprus,cached_from_soccerbase_match_stats
508962,2006-10-11,Ireland,Czech Rep,cached_from_soccerbase_match_stats
512781,2006-10-11,Andorra,N Macedonia,cached_from_soccerbase_match_stats
512782,2006-10-11,Belgium,Azerbaijan,cached_from_soccerbase_match_stats
531507,2006-10-11,Ukraine,Scotland,cached_from_soccerbase_match_stats
541166,2006-10-11,Serbia,Armenia,cached_from_soccerbase_match_stats
550741,2006-10-11,Turkey,Moldova,cached_from_soccerbase_match_stats
551042,2006-10-11,Slovakia,Germany,cached_from_soccerbase_match_stats
551657,2006-10-11,Liechtenstein,Denmark,cached_from_soccerbase_match_stats
552665,2006-10-11,Bosnia-Hz.,Greece,cached_from_soccerbase_match_stats
552732,2006-10-11,Russia,Estonia,cached_from_soccerbase_match_stats
552733,2006-10-11,Iceland,Sweden,cached_from_soccerbase_match_stats
501580,2006-11-15,Finland,Armenia,cached_from_soccerbase_match_stats
508671,2006-11-15,N Macedonia,Russia,cached_from_soccerbase_match_stats
508687,2006-11-15,Israel,Croatia,cached_from_soccerbase_match_stats
508919,2006-11-15,Belgium,Poland,cached_from_soccerbase_match_stats
508961,2006-11-15,Ireland,San Marino,cached_from_soccerbase_match_stats
541167,2006-11-15,Portugal,Kazakhstan,cached_from_soccerbase_match_stats
552726,2006-11-15,Cyprus,Germany,cached_from_soccerbase_match_stats
509354,2007-02-07,San Marino,Ireland,cached_from_soccerbase_match_stats
512747,2007-03-24,Ireland,Wales,cached_from_soccerbase_match_stats
512759,2007-03-24,Israel,England,cached_from_soccerbase_match_stats
531506,2007-03-24,Scotland,Georgia,cached_from_soccerbase_match_stats
541168,2007-03-24,Portugal,Belgium,cached_from_soccerbase_match_stats
541169,2007-03-24,Poland,Azerbaijan,cached_from_soccerbase_match_stats
541171,2007-03-24,Kazakhstan,Serbia,cached_from_soccerbase_match_stats
545521,2007-03-24,Lithuania,France,cached_from_soccerbase_match_stats
545522,2007-03-24,Faroe Islands,Ukraine,cached_from_soccerbase_match_stats
550742,2007-03-24,Norway,Bosnia-Hz.,cached_from_soccerbase_match_stats
550743,2007-03-24,Moldova,Malta,cached_from_soccerbase_match_stats
550744,2007-03-24,Greece,Turkey,cached_from_soccerbase_match_stats
551043,2007-03-24,Czech Rep,Germany,cached_from_soccerbase_match_stats
551044,2007-03-24,Cyprus,Slovakia,cached_from_soccerbase_match_stats
551457,2007-03-24,Croatia,N Macedonia,cached_from_soccerbase_match_stats
551658,2007-03-24,Spain,Denmark,cached_from_soccerbase_match_stats
551668,2007-03-24,Liechtenstein,N Ireland,cached_from_soccerbase_match_stats
551720,2007-03-24,Luxembourg,Belarus,cached_from_soccerbase_match_stats
551721,2007-03-24,Netherlands,Romania,cached_from_soccerbase_match_stats
551722,2007-03-24,Albania,Slovenia,cached_from_soccerbase_match_stats
552731,2007-03-24,Estonia,Russia,cached_from_soccerbase_match_stats
541172,2007-03-28,Serbia,Portugal,cached_from_soccerbase_match_stats
541227,2007-03-28,Poland,Armenia,cached_from_soccerbase_match_stats
541229,2007-03-28,Azerbaijan,Finland,cached_from_soccerbase_match_stats
545523,2007-03-28,Ukraine,Lithuania,cached_from_soccerbase_match_stats
545524,2007-03-28,Italy,Scotland,cached_from_soccerbase_match_stats
545525,2007-03-28,Georgia,Faroe Islands,cached_from_soccerbase_match_stats
550745,2007-03-28,Turkey,Norway,cached_from_soccerbase_match_stats
550746,2007-03-28,Malta,Greece,cached_from_soccerbase_match_stats
550747,2007-03-28,Hungary,Moldova,cached_from_soccerbase_match_stats
551300,2007-03-28,Wales,San Marino,cached_from_soccerbase_match_stats
551301,2007-03-28,Ireland,Slovakia,cached_from_soccerbase_match_stats
551302,2007-03-28,Czech Rep,Cyprus,cached_from_soccerbase_match_stats
551459,2007-03-28,Andorra,England,cached_from_soccerbase_match_stats
551639,2007-03-28,Israel,Estonia,cached_from_soccerbase_match_stats
551669,2007-03-28,Spain,Iceland,cached_from_soccerbase_match_stats
551670,2007-03-28,N Ireland,Sweden,cached_from_soccerbase_match_stats
551671,2007-03-28,Liechtenstein,Latvia,cached_from_soccerbase_match_stats
551729,2007-03-28,Slovenia,Netherlands,cached_from_soccerbase_match_stats
551730,2007-03-28,Romania,Luxembourg,cached_from_soccerbase_match_stats
551731,2007-03-28,Bulgaria,Albania,cached_from_soccerbase_match_stats
516235,2007-06-02,Wales,Czech Rep,cached_from_soccerbase_match_stats
537315,2007-06-02,Denmark,Sweden,cached_from_soccerbase_match_stats
541231,2007-06-02,Finland,Serbia,cached_from_soccerbase_match_stats
541234,2007-06-02,Belgium,Portugal,cached_from_soccerbase_match_stats
541235,2007-06-02,Azerbaijan,Poland,cached_from_soccerbase_match_stats
545680,2007-06-02,Lithuania,Georgia,cached_from_soccerbase_match_stats
545684,2007-06-02,France,Ukraine,cached_from_soccerbase_match_stats
548976,2007-06-02,Kazakhstan,Armenia,cached_from_soccerbase_match_stats
550451,2007-06-02,Faroe Islands,Italy,cached_from_soccerbase_match_stats
550755,2007-06-02,Norway,Malta,cached_from_soccerbase_match_stats
550756,2007-06-02,Greece,Hungary,cached_from_soccerbase_match_stats
551467,2007-06-02,Russia,Andorra,cached_from_soccerbase_match_stats
551468,2007-06-02,N Macedonia,Israel,cached_from_soccerbase_match_stats
551638,2007-06-02,Estonia,Croatia,cached_from_soccerbase_match_stats
551674,2007-06-02,Latvia,Spain,cached_from_soccerbase_match_stats
551675,2007-06-02,Iceland,Liechtenstein,cached_from_soccerbase_match_stats
551732,2007-06-02,Slovenia,Romania,cached_from_soccerbase_match_stats
551733,2007-06-02,Belarus,Bulgaria,cached_from_soccerbase_match_stats
551734,2007-06-02,Albania,Luxembourg,cached_from_soccerbase_match_stats
551939,2007-06-02,Germany,San Marino,cached_from_soccerbase_match_stats
552724,2007-06-02,Bosnia-Hz.,Turkey,cached_from_soccerbase_match_stats
516363,2007-06-06,Faroe Islands,Scotland,cached_from_soccerbase_match_stats
541354,2007-06-06,Armenia,Poland,cached_from_soccerbase_match_stats
548977,2007-06-06,Kazakhstan,Azerbaijan,cached_from_soccerbase_match_stats
548978,2007-06-06,Finland,Belgium,cached_from_soccerbase_match_stats
550453,2007-06-06,Lithuania,Italy,cached_from_soccerbase_match_stats
550469,2007-06-06,France,Georgia,cached_from_soccerbase_match_stats
550758,2007-06-06,Norway,Hungary,cached_from_soccerbase_match_stats
550762,2007-06-06,Greece,Moldova,cached_from_soccerbase_match_stats
550765,2007-06-06,Bosnia-Hz.,Malta,cached_from_soccerbase_match_stats
551512,2007-06-06,Croatia,Russia,cached_from_soccerbase_match_stats
551513,2007-06-06,Andorra,Israel,cached_from_soccerbase_match_stats
551637,2007-06-06,Estonia,England,cached_from_soccerbase_match_stats
551676,2007-06-06,Sweden,Iceland,cached_from_soccerbase_match_stats
551678,2007-06-06,Liechtenstein,Spain,cached_from_soccerbase_match_stats
551679,2007-06-06,Latvia,Denmark,cached_from_soccerbase_match_stats
551735,2007-06-06,Romania,Slovenia,cached_from_soccerbase_match_stats
551737,2007-06-06,Luxembourg,Albania,cached_from_soccerbase_match_stats
551738,2007-06-06,Bulgaria,Belarus,cached_from_soccerbase_match_stats
551938,2007-06-06,Germany,Slovakia,cached_from_soccerbase_match_stats
518186,2007-06-26,Uruguay,Peru,cached_from_soccerbase_match_stats
518188,2007-06-26,Venezuela,Bolivia,cached_from_soccerbase_match_stats
518189,2007-06-27,Brazil,Mexico,cached_from_soccerbase_match_stats
518190,2007-06-27,Ecuador,Chile,cached_from_soccerbase_match_stats
518655,2007-06-28,Paraguay,Colombia,cached_from_soccerbase_match_stats
518658,2007-06-28,Argentina,USA,cached_from_soccerbase_match_stats
518558,2007-06-30,Venezuela,Peru,cached_from_soccerbase_match_stats
518601,2007-06-30,Bolivia,Uruguay,cached_from_soccerbase_match_stats
518656,2007-07-01,Brazil,Chile,cached_from_soccerbase_match_stats
518657,2007-07-01,Mexico,Ecuador,cached_from_soccerbase_match_stats
518659,2007-07-02,USA,Paraguay,cached_from_soccerbase_match_stats
518683,2007-07-02,Argentina,Colombia,cached_from_soccerbase_match_stats
518653,2007-07-03,Venezuela,Uruguay,cached_from_soccerbase_match_stats
518654,2007-07-03,Peru,Bolivia,cached_from_soccerbase_match_stats
518688,2007-07-04,Brazil,Ecuador,cached_from_soccerbase_match_stats
518698,2007-07-04,Mexico,Chile,cached_from_soccerbase_match_stats
518829,2007-07-05,Colombia,USA,cached_from_soccerbase_match_stats
518830,2007-07-05,Argentina,Paraguay,cached_from_soccerbase_match_stats
518860,2007-07-07,Venezuela,Uruguay,cached_from_soccerbase_match_stats
518884,2007-07-07,Chile,Brazil,cached_from_soccerbase_match_stats
518868,2007-07-08,Mexico,Paraguay,cached_from_soccerbase_match_stats
531347,2007-07-08,Argentina,Peru,cached_from_soccerbase_match_stats
521898,2007-07-10,Uruguay,Brazil,cached_from_soccerbase_match_stats
521935,2007-07-11,Mexico,Argentina,cached_from_soccerbase_match_stats
522122,2007-07-14,Uruguay,Mexico,cached_from_soccerbase_match_stats
522119,2007-07-15,Brazil,Argentina,cached_from_soccerbase_match_stats
548979,2007-08-22,Finland,Kazakhstan,cached_from_soccerbase_match_stats
548980,2007-08-22,Belgium,Serbia,cached_from_soccerbase_match_stats
548981,2007-08-22,Armenia,Portugal,cached_from_soccerbase_match_stats
551432,2007-08-22,San Marino,Cyprus,cached_from_soccerbase_match_stats
551636,2007-08-22,Estonia,Andorra,cached_from_soccerbase_match_stats
551680,2007-08-22,N Ireland,Liechtenstein,cached_from_soccerbase_match_stats
531348,2007-09-08,Wales,Germany,cached_from_soccerbase_match_stats
548982,2007-09-08,Serbia,Finland,cached_from_soccerbase_match_stats
548983,2007-09-08,Portugal,Poland,cached_from_soccerbase_match_stats
550470,2007-09-08,Scotland,Lithuania,cached_from_soccerbase_match_stats
550471,2007-09-08,Italy,France,cached_from_soccerbase_match_stats
550472,2007-09-08,Georgia,Ukraine,cached_from_soccerbase_match_stats
550848,2007-09-08,Moldova,Norway,cached_from_soccerbase_match_stats
550849,2007-09-08,Malta,Turkey,cached_from_soccerbase_match_stats
550890,2007-09-08,Hungary,Bosnia-Hz.,cached_from_soccerbase_match_stats
551433,2007-09-08,Slovakia,Ireland,cached_from_soccerbase_match_stats
551434,2007-09-08,San Marino,Czech Rep,cached_from_soccerbase_match_stats
551632,2007-09-08,Russia,N Macedonia,cached_from_soccerbase_match_stats
551633,2007-09-08,England,Israel,cached_from_soccerbase_match_stats
551641,2007-09-08,Croatia,Estonia,cached_from_soccerbase_match_stats
551682,2007-09-08,Sweden,Denmark,cached_from_soccerbase_match_stats
551683,2007-09-08,Latvia,N Ireland,cached_from_soccerbase_match_stats
551684,2007-09-08,Iceland,Spain,cached_from_soccerbase_match_stats
551740,2007-09-08,Luxembourg,Slovenia,cached_from_soccerbase_match_stats
551772,2007-09-08,Netherlands,Bulgaria,cached_from_soccerbase_match_stats
551773,2007-09-08,Belarus,Romania,cached_from_soccerbase_match_stats
532444,2007-09-12,England,Russia,cached_from_soccerbase_match_stats
535028,2007-09-12,France,Scotland,cached_from_soccerbase_match_stats
548984,2007-09-12,Portugal,Serbia,cached_from_soccerbase_match_stats
548985,2007-09-12,Kazakhstan,Belgium,cached_from_soccerbase_match_stats
548986,2007-09-12,Finland,Poland,cached_from_soccerbase_match_stats
550473,2007-09-12,Ukraine,Italy,cached_from_soccerbase_match_stats
550474,2007-09-12,Lithuania,Faroe Islands,cached_from_soccerbase_match_stats
550892,2007-09-12,Norway,Greece,cached_from_soccerbase_match_stats
550893,2007-09-12,Turkey,Hungary,cached_from_soccerbase_match_stats
550898,2007-09-12,Bosnia-Hz.,Moldova,cached_from_soccerbase_match_stats
551435,2007-09-12,Slovakia,Wales,cached_from_soccerbase_match_stats
551436,2007-09-12,Cyprus,San Marino,cached_from_soccerbase_match_stats
551642,2007-09-12,N Macedonia,Estonia,cached_from_soccerbase_match_stats
551643,2007-09-12,Andorra,Croatia,cached_from_soccerbase_match_stats
551687,2007-09-12,Spain,Latvia,cached_from_soccerbase_match_stats
551688,2007-09-12,Iceland,N Ireland,cached_from_soccerbase_match_stats
551689,2007-09-12,Denmark,Liechtenstein,cached_from_soccerbase_match_stats
551777,2007-09-12,Slovenia,Belarus,cached_from_soccerbase_match_stats
551778,2007-09-12,Bulgaria,Luxembourg,cached_from_soccerbase_match_stats
551779,2007-09-12,Albania,Netherlands,cached_from_soccerbase_match_stats
552645,2007-09-12,Czech Rep,Ireland,cached_from_soccerbase_match_stats
531499,2007-10-13,Cyprus,Wales,cached_from_soccerbase_match_stats
535032,2007-10-13,Scotland,Ukraine,cached_from_soccerbase_match_stats
550390,2007-10-13,Poland,Kazakhstan,cached_from_soccerbase_match_stats
550391,2007-10-13,Belgium,Finland,cached_from_soccerbase_match_stats
550392,2007-10-13,Azerbaijan,Portugal,cached_from_soccerbase_match_stats
550393,2007-10-13,Armenia,Serbia,cached_from_soccerbase_match_stats
550475,2007-10-13,Italy,Georgia,cached_from_soccerbase_match_stats
550494,2007-10-13,Faroe Islands,France,cached_from_soccerbase_match_stats
550899,2007-10-13,Moldova,Turkey,cached_from_soccerbase_match_stats
550900,2007-10-13,Hungary,Malta,cached_from_soccerbase_match_stats
550901,2007-10-13,Greece,Bosnia-Hz.,cached_from_soccerbase_match_stats
551442,2007-10-13,Slovakia,San Marino,cached_from_soccerbase_match_stats
551635,2007-10-13,England,Estonia,cached_from_soccerbase_match_stats
551644,2007-10-13,Croatia,Israel,cached_from_soccerbase_match_stats
551690,2007-10-13,Liechtenstein,Sweden,cached_from_soccerbase_match_stats
551693,2007-10-13,Iceland,Latvia,cached_from_soccerbase_match_stats
551694,2007-10-13,Denmark,Spain,cached_from_soccerbase_match_stats
551780,2007-10-13,Slovenia,Albania,cached_from_soccerbase_match_stats
551781,2007-10-13,Romania,Netherlands,cached_from_soccerbase_match_stats
551782,2007-10-13,Belarus,Luxembourg,cached_from_soccerbase_match_stats
551937,2007-10-13,Ireland,Germany,cached_from_soccerbase_match_stats
532446,2007-10-17,Russia,England,cached_from_soccerbase_match_stats
535033,2007-10-17,Georgia,Scotland,cached_from_soccerbase_match_stats
535055,2007-10-17,Ireland,Cyprus,cached_from_soccerbase_match_stats
535057,2007-10-17,San Marino,Wales,cached_from_soccerbase_match_stats
535067,2007-10-17,Sweden,N Ireland,cached_from_soccerbase_match_stats
550401,2007-10-17,Kazakhstan,Portugal,cached_from_soccerbase_match_stats
550440,2007-10-17,Belgium,Armenia,cached_from_soccerbase_match_stats
550441,2007-10-17,Azerbaijan,Serbia,cached_from_soccerbase_match_stats
550710,2007-10-17,Ukraine,Faroe Islands,cached_from_soccerbase_match_stats
550711,2007-10-17,France,Lithuania,cached_from_soccerbase_match_stats
550902,2007-10-17,Turkey,Greece,cached_from_soccerbase_match_stats
550912,2007-10-17,Malta,Moldova,cached_from_soccerbase_match_stats
551031,2007-10-17,Bosnia-Hz.,Norway,cached_from_soccerbase_match_stats
551645,2007-10-17,N Macedonia,Andorra,cached_from_soccerbase_match_stats
551695,2007-10-17,Liechtenstein,Iceland,cached_from_soccerbase_match_stats
551696,2007-10-17,Denmark,Latvia,cached_from_soccerbase_match_stats
551793,2007-10-17,Netherlands,Slovenia,cached_from_soccerbase_match_stats
551795,2007-10-17,Albania,Bulgaria,cached_from_soccerbase_match_stats
551936,2007-10-17,Germany,Czech Rep,cached_from_soccerbase_match_stats
552720,2007-10-17,Luxembourg,Romania,cached_from_soccerbase_match_stats
535061,2007-11-17,Israel,Russia,cached_from_soccerbase_match_stats
550442,2007-11-17,Portugal,Armenia,cached_from_soccerbase_match_stats
550444,2007-11-17,Finland,Azerbaijan,cached_from_soccerbase_match_stats
550712,2007-11-17,Scotland,Italy,cached_from_soccerbase_match_stats
550718,2007-11-17,Lithuania,Ukraine,cached_from_soccerbase_match_stats
551032,2007-11-17,Norway,Turkey,cached_from_soccerbase_match_stats
551035,2007-11-17,Moldova,Hungary,cached_from_soccerbase_match_stats
551036,2007-11-17,Greece,Malta,cached_from_soccerbase_match_stats
551444,2007-11-17,Wales,Ireland,cached_from_soccerbase_match_stats
551448,2007-11-17,Czech Rep,Slovakia,cached_from_soccerbase_match_stats
551646,2007-11-17,N Macedonia,Croatia,cached_from_soccerbase_match_stats
551647,2007-11-17,Andorra,Estonia,cached_from_soccerbase_match_stats
551698,2007-11-17,Spain,Sweden,cached_from_soccerbase_match_stats
551699,2007-11-17,N Ireland,Denmark,cached_from_soccerbase_match_stats
551700,2007-11-17,Latvia,Liechtenstein,cached_from_soccerbase_match_stats
551800,2007-11-17,Netherlands,Luxembourg,cached_from_soccerbase_match_stats
551803,2007-11-17,Bulgaria,Romania,cached_from_soccerbase_match_stats
551804,2007-11-17,Albania,Belarus,cached_from_soccerbase_match_stats
551935,2007-11-17,Germany,Cyprus,cached_from_soccerbase_match_stats
552727,2007-11-17,Poland,Belgium,cached_from_soccerbase_match_stats
547974,2007-11-21,Armenia,Kazakhstan,cached_from_soccerbase_match_stats
550445,2007-11-21,Serbia,Poland,cached_from_soccerbase_match_stats
550447,2007-11-21,Portugal,Finland,cached_from_soccerbase_match_stats
550450,2007-11-21,Azerbaijan,Belgium,cached_from_soccerbase_match_stats
550729,2007-11-21,Ukraine,France,cached_from_soccerbase_match_stats
550734,2007-11-21,Italy,Faroe Islands,cached_from_soccerbase_match_stats
550735,2007-11-21,Georgia,Lithuania,cached_from_soccerbase_match_stats
551037,2007-11-21,Turkey,Bosnia-Hz.,cached_from_soccerbase_match_stats
551038,2007-11-21,Malta,Norway,cached_from_soccerbase_match_stats
551039,2007-11-21,Hungary,Greece,cached_from_soccerbase_match_stats
551449,2007-11-21,San Marino,Slovakia,cached_from_soccerbase_match_stats
551451,2007-11-21,Cyprus,Czech Rep,cached_from_soccerbase_match_stats
551648,2007-11-21,Israel,N Macedonia,cached_from_soccerbase_match_stats
551650,2007-11-21,Andorra,Russia,cached_from_soccerbase_match_stats
551701,2007-11-21,Sweden,Latvia,cached_from_soccerbase_match_stats
551702,2007-11-21,Spain,N Ireland,cached_from_soccerbase_match_stats
551703,2007-11-21,Denmark,Iceland,cached_from_soccerbase_match_stats
551806,2007-11-21,Slovenia,Bulgaria,cached_from_soccerbase_match_stats
551808,2007-11-21,Romania,Albania,cached_from_soccerbase_match_stats
551934,2007-11-21,Germany,Wales,cached_from_soccerbase_match_stats
552719,2007-11-21,Belarus,Netherlands,cached_from_soccerbase_match_stats
552725,2007-11-21,England,Croatia,cached_from_soccerbase_match_stats
547973,2007-11-24,Serbia,Kazakhstan,cached_from_soccerbase_match_stats
541744,2008-01-20,Ghana,Guinea,cached_from_soccerbase_match_stats
541176,2008-01-21,Namibia,Morocco,cached_from_soccerbase_match_stats
541177,2008-01-21,Nigeria,Ivory Coast,cached_from_soccerbase_match_stats
543513,2008-01-21,Mali,Benin,cached_from_soccerbase_match_stats
541390,2008-01-22,Egypt,Cameroon,cached_from_soccerbase_match_stats
541575,2008-01-22,Sudan,Zambia,cached_from_soccerbase_match_stats
541945,2008-01-23,South Africa,Angola,cached_from_soccerbase_match_stats
541946,2008-01-23,Tunisia,Senegal,cached_from_soccerbase_match_stats
541905,2008-01-24,Guinea,Morocco,cached_from_soccerbase_match_stats
542709,2008-01-24,Ghana,Namibia,cached_from_soccerbase_match_stats
541924,2008-01-25,Nigeria,Mali,cached_from_soccerbase_match_stats
543512,2008-01-25,Ivory Coast,Benin,cached_from_soccerbase_match_stats
541938,2008-01-26,Cameroon,Zambia,cached_from_soccerbase_match_stats
541939,2008-01-26,Egypt,Sudan,cached_from_soccerbase_match_stats
541927,2008-01-27,Senegal,Angola,cached_from_soccerbase_match_stats
541928,2008-01-27,Tunisia,South Africa,cached_from_soccerbase_match_stats
541947,2008-01-28,Guinea,Namibia,cached_from_soccerbase_match_stats
541948,2008-01-28,Ghana,Morocco,cached_from_soccerbase_match_stats
542710,2008-01-29,Ivory Coast,Mali,cached_from_soccerbase_match_stats
542711,2008-01-29,Nigeria,Benin,cached_from_soccerbase_match_stats
542195,2008-01-30,Cameroon,Sudan,cached_from_soccerbase_match_stats
542337,2008-01-30,Egypt,Zambia,cached_from_soccerbase_match_stats
542712,2008-01-31,Tunisia,Angola,cached_from_soccerbase_match_stats
542713,2008-01-31,Senegal,South Africa,cached_from_soccerbase_match_stats
542658,2008-02-03,Ghana,Nigeria,cached_from_soccerbase_match_stats
542687,2008-02-03,Ivory Coast,Guinea,cached_from_soccerbase_match_stats
542704,2008-02-04,Egypt,Angola,cached_from_soccerbase_match_stats
542705,2008-02-04,Tunisia,Cameroon,cached_from_soccerbase_match_stats
543048,2008-02-07,Ghana,Cameroon,cached_from_soccerbase_match_stats
543052,2008-02-07,Ivory Coast,Egypt,cached_from_soccerbase_match_stats
543206,2008-02-09,Ghana,Ivory Coast,cached_from_soccerbase_match_stats
543237,2008-02-10,Egypt,Cameroon,cached_from_soccerbase_match_stats
553252,2008-06-07,Switzerland,Czech Rep,cached_from_soccerbase_match_stats
553265,2008-06-07,Portugal,Turkey,cached_from_soccerbase_match_stats
553266,2008-06-08,Austria,Croatia,cached_from_soccerbase_match_stats
553267,2008-06-08,Germany,Poland,cached_from_soccerbase_match_stats
553293,2008-06-09,Netherlands,Italy,cached_from_soccerbase_match_stats
553294,2008-06-09,Romania,France,cached_from_soccerbase_match_stats
553300,2008-06-10,Greece,Sweden,cached_from_soccerbase_match_stats
553301,2008-06-10,Spain,Russia,cached_from_soccerbase_match_stats
553311,2008-06-11,Czech Rep,Portugal,cached_from_soccerbase_match_stats
553312,2008-06-11,Switzerland,Turkey,cached_from_soccerbase_match_stats
553327,2008-06-12,Austria,Poland,cached_from_soccerbase_match_stats
553328,2008-06-12,Croatia,Germany,cached_from_soccerbase_match_stats
553359,2008-06-13,Netherlands,France,cached_from_soccerbase_match_stats
553360,2008-06-13,Italy,Romania,cached_from_soccerbase_match_stats
553412,2008-06-14,Greece,Russia,cached_from_soccerbase_match_stats
553413,2008-06-14,Sweden,Spain,cached_from_soccerbase_match_stats
553410,2008-06-15,Turkey,Czech Rep,cached_from_soccerbase_match_stats
553411,2008-06-15,Switzerland,Portugal,cached_from_soccerbase_match_stats
553408,2008-06-16,Austria,Germany,cached_from_soccerbase_match_stats
553409,2008-06-16,Poland,Croatia,cached_from_soccerbase_match_stats
553406,2008-06-17,France,Italy,cached_from_soccerbase_match_stats
553407,2008-06-17,Netherlands,Romania,cached_from_soccerbase_match_stats
553485,2008-06-18,Greece,Spain,cached_from_soccerbase_match_stats
553534,2008-06-18,Russia,Sweden,cached_from_soccerbase_match_stats
553492,2008-06-19,Portugal,Germany,cached_from_soccerbase_match_stats
553498,2008-06-20,Croatia,Turkey,cached_from_soccerbase_match_stats
553523,2008-06-21,Netherlands,Russia,cached_from_soccerbase_match_stats
553522,2008-06-22,Spain,Italy,cached_from_soccerbase_match_stats
553701,2008-06-25,Germany,Turkey,cached_from_soccerbase_match_stats
553700,2008-06-26,Russia,Spain,cached_from_soccerbase_match_stats
553825,2008-06-29,Germany,Spain,cached_from_soccerbase_match_stats
608597,2010-01-10,Angola,Mali,cached_from_soccerbase_match_stats
611504,2010-01-11,Malawi,Algeria,cached_from_soccerbase_match_stats
611514,2010-01-11,Ivory Coast,Burkina Faso,cached_from_soccerbase_match_stats
608869,2010-01-12,Mozambique,Benin,cached_from_soccerbase_match_stats
611515,2010-01-12,Egypt,Nigeria,cached_from_soccerbase_match_stats
611519,2010-01-13,Cameroon,Gabon,cached_from_soccerbase_match_stats
611523,2010-01-13,Zambia,Tunisia,cached_from_soccerbase_match_stats
608950,2010-01-14,Angola,Malawi,cached_from_soccerbase_match_stats
611505,2010-01-14,Mali,Algeria,cached_from_soccerbase_match_stats
611513,2010-01-15,Ivory Coast,Ghana,cached_from_soccerbase_match_stats
609039,2010-01-16,Nigeria,Benin,cached_from_soccerbase_match_stats
611516,2010-01-16,Egypt,Mozambique,cached_from_soccerbase_match_stats
609077,2010-01-17,Cameroon,Zambia,cached_from_soccerbase_match_stats
611520,2010-01-17,Gabon,Tunisia,cached_from_soccerbase_match_stats
609148,2010-01-18,Angola,Algeria,cached_from_soccerbase_match_stats
611509,2010-01-18,Mali,Malawi,cached_from_soccerbase_match_stats
611512,2010-01-19,Burkina Faso,Ghana,cached_from_soccerbase_match_stats
609285,2010-01-20,Egypt,Benin,cached_from_soccerbase_match_stats
609286,2010-01-20,Nigeria,Mozambique,cached_from_soccerbase_match_stats
609347,2010-01-21,Cameroon,Tunisia,cached_from_soccerbase_match_stats
611521,2010-01-21,Gabon,Zambia,cached_from_soccerbase_match_stats
609584,2010-01-24,Angola,Ghana,cached_from_soccerbase_match_stats
611507,2010-01-24,Ivory Coast,Algeria,cached_from_soccerbase_match_stats
611517,2010-01-25,Egypt,Cameroon,cached_from_soccerbase_match_stats
611524,2010-01-25,Zambia,Nigeria,cached_from_soccerbase_match_stats
611511,2010-01-28,Ghana,Nigeria,cached_from_soccerbase_match_stats
611518,2010-01-28,Algeria,Egypt,cached_from_soccerbase_match_stats
611506,2010-01-30,Nigeria,Algeria,cached_from_soccerbase_match_stats
611510,2010-01-31,Ghana,Egypt,cached_from_soccerbase_match_stats
627088,2010-08-11,Estonia,Faroe Islands,cached_from_soccerbase_match_stats
627503,2010-09-02,Israel,Malta,cached_from_soccerbase_match_stats
627489,2010-09-03,Armenia,Ireland,cached_from_soccerbase_match_stats
627490,2010-09-03,Kazakhstan,Turkey,cached_from_soccerbase_match_stats
627491,2010-09-03,Andorra,Russia,cached_from_soccerbase_match_stats
627492,2010-09-03,Moldova,Finland,cached_from_soccerbase_match_stats
627493,2010-09-03,Faroe Islands,Serbia,cached_from_soccerbase_match_stats
627494,2010-09-03,Montenegro,Wales,cached_from_soccerbase_match_stats
627495,2010-09-03,Greece,Georgia,cached_from_soccerbase_match_stats
627496,2010-09-03,Sweden,Hungary,cached_from_soccerbase_match_stats
627497,2010-09-03,Latvia,Croatia,cached_from_soccerbase_match_stats
627498,2010-09-03,Romania,Albania,cached_from_soccerbase_match_stats
627499,2010-09-03,Luxembourg,Bosnia-Hz.,cached_from_soccerbase_match_stats
627500,2010-09-03,Lithuania,Scotland,cached_from_soccerbase_match_stats
627501,2010-09-03,Slovakia,N Macedonia,cached_from_soccerbase_match_stats
627502,2010-09-03,Estonia,Italy,cached_from_soccerbase_match_stats
627504,2010-09-03,Slovenia,N Ireland,cached_from_soccerbase_match_stats
627505,2010-09-03,Liechtenstein,Spain,cached_from_soccerbase_match_stats
627506,2010-09-03,San Marino,Netherlands,cached_from_soccerbase_match_stats
627507,2010-09-03,Belgium,Germany,cached_from_soccerbase_match_stats
627508,2010-09-03,England,Bulgaria,cached_from_soccerbase_match_stats
627509,2010-09-03,France,Belarus,cached_from_soccerbase_match_stats
627510,2010-09-03,Iceland,Norway,cached_from_soccerbase_match_stats
627511,2010-09-03,Portugal,Cyprus,cached_from_soccerbase_match_stats
627512,2010-09-07,Russia,Slovakia,cached_from_soccerbase_match_stats
627513,2010-09-07,Georgia,Israel,cached_from_soccerbase_match_stats
627514,2010-09-07,Bulgaria,Montenegro,cached_from_soccerbase_match_stats
627515,2010-09-07,Belarus,Romania,cached_from_soccerbase_match_stats
627516,2010-09-07,Malta,Latvia,cached_from_soccerbase_match_stats
627517,2010-09-07,Sweden,San Marino,cached_from_soccerbase_match_stats
627518,2010-09-07,N Macedonia,Armenia,cached_from_soccerbase_match_stats
627519,2010-09-07,Turkey,Belgium,cached_from_soccerbase_match_stats
627520,2010-09-07,Hungary,Moldova,cached_from_soccerbase_match_stats
627521,2010-09-07,Denmark,Iceland,cached_from_soccerbase_match_stats
627522,2010-09-07,Czech Rep,Lithuania,cached_from_soccerbase_match_stats
627523,2010-09-07,Albania,Luxembourg,cached_from_soccerbase_match_stats
627524,2010-09-07,Norway,Portugal,cached_from_soccerbase_match_stats
627525,2010-09-07,Croatia,Greece,cached_from_soccerbase_match_stats
627526,2010-09-07,Netherlands,Finland,cached_from_soccerbase_match_stats
627527,2010-09-07,Austria,Kazakhstan,cached_from_soccerbase_match_stats
627528,2010-09-07,Serbia,Slovenia,cached_from_soccerbase_match_stats
627529,2010-09-07,Ireland,Andorra,cached_from_soccerbase_match_stats
627530,2010-09-07,Switzerland,England,cached_from_soccerbase_match_stats
627531,2010-09-07,Germany,Azerbaijan,cached_from_soccerbase_match_stats
627532,2010-09-07,Italy,Faroe Islands,cached_from_soccerbase_match_stats
627533,2010-09-07,Scotland,Liechtenstein,cached_from_soccerbase_match_stats
627534,2010-09-07,Bosnia-Hz.,France,cached_from_soccerbase_match_stats
627535,2010-10-08,Montenegro,Switzerland,cached_from_soccerbase_match_stats
627536,2010-10-08,Georgia,Malta,cached_from_soccerbase_match_stats
627537,2010-10-08,Kazakhstan,Belgium,cached_from_soccerbase_match_stats
627538,2010-10-08,Andorra,N Macedonia,cached_from_soccerbase_match_stats
627540,2010-10-08,Hungary,San Marino,cached_from_soccerbase_match_stats
627541,2010-10-08,Cyprus,Norway,cached_from_soccerbase_match_stats
627542,2010-10-08,Portugal,Denmark,cached_from_soccerbase_match_stats
627543,2010-10-08,Czech Rep,Scotland,cached_from_soccerbase_match_stats
627544,2010-10-08,Serbia,Estonia,cached_from_soccerbase_match_stats
627545,2010-10-08,Moldova,Netherlands,cached_from_soccerbase_match_stats
627546,2010-10-08,Luxembourg,Belarus,cached_from_soccerbase_match_stats
627547,2010-10-08,Wales,Bulgaria,cached_from_soccerbase_match_stats
627548,2010-10-08,N Ireland,Italy,cached_from_soccerbase_match_stats
627549,2010-10-08,Germany,Turkey,cached_from_soccerbase_match_stats
627550,2010-10-08,Austria,Azerbaijan,cached_from_soccerbase_match_stats
627551,2010-10-08,Greece,Latvia,cached_from_soccerbase_match_stats
627552,2010-10-08,Slovenia,Faroe Islands,cached_from_soccerbase_match_stats
627553,2010-10-08,Armenia,Slovakia,cached_from_soccerbase_match_stats
627554,2010-10-08,Albania,Bosnia-Hz.,cached_from_soccerbase_match_stats
627555,2010-10-08,Ireland,Russia,cached_from_soccerbase_match_stats
627556,2010-10-08,Spain,Lithuania,cached_from_soccerbase_match_stats
627539,2010-10-09,Israel,Croatia,cached_from_soccerbase_match_stats
627557,2010-10-09,France,Romania,cached_from_soccerbase_match_stats
627558,2010-10-12,N Macedonia,Russia,cached_from_soccerbase_match_stats
627559,2010-10-12,Denmark,Cyprus,cached_from_soccerbase_match_stats
627561,2010-10-12,Greece,Israel,cached_from_soccerbase_match_stats
627562,2010-10-12,Liechtenstein,Czech Rep,cached_from_soccerbase_match_stats
627563,2010-10-12,Iceland,Portugal,cached_from_soccerbase_match_stats
627564,2010-10-12,Faroe Islands,N Ireland,cached_from_soccerbase_match_stats
627565,2010-10-12,Armenia,Andorra,cached_from_soccerbase_match_stats
627566,2010-10-12,San Marino,Moldova,cached_from_soccerbase_match_stats
627567,2010-10-12,Estonia,Slovenia,cached_from_soccerbase_match_stats
627568,2010-10-12,Slovakia,Ireland,cached_from_soccerbase_match_stats
627569,2010-10-12,England,Montenegro,cached_from_soccerbase_match_stats
627570,2010-10-12,Switzerland,Wales,cached_from_soccerbase_match_stats
627571,2010-10-12,Kazakhstan,Germany,cached_from_soccerbase_match_stats
627572,2010-10-12,Belarus,Albania,cached_from_soccerbase_match_stats
627573,2010-10-12,Azerbaijan,Turkey,cached_from_soccerbase_match_stats
627574,2010-10-12,Belgium,Austria,cached_from_soccerbase_match_stats
627575,2010-10-12,Netherlands,Sweden,cached_from_soccerbase_match_stats
627576,2010-10-12,France,Luxembourg,cached_from_soccerbase_match_stats
627577,2010-10-12,Latvia,Georgia,cached_from_soccerbase_match_stats
627578,2010-10-12,Italy,Serbia,cached_from_soccerbase_match_stats
627579,2010-10-12,Finland,Hungary,cached_from_soccerbase_match_stats
627580,2010-10-12,Scotland,Spain,cached_from_soccerbase_match_stats
627560,2010-11-17,Croatia,Malta,cached_from_soccerbase_match_stats
627581,2010-11-17,Finland,San Marino,cached_from_soccerbase_match_stats
627582,2011-03-25,Spain,Czech Rep,cached_from_soccerbase_match_stats
627583,2011-03-25,Hungary,Netherlands,cached_from_soccerbase_match_stats
627585,2011-03-25,Serbia,N Ireland,cached_from_soccerbase_match_stats
627586,2011-03-25,Austria,Belgium,cached_from_soccerbase_match_stats
627587,2011-03-25,Luxembourg,France,cached_from_soccerbase_match_stats
627588,2011-03-25,Slovenia,Italy,cached_from_soccerbase_match_stats
627584,2011-03-26,Germany,Kazakhstan,cached_from_soccerbase_match_stats
627589,2011-03-26,Ireland,N Macedonia,cached_from_soccerbase_match_stats
627590,2011-03-26,Wales,England,cached_from_soccerbase_match_stats
627591,2011-03-26,Malta,Greece,cached_from_soccerbase_match_stats
627592,2011-03-26,Albania,Belarus,cached_from_soccerbase_match_stats
627593,2011-03-26,Norway,Denmark,cached_from_soccerbase_match_stats
627595,2011-03-26,Georgia,Croatia,cached_from_soccerbase_match_stats
627596,2011-03-26,Andorra,Slovakia,cached_from_soccerbase_match_stats
627597,2011-03-26,Bosnia-Hz.,Romania,cached_from_soccerbase_match_stats
627598,2011-03-26,Bulgaria,Switzerland,cached_from_soccerbase_match_stats
627600,2011-03-26,Israel,Latvia,cached_from_soccerbase_match_stats
627628,2011-03-26,Armenia,Russia,cached_from_soccerbase_match_stats
632901,2011-03-26,Cyprus,Iceland,cached_from_soccerbase_match_stats
627601,2011-03-29,N Ireland,Slovenia,cached_from_soccerbase_match_stats
627602,2011-03-29,Lithuania,Spain,cached_from_soccerbase_match_stats
627603,2011-03-29,Turkey,Austria,cached_from_soccerbase_match_stats
627604,2011-03-29,Estonia,Serbia,cached_from_soccerbase_match_stats
627605,2011-03-29,Romania,Luxembourg,cached_from_soccerbase_match_stats
627606,2011-03-29,Czech Rep,Liechtenstein,cached_from_soccerbase_match_stats
627607,2011-03-29,Sweden,Moldova,cached_from_soccerbase_match_stats
627608,2011-03-29,Netherlands,Hungary,cached_from_soccerbase_match_stats
627609,2011-03-29,Belgium,Azerbaijan,cached_from_soccerbase_match_stats
627696,2011-03-29,Israel,Georgia,cached_from_soccerbase_match_stats
627610,2011-06-03,Belgium,Turkey,cached_from_soccerbase_match_stats
627611,2011-06-03,San Marino,Finland,cached_from_soccerbase_match_stats
627612,2011-06-03,Austria,Germany,cached_from_soccerbase_match_stats
627613,2011-06-03,Kazakhstan,Azerbaijan,cached_from_soccerbase_match_stats
627614,2011-06-03,Moldova,Sweden,cached_from_soccerbase_match_stats
627615,2011-06-03,Romania,Bosnia-Hz.,cached_from_soccerbase_match_stats
627616,2011-06-03,Italy,Estonia,cached_from_soccerbase_match_stats
627617,2011-06-03,Liechtenstein,Lithuania,cached_from_soccerbase_match_stats
627618,2011-06-03,Belarus,France,cached_from_soccerbase_match_stats
627619,2011-06-03,Faroe Islands,Slovenia,cached_from_soccerbase_match_stats
627626,2011-06-03,Croatia,Georgia,cached_from_soccerbase_match_stats
627620,2011-06-04,England,Switzerland,cached_from_soccerbase_match_stats
627621,2011-06-04,Slovakia,Andorra,cached_from_soccerbase_match_stats
627622,2011-06-04,Iceland,Denmark,cached_from_soccerbase_match_stats
627623,2011-06-04,Latvia,Israel,cached_from_soccerbase_match_stats
627624,2011-06-04,N Macedonia,Ireland,cached_from_soccerbase_match_stats
627625,2011-06-04,Montenegro,Bulgaria,cached_from_soccerbase_match_stats
627627,2011-06-04,Greece,Malta,cached_from_soccerbase_match_stats
627629,2011-06-04,Portugal,Norway,cached_from_soccerbase_match_stats
631850,2011-06-04,Russia,Armenia,cached_from_soccerbase_match_stats
627630,2011-06-07,Azerbaijan,Germany,cached_from_soccerbase_match_stats
627631,2011-06-07,Faroe Islands,Estonia,cached_from_soccerbase_match_stats
627632,2011-06-07,Bosnia-Hz.,Albania,cached_from_soccerbase_match_stats
627633,2011-06-07,Belarus,Luxembourg,cached_from_soccerbase_match_stats
627634,2011-06-07,Sweden,Finland,cached_from_soccerbase_match_stats
627635,2011-06-07,San Marino,Hungary,cached_from_soccerbase_match_stats
646608,2011-06-29,Malaysia,Chinese Taipei,cached_from_soccerbase_match_stats
657147,2011-06-29,Bangladesh,Pakistan,cached_from_soccerbase_match_stats
657149,2011-06-29,Cambodia,Laos,cached_from_soccerbase_match_stats
657151,2011-06-29,Sri Lanka,Philippines,cached_from_soccerbase_match_stats
657153,2011-06-29,Afghanistan,Palestine,cached_from_soccerbase_match_stats
657155,2011-06-29,Vietnam,Macau,cached_from_soccerbase_match_stats
657157,2011-06-29,Nepal,Timor-Leste,cached_from_soccerbase_match_stats
657159,2011-06-29,Mongolia,Myanmar,cached_from_soccerbase_match_stats
637636,2011-07-02,Argentina,Bolivia,cached_from_soccerbase_match_stats
637644,2011-07-02,Colombia,Costa Rica,cached_from_soccerbase_match_stats
664513,2011-07-02,Turks & Caicos,Bahamas,cached_from_soccerbase_match_stats
637632,2011-07-03,Brazil,Venezuela,cached_from_soccerbase_match_stats
637645,2011-07-03,Paraguay,Ecuador,cached_from_soccerbase_match_stats
646607,2011-07-03,Chinese Taipei,Malaysia,cached_from_soccerbase_match_stats
657148,2011-07-03,Pakistan,Bangladesh,cached_from_soccerbase_match_stats
657150,2011-07-03,Laos,Cambodia,cached_from_soccerbase_match_stats
657152,2011-07-03,Philippines,Sri Lanka,cached_from_soccerbase_match_stats
657154,2011-07-03,Palestine,Afghanistan,cached_from_soccerbase_match_stats
657156,2011-07-03,Macau,Vietnam,cached_from_soccerbase_match_stats
657158,2011-07-03,Timor-Leste,Nepal,cached_from_soccerbase_match_stats
657160,2011-07-03,Myanmar,Mongolia,cached_from_soccerbase_match_stats
664509,2011-07-03,Virgin Isl. (US),Virgin Isl. (UK),cached_from_soccerbase_match_stats
637647,2011-07-04,Uruguay,Peru,cached_from_soccerbase_match_stats
637635,2011-07-05,Chile,Mexico,cached_from_soccerbase_match_stats
637637,2011-07-07,Argentina,Colombia,cached_from_soccerbase_match_stats
637646,2011-07-07,Bolivia,Costa Rica,cached_from_soccerbase_match_stats
637641,2011-07-08,Uruguay,Chile,cached_from_soccerbase_match_stats
664507,2011-07-08,Anguilla,Dominican Rep,cached_from_soccerbase_match_stats
664511,2011-07-08,Aruba,St Lucia,cached_from_soccerbase_match_stats
637631,2011-07-09,Peru,Mexico,cached_from_soccerbase_match_stats
637633,2011-07-09,Venezuela,Ecuador,cached_from_soccerbase_match_stats
637642,2011-07-09,Brazil,Paraguay,cached_from_soccerbase_match_stats
664514,2011-07-09,Bahamas,Turks & Caicos,cached_from_soccerbase_match_stats
637648,2011-07-10,Colombia,Bolivia,cached_from_soccerbase_match_stats
664508,2011-07-10,Dominican Rep,Anguilla,cached_from_soccerbase_match_stats
664510,2011-07-10,Virgin Isl. (UK),Virgin Isl. (US),cached_from_soccerbase_match_stats
637634,2011-07-12,Argentina,Costa Rica,cached_from_soccerbase_match_stats
637638,2011-07-12,Chile,Peru,cached_from_soccerbase_match_stats
664512,2011-07-12,St Lucia,Aruba,cached_from_soccerbase_match_stats
637639,2011-07-13,Uruguay,Mexico,cached_from_soccerbase_match_stats
637640,2011-07-13,Paraguay,Venezuela,cached_from_soccerbase_match_stats
637643,2011-07-14,Brazil,Ecuador,cached_from_soccerbase_match_stats
664505,2011-07-15,Montserrat,Belize,cached_from_soccerbase_match_stats
641759,2011-07-16,Argentina,Uruguay,cached_from_soccerbase_match_stats
641777,2011-07-16,Colombia,Peru,cached_from_soccerbase_match_stats
641778,2011-07-17,Brazil,Paraguay,cached_from_soccerbase_match_stats
641779,2011-07-17,Chile,Venezuela,cached_from_soccerbase_match_stats
664506,2011-07-17,Belize,Montserrat,cached_from_soccerbase_match_stats
641821,2011-07-20,Peru,Uruguay,cached_from_soccerbase_match_stats
641839,2011-07-21,Paraguay,Venezuela,cached_from_soccerbase_match_stats
643289,2011-07-23,Peru,Venezuela,cached_from_soccerbase_match_stats
646606,2011-07-23,Singapore,Malaysia,cached_from_soccerbase_match_stats
657113,2011-07-23,Thailand,Palestine,cached_from_soccerbase_match_stats
657115,2011-07-23,Lebanon,Bangladesh,cached_from_soccerbase_match_stats
657117,2011-07-23,China,Laos,cached_from_soccerbase_match_stats
657119,2011-07-23,Turkmenistan,Indonesia,cached_from_soccerbase_match_stats
657127,2011-07-23,Kuwait,Philippines,cached_from_soccerbase_match_stats
657129,2011-07-23,Oman,Myanmar,cached_from_soccerbase_match_stats
657131,2011-07-23,Saudi Arabia,Hong Kong,cached_from_soccerbase_match_stats
657133,2011-07-23,Iran,Maldives,cached_from_soccerbase_match_stats
657135,2011-07-23,Syria,Tajikistan,cached_from_soccerbase_match_stats
657137,2011-07-23,Qatar,Vietnam,cached_from_soccerbase_match_stats
657139,2011-07-23,Iraq,Yemen,cached_from_soccerbase_match_stats
657141,2011-07-23,Uzbekistan,Kyrgyzstan,cached_from_soccerbase_match_stats
657143,2011-07-23,UAE,India,cached_from_soccerbase_match_stats
657145,2011-07-23,Jordan,Nepal,cached_from_soccerbase_match_stats
643290,2011-07-24,Uruguay,Paraguay,cached_from_soccerbase_match_stats
646605,2011-07-28,Malaysia,Singapore,cached_from_soccerbase_match_stats
657114,2011-07-28,Palestine,Thailand,cached_from_soccerbase_match_stats
657116,2011-07-28,Bangladesh,Lebanon,cached_from_soccerbase_match_stats
657118,2011-07-28,Laos,China,cached_from_soccerbase_match_stats
657120,2011-07-28,Indonesia,Turkmenistan,cached_from_soccerbase_match_stats
657128,2011-07-28,Philippines,Kuwait,cached_from_soccerbase_match_stats
657130,2011-07-28,Myanmar,Oman,cached_from_soccerbase_match_stats
657132,2011-07-28,Hong Kong,Saudi Arabia,cached_from_soccerbase_match_stats
657134,2011-07-28,Maldives,Iran,cached_from_soccerbase_match_stats
657136,2011-07-28,Tajikistan,Syria,cached_from_soccerbase_match_stats
657138,2011-07-28,Vietnam,Qatar,cached_from_soccerbase_match_stats
657140,2011-07-28,Yemen,Iraq,cached_from_soccerbase_match_stats
657142,2011-07-28,Kyrgyzstan,Uzbekistan,cached_from_soccerbase_match_stats
657144,2011-07-28,India,UAE,cached_from_soccerbase_match_stats
657146,2011-07-28,Nepal,Jordan,cached_from_soccerbase_match_stats
627636,2011-08-10,N Ireland,Faroe Islands,cached_from_soccerbase_match_stats
627637,2011-09-02,Finland,Moldova,cached_from_soccerbase_match_stats
627638,2011-09-02,N Ireland,Serbia,cached_from_soccerbase_match_stats
627639,2011-09-02,Belarus,Bosnia-Hz.,cached_from_soccerbase_match_stats
627640,2011-09-02,Norway,Iceland,cached_from_soccerbase_match_stats
627641,2011-09-02,Israel,Greece,cached_from_soccerbase_match_stats
627642,2011-09-02,Cyprus,Portugal,cached_from_soccerbase_match_stats
627643,2011-09-02,Lithuania,Liechtenstein,cached_from_soccerbase_match_stats
627644,2011-09-02,Faroe Islands,Italy,cached_from_soccerbase_match_stats
627645,2011-09-02,Malta,Croatia,cached_from_soccerbase_match_stats
627646,2011-09-02,Ireland,Slovakia,cached_from_soccerbase_match_stats
627647,2011-09-02,Azerbaijan,Belgium,cached_from_soccerbase_match_stats
627648,2011-09-02,Bulgaria,England,cached_from_soccerbase_match_stats
627649,2011-09-02,Hungary,Sweden,cached_from_soccerbase_match_stats
627650,2011-09-02,Luxembourg,Romania,cached_from_soccerbase_match_stats
627651,2011-09-02,Georgia,Latvia,cached_from_soccerbase_match_stats
627652,2011-09-02,Germany,Austria,cached_from_soccerbase_match_stats
627653,2011-09-02,Andorra,Armenia,cached_from_soccerbase_match_stats
627654,2011-09-02,Slovenia,Estonia,cached_from_soccerbase_match_stats
627655,2011-09-02,Netherlands,San Marino,cached_from_soccerbase_match_stats
627656,2011-09-02,Russia,N Macedonia,cached_from_soccerbase_match_stats
627657,2011-09-02,Wales,Montenegro,cached_from_soccerbase_match_stats
627658,2011-09-02,Turkey,Kazakhstan,cached_from_soccerbase_match_stats
627659,2011-09-02,Albania,France,cached_from_soccerbase_match_stats
646603,2011-09-02,Australia,Thailand,cached_from_soccerbase_match_stats
646610,2011-09-02,Japan,North Korea,cached_from_soccerbase_match_stats
656769,2011-09-02,Iraq,Jordan,cached_from_soccerbase_match_stats
656772,2011-09-02,China,Singapore,cached_from_soccerbase_match_stats
656776,2011-09-02,South Korea,Lebanon,cached_from_soccerbase_match_stats
656779,2011-09-02,UAE,Kuwait,cached_from_soccerbase_match_stats
656783,2011-09-02,Tajikistan,Uzbekistan,cached_from_soccerbase_match_stats
656788,2011-09-02,Oman,Saudi Arabia,cached_from_soccerbase_match_stats
656793,2011-09-02,Iran,Indonesia,cached_from_soccerbase_match_stats
656798,2011-09-02,Bahrain,Qatar,cached_from_soccerbase_match_stats
664533,2011-09-02,Surinam,Cayman Islands,cached_from_soccerbase_match_stats
664534,2011-09-02,El Salvador,Dominican Rep,cached_from_soccerbase_match_stats
664543,2011-09-02,Trinidad,Bermuda,cached_from_soccerbase_match_stats
664544,2011-09-02,Guyana,Barbados,cached_from_soccerbase_match_stats
664555,2011-09-02,Dominica,Nicaragua,cached_from_soccerbase_match_stats
664561,2011-09-02,Canada,St Lucia,cached_from_soccerbase_match_stats
664562,2011-09-02,St Kitts and Nev,Puerto Rico,cached_from_soccerbase_match_stats
664572,2011-09-02,Grenada,Belize,cached_from_soccerbase_match_stats
664573,2011-09-02,Guatemala,St Vin & Gren,cached_from_soccerbase_match_stats
664584,2011-09-02,Haiti,Virgin Isl. (US),cached_from_soccerbase_match_stats
664585,2011-09-02,Antigua & Barb,Curacao,cached_from_soccerbase_match_stats
627660,2011-09-03,Scotland,Czech Rep,cached_from_soccerbase_match_stats
627661,2011-09-06,San Marino,Sweden,cached_from_soccerbase_match_stats
627662,2011-09-06,Finland,Netherlands,cached_from_soccerbase_match_stats
627663,2011-09-06,Switzerland,Bulgaria,cached_from_soccerbase_match_stats
627664,2011-09-06,Croatia,Israel,cached_from_soccerbase_match_stats
627665,2011-09-06,Italy,Slovenia,cached_from_soccerbase_match_stats
627666,2011-09-06,Denmark,Norway,cached_from_soccerbase_match_stats
627667,2011-09-06,England,Wales,cached_from_soccerbase_match_stats
627668,2011-09-06,Austria,Turkey,cached_from_soccerbase_match_stats
627669,2011-09-06,Luxembourg,Albania,cached_from_soccerbase_match_stats
627670,2011-09-06,Azerbaijan,Kazakhstan,cached_from_soccerbase_match_stats
627671,2011-09-06,Malta,Georgia,cached_from_soccerbase_match_stats
627672,2011-09-06,N Macedonia,Andorra,cached_from_soccerbase_match_stats
627673,2011-09-06,Moldova,Hungary,cached_from_soccerbase_match_stats
627674,2011-09-06,Spain,Liechtenstein,cached_from_soccerbase_match_stats
627675,2011-09-06,Iceland,Cyprus,cached_from_soccerbase_match_stats
627676,2011-09-06,Romania,France,cached_from_soccerbase_match_stats
627677,2011-09-06,Scotland,Lithuania,cached_from_soccerbase_match_stats
627678,2011-09-06,Slovakia,Armenia,cached_from_soccerbase_match_stats
627679,2011-09-06,Russia,Ireland,cached_from_soccerbase_match_stats
627680,2011-09-06,Bosnia-Hz.,Belarus,cached_from_soccerbase_match_stats
627681,2011-09-06,Latvia,Greece,cached_from_soccerbase_match_stats
627682,2011-09-06,Estonia,N Ireland,cached_from_soccerbase_match_stats
627683,2011-09-06,Serbia,Faroe Islands,cached_from_soccerbase_match_stats
646604,2011-09-06,Saudi Arabia,Australia,cached_from_soccerbase_match_stats
646611,2011-09-06,Uzbekistan,Japan,cached_from_soccerbase_match_stats
656770,2011-09-06,Singapore,Iraq,cached_from_soccerbase_match_stats
656773,2011-09-06,Jordan,China,cached_from_soccerbase_match_stats
656777,2011-09-06,Kuwait,South Korea,cached_from_soccerbase_match_stats
656780,2011-09-06,Lebanon,UAE,cached_from_soccerbase_match_stats
656787,2011-09-06,North Korea,Tajikistan,cached_from_soccerbase_match_stats
656789,2011-09-06,Thailand,Oman,cached_from_soccerbase_match_stats
656794,2011-09-06,Qatar,Iran,cached_from_soccerbase_match_stats
656799,2011-09-06,Indonesia,Bahrain,cached_from_soccerbase_match_stats
664535,2011-09-06,Dominican Rep,Surinam,cached_from_soccerbase_match_stats
664536,2011-09-06,Cayman Islands,El Salvador,cached_from_soccerbase_match_stats
664545,2011-09-06,Barbados,Trinidad,cached_from_soccerbase_match_stats
664546,2011-09-06,Guyana,Bermuda,cached_from_soccerbase_match_stats
664556,2011-09-06,Nicaragua,Panama,cached_from_soccerbase_match_stats
664563,2011-09-06,St Lucia,St Kitts and Nev,cached_from_soccerbase_match_stats
664564,2011-09-06,Puerto Rico,Canada,cached_from_soccerbase_match_stats
664574,2011-09-06,Belize,Guatemala,cached_from_soccerbase_match_stats
664586,2011-09-06,Virgin Isl. (US),Antigua & Barb,cached_from_soccerbase_match_stats
664587,2011-09-06,Curacao,Haiti,cached_from_soccerbase_match_stats
664575,2011-09-18,St Vin & Gren,Grenada,cached_from_soccerbase_match_stats
627684,2011-10-07,Slovakia,Russia,cached_from_soccerbase_match_stats
627685,2011-10-07,Greece,Croatia,cached_from_soccerbase_match_stats
627686,2011-10-07,Turkey,Germany,cached_from_soccerbase_match_stats
627687,2011-10-07,Portugal,Iceland,cached_from_soccerbase_match_stats
627688,2011-10-07,Belgium,Kazakhstan,cached_from_soccerbase_match_stats
627689,2011-10-07,Romania,Belarus,cached_from_soccerbase_match_stats
627690,2011-10-07,Andorra,Ireland,cached_from_soccerbase_match_stats
627691,2011-10-07,Armenia,N Macedonia,cached_from_soccerbase_match_stats
627692,2011-10-07,Latvia,Malta,cached_from_soccerbase_match_stats
627693,2011-10-07,Azerbaijan,Austria,cached_from_soccerbase_match_stats
627694,2011-10-07,Bosnia-Hz.,Luxembourg,cached_from_soccerbase_match_stats
627695,2011-10-07,Wales,Switzerland,cached_from_soccerbase_match_stats
627697,2011-10-07,France,Albania,cached_from_soccerbase_match_stats
627698,2011-10-07,Serbia,Italy,cached_from_soccerbase_match_stats
627699,2011-10-07,Cyprus,Denmark,cached_from_soccerbase_match_stats
627700,2011-10-07,Montenegro,England,cached_from_soccerbase_match_stats
627701,2011-10-07,Czech Rep,Spain,cached_from_soccerbase_match_stats
627702,2011-10-07,Netherlands,Moldova,cached_from_soccerbase_match_stats
627703,2011-10-07,Finland,Sweden,cached_from_soccerbase_match_stats
627704,2011-10-07,N Ireland,Estonia,cached_from_soccerbase_match_stats
646564,2011-10-07,Uruguay,Bolivia,cached_from_soccerbase_match_stats
646565,2011-10-07,Ecuador,Venezuela,cached_from_soccerbase_match_stats
651670,2011-10-07,Dominican Rep,El Salvador,cached_from_soccerbase_match_stats
664537,2011-10-07,Cayman Islands,Surinam,cached_from_soccerbase_match_stats
664547,2011-10-07,Barbados,Guyana,cached_from_soccerbase_match_stats
664548,2011-10-07,Bermuda,Trinidad,cached_from_soccerbase_match_stats
664557,2011-10-07,Dominica,Panama,cached_from_soccerbase_match_stats
664565,2011-10-07,St Lucia,Canada,cached_from_soccerbase_match_stats
664566,2011-10-07,Puerto Rico,St Kitts and Nev,cached_from_soccerbase_match_stats
664576,2011-10-07,St Vin & Gren,Guatemala,cached_from_soccerbase_match_stats
664577,2011-10-07,Belize,Grenada,cached_from_soccerbase_match_stats
664588,2011-10-07,Virgin Isl. (US),Haiti,cached_from_soccerbase_match_stats
664589,2011-10-07,Curacao,Antigua & Barb,cached_from_soccerbase_match_stats
627705,2011-10-08,Liechtenstein,Scotland,cached_from_soccerbase_match_stats
646566,2011-10-08,Argentina,Chile,cached_from_soccerbase_match_stats
646567,2011-10-08,Peru,Paraguay,cached_from_soccerbase_match_stats
627706,2011-10-11,Kazakhstan,Austria,cached_from_soccerbase_match_stats
627707,2011-10-11,Denmark,Portugal,cached_from_soccerbase_match_stats
627708,2011-10-11,Russia,Andorra,cached_from_soccerbase_match_stats
627709,2011-10-11,Georgia,Greece,cached_from_soccerbase_match_stats
627710,2011-10-11,Moldova,San Marino,cached_from_soccerbase_match_stats
627711,2011-10-11,N Macedonia,Slovakia,cached_from_soccerbase_match_stats
627712,2011-10-11,Norway,Cyprus,cached_from_soccerbase_match_stats
627713,2011-10-11,Germany,Belgium,cached_from_soccerbase_match_stats
627714,2011-10-11,Spain,Scotland,cached_from_soccerbase_match_stats
627715,2011-10-11,Slovenia,Serbia,cached_from_soccerbase_match_stats
627716,2011-10-11,Croatia,Latvia,cached_from_soccerbase_match_stats
627717,2011-10-11,Sweden,Netherlands,cached_from_soccerbase_match_stats
627718,2011-10-11,France,Bosnia-Hz.,cached_from_soccerbase_match_stats
627719,2011-10-11,Bulgaria,Wales,cached_from_soccerbase_match_stats
627720,2011-10-11,Ireland,Armenia,cached_from_soccerbase_match_stats
627721,2011-10-11,Turkey,Azerbaijan,cached_from_soccerbase_match_stats
627722,2011-10-11,Malta,Israel,cached_from_soccerbase_match_stats
627723,2011-10-11,Lithuania,Czech Rep,cached_from_soccerbase_match_stats
627724,2011-10-11,Italy,N Ireland,cached_from_soccerbase_match_stats
627725,2011-10-11,Albania,Romania,cached_from_soccerbase_match_stats
627726,2011-10-11,Switzerland,Montenegro,cached_from_soccerbase_match_stats
627727,2011-10-11,Hungary,Finland,cached_from_soccerbase_match_stats
646702,2011-10-11,Bolivia,Colombia,cached_from_soccerbase_match_stats
646703,2011-10-11,Chile,Peru,cached_from_soccerbase_match_stats
646704,2011-10-11,Paraguay,Uruguay,cached_from_soccerbase_match_stats
651659,2011-10-11,Japan,Tajikistan,cached_from_soccerbase_match_stats
651756,2011-10-11,South Korea,UAE,cached_from_soccerbase_match_stats
651761,2011-10-11,Australia,Oman,cached_from_soccerbase_match_stats
651765,2011-10-11,China,Iraq,cached_from_soccerbase_match_stats
656774,2011-10-11,Singapore,Jordan,cached_from_soccerbase_match_stats
656781,2011-10-11,Lebanon,Kuwait,cached_from_soccerbase_match_stats
656784,2011-10-11,North Korea,Uzbekistan,cached_from_soccerbase_match_stats
656791,2011-10-11,Thailand,Saudi Arabia,cached_from_soccerbase_match_stats
656795,2011-10-11,Iran,Bahrain,cached_from_soccerbase_match_stats
656801,2011-10-11,Indonesia,Qatar,cached_from_soccerbase_match_stats
664538,2011-10-11,Surinam,Dominican Rep,cached_from_soccerbase_match_stats
664539,2011-10-11,El Salvador,Cayman Islands,cached_from_soccerbase_match_stats
664549,2011-10-11,Trinidad,Barbados,cached_from_soccerbase_match_stats
664550,2011-10-11,Bermuda,Guyana,cached_from_soccerbase_match_stats
664558,2011-10-11,Panama,Nicaragua,cached_from_soccerbase_match_stats
664567,2011-10-11,Canada,Puerto Rico,cached_from_soccerbase_match_stats
664568,2011-10-11,St Kitts and Nev,St Lucia,cached_from_soccerbase_match_stats
664578,2011-10-11,Guatemala,Belize,cached_from_soccerbase_match_stats
664590,2011-10-11,Haiti,Curacao,cached_from_soccerbase_match_stats
664591,2011-10-11,Antigua & Barb,Virgin Isl. (US),cached_from_soccerbase_match_stats
646705,2011-10-12,Venezuela,Argentina,cached_from_soccerbase_match_stats
664579,2011-10-15,Grenada,St Vin & Gren,cached_from_soccerbase_match_stats
646736,2011-11-11,Bosnia-Hz.,Portugal,cached_from_soccerbase_match_stats
646737,2011-11-11,Turkey,Croatia,cached_from_soccerbase_match_stats
646738,2011-11-11,Czech Rep,Montenegro,cached_from_soccerbase_match_stats
646739,2011-11-11,Estonia,Ireland,cached_from_soccerbase_match_stats
647189,2011-11-11,Argentina,Bolivia,cached_from_soccerbase_match_stats
647191,2011-11-11,Uruguay,Chile,cached_from_soccerbase_match_stats
648652,2011-11-11,Eq Guinea,Madagascar,cached_from_soccerbase_match_stats
651658,2011-11-11,Tajikistan,Japan,cached_from_soccerbase_match_stats
651668,2011-11-11,Surinam,El Salvador,cached_from_soccerbase_match_stats
651755,2011-11-11,UAE,South Korea,cached_from_soccerbase_match_stats
651760,2011-11-11,Oman,Australia,cached_from_soccerbase_match_stats
651764,2011-11-11,Iraq,China,cached_from_soccerbase_match_stats
652266,2011-11-11,Seychelles,Kenya,cached_from_soccerbase_match_stats
652268,2011-11-11,Guinea-Bissau,Togo,cached_from_soccerbase_match_stats
652270,2011-11-11,Djibouti,Namibia,cached_from_soccerbase_match_stats
652272,2011-11-11,Comoros,Mozambique,cached_from_soccerbase_match_stats
652276,2011-11-11,Lesotho,Burundi,cached_from_soccerbase_match_stats
652278,2011-11-11,Eritrea,Rwanda,cached_from_soccerbase_match_stats
652280,2011-11-11,Swaziland,DR Congo,cached_from_soccerbase_match_stats
652282,2011-11-11,Sao Tome & P,Congo,cached_from_soccerbase_match_stats
652284,2011-11-11,Chad,Tanzania,cached_from_soccerbase_match_stats
656775,2011-11-11,Jordan,Singapore,cached_from_soccerbase_match_stats
656782,2011-11-11,Kuwait,Lebanon,cached_from_soccerbase_match_stats
656785,2011-11-11,Uzbekistan,North Korea,cached_from_soccerbase_match_stats
656792,2011-11-11,Saudi Arabia,Thailand,cached_from_soccerbase_match_stats
656796,2011-11-11,Bahrain,Iran,cached_from_soccerbase_match_stats
656802,2011-11-11,Qatar,Indonesia,cached_from_soccerbase_match_stats
664540,2011-11-11,Dominican Rep,Cayman Islands,cached_from_soccerbase_match_stats
664551,2011-11-11,Bermuda,Barbados,cached_from_soccerbase_match_stats
664552,2011-11-11,Guyana,Trinidad,cached_from_soccerbase_match_stats
664559,2011-11-11,Nicaragua,Dominica,cached_from_soccerbase_match_stats
664569,2011-11-11,St Kitts and Nev,Canada,cached_from_soccerbase_match_stats
664570,2011-11-11,St Lucia,Puerto Rico,cached_from_soccerbase_match_stats
664580,2011-11-11,Belize,St Vin & Gren,cached_from_soccerbase_match_stats
664581,2011-11-11,Guatemala,Grenada,cached_from_soccerbase_match_stats
664592,2011-11-11,Virgin Isl. (US),Curacao,cached_from_soccerbase_match_stats
664593,2011-11-11,Antigua & Barb,Haiti,cached_from_soccerbase_match_stats
647192,2011-11-12,Paraguay,Ecuador,cached_from_soccerbase_match_stats
647194,2011-11-12,Colombia,Venezuela,cached_from_soccerbase_match_stats
652274,2011-11-12,Somalia,Ethiopia,cached_from_soccerbase_match_stats
664541,2011-11-14,Cayman Islands,Dominican Rep,cached_from_soccerbase_match_stats
664553,2011-11-14,Barbados,Bermuda,cached_from_soccerbase_match_stats
664571,2011-11-14,Puerto Rico,St Lucia,cached_from_soccerbase_match_stats
646740,2011-11-15,Ireland,Estonia,cached_from_soccerbase_match_stats
646741,2011-11-15,Portugal,Bosnia-Hz.,cached_from_soccerbase_match_stats
646935,2011-11-15,Montenegro,Czech Rep,cached_from_soccerbase_match_stats
647388,2011-11-15,Chile,Paraguay,cached_from_soccerbase_match_stats
647389,2011-11-15,Colombia,Argentina,cached_from_soccerbase_match_stats
647390,2011-11-15,Ecuador,Peru,cached_from_soccerbase_match_stats
647395,2011-11-15,Croatia,Turkey,cached_from_soccerbase_match_stats
648650,2011-11-15,Madagascar,Eq Guinea,cached_from_soccerbase_match_stats
651657,2011-11-15,North Korea,Japan,cached_from_soccerbase_match_stats
651754,2011-11-15,Lebanon,South Korea,cached_from_soccerbase_match_stats
651759,2011-11-15,Thailand,Australia,cached_from_soccerbase_match_stats
651763,2011-11-15,Singapore,China,cached_from_soccerbase_match_stats
652267,2011-11-15,Kenya,Seychelles,cached_from_soccerbase_match_stats
652269,2011-11-15,Togo,Guinea-Bissau,cached_from_soccerbase_match_stats
652271,2011-11-15,Namibia,Djibouti,cached_from_soccerbase_match_stats
652273,2011-11-15,Mozambique,Comoros,cached_from_soccerbase_match_stats
652277,2011-11-15,Burundi,Lesotho,cached_from_soccerbase_match_stats
652279,2011-11-15,Rwanda,Eritrea,cached_from_soccerbase_match_stats
652281,2011-11-15,DR Congo,Swaziland,cached_from_soccerbase_match_stats
652283,2011-11-15,Congo,Sao Tome & P,cached_from_soccerbase_match_stats
652285,2011-11-15,Tanzania,Chad,cached_from_soccerbase_match_stats
656771,2011-11-15,Jordan,Iraq,cached_from_soccerbase_match_stats
656778,2011-11-15,Kuwait,UAE,cached_from_soccerbase_match_stats
656786,2011-11-15,Uzbekistan,Tajikistan,cached_from_soccerbase_match_stats
656790,2011-11-15,Saudi Arabia,Oman,cached_from_soccerbase_match_stats
656797,2011-11-15,Indonesia,Iran,cached_from_soccerbase_match_stats
656800,2011-11-15,Qatar,Bahrain,cached_from_soccerbase_match_stats
664542,2011-11-15,El Salvador,Surinam,cached_from_soccerbase_match_stats
664554,2011-11-15,Trinidad,Guyana,cached_from_soccerbase_match_stats
664560,2011-11-15,Panama,Dominica,cached_from_soccerbase_match_stats
664582,2011-11-15,Grenada,Guatemala,cached_from_soccerbase_match_stats
664583,2011-11-15,St Vin & Gren,Belize,cached_from_soccerbase_match_stats
664594,2011-11-15,Curacao,Virgin Isl. (US),cached_from_soccerbase_match_stats
664595,2011-11-15,Haiti,Antigua & Barb,cached_from_soccerbase_match_stats
647387,2011-11-16,Venezuela,Bolivia,cached_from_soccerbase_match_stats
652275,2011-11-16,Ethiopia,Somalia,cached_from_soccerbase_match_stats
664380,2011-11-16,Canada,St Kitts and Nev,cached_from_soccerbase_match_stats
664744,2011-11-22,Am Samoa,Tonga,cached_from_soccerbase_match_stats
664745,2011-11-22,Cook Islands,Samoa,cached_from_soccerbase_match_stats
664746,2011-11-24,Am Samoa,Cook Islands,cached_from_soccerbase_match_stats
647759,2011-11-25,Samoa,Tonga,cached_from_soccerbase_match_stats
647758,2011-11-27,Samoa,Am Samoa,cached_from_soccerbase_match_stats
647781,2011-11-27,Tonga,Cook Islands,cached_from_soccerbase_match_stats
647883,2012-01-21,Eq Guinea,Libya,cached_from_soccerbase_match_stats
647896,2012-01-21,Senegal,Zambia,cached_from_soccerbase_match_stats
647877,2012-01-22,Ivory Coast,Sudan,cached_from_soccerbase_match_stats
647893,2012-01-22,Burkina Faso,Angola,cached_from_soccerbase_match_stats
647882,2012-01-23,Gabon,Niger,cached_from_soccerbase_match_stats
647889,2012-01-23,Morocco,Tunisia,cached_from_soccerbase_match_stats
647886,2012-01-24,Mali,Guinea,cached_from_soccerbase_match_stats
647898,2012-01-24,Ghana,Botswana,cached_from_soccerbase_match_stats
647884,2012-01-25,Eq Guinea,Senegal,cached_from_soccerbase_match_stats
647885,2012-01-25,Libya,Zambia,cached_from_soccerbase_match_stats
647887,2012-01-26,Sudan,Angola,cached_from_soccerbase_match_stats
647894,2012-01-26,Ivory Coast,Burkina Faso,cached_from_soccerbase_match_stats
647881,2012-01-27,Gabon,Morocco,cached_from_soccerbase_match_stats
647892,2012-01-27,Niger,Tunisia,cached_from_soccerbase_match_stats
647878,2012-01-28,Botswana,Guinea,cached_from_soccerbase_match_stats
647899,2012-01-28,Ghana,Mali,cached_from_soccerbase_match_stats
647879,2012-01-29,Libya,Senegal,cached_from_soccerbase_match_stats
647890,2012-01-29,Eq Guinea,Zambia,cached_from_soccerbase_match_stats
647891,2012-01-30,Ivory Coast,Angola,cached_from_soccerbase_match_stats
647897,2012-01-30,Sudan,Burkina Faso,cached_from_soccerbase_match_stats
647880,2012-01-31,Niger,Morocco,cached_from_soccerbase_match_stats
647888,2012-01-31,Gabon,Tunisia,cached_from_soccerbase_match_stats
647895,2012-02-01,Ghana,Guinea,cached_from_soccerbase_match_stats
647900,2012-02-01,Botswana,Mali,cached_from_soccerbase_match_stats
649016,2012-02-04,Zambia,Sudan,cached_from_soccerbase_match_stats
649017,2012-02-04,Eq Guinea,Ivory Coast,cached_from_soccerbase_match_stats
649028,2012-02-05,Ghana,Tunisia,cached_from_soccerbase_match_stats
649095,2012-02-05,Gabon,Mali,cached_from_soccerbase_match_stats
649096,2012-02-08,Zambia,Ghana,cached_from_soccerbase_match_stats
649097,2012-02-08,Mali,Ivory Coast,cached_from_soccerbase_match_stats
649149,2012-02-11,Ghana,Mali,cached_from_soccerbase_match_stats
649145,2012-02-12,Zambia,Ivory Coast,cached_from_soccerbase_match_stats
664473,2012-02-28,Sao Tome & P,Sierra Leone,cached_from_soccerbase_match_stats
664480,2012-02-28,Ethiopia,Benin,cached_from_soccerbase_match_stats
664501,2012-02-28,Guinea-Bissau,Cameroon,cached_from_soccerbase_match_stats
664502,2012-02-28,Tanzania,Mozambique,cached_from_soccerbase_match_stats
649900,2012-02-29,Australia,Saudi Arabia,cached_from_soccerbase_match_stats
649901,2012-02-29,Tajikistan,North Korea,cached_from_soccerbase_match_stats
649902,2012-02-29,Oman,Thailand,cached_from_soccerbase_match_stats
649903,2012-02-29,Iraq,Singapore,cached_from_soccerbase_match_stats
649904,2012-02-29,Iran,Qatar,cached_from_soccerbase_match_stats
649905,2012-02-29,China,Jordan,cached_from_soccerbase_match_stats
649906,2012-02-29,Japan,Uzbekistan,cached_from_soccerbase_match_stats
649907,2012-02-29,Bahrain,Indonesia,cached_from_soccerbase_match_stats
649908,2012-02-29,South Korea,Kuwait,cached_from_soccerbase_match_stats
649909,2012-02-29,UAE,Lebanon,cached_from_soccerbase_match_stats
651665,2012-02-29,Rwanda,Nigeria,cached_from_soccerbase_match_stats
664434,2012-02-29,Madagascar,Cape Verde Is.,cached_from_soccerbase_match_stats
664446,2012-02-29,Kenya,Togo,cached_from_soccerbase_match_stats
664450,2012-02-29,Chad,Malawi,cached_from_soccerbase_match_stats
664458,2012-02-29,Liberia,Namibia,cached_from_soccerbase_match_stats
664460,2012-02-29,Seychelles,DR Congo,cached_from_soccerbase_match_stats
664472,2012-02-29,Gambia,Algeria,cached_from_soccerbase_match_stats
664477,2012-02-29,Burundi,Zimbabwe,cached_from_soccerbase_match_stats
664485,2012-02-29,Congo,Uganda,cached_from_soccerbase_match_stats
652292,2012-06-01,Ghana,Lesotho,cached_from_soccerbase_match_stats
652298,2012-06-01,Egypt,Mozambique,cached_from_soccerbase_match_stats
664414,2012-06-01,Vanuatu,New Caledonia,cached_from_soccerbase_match_stats
664416,2012-06-01,Samoa,Tahiti,cached_from_soccerbase_match_stats
647494,2012-06-02,Uruguay,Venezuela,cached_from_soccerbase_match_stats
647495,2012-06-02,Argentina,Ecuador,cached_from_soccerbase_match_stats
647496,2012-06-02,Bolivia,Chile,cached_from_soccerbase_match_stats
652287,2012-06-02,Central Africa,Botswana,cached_from_soccerbase_match_stats
652288,2012-06-02,Sierra Leone,Cape Verde Is.,cached_from_soccerbase_match_stats
652289,2012-06-02,Tunisia,Eq Guinea,cached_from_soccerbase_match_stats
652290,2012-06-02,Gambia,Morocco,cached_from_soccerbase_match_stats
652291,2012-06-02,Ivory Coast,Tanzania,cached_from_soccerbase_match_stats
652293,2012-06-02,Sudan,Zambia,cached_from_soccerbase_match_stats
652294,2012-06-02,Burkina Faso,Congo,cached_from_soccerbase_match_stats
652296,2012-06-02,Kenya,Malawi,cached_from_soccerbase_match_stats
652300,2012-06-02,Algeria,Rwanda,cached_from_soccerbase_match_stats
652304,2012-06-02,Cameroon,DR Congo,cached_from_soccerbase_match_stats
652308,2012-06-02,Senegal,Liberia,cached_from_soccerbase_match_stats
664407,2012-06-02,Fiji,New Zealand,cached_from_soccerbase_match_stats
664599,2012-06-02,Soloman Islands,Pap New Guinea,cached_from_soccerbase_match_stats
647493,2012-06-03,Peru,Colombia,cached_from_soccerbase_match_stats
652286,2012-06-03,South Africa,Ethiopia,cached_from_soccerbase_match_stats
652295,2012-06-03,Niger,Gabon,cached_from_soccerbase_match_stats
652297,2012-06-03,Nigeria,Namibia,cached_from_soccerbase_match_stats
652299,2012-06-03,Zimbabwe,Guinea,cached_from_soccerbase_match_stats
652301,2012-06-03,Benin,Mali,cached_from_soccerbase_match_stats
652305,2012-06-03,Togo,Libya,cached_from_soccerbase_match_stats
652309,2012-06-03,Angola,Uganda,cached_from_soccerbase_match_stats
656737,2012-06-03,Japan,Oman,cached_from_soccerbase_match_stats
656738,2012-06-03,Jordan,Iraq,cached_from_soccerbase_match_stats
656739,2012-06-03,Uzbekistan,Iran,cached_from_soccerbase_match_stats
656740,2012-06-03,Lebanon,Qatar,cached_from_soccerbase_match_stats
664413,2012-06-03,Tahiti,New Caledonia,cached_from_soccerbase_match_stats
664735,2012-06-03,Vanuatu,Samoa,cached_from_soccerbase_match_stats
664406,2012-06-04,Pap New Guinea,New Zealand,cached_from_soccerbase_match_stats
664598,2012-06-04,Fiji,Soloman Islands,cached_from_soccerbase_match_stats
651864,2012-06-05,Tahiti,Vanuatu,cached_from_soccerbase_match_stats
651865,2012-06-05,Pap New Guinea,Fiji,cached_from_soccerbase_match_stats
651838,2012-06-06,New Caledonia,Samoa,cached_from_soccerbase_match_stats
651866,2012-06-06,New Zealand,Soloman Islands,cached_from_soccerbase_match_stats
651839,2012-06-08,Oman,Australia,cached_from_soccerbase_match_stats
651840,2012-06-08,Lebanon,Uzbekistan,cached_from_soccerbase_match_stats
651841,2012-06-08,Qatar,South Korea,cached_from_soccerbase_match_stats
651842,2012-06-08,Japan,Jordan,cached_from_soccerbase_match_stats
651858,2012-06-08,Cuba,Canada,cached_from_soccerbase_match_stats
651859,2012-06-08,Mexico,Guyana,cached_from_soccerbase_match_stats
651860,2012-06-08,USA,Antigua & Barb,cached_from_soccerbase_match_stats
651861,2012-06-08,Honduras,Panama,cached_from_soccerbase_match_stats
651862,2012-06-08,Costa Rica,El Salvador,cached_from_soccerbase_match_stats
651863,2012-06-08,Jamaica,Guatemala,cached_from_soccerbase_match_stats
651826,2012-06-09,Germany,Portugal,cached_from_soccerbase_match_stats
651829,2012-06-09,Netherlands,Denmark,cached_from_soccerbase_match_stats
651843,2012-06-09,Malawi,Nigeria,cached_from_soccerbase_match_stats
651844,2012-06-09,Botswana,South Africa,cached_from_soccerbase_match_stats
651845,2012-06-09,Zambia,Ghana,cached_from_soccerbase_match_stats
651846,2012-06-09,Gabon,Burkina Faso,cached_from_soccerbase_match_stats
651847,2012-06-09,Congo,Niger,cached_from_soccerbase_match_stats
651848,2012-06-09,Uganda,Senegal,cached_from_soccerbase_match_stats
651849,2012-06-09,Cape Verde Is.,Tunisia,cached_from_soccerbase_match_stats
651850,2012-06-09,Eq Guinea,Sierra Leone,cached_from_soccerbase_match_stats
651851,2012-06-09,Namibia,Kenya,cached_from_soccerbase_match_stats
651852,2012-06-09,Morocco,Ivory Coast,cached_from_soccerbase_match_stats
651867,2012-06-09,Bolivia,Paraguay,cached_from_soccerbase_match_stats
651868,2012-06-09,Venezuela,Chile,cached_from_soccerbase_match_stats
647499,2012-06-10,Ecuador,Colombia,cached_from_soccerbase_match_stats
647500,2012-06-10,Uruguay,Peru,cached_from_soccerbase_match_stats
651815,2012-06-10,Ireland,Croatia,cached_from_soccerbase_match_stats
651816,2012-06-10,Spain,Italy,cached_from_soccerbase_match_stats
651853,2012-06-10,Lesotho,Sudan,cached_from_soccerbase_match_stats
651854,2012-06-10,Mozambique,Zimbabwe,cached_from_soccerbase_match_stats
651855,2012-06-10,Ethiopia,Central Africa,cached_from_soccerbase_match_stats
651856,2012-06-10,Tanzania,Gambia,cached_from_soccerbase_match_stats
651857,2012-06-10,Guinea,Egypt,cached_from_soccerbase_match_stats
652302,2012-06-10,Rwanda,Benin,cached_from_soccerbase_match_stats
652303,2012-06-10,Mali,Algeria,cached_from_soccerbase_match_stats
652306,2012-06-10,DR Congo,Togo,cached_from_soccerbase_match_stats
652307,2012-06-10,Libya,Cameroon,cached_from_soccerbase_match_stats
652310,2012-06-10,Liberia,Angola,cached_from_soccerbase_match_stats
652262,2012-06-12,Australia,Japan,cached_from_soccerbase_match_stats
652263,2012-06-12,Iran,Qatar,cached_from_soccerbase_match_stats
652264,2012-06-12,Iraq,Oman,cached_from_soccerbase_match_stats
652265,2012-06-12,South Korea,Lebanon,cached_from_soccerbase_match_stats
651818,2012-06-13,Denmark,Portugal,cached_from_soccerbase_match_stats
651836,2012-06-13,Netherlands,Germany,cached_from_soccerbase_match_stats
652256,2012-06-13,Antigua & Barb,Jamaica,cached_from_soccerbase_match_stats
652257,2012-06-13,Canada,Honduras,cached_from_soccerbase_match_stats
652258,2012-06-13,El Salvador,Mexico,cached_from_soccerbase_match_stats
652259,2012-06-13,Guatemala,USA,cached_from_soccerbase_match_stats
652260,2012-06-13,Guyana,Costa Rica,cached_from_soccerbase_match_stats
652261,2012-06-13,Panama,Cuba,cached_from_soccerbase_match_stats
651813,2012-06-14,Italy,Croatia,cached_from_soccerbase_match_stats
651822,2012-06-14,Spain,Ireland,cached_from_soccerbase_match_stats
664440,2012-06-15,Egypt,Central Africa,cached_from_soccerbase_match_stats
664470,2012-06-15,Algeria,Gambia,cached_from_soccerbase_match_stats
664433,2012-06-16,Cape Verde Is.,Madagascar,cached_from_soccerbase_match_stats
664436,2012-06-16,Cameroon,Guinea-Bissau,cached_from_soccerbase_match_stats
664448,2012-06-16,Malawi,Chad,cached_from_soccerbase_match_stats
664454,2012-06-16,Nigeria,Rwanda,cached_from_soccerbase_match_stats
664456,2012-06-16,Namibia,Liberia,cached_from_soccerbase_match_stats
664471,2012-06-16,Sierra Leone,Sao Tome & P,cached_from_soccerbase_match_stats
664483,2012-06-16,Uganda,Congo,cached_from_soccerbase_match_stats
651817,2012-06-17,Portugal,Netherlands,cached_from_soccerbase_match_stats
651830,2012-06-17,Denmark,Germany,cached_from_soccerbase_match_stats
664445,2012-06-17,Togo,Kenya,cached_from_soccerbase_match_stats
664457,2012-06-17,DR Congo,Seychelles,cached_from_soccerbase_match_stats
664467,2012-06-17,Mozambique,Tanzania,cached_from_soccerbase_match_stats
664475,2012-06-17,Zimbabwe,Burundi,cached_from_soccerbase_match_stats
664479,2012-06-17,Benin,Ethiopia,cached_from_soccerbase_match_stats
651819,2012-06-18,Italy,Ireland,cached_from_soccerbase_match_stats
651831,2012-06-18,Croatia,Spain,cached_from_soccerbase_match_stats
652313,2012-06-21,Czech Rep,Portugal,cached_from_soccerbase_match_stats
652314,2012-06-22,Germany,Greece,cached_from_soccerbase_match_stats
652315,2012-06-23,Spain,France,cached_from_soccerbase_match_stats
652316,2012-06-24,England,Italy,cached_from_soccerbase_match_stats
656732,2012-06-27,Portugal,Spain,cached_from_soccerbase_match_stats
656731,2012-06-28,Germany,Italy,cached_from_soccerbase_match_stats
664439,2012-06-30,Central Africa,Egypt,cached_from_soccerbase_match_stats
657289,2012-07-01,Spain,Italy,cached_from_soccerbase_match_stats
647502,2012-09-07,Colombia,Uruguay,cached_from_soccerbase_match_stats
647504,2012-09-07,Ecuador,Bolivia,cached_from_soccerbase_match_stats
657295,2012-09-07,Russia,N Ireland,cached_from_soccerbase_match_stats
657308,2012-09-07,Latvia,Greece,cached_from_soccerbase_match_stats
657311,2012-09-07,Croatia,N Macedonia,cached_from_soccerbase_match_stats
657315,2012-09-07,Wales,Belgium,cached_from_soccerbase_match_stats
657317,2012-09-07,Azerbaijan,Israel,cached_from_soccerbase_match_stats
657325,2012-09-07,Moldova,England,cached_from_soccerbase_match_stats
657336,2012-09-07,Slovenia,Switzerland,cached_from_soccerbase_match_stats
657350,2012-09-07,Andorra,Hungary,cached_from_soccerbase_match_stats
657354,2012-09-07,Bulgaria,Italy,cached_from_soccerbase_match_stats
657355,2012-09-07,Liechtenstein,Bosnia-Hz.,cached_from_soccerbase_match_stats
657364,2012-09-07,Georgia,Belarus,cached_from_soccerbase_match_stats
657366,2012-09-07,Netherlands,Turkey,cached_from_soccerbase_match_stats
657369,2012-09-07,Lithuania,Slovakia,cached_from_soccerbase_match_stats
657372,2012-09-07,Finland,France,cached_from_soccerbase_match_stats
657381,2012-09-07,Montenegro,Poland,cached_from_soccerbase_match_stats
657383,2012-09-07,Kazakhstan,Ireland,cached_from_soccerbase_match_stats
657392,2012-09-07,Iceland,Norway,cached_from_soccerbase_match_stats
657394,2012-09-07,Albania,Cyprus,cached_from_soccerbase_match_stats
657400,2012-09-07,Germany,Faroe Islands,cached_from_soccerbase_match_stats
657409,2012-09-07,Luxembourg,Portugal,cached_from_soccerbase_match_stats
657432,2012-09-07,Estonia,Romania,cached_from_soccerbase_match_stats
657442,2012-09-07,Malta,Armenia,cached_from_soccerbase_match_stats
664385,2012-09-07,Cuba,Honduras,cached_from_soccerbase_match_stats
664408,2012-09-07,New Caledonia,New Zealand,cached_from_soccerbase_match_stats
664410,2012-09-07,Soloman Islands,Tahiti,cached_from_soccerbase_match_stats
647501,2012-09-08,Argentina,Paraguay,cached_from_soccerbase_match_stats
647503,2012-09-08,Peru,Venezuela,cached_from_soccerbase_match_stats
657352,2012-09-08,Denmark,Czech Rep,cached_from_soccerbase_match_stats
657399,2012-09-08,Scotland,Serbia,cached_from_soccerbase_match_stats
664381,2012-09-08,Canada,Panama,cached_from_soccerbase_match_stats
664384,2012-09-08,Costa Rica,Mexico,cached_from_soccerbase_match_stats
664386,2012-09-08,El Salvador,Guyana,cached_from_soccerbase_match_stats
664387,2012-09-08,Guatemala,Antigua & Barb,cached_from_soccerbase_match_stats
664388,2012-09-08,Jamaica,USA,cached_from_soccerbase_match_stats
664389,2012-09-08,Mali,Botswana,cached_from_soccerbase_match_stats
664393,2012-09-08,Zambia,Uganda,cached_from_soccerbase_match_stats
664394,2012-09-08,Cape Verde Is.,Cameroon,cached_from_soccerbase_match_stats
664398,2012-09-08,Sudan,Ethiopia,cached_from_soccerbase_match_stats
664400,2012-09-08,Ivory Coast,Senegal,cached_from_soccerbase_match_stats
664402,2012-09-08,Gabon,Togo,cached_from_soccerbase_match_stats
664403,2012-09-08,Central Africa,Burkina Faso,cached_from_soccerbase_match_stats
664390,2012-09-09,Zimbabwe,Angola,cached_from_soccerbase_match_stats
664391,2012-09-09,Ghana,Malawi,cached_from_soccerbase_match_stats
664392,2012-09-09,Liberia,Nigeria,cached_from_soccerbase_match_stats
664395,2012-09-09,Mozambique,Morocco,cached_from_soccerbase_match_stats
664397,2012-09-09,Guinea,Niger,cached_from_soccerbase_match_stats
664399,2012-09-09,Libya,Algeria,cached_from_soccerbase_match_stats
664401,2012-09-09,DR Congo,Eq Guinea,cached_from_soccerbase_match_stats
647506,2012-09-11,Chile,Colombia,cached_from_soccerbase_match_stats
647507,2012-09-11,Uruguay,Ecuador,cached_from_soccerbase_match_stats
656741,2012-09-11,Uzbekistan,South Korea,cached_from_soccerbase_match_stats
656742,2012-09-11,Lebanon,Iran,cached_from_soccerbase_match_stats
656755,2012-09-11,Jordan,Australia,cached_from_soccerbase_match_stats
656756,2012-09-11,Japan,Iraq,cached_from_soccerbase_match_stats
657309,2012-09-11,Georgia,Spain,cached_from_soccerbase_match_stats
657313,2012-09-11,Romania,Andorra,cached_from_soccerbase_match_stats
657316,2012-09-11,France,Belarus,cached_from_soccerbase_match_stats
657323,2012-09-11,Bulgaria,Armenia,cached_from_soccerbase_match_stats
657324,2012-09-11,Serbia,Wales,cached_from_soccerbase_match_stats
657332,2012-09-11,England,Ukraine,cached_from_soccerbase_match_stats
657334,2012-09-11,Slovakia,Liechtenstein,cached_from_soccerbase_match_stats
657340,2012-09-11,Israel,Russia,cached_from_soccerbase_match_stats
657342,2012-09-11,Turkey,Estonia,cached_from_soccerbase_match_stats
657363,2012-09-11,Norway,Slovenia,cached_from_soccerbase_match_stats
657368,2012-09-11,Cyprus,Iceland,cached_from_soccerbase_match_stats
657371,2012-09-11,Portugal,Azerbaijan,cached_from_soccerbase_match_stats
657380,2012-09-11,Scotland,N Macedonia,cached_from_soccerbase_match_stats
657385,2012-09-11,N Ireland,Luxembourg,cached_from_soccerbase_match_stats
657389,2012-09-11,Hungary,Netherlands,cached_from_soccerbase_match_stats
657391,2012-09-11,Greece,Lithuania,cached_from_soccerbase_match_stats
657395,2012-09-11,Poland,Moldova,cached_from_soccerbase_match_stats
657398,2012-09-11,Switzerland,Albania,cached_from_soccerbase_match_stats
657412,2012-09-11,San Marino,Montenegro,cached_from_soccerbase_match_stats
657426,2012-09-11,Sweden,Kazakhstan,cached_from_soccerbase_match_stats
657433,2012-09-11,Austria,Germany,cached_from_soccerbase_match_stats
657441,2012-09-11,Italy,Malta,cached_from_soccerbase_match_stats
657443,2012-09-11,Belgium,Croatia,cached_from_soccerbase_match_stats
657446,2012-09-11,Bosnia-Hz.,Latvia,cached_from_soccerbase_match_stats
664409,2012-09-11,New Zealand,Soloman Islands,cached_from_soccerbase_match_stats
647505,2012-09-12,Peru,Argentina,cached_from_soccerbase_match_stats
647508,2012-09-12,Paraguay,Venezuela,cached_from_soccerbase_match_stats
664411,2012-09-12,Tahiti,New Caledonia,cached_from_soccerbase_match_stats
664515,2012-09-12,Antigua & Barb,Guatemala,cached_from_soccerbase_match_stats
664516,2012-09-12,USA,Jamaica,cached_from_soccerbase_match_stats
664521,2012-09-12,Guyana,El Salvador,cached_from_soccerbase_match_stats
664522,2012-09-12,Mexico,Costa Rica,cached_from_soccerbase_match_stats
664527,2012-09-12,Panama,Canada,cached_from_soccerbase_match_stats
664528,2012-09-12,Honduras,Cuba,cached_from_soccerbase_match_stats
647509,2012-10-12,Bolivia,Peru,cached_from_soccerbase_match_stats
647510,2012-10-12,Ecuador,Chile,cached_from_soccerbase_match_stats
647511,2012-10-12,Colombia,Paraguay,cached_from_soccerbase_match_stats
657292,2012-10-12,Armenia,Italy,cached_from_soccerbase_match_stats
657293,2012-10-12,Switzerland,Norway,cached_from_soccerbase_match_stats
657296,2012-10-12,Luxembourg,Israel,cached_from_soccerbase_match_stats
657298,2012-10-12,Netherlands,Andorra,cached_from_soccerbase_match_stats
657301,2012-10-12,N Macedonia,Croatia,cached_from_soccerbase_match_stats
657327,2012-10-12,Slovenia,Cyprus,cached_from_soccerbase_match_stats
657331,2012-10-12,Wales,Scotland,cached_from_soccerbase_match_stats
657333,2012-10-12,Moldova,Ukraine,cached_from_soccerbase_match_stats
657337,2012-10-12,Estonia,Hungary,cached_from_soccerbase_match_stats
657349,2012-10-12,Finland,Georgia,cached_from_soccerbase_match_stats
657362,2012-10-12,Ireland,Germany,cached_from_soccerbase_match_stats
657365,2012-10-12,Bulgaria,Denmark,cached_from_soccerbase_match_stats
657370,2012-10-12,Faroe Islands,Sweden,cached_from_soccerbase_match_stats
657374,2012-10-12,Turkey,Romania,cached_from_soccerbase_match_stats
657377,2012-10-12,Kazakhstan,Austria,cached_from_soccerbase_match_stats
657401,2012-10-12,Greece,Bosnia-Hz.,cached_from_soccerbase_match_stats
657403,2012-10-12,Czech Rep,Malta,cached_from_soccerbase_match_stats
657416,2012-10-12,Serbia,Belgium,cached_from_soccerbase_match_stats
657429,2012-10-12,Belarus,Spain,cached_from_soccerbase_match_stats
657430,2012-10-12,Slovakia,Latvia,cached_from_soccerbase_match_stats
657436,2012-10-12,Liechtenstein,Lithuania,cached_from_soccerbase_match_stats
657437,2012-10-12,Albania,Iceland,cached_from_soccerbase_match_stats
657439,2012-10-12,Russia,Portugal,cached_from_soccerbase_match_stats
657449,2012-10-12,England,San Marino,cached_from_soccerbase_match_stats
664736,2012-10-12,Soloman Islands,New Caledonia,cached_from_soccerbase_match_stats
647512,2012-10-13,Argentina,Uruguay,cached_from_soccerbase_match_stats
664517,2012-10-13,Antigua & Barb,USA,cached_from_soccerbase_match_stats
664518,2012-10-13,Guatemala,Jamaica,cached_from_soccerbase_match_stats
664523,2012-10-13,El Salvador,Costa Rica,cached_from_soccerbase_match_stats
664524,2012-10-13,Guyana,Mexico,cached_from_soccerbase_match_stats
664529,2012-10-13,Canada,Cuba,cached_from_soccerbase_match_stats
664530,2012-10-13,Panama,Honduras,cached_from_soccerbase_match_stats
664737,2012-10-13,Tahiti,New Zealand,cached_from_soccerbase_match_stats
664748,2012-10-13,Malawi,Ghana,cached_from_soccerbase_match_stats
664749,2012-10-13,Nigeria,Liberia,cached_from_soccerbase_match_stats
664750,2012-10-13,Uganda,Zambia,cached_from_soccerbase_match_stats
664752,2012-10-13,Morocco,Mozambique,cached_from_soccerbase_match_stats
665311,2012-10-13,Botswana,Mali,cached_from_soccerbase_match_stats
664747,2012-10-14,Angola,Zimbabwe,cached_from_soccerbase_match_stats
664751,2012-10-14,Cameroon,Cape Verde Is.,cached_from_soccerbase_match_stats
664754,2012-10-14,Niger,Guinea,cached_from_soccerbase_match_stats
664755,2012-10-14,Ethiopia,Sudan,cached_from_soccerbase_match_stats
664756,2012-10-14,Algeria,Libya,cached_from_soccerbase_match_stats
664758,2012-10-14,Eq Guinea,DR Congo,cached_from_soccerbase_match_stats
664759,2012-10-14,Togo,Gabon,cached_from_soccerbase_match_stats
664760,2012-10-14,Burkina Faso,Central Africa,cached_from_soccerbase_match_stats
647513,2012-10-16,Venezuela,Ecuador,cached_from_soccerbase_match_stats
647514,2012-10-16,Bolivia,Uruguay,cached_from_soccerbase_match_stats
647515,2012-10-16,Paraguay,Peru,cached_from_soccerbase_match_stats
647516,2012-10-16,Chile,Argentina,cached_from_soccerbase_match_stats
656743,2012-10-16,Iran,South Korea,cached_from_soccerbase_match_stats
656744,2012-10-16,Qatar,Uzbekistan,cached_from_soccerbase_match_stats
656757,2012-10-16,Iraq,Australia,cached_from_soccerbase_match_stats
656758,2012-10-16,Oman,Jordan,cached_from_soccerbase_match_stats
657300,2012-10-16,Belgium,Scotland,cached_from_soccerbase_match_stats
657303,2012-10-16,N Macedonia,Serbia,cached_from_soccerbase_match_stats
657304,2012-10-16,Ukraine,Montenegro,cached_from_soccerbase_match_stats
657306,2012-10-16,Faroe Islands,Ireland,cached_from_soccerbase_match_stats
657307,2012-10-16,Portugal,N Ireland,cached_from_soccerbase_match_stats
657318,2012-10-16,Andorra,Estonia,cached_from_soccerbase_match_stats
657322,2012-10-16,Austria,Kazakhstan,cached_from_soccerbase_match_stats
657328,2012-10-16,Spain,France,cached_from_soccerbase_match_stats
657330,2012-10-16,Hungary,Turkey,cached_from_soccerbase_match_stats
657339,2012-10-16,Romania,Netherlands,cached_from_soccerbase_match_stats
657343,2012-10-16,Belarus,Georgia,cached_from_soccerbase_match_stats
657357,2012-10-16,Cyprus,Norway,cached_from_soccerbase_match_stats
657358,2012-10-16,Russia,Azerbaijan,cached_from_soccerbase_match_stats
657379,2012-10-16,Slovakia,Greece,cached_from_soccerbase_match_stats
657404,2012-10-16,Bosnia-Hz.,Lithuania,cached_from_soccerbase_match_stats
657405,2012-10-16,San Marino,Moldova,cached_from_soccerbase_match_stats
657408,2012-10-16,Latvia,Liechtenstein,cached_from_soccerbase_match_stats
657417,2012-10-16,Czech Rep,Bulgaria,cached_from_soccerbase_match_stats
657418,2012-10-16,Italy,Denmark,cached_from_soccerbase_match_stats
657420,2012-10-16,Iceland,Switzerland,cached_from_soccerbase_match_stats
657423,2012-10-16,Germany,Sweden,cached_from_soccerbase_match_stats
657427,2012-10-16,Croatia,Wales,cached_from_soccerbase_match_stats
657434,2012-10-16,Albania,Slovenia,cached_from_soccerbase_match_stats
657438,2012-10-16,Israel,Luxembourg,cached_from_soccerbase_match_stats
664738,2012-10-16,New Zealand,Tahiti,cached_from_soccerbase_match_stats
664739,2012-10-16,New Caledonia,Soloman Islands,cached_from_soccerbase_match_stats
664519,2012-10-17,USA,Guatemala,cached_from_soccerbase_match_stats
664520,2012-10-17,Jamaica,Antigua & Barb,cached_from_soccerbase_match_stats
664525,2012-10-17,Costa Rica,Guyana,cached_from_soccerbase_match_stats
664526,2012-10-17,Mexico,El Salvador,cached_from_soccerbase_match_stats
664531,2012-10-17,Cuba,Panama,cached_from_soccerbase_match_stats
664532,2012-10-17,Honduras,Canada,cached_from_soccerbase_match_stats
665439,2012-10-17,Poland,England,cached_from_soccerbase_match_stats
656745,2012-11-14,Iran,Uzbekistan,cached_from_soccerbase_match_stats
656746,2012-11-14,Qatar,Lebanon,cached_from_soccerbase_match_stats
656759,2012-11-14,Iraq,Jordan,cached_from_soccerbase_match_stats
656760,2012-11-14,Oman,Japan,cached_from_soccerbase_match_stats
657382,2012-11-14,N Ireland,Azerbaijan,cached_from_soccerbase_match_stats
657421,2012-11-14,Montenegro,San Marino,cached_from_soccerbase_match_stats
666320,2013-01-19,Angola,Morocco,cached_from_soccerbase_match_stats
666324,2013-01-19,South Africa,Cape Verde Is.,cached_from_soccerbase_match_stats
666311,2013-01-20,Ghana,DR Congo,cached_from_soccerbase_match_stats
666318,2013-01-20,Mali,Niger,cached_from_soccerbase_match_stats
670436,2013-01-20,El Salvador,Panama,cached_from_soccerbase_match_stats
666319,2013-01-21,Nigeria,Burkina Faso,cached_from_soccerbase_match_stats
666329,2013-01-21,Zambia,Ethiopia,cached_from_soccerbase_match_stats
666316,2013-01-22,Tunisia,Algeria,cached_from_soccerbase_match_stats
666321,2013-01-22,Ivory Coast,Togo,cached_from_soccerbase_match_stats
666309,2013-01-23,Morocco,Cape Verde Is.,cached_from_soccerbase_match_stats
666313,2013-01-23,South Africa,Angola,cached_from_soccerbase_match_stats
666315,2013-01-24,Niger,DR Congo,cached_from_soccerbase_match_stats
666326,2013-01-24,Ghana,Mali,cached_from_soccerbase_match_stats
666322,2013-01-25,Burkina Faso,Ethiopia,cached_from_soccerbase_match_stats
666327,2013-01-25,Zambia,Nigeria,cached_from_soccerbase_match_stats
666323,2013-01-26,Algeria,Togo,cached_from_soccerbase_match_stats
666328,2013-01-26,Ivory Coast,Tunisia,cached_from_soccerbase_match_stats
666325,2013-01-27,Cape Verde Is.,Angola,cached_from_soccerbase_match_stats
666330,2013-01-27,South Africa,Morocco,cached_from_soccerbase_match_stats
666312,2013-01-28,Niger,Ghana,cached_from_soccerbase_match_stats
666314,2013-01-28,DR Congo,Mali,cached_from_soccerbase_match_stats
666307,2013-01-29,Burkina Faso,Zambia,cached_from_soccerbase_match_stats
666308,2013-01-29,Ethiopia,Nigeria,cached_from_soccerbase_match_stats
666317,2013-01-30,Togo,Tunisia,cached_from_soccerbase_match_stats
667557,2013-01-30,Algeria,Ivory Coast,cached_from_soccerbase_match_stats
667461,2013-02-02,South Africa,Mali,cached_from_soccerbase_match_stats
667560,2013-02-02,Ghana,Cape Verde Is.,cached_from_soccerbase_match_stats
667555,2013-02-03,Ivory Coast,Nigeria,cached_from_soccerbase_match_stats
667556,2013-02-03,Burkina Faso,Togo,cached_from_soccerbase_match_stats
667561,2013-02-06,Mali,Nigeria,cached_from_soccerbase_match_stats
667562,2013-02-06,Burkina Faso,Ghana,cached_from_soccerbase_match_stats
667597,2013-02-06,Honduras,USA,cached_from_soccerbase_match_stats
667598,2013-02-07,Mexico,Jamaica,cached_from_soccerbase_match_stats
667599,2013-02-07,Panama,Costa Rica,cached_from_soccerbase_match_stats
667661,2013-02-09,Mali,Ghana,cached_from_soccerbase_match_stats
667660,2013-02-10,Nigeria,Burkina Faso,cached_from_soccerbase_match_stats
657291,2013-03-22,N Macedonia,Belgium,cached_from_soccerbase_match_stats
657297,2013-03-22,Sweden,Ireland,cached_from_soccerbase_match_stats
657299,2013-03-22,Hungary,Romania,cached_from_soccerbase_match_stats
657302,2013-03-22,Netherlands,Estonia,cached_from_soccerbase_match_stats
657310,2013-03-22,Spain,Finland,cached_from_soccerbase_match_stats
657312,2013-03-22,Bosnia-Hz.,Greece,cached_from_soccerbase_match_stats
657319,2013-03-22,Liechtenstein,Latvia,cached_from_soccerbase_match_stats
657321,2013-03-22,Slovakia,Lithuania,cached_from_soccerbase_match_stats
657335,2013-03-22,Andorra,Turkey,cached_from_soccerbase_match_stats
657341,2013-03-22,Bulgaria,Malta,cached_from_soccerbase_match_stats
657353,2013-03-22,Kazakhstan,Germany,cached_from_soccerbase_match_stats
657356,2013-03-22,Poland,Ukraine,cached_from_soccerbase_match_stats
657360,2013-03-22,Luxembourg,Azerbaijan,cached_from_soccerbase_match_stats
657373,2013-03-22,Norway,Albania,cached_from_soccerbase_match_stats
657396,2013-03-22,France,Georgia,cached_from_soccerbase_match_stats
657397,2013-03-22,San Marino,England,cached_from_soccerbase_match_stats
657402,2013-03-22,Israel,Portugal,cached_from_soccerbase_match_stats
657407,2013-03-22,Moldova,Montenegro,cached_from_soccerbase_match_stats
657410,2013-03-22,Scotland,Wales,cached_from_soccerbase_match_stats
657419,2013-03-22,Slovenia,Iceland,cached_from_soccerbase_match_stats
657422,2013-03-22,Czech Rep,Denmark,cached_from_soccerbase_match_stats
657431,2013-03-22,Croatia,Serbia,cached_from_soccerbase_match_stats
657549,2013-03-22,Austria,Faroe Islands,cached_from_soccerbase_match_stats
664740,2013-03-22,New Zealand,New Caledonia,cached_from_soccerbase_match_stats
667648,2013-03-22,Honduras,Mexico,cached_from_soccerbase_match_stats
669289,2013-03-22,Colombia,Bolivia,cached_from_soccerbase_match_stats
669290,2013-03-22,Uruguay,Paraguay,cached_from_soccerbase_match_stats
657176,2013-03-23,South Africa,Central Africa,cached_from_soccerbase_match_stats
657188,2013-03-23,Tunisia,Sierra Leone,cached_from_soccerbase_match_stats
657198,2013-03-23,Ivory Coast,Gambia,cached_from_soccerbase_match_stats
657220,2013-03-23,Burkina Faso,Niger,cached_from_soccerbase_match_stats
657221,2013-03-23,Congo,Gabon,cached_from_soccerbase_match_stats
657229,2013-03-23,Nigeria,Kenya,cached_from_soccerbase_match_stats
657230,2013-03-23,Namibia,Malawi,cached_from_soccerbase_match_stats
657259,2013-03-23,Cameroon,Togo,cached_from_soccerbase_match_stats
657270,2013-03-23,Senegal,Angola,cached_from_soccerbase_match_stats
657290,2013-03-23,Cyprus,Switzerland,cached_from_soccerbase_match_stats
664741,2013-03-23,Tahiti,Soloman Islands,cached_from_soccerbase_match_stats
667626,2013-03-23,Jamaica,Panama,cached_from_soccerbase_match_stats
667649,2013-03-23,USA,Costa Rica,cached_from_soccerbase_match_stats
669291,2013-03-23,Argentina,Venezuela,cached_from_soccerbase_match_stats
669292,2013-03-23,Peru,Chile,cached_from_soccerbase_match_stats
657177,2013-03-24,Ethiopia,Botswana,cached_from_soccerbase_match_stats
657189,2013-03-24,Eq Guinea,Cape Verde Is.,cached_from_soccerbase_match_stats
657199,2013-03-24,Tanzania,Morocco,cached_from_soccerbase_match_stats
657209,2013-03-24,Ghana,Sudan,cached_from_soccerbase_match_stats
657210,2013-03-24,Lesotho,Zambia,cached_from_soccerbase_match_stats
657241,2013-03-24,Mozambique,Guinea,cached_from_soccerbase_match_stats
657249,2013-03-24,Rwanda,Mali,cached_from_soccerbase_match_stats
657260,2013-03-24,DR Congo,Libya,cached_from_soccerbase_match_stats
657271,2013-03-24,Liberia,Uganda,cached_from_soccerbase_match_stats
656747,2013-03-26,South Korea,Qatar,cached_from_soccerbase_match_stats
656748,2013-03-26,Uzbekistan,Lebanon,cached_from_soccerbase_match_stats
656761,2013-03-26,Australia,Oman,cached_from_soccerbase_match_stats
656762,2013-03-26,Jordan,Japan,cached_from_soccerbase_match_stats
657240,2013-03-26,Egypt,Zimbabwe,cached_from_soccerbase_match_stats
657248,2013-03-26,Algeria,Benin,cached_from_soccerbase_match_stats
657320,2013-03-26,Serbia,Scotland,cached_from_soccerbase_match_stats
657345,2013-03-26,Germany,Kazakhstan,cached_from_soccerbase_match_stats
657347,2013-03-26,Wales,Croatia,cached_from_soccerbase_match_stats
657388,2013-03-26,Ireland,Austria,cached_from_soccerbase_match_stats
657390,2013-03-26,France,Spain,cached_from_soccerbase_match_stats
657393,2013-03-26,N Ireland,Israel,cached_from_soccerbase_match_stats
657440,2013-03-26,Montenegro,England,cached_from_soccerbase_match_stats
657448,2013-03-26,Malta,Italy,cached_from_soccerbase_match_stats
664742,2013-03-26,Soloman Islands,New Zealand,cached_from_soccerbase_match_stats
664743,2013-03-26,New Caledonia,Tahiti,cached_from_soccerbase_match_stats
669300,2013-03-26,Bolivia,Argentina,cached_from_soccerbase_match_stats
669301,2013-03-26,Ecuador,Paraguay,cached_from_soccerbase_match_stats
669302,2013-03-26,Chile,Uruguay,cached_from_soccerbase_match_stats
669376,2013-03-26,Armenia,Czech Rep,cached_from_soccerbase_match_stats
669377,2013-03-26,Azerbaijan,Portugal,cached_from_soccerbase_match_stats
669378,2013-03-26,Estonia,Andorra,cached_from_soccerbase_match_stats
669379,2013-03-26,Turkey,Hungary,cached_from_soccerbase_match_stats
669380,2013-03-26,Ukraine,Moldova,cached_from_soccerbase_match_stats
669381,2013-03-26,Denmark,Bulgaria,cached_from_soccerbase_match_stats
669382,2013-03-26,Netherlands,Romania,cached_from_soccerbase_match_stats
669383,2013-03-26,Poland,San Marino,cached_from_soccerbase_match_stats
669384,2013-03-26,Belgium,N Macedonia,cached_from_soccerbase_match_stats
667617,2013-03-27,Costa Rica,Jamaica,cached_from_soccerbase_match_stats
667627,2013-03-27,Mexico,USA,cached_from_soccerbase_match_stats
667650,2013-03-27,Panama,Honduras,cached_from_soccerbase_match_stats
669288,2013-03-27,Venezuela,Colombia,cached_from_soccerbase_match_stats
656749,2013-06-04,Qatar,Iran,cached_from_soccerbase_match_stats
656750,2013-06-04,Lebanon,South Korea,cached_from_soccerbase_match_stats
656763,2013-06-04,Oman,Iraq,cached_from_soccerbase_match_stats
656764,2013-06-04,Japan,Australia,cached_from_soccerbase_match_stats
657231,2013-06-05,Malawi,Namibia,cached_from_soccerbase_match_stats
657232,2013-06-05,Kenya,Nigeria,cached_from_soccerbase_match_stats
667621,2013-06-05,Jamaica,Mexico,cached_from_soccerbase_match_stats
647525,2013-06-07,Argentina,Colombia,cached_from_soccerbase_match_stats
647526,2013-06-07,Bolivia,Venezuela,cached_from_soccerbase_match_stats
657212,2013-06-07,Sudan,Ghana,cached_from_soccerbase_match_stats
657261,2013-06-07,Libya,DR Congo,cached_from_soccerbase_match_stats
657326,2013-06-07,Iceland,Slovenia,cached_from_soccerbase_match_stats
657329,2013-06-07,Austria,Sweden,cached_from_soccerbase_match_stats
657359,2013-06-07,Moldova,Poland,cached_from_soccerbase_match_stats
657361,2013-06-07,Armenia,Malta,cached_from_soccerbase_match_stats
657367,2013-06-07,Liechtenstein,Slovakia,cached_from_soccerbase_match_stats
657375,2013-06-07,Ireland,Faroe Islands,cached_from_soccerbase_match_stats
657376,2013-06-07,Finland,Belarus,cached_from_soccerbase_match_stats
657378,2013-06-07,Albania,Norway,cached_from_soccerbase_match_stats
657406,2013-06-07,Croatia,Scotland,cached_from_soccerbase_match_stats
657413,2013-06-07,Azerbaijan,Luxembourg,cached_from_soccerbase_match_stats
657414,2013-06-07,Latvia,Bosnia-Hz.,cached_from_soccerbase_match_stats
657415,2013-06-07,Czech Rep,Italy,cached_from_soccerbase_match_stats
657428,2013-06-07,Lithuania,Greece,cached_from_soccerbase_match_stats
657435,2013-06-07,Montenegro,Ukraine,cached_from_soccerbase_match_stats
657444,2013-06-07,Belgium,Serbia,cached_from_soccerbase_match_stats
657447,2013-06-07,Portugal,Russia,cached_from_soccerbase_match_stats
647527,2013-06-08,Paraguay,Chile,cached_from_soccerbase_match_stats
647528,2013-06-08,Peru,Ecuador,cached_from_soccerbase_match_stats
657178,2013-06-08,Botswana,Ethiopia,cached_from_soccerbase_match_stats
657179,2013-06-08,Central Africa,South Africa,cached_from_soccerbase_match_stats
657190,2013-06-08,Cape Verde Is.,Eq Guinea,cached_from_soccerbase_match_stats
657191,2013-06-08,Sierra Leone,Tunisia,cached_from_soccerbase_match_stats
657200,2013-06-08,Morocco,Tanzania,cached_from_soccerbase_match_stats
657201,2013-06-08,Gambia,Ivory Coast,cached_from_soccerbase_match_stats
657211,2013-06-08,Zambia,Lesotho,cached_from_soccerbase_match_stats
657222,2013-06-08,Gabon,Congo,cached_from_soccerbase_match_stats
657272,2013-06-08,Uganda,Liberia,cached_from_soccerbase_match_stats
657273,2013-06-08,Angola,Senegal,cached_from_soccerbase_match_stats
667619,2013-06-08,Panama,Mexico,cached_from_soccerbase_match_stats
667623,2013-06-08,Jamaica,USA,cached_from_soccerbase_match_stats
667651,2013-06-08,Costa Rica,Honduras,cached_from_soccerbase_match_stats
669370,2013-06-08,Switzerland,Cyprus,cached_from_soccerbase_match_stats
657223,2013-06-09,Niger,Burkina Faso,cached_from_soccerbase_match_stats
657242,2013-06-09,Guinea,Mozambique,cached_from_soccerbase_match_stats
657243,2013-06-09,Zimbabwe,Egypt,cached_from_soccerbase_match_stats
657250,2013-06-09,Mali,Rwanda,cached_from_soccerbase_match_stats
657251,2013-06-09,Benin,Algeria,cached_from_soccerbase_match_stats
657262,2013-06-09,Togo,Cameroon,cached_from_soccerbase_match_stats
647529,2013-06-11,Ecuador,Argentina,cached_from_soccerbase_match_stats
647531,2013-06-11,Colombia,Peru,cached_from_soccerbase_match_stats
656751,2013-06-11,South Korea,Uzbekistan,cached_from_soccerbase_match_stats
656765,2013-06-11,Australia,Jordan,cached_from_soccerbase_match_stats
657305,2013-06-11,Belarus,Finland,cached_from_soccerbase_match_stats
657314,2013-06-11,Sweden,Faroe Islands,cached_from_soccerbase_match_stats
657384,2013-06-11,Denmark,Armenia,cached_from_soccerbase_match_stats
647530,2013-06-12,Venezuela,Uruguay,cached_from_soccerbase_match_stats
647532,2013-06-12,Chile,Bolivia,cached_from_soccerbase_match_stats
656752,2013-06-12,Iran,Lebanon,cached_from_soccerbase_match_stats
656766,2013-06-12,Iraq,Japan,cached_from_soccerbase_match_stats
657233,2013-06-12,Malawi,Kenya,cached_from_soccerbase_match_stats
657234,2013-06-12,Namibia,Nigeria,cached_from_soccerbase_match_stats
667614,2013-06-12,Honduras,Jamaica,cached_from_soccerbase_match_stats
667620,2013-06-12,Mexico,Costa Rica,cached_from_soccerbase_match_stats
667629,2013-06-12,USA,Panama,cached_from_soccerbase_match_stats
657263,2013-06-14,Libya,Togo,cached_from_soccerbase_match_stats
657180,2013-06-15,Botswana,Central Africa,cached_from_soccerbase_match_stats
657192,2013-06-15,Cape Verde Is.,Sierra Leone,cached_from_soccerbase_match_stats
657202,2013-06-15,Morocco,Gambia,cached_from_soccerbase_match_stats
657213,2013-06-15,Zambia,Sudan,cached_from_soccerbase_match_stats
657224,2013-06-15,Gabon,Niger,cached_from_soccerbase_match_stats
657274,2013-06-15,Uganda,Angola,cached_from_soccerbase_match_stats
670660,2013-06-15,Congo,Burkina Faso,cached_from_soccerbase_match_stats
657181,2013-06-16,Ethiopia,South Africa,cached_from_soccerbase_match_stats
657203,2013-06-16,Tanzania,Ivory Coast,cached_from_soccerbase_match_stats
657214,2013-06-16,Lesotho,Ghana,cached_from_soccerbase_match_stats
657244,2013-06-16,Guinea,Zimbabwe,cached_from_soccerbase_match_stats
657245,2013-06-16,Mozambique,Egypt,cached_from_soccerbase_match_stats
657252,2013-06-16,Mali,Benin,cached_from_soccerbase_match_stats
657253,2013-06-16,Rwanda,Algeria,cached_from_soccerbase_match_stats
657264,2013-06-16,DR Congo,Cameroon,cached_from_soccerbase_match_stats
670659,2013-06-16,Liberia,Senegal,cached_from_soccerbase_match_stats
656753,2013-06-18,South Korea,Iran,cached_from_soccerbase_match_stats
656754,2013-06-18,Uzbekistan,Qatar,cached_from_soccerbase_match_stats
656767,2013-06-18,Australia,Iraq,cached_from_soccerbase_match_stats
656768,2013-06-18,Jordan,Oman,cached_from_soccerbase_match_stats
667616,2013-06-19,USA,Honduras,cached_from_soccerbase_match_stats
667652,2013-06-19,Costa Rica,Panama,cached_from_soccerbase_match_stats
670040,2013-08-14,N Ireland,Russia,cached_from_soccerbase_match_stats
647534,2013-09-06,Paraguay,Bolivia,cached_from_soccerbase_match_stats
647536,2013-09-06,Colombia,Ecuador,cached_from_soccerbase_match_stats
657215,2013-09-06,Ghana,Zambia,cached_from_soccerbase_match_stats
657450,2013-09-06,Russia,Luxembourg,cached_from_soccerbase_match_stats
657451,2013-09-06,Bosnia-Hz.,Slovakia,cached_from_soccerbase_match_stats
657452,2013-09-06,Liechtenstein,Greece,cached_from_soccerbase_match_stats
657453,2013-09-06,Germany,Austria,cached_from_soccerbase_match_stats
657454,2013-09-06,N Ireland,Portugal,cached_from_soccerbase_match_stats
657456,2013-09-06,Slovenia,Albania,cached_from_soccerbase_match_stats
657457,2013-09-06,Ireland,Sweden,cached_from_soccerbase_match_stats
657458,2013-09-06,Malta,Denmark,cached_from_soccerbase_match_stats
657460,2013-09-06,Latvia,Lithuania,cached_from_soccerbase_match_stats
657461,2013-09-06,Poland,Montenegro,cached_from_soccerbase_match_stats
657462,2013-09-06,Finland,Spain,cached_from_soccerbase_match_stats
657463,2013-09-06,Georgia,France,cached_from_soccerbase_match_stats
657464,2013-09-06,Italy,Bulgaria,cached_from_soccerbase_match_stats
657465,2013-09-06,Ukraine,San Marino,cached_from_soccerbase_match_stats
657466,2013-09-06,Switzerland,Iceland,cached_from_soccerbase_match_stats
657467,2013-09-06,Kazakhstan,Faroe Islands,cached_from_soccerbase_match_stats
657468,2013-09-06,Czech Rep,Armenia,cached_from_soccerbase_match_stats
657469,2013-09-06,Turkey,Andorra,cached_from_soccerbase_match_stats
657470,2013-09-06,Scotland,Belgium,cached_from_soccerbase_match_stats
657471,2013-09-06,Serbia,Croatia,cached_from_soccerbase_match_stats
657472,2013-09-06,N Macedonia,Wales,cached_from_soccerbase_match_stats
657474,2013-09-06,Romania,Hungary,cached_from_soccerbase_match_stats
657475,2013-09-06,England,Moldova,cached_from_soccerbase_match_stats
683376,2013-09-06,Norway,Cyprus,cached_from_soccerbase_match_stats
683377,2013-09-06,Estonia,Netherlands,cached_from_soccerbase_match_stats
683556,2013-09-06,Jordan,Uzbekistan,cached_from_soccerbase_match_stats
647533,2013-09-07,Chile,Venezuela,cached_from_soccerbase_match_stats
647535,2013-09-07,Peru,Uruguay,cached_from_soccerbase_match_stats
657182,2013-09-07,South Africa,Botswana,cached_from_soccerbase_match_stats
657183,2013-09-07,Central Africa,Ethiopia,cached_from_soccerbase_match_stats
657195,2013-09-07,Sierra Leone,Eq Guinea,cached_from_soccerbase_match_stats
657204,2013-09-07,Ivory Coast,Morocco,cached_from_soccerbase_match_stats
657205,2013-09-07,Gambia,Tanzania,cached_from_soccerbase_match_stats
657226,2013-09-07,Burkina Faso,Gabon,cached_from_soccerbase_match_stats
657227,2013-09-07,Niger,Congo,cached_from_soccerbase_match_stats
657235,2013-09-07,Nigeria,Malawi,cached_from_soccerbase_match_stats
657276,2013-09-07,Senegal,Uganda,cached_from_soccerbase_match_stats
657277,2013-09-07,Angola,Liberia,cached_from_soccerbase_match_stats
657459,2013-09-07,Israel,Azerbaijan,cached_from_soccerbase_match_stats
667618,2013-09-07,Panama,Jamaica,cached_from_soccerbase_match_stats
667628,2013-09-07,Costa Rica,USA,cached_from_soccerbase_match_stats
667631,2013-09-07,Mexico,Honduras,cached_from_soccerbase_match_stats
657255,2013-09-08,Benin,Rwanda,cached_from_soccerbase_match_stats
683810,2013-09-08,Kenya,Namibia,cached_from_soccerbase_match_stats
683811,2013-09-08,Zimbabwe,Mozambique,cached_from_soccerbase_match_stats
683812,2013-09-08,Cameroon,Libya,cached_from_soccerbase_match_stats
683813,2013-09-08,Togo,DR Congo,cached_from_soccerbase_match_stats
683814,2013-09-08,Sudan,Lesotho,cached_from_soccerbase_match_stats
647538,2013-09-10,Bolivia,Ecuador,cached_from_soccerbase_match_stats
647540,2013-09-10,Uruguay,Colombia,cached_from_soccerbase_match_stats
657246,2013-09-10,Egypt,Guinea,cached_from_soccerbase_match_stats
657254,2013-09-10,Algeria,Mali,cached_from_soccerbase_match_stats
657476,2013-09-10,Ukraine,England,cached_from_soccerbase_match_stats
657477,2013-09-10,Iceland,Albania,cached_from_soccerbase_match_stats
657478,2013-09-10,Kazakhstan,Sweden,cached_from_soccerbase_match_stats
657479,2013-09-10,Lithuania,Liechtenstein,cached_from_soccerbase_match_stats
657480,2013-09-10,San Marino,Poland,cached_from_soccerbase_match_stats
657481,2013-09-10,Austria,Ireland,cached_from_soccerbase_match_stats
657482,2013-09-10,Cyprus,Slovenia,cached_from_soccerbase_match_stats
657484,2013-09-10,Russia,Israel,cached_from_soccerbase_match_stats
657485,2013-09-10,Slovakia,Bosnia-Hz.,cached_from_soccerbase_match_stats
657486,2013-09-10,Italy,Czech Rep,cached_from_soccerbase_match_stats
657487,2013-09-10,Georgia,Finland,cached_from_soccerbase_match_stats
657488,2013-09-10,Luxembourg,N Ireland,cached_from_soccerbase_match_stats
657489,2013-09-10,Belarus,France,cached_from_soccerbase_match_stats
657490,2013-09-10,Faroe Islands,Germany,cached_from_soccerbase_match_stats
657491,2013-09-10,Armenia,Denmark,cached_from_soccerbase_match_stats
657492,2013-09-10,Greece,Latvia,cached_from_soccerbase_match_stats
657493,2013-09-10,Malta,Bulgaria,cached_from_soccerbase_match_stats
657495,2013-09-10,Romania,Turkey,cached_from_soccerbase_match_stats
657496,2013-09-10,N Macedonia,Scotland,cached_from_soccerbase_match_stats
657497,2013-09-10,Hungary,Estonia,cached_from_soccerbase_match_stats
657498,2013-09-10,Wales,Serbia,cached_from_soccerbase_match_stats
683378,2013-09-10,Norway,Switzerland,cached_from_soccerbase_match_stats
683379,2013-09-10,Andorra,Netherlands,cached_from_soccerbase_match_stats
683615,2013-09-10,Uzbekistan,Jordan,cached_from_soccerbase_match_stats
647537,2013-09-11,Paraguay,Argentina,cached_from_soccerbase_match_stats
647539,2013-09-11,Venezuela,Peru,cached_from_soccerbase_match_stats
667622,2013-09-11,Jamaica,Costa Rica,cached_from_soccerbase_match_stats
667625,2013-09-11,USA,Mexico,cached_from_soccerbase_match_stats
683621,2013-09-11,Honduras,Panama,cached_from_soccerbase_match_stats
647542,2013-10-11,Venezuela,Paraguay,cached_from_soccerbase_match_stats
647543,2013-10-11,Ecuador,Uruguay,cached_from_soccerbase_match_stats
647544,2013-10-11,Colombia,Chile,cached_from_soccerbase_match_stats
657499,2013-10-11,Moldova,San Marino,cached_from_soccerbase_match_stats
657500,2013-10-11,Germany,Ireland,cached_from_soccerbase_match_stats
657501,2013-10-11,Albania,Switzerland,cached_from_soccerbase_match_stats
657502,2013-10-11,Armenia,Bulgaria,cached_from_soccerbase_match_stats
657503,2013-10-11,Luxembourg,Russia,cached_from_soccerbase_match_stats
657504,2013-10-11,Iceland,Cyprus,cached_from_soccerbase_match_stats
657505,2013-10-11,Portugal,Israel,cached_from_soccerbase_match_stats
657506,2013-10-11,Bosnia-Hz.,Liechtenstein,cached_from_soccerbase_match_stats
657507,2013-10-11,Greece,Slovakia,cached_from_soccerbase_match_stats
657508,2013-10-11,Azerbaijan,N Ireland,cached_from_soccerbase_match_stats
657509,2013-10-11,Denmark,Italy,cached_from_soccerbase_match_stats
657510,2013-10-11,Faroe Islands,Kazakhstan,cached_from_soccerbase_match_stats
657511,2013-10-11,Ukraine,Poland,cached_from_soccerbase_match_stats
657512,2013-10-11,Spain,Belarus,cached_from_soccerbase_match_stats
657513,2013-10-11,Slovenia,Norway,cached_from_soccerbase_match_stats
657514,2013-10-11,Sweden,Austria,cached_from_soccerbase_match_stats
657515,2013-10-11,Malta,Czech Rep,cached_from_soccerbase_match_stats
657516,2013-10-11,Lithuania,Latvia,cached_from_soccerbase_match_stats
657517,2013-10-11,Netherlands,Hungary,cached_from_soccerbase_match_stats
657518,2013-10-11,Estonia,Turkey,cached_from_soccerbase_match_stats
657519,2013-10-11,Andorra,Romania,cached_from_soccerbase_match_stats
657520,2013-10-11,Croatia,Belgium,cached_from_soccerbase_match_stats
657521,2013-10-11,Wales,N Macedonia,cached_from_soccerbase_match_stats
657522,2013-10-11,England,Montenegro,cached_from_soccerbase_match_stats
667613,2013-10-11,Honduras,Costa Rica,cached_from_soccerbase_match_stats
667654,2013-10-11,USA,Jamaica,cached_from_soccerbase_match_stats
647541,2013-10-12,Argentina,Peru,cached_from_soccerbase_match_stats
667655,2013-10-12,Mexico,Panama,cached_from_soccerbase_match_stats
684145,2013-10-12,Burkina Faso,Algeria,cached_from_soccerbase_match_stats
684147,2013-10-12,Ivory Coast,Senegal,cached_from_soccerbase_match_stats
684149,2013-10-13,Ethiopia,Nigeria,cached_from_soccerbase_match_stats
684151,2013-10-13,Tunisia,Cameroon,cached_from_soccerbase_match_stats
657523,2013-10-15,Switzerland,Slovenia,cached_from_soccerbase_match_stats
657524,2013-10-15,Sweden,Germany,cached_from_soccerbase_match_stats
657525,2013-10-15,Norway,Iceland,cached_from_soccerbase_match_stats
657526,2013-10-15,France,Finland,cached_from_soccerbase_match_stats
657527,2013-10-15,Latvia,Slovakia,cached_from_soccerbase_match_stats
657528,2013-10-15,Faroe Islands,Austria,cached_from_soccerbase_match_stats
657529,2013-10-15,Montenegro,Moldova,cached_from_soccerbase_match_stats
657530,2013-10-15,Cyprus,Albania,cached_from_soccerbase_match_stats
657531,2013-10-15,Ireland,Kazakhstan,cached_from_soccerbase_match_stats
657532,2013-10-15,Spain,Georgia,cached_from_soccerbase_match_stats
657533,2013-10-15,Azerbaijan,Russia,cached_from_soccerbase_match_stats
657534,2013-10-15,Italy,Armenia,cached_from_soccerbase_match_stats
657535,2013-10-15,Greece,Liechtenstein,cached_from_soccerbase_match_stats
657536,2013-10-15,Lithuania,Bosnia-Hz.,cached_from_soccerbase_match_stats
657537,2013-10-15,Bulgaria,Czech Rep,cached_from_soccerbase_match_stats
657538,2013-10-15,Denmark,Malta,cached_from_soccerbase_match_stats
657539,2013-10-15,Israel,N Ireland,cached_from_soccerbase_match_stats
657540,2013-10-15,San Marino,Ukraine,cached_from_soccerbase_match_stats
657541,2013-10-15,Portugal,Luxembourg,cached_from_soccerbase_match_stats
657542,2013-10-15,Serbia,N Macedonia,cached_from_soccerbase_match_stats
657543,2013-10-15,Belgium,Wales,cached_from_soccerbase_match_stats
657544,2013-10-15,Romania,Estonia,cached_from_soccerbase_match_stats
657545,2013-10-15,Hungary,Andorra,cached_from_soccerbase_match_stats
657546,2013-10-15,Turkey,Netherlands,cached_from_soccerbase_match_stats
657547,2013-10-15,Scotland,Croatia,cached_from_soccerbase_match_stats
657548,2013-10-15,England,Poland,cached_from_soccerbase_match_stats
667615,2013-10-15,Panama,USA,cached_from_soccerbase_match_stats
667624,2013-10-15,Jamaica,Honduras,cached_from_soccerbase_match_stats
667630,2013-10-15,Costa Rica,Mexico,cached_from_soccerbase_match_stats
684153,2013-10-15,Ghana,Egypt,cached_from_soccerbase_match_stats
647545,2013-10-16,Paraguay,Colombia,cached_from_soccerbase_match_stats
647546,2013-10-16,Peru,Bolivia,cached_from_soccerbase_match_stats
647547,2013-10-16,Uruguay,Argentina,cached_from_soccerbase_match_stats
647548,2013-10-16,Chile,Ecuador,cached_from_soccerbase_match_stats
684633,2013-11-13,Jordan,Uruguay,cached_from_soccerbase_match_stats
684637,2013-11-13,Mexico,New Zealand,cached_from_soccerbase_match_stats
684605,2013-11-15,Ukraine,France,cached_from_soccerbase_match_stats
684606,2013-11-15,Portugal,Sweden,cached_from_soccerbase_match_stats
684610,2013-11-15,Greece,Romania,cached_from_soccerbase_match_stats
684611,2013-11-15,Iceland,Croatia,cached_from_soccerbase_match_stats
685817,2013-11-16,Nigeria,Ethiopia,cached_from_soccerbase_match_stats
685818,2013-11-16,Senegal,Ivory Coast,cached_from_soccerbase_match_stats
685819,2013-11-17,Cameroon,Tunisia,cached_from_soccerbase_match_stats
684604,2013-11-19,France,Ukraine,cached_from_soccerbase_match_stats
684607,2013-11-19,Sweden,Portugal,cached_from_soccerbase_match_stats
684608,2013-11-19,Romania,Greece,cached_from_soccerbase_match_stats
684609,2013-11-19,Croatia,Iceland,cached_from_soccerbase_match_stats
685955,2013-11-19,Egypt,Ghana,cached_from_soccerbase_match_stats
685956,2013-11-19,Algeria,Burkina Faso,cached_from_soccerbase_match_stats
684634,2013-11-20,Uruguay,Jordan,cached_from_soccerbase_match_stats
684640,2013-11-20,New Zealand,Mexico,cached_from_soccerbase_match_stats
686893,2014-06-01,Germany,Cameroon,cached_from_soccerbase_match_stats
686906,2014-06-01,France,Paraguay,cached_from_soccerbase_match_stats
688225,2014-06-01,USA,Turkey,cached_from_soccerbase_match_stats
689128,2014-06-01,Sweden,Belgium,cached_from_soccerbase_match_stats
689162,2014-06-01,Panama,Serbia,cached_from_soccerbase_match_stats
704758,2014-06-01,Benin,Sao Tome & P,cached_from_soccerbase_match_stats
689132,2014-06-02,Honduras,Israel,cached_from_soccerbase_match_stats
687172,2014-06-03,Brazil,Panama,cached_from_soccerbase_match_stats
689148,2014-06-03,Costa Rica,Japan,cached_from_soccerbase_match_stats
689176,2014-06-03,Switzerland,Peru,cached_from_soccerbase_match_stats
689183,2014-06-03,Czech Rep,Austria,cached_from_soccerbase_match_stats
689394,2014-06-03,UAE,Georgia,cached_from_soccerbase_match_stats
686885,2014-06-04,Argentina,Trinidad,cached_from_soccerbase_match_stats
686904,2014-06-04,Ecuador,England,cached_from_soccerbase_match_stats
687017,2014-06-04,Netherlands,Wales,cached_from_soccerbase_match_stats
687119,2014-06-04,Mexico,Bosnia-Hz.,cached_from_soccerbase_match_stats
689135,2014-06-04,Algeria,Romania,cached_from_soccerbase_match_stats
689145,2014-06-04,Hungary,Albania,cached_from_soccerbase_match_stats
689150,2014-06-04,Greece,Nigeria,cached_from_soccerbase_match_stats
689153,2014-06-04,Iceland,Estonia,cached_from_soccerbase_match_stats
689180,2014-06-04,Italy,Luxembourg,cached_from_soccerbase_match_stats
689393,2014-06-04,Gibraltar,Malta,cached_from_soccerbase_match_stats
689402,2014-06-04,Jamaica,Egypt,cached_from_soccerbase_match_stats
686991,2014-06-05,Uruguay,Slovenia,cached_from_soccerbase_match_stats
688493,2014-06-05,Chile,N Ireland,cached_from_soccerbase_match_stats
689186,2014-06-05,El Salvador,Ivory Coast,cached_from_soccerbase_match_stats
686902,2014-06-06,Germany,Armenia,cached_from_soccerbase_match_stats
687166,2014-06-06,Brazil,Serbia,cached_from_soccerbase_match_stats
689144,2014-06-06,Poland,Lithuania,cached_from_soccerbase_match_stats
689178,2014-06-06,Russia,Morocco,cached_from_soccerbase_match_stats
686901,2014-06-07,England,Honduras,cached_from_soccerbase_match_stats
686907,2014-06-07,Argentina,Slovenia,cached_from_soccerbase_match_stats
687120,2014-06-07,Mexico,Portugal,cached_from_soccerbase_match_stats
688224,2014-06-07,USA,Nigeria,cached_from_soccerbase_match_stats
689133,2014-06-07,Hungary,Kazakhstan,cached_from_soccerbase_match_stats
689138,2014-06-07,El Salvador,Spain,cached_from_soccerbase_match_stats
689141,2014-06-07,Greece,Bolivia,cached_from_soccerbase_match_stats
689143,2014-06-07,Belgium,Tunisia,cached_from_soccerbase_match_stats
689149,2014-06-07,Estonia,Tajikistan,cached_from_soccerbase_match_stats
689158,2014-06-07,Costa Rica,Ireland,cached_from_soccerbase_match_stats
689165,2014-06-07,Japan,Zambia,cached_from_soccerbase_match_stats
689168,2014-06-07,Colombia,Jordan,cached_from_soccerbase_match_stats
689181,2014-06-07,Croatia,Australia,cached_from_soccerbase_match_stats
689422,2014-06-07,Cameroon,Moldova,cached_from_soccerbase_match_stats
687105,2014-06-08,France,Jamaica,cached_from_soccerbase_match_stats
689147,2014-06-08,Trinidad,Iran,cached_from_soccerbase_match_stats
689160,2014-06-08,San Marino,Albania,cached_from_soccerbase_match_stats
689174,2014-06-10,Ghana,South Korea,cached_from_soccerbase_match_stats
689124,2014-06-11,Ireland,Portugal,cached_from_soccerbase_match_stats
686427,2014-06-12,Brazil,Croatia,cached_from_soccerbase_match_stats
686385,2014-06-13,Chile,Australia,cached_from_soccerbase_match_stats
686389,2014-06-13,Spain,Netherlands,cached_from_soccerbase_match_stats
686403,2014-06-13,Mexico,Cameroon,cached_from_soccerbase_match_stats
686398,2014-06-14,England,Italy,cached_from_soccerbase_match_stats
686414,2014-06-14,Uruguay,Costa Rica,cached_from_soccerbase_match_stats
686422,2014-06-14,Colombia,Greece,cached_from_soccerbase_match_stats
686383,2014-06-15,Argentina,Bosnia-Hz.,cached_from_soccerbase_match_stats
686391,2014-06-15,Ivory Coast,Japan,cached_from_soccerbase_match_stats
686411,2014-06-15,Switzerland,Ecuador,cached_from_soccerbase_match_stats
686428,2014-06-15,France,Honduras,cached_from_soccerbase_match_stats
686395,2014-06-16,Iran,Nigeria,cached_from_soccerbase_match_stats
686416,2014-06-16,Germany,Portugal,cached_from_soccerbase_match_stats
686419,2014-06-16,Ghana,USA,cached_from_soccerbase_match_stats
686406,2014-06-17,Russia,South Korea,cached_from_soccerbase_match_stats
686408,2014-06-17,Brazil,Mexico,cached_from_soccerbase_match_stats
686424,2014-06-17,Belgium,Algeria,cached_from_soccerbase_match_stats
686381,2014-06-18,Spain,Chile,cached_from_soccerbase_match_stats
686415,2014-06-18,Cameroon,Croatia,cached_from_soccerbase_match_stats
686418,2014-06-18,Australia,Netherlands,cached_from_soccerbase_match_stats
703921,2014-06-18,China,N Macedonia,cached_from_soccerbase_match_stats
686399,2014-06-19,Colombia,Ivory Coast,cached_from_soccerbase_match_stats
686402,2014-06-19,Uruguay,England,cached_from_soccerbase_match_stats
686426,2014-06-19,Japan,Greece,cached_from_soccerbase_match_stats
686401,2014-06-20,Switzerland,France,cached_from_soccerbase_match_stats
686421,2014-06-20,Italy,Costa Rica,cached_from_soccerbase_match_stats
686425,2014-06-20,Honduras,Ecuador,cached_from_soccerbase_match_stats
686392,2014-06-21,Germany,Ghana,cached_from_soccerbase_match_stats
686404,2014-06-21,Argentina,Iran,cached_from_soccerbase_match_stats
686407,2014-06-21,Nigeria,Bosnia-Hz.,cached_from_soccerbase_match_stats
686386,2014-06-22,South Korea,Algeria,cached_from_soccerbase_match_stats
686396,2014-06-22,USA,Portugal,cached_from_soccerbase_match_stats
686409,2014-06-22,Belgium,Russia,cached_from_soccerbase_match_stats
703920,2014-06-22,China,N Macedonia,cached_from_soccerbase_match_stats
686384,2014-06-23,Australia,Spain,cached_from_soccerbase_match_stats
686390,2014-06-23,Croatia,Mexico,cached_from_soccerbase_match_stats
686400,2014-06-23,Netherlands,Chile,cached_from_soccerbase_match_stats
686413,2014-06-23,Brazil,Cameroon,cached_from_soccerbase_match_stats
686382,2014-06-24,Greece,Ivory Coast,cached_from_soccerbase_match_stats
686388,2014-06-24,Japan,Colombia,cached_from_soccerbase_match_stats
686397,2014-06-24,Italy,Uruguay,cached_from_soccerbase_match_stats
686410,2014-06-24,Costa Rica,England,cached_from_soccerbase_match_stats
686393,2014-06-25,Bosnia-Hz.,Iran,cached_from_soccerbase_match_stats
686412,2014-06-25,Ecuador,France,cached_from_soccerbase_match_stats
686417,2014-06-25,Nigeria,Argentina,cached_from_soccerbase_match_stats
686423,2014-06-25,Honduras,Switzerland,cached_from_soccerbase_match_stats
686387,2014-06-26,USA,Germany,cached_from_soccerbase_match_stats
686394,2014-06-26,Portugal,Ghana,cached_from_soccerbase_match_stats
686405,2014-06-26,Algeria,Russia,cached_from_soccerbase_match_stats
686420,2014-06-26,South Korea,Belgium,cached_from_soccerbase_match_stats
689446,2014-06-28,Brazil,Chile,cached_from_soccerbase_match_stats
689451,2014-06-28,Colombia,Uruguay,cached_from_soccerbase_match_stats
689447,2014-06-29,Netherlands,Mexico,cached_from_soccerbase_match_stats
689453,2014-06-29,Costa Rica,Greece,cached_from_soccerbase_match_stats
703919,2014-06-29,China,Mali,cached_from_soccerbase_match_stats
689454,2014-06-30,France,Nigeria,cached_from_soccerbase_match_stats
695358,2014-06-30,Germany,Algeria,cached_from_soccerbase_match_stats
689455,2014-07-01,Argentina,Switzerland,cached_from_soccerbase_match_stats
695359,2014-07-01,Belgium,USA,cached_from_soccerbase_match_stats
695403,2014-07-04,Brazil,Colombia,cached_from_soccerbase_match_stats
695567,2014-07-04,France,Germany,cached_from_soccerbase_match_stats
695533,2014-07-05,Netherlands,Costa Rica,cached_from_soccerbase_match_stats
696174,2014-07-05,Argentina,Belgium,cached_from_soccerbase_match_stats
696765,2014-07-08,Brazil,Germany,cached_from_soccerbase_match_stats
696766,2014-07-09,Netherlands,Argentina,cached_from_soccerbase_match_stats
697849,2014-07-12,Brazil,Netherlands,cached_from_soccerbase_match_stats
704824,2014-07-12,Rwanda,Gabon,cached_from_soccerbase_match_stats
697850,2014-07-13,Germany,Argentina,cached_from_soccerbase_match_stats
703931,2014-07-14,Qatar,Indonesia,cached_from_soccerbase_match_stats
704757,2014-07-20,Benin,Malawi,cached_from_soccerbase_match_stats
707346,2014-07-23,Guam,Mongolia,cached_from_soccerbase_match_stats
707345,2014-07-25,Guam,Northern Mariana Islands,cached_from_soccerbase_match_stats
704823,2014-07-27,Gabon,Rwanda,cached_from_soccerbase_match_stats
704756,2014-08-02,Malawi,Benin,cached_from_soccerbase_match_stats
704815,2014-08-03,Angola,Ethiopia,cached_from_soccerbase_match_stats
703934,2014-08-07,Peru,Panama,cached_from_soccerbase_match_stats
707353,2014-08-08,Tajikistan,Malaysia,cached_from_soccerbase_match_stats
703220,2014-08-12,Kazakhstan,Tajikistan,cached_from_soccerbase_match_stats
704765,2014-08-13,Angola,Botswana,cached_from_soccerbase_match_stats
703873,2014-08-20,Azerbaijan,Uzbekistan,cached_from_soccerbase_match_stats
704779,2014-08-21,Panama,Cuba,cached_from_soccerbase_match_stats
703869,2014-08-27,Norway,UAE,cached_from_soccerbase_match_stats
704848,2014-08-30,Egypt,Kenya,cached_from_soccerbase_match_stats
704858,2014-08-31,Zambia,Sudan,cached_from_soccerbase_match_stats
704837,2014-09-02,Niger,Uganda,cached_from_soccerbase_match_stats
703332,2014-09-03,England,Norway,cached_from_soccerbase_match_stats
703345,2014-09-03,Germany,Argentina,cached_from_soccerbase_match_stats
703538,2014-09-03,Ireland,Oman,cached_from_soccerbase_match_stats
703542,2014-09-03,Czech Rep,USA,cached_from_soccerbase_match_stats
703543,2014-09-03,Ukraine,Moldova,cached_from_soccerbase_match_stats
703545,2014-09-03,Russia,Azerbaijan,cached_from_soccerbase_match_stats
703546,2014-09-03,Denmark,Turkey,cached_from_soccerbase_match_stats
703876,2014-09-03,Myanmar,Palestine,cached_from_soccerbase_match_stats
703877,2014-09-03,Philippines,Taiwan,cached_from_soccerbase_match_stats
703878,2014-09-03,Lithuania,UAE,cached_from_soccerbase_match_stats
703879,2014-09-03,Latvia,Armenia,cached_from_soccerbase_match_stats
703930,2014-09-03,Morocco,Qatar,cached_from_soccerbase_match_stats
703330,2014-09-04,France,Spain,cached_from_soccerbase_match_stats
703339,2014-09-04,Belgium,Australia,cached_from_soccerbase_match_stats
703346,2014-09-04,Italy,Netherlands,cached_from_soccerbase_match_stats
703539,2014-09-04,Bosnia-Hz.,Liechtenstein,cached_from_soccerbase_match_stats
703540,2014-09-04,Slovakia,Malta,cached_from_soccerbase_match_stats
703541,2014-09-04,Croatia,Cyprus,cached_from_soccerbase_match_stats
703544,2014-09-04,Sweden,Estonia,cached_from_soccerbase_match_stats
703881,2014-09-04,Belarus,Tajikistan,cached_from_soccerbase_match_stats
703883,2014-09-04,China,Kuwait,cached_from_soccerbase_match_stats
703924,2014-09-04,Uzbekistan,Jordan,cached_from_soccerbase_match_stats
703933,2014-09-04,Iraq,Peru,cached_from_soccerbase_match_stats
704794,2014-09-04,Honduras,Belize,cached_from_soccerbase_match_stats
707361,2014-09-04,El Salvador,Guatemala,cached_from_soccerbase_match_stats
703327,2014-09-05,Japan,Uruguay,cached_from_soccerbase_match_stats
703875,2014-09-05,South Korea,Venezuela,cached_from_soccerbase_match_stats
703884,2014-09-05,Kazakhstan,Kyrgyzstan,cached_from_soccerbase_match_stats
703341,2014-09-06,Brazil,Colombia,cached_from_soccerbase_match_stats
703885,2014-09-06,Vietnam,Hong Kong,cached_from_soccerbase_match_stats
703886,2014-09-06,Singapore,Pap New Guinea,cached_from_soccerbase_match_stats
703887,2014-09-06,Palestine,Chinese Taipei,cached_from_soccerbase_match_stats
703888,2014-09-06,Philippines,Myanmar,cached_from_soccerbase_match_stats
688230,2014-09-07,Georgia,Ireland,cached_from_soccerbase_match_stats
688239,2014-09-07,Faroe Islands,Finland,cached_from_soccerbase_match_stats
688247,2014-09-07,Germany,Scotland,cached_from_soccerbase_match_stats
688248,2014-09-07,Gibraltar,Poland,cached_from_soccerbase_match_stats
688288,2014-09-07,Greece,Romania,cached_from_soccerbase_match_stats
688291,2014-09-07,Portugal,Albania,cached_from_soccerbase_match_stats
688317,2014-09-07,Denmark,Armenia,cached_from_soccerbase_match_stats
688324,2014-09-07,Hungary,N Ireland,cached_from_soccerbase_match_stats
703328,2014-09-07,Chile,Mexico,cached_from_soccerbase_match_stats
703336,2014-09-07,Serbia,France,cached_from_soccerbase_match_stats
703874,2014-09-07,Bolivia,Ecuador,cached_from_soccerbase_match_stats
703889,2014-09-07,Paraguay,UAE,cached_from_soccerbase_match_stats
703890,2014-09-07,Morocco,Libya,cached_from_soccerbase_match_stats
703912,2014-09-07,Kosovo,Oman,cached_from_soccerbase_match_stats
688244,2014-09-08,San Marino,Lithuania,cached_from_soccerbase_match_stats
688245,2014-09-08,Austria,Sweden,cached_from_soccerbase_match_stats
688246,2014-09-08,Estonia,Slovenia,cached_from_soccerbase_match_stats
688273,2014-09-08,Luxembourg,Belarus,cached_from_soccerbase_match_stats
688274,2014-09-08,Montenegro,Moldova,cached_from_soccerbase_match_stats
688279,2014-09-08,Ukraine,Slovakia,cached_from_soccerbase_match_stats
688289,2014-09-08,Switzerland,England,cached_from_soccerbase_match_stats
688301,2014-09-08,Spain,N Macedonia,cached_from_soccerbase_match_stats
688320,2014-09-08,Russia,Liechtenstein,cached_from_soccerbase_match_stats
703325,2014-09-08,South Korea,Uruguay,cached_from_soccerbase_match_stats
703362,2014-09-08,Saudi Arabia,Australia,cached_from_soccerbase_match_stats
703918,2014-09-08,Uzbekistan,New Zealand,cached_from_soccerbase_match_stats
704793,2014-09-08,Honduras,El Salvador,cached_from_soccerbase_match_stats
707360,2014-09-08,Guatemala,Belize,cached_from_soccerbase_match_stats
688276,2014-09-09,Andorra,Wales,cached_from_soccerbase_match_stats
688280,2014-09-09,Norway,Italy,cached_from_soccerbase_match_stats
688281,2014-09-09,Kazakhstan,Latvia,cached_from_soccerbase_match_stats
688285,2014-09-09,Czech Rep,Netherlands,cached_from_soccerbase_match_stats
688302,2014-09-09,Bosnia-Hz.,Cyprus,cached_from_soccerbase_match_stats
688306,2014-09-09,Croatia,Malta,cached_from_soccerbase_match_stats
688313,2014-09-09,Azerbaijan,Bulgaria,cached_from_soccerbase_match_stats
688315,2014-09-09,Iceland,Turkey,cached_from_soccerbase_match_stats
703913,2014-09-09,Japan,Venezuela,cached_from_soccerbase_match_stats
703914,2014-09-09,China,Jordan,cached_from_soccerbase_match_stats
703915,2014-09-09,Kuwait,Bahrain,cached_from_soccerbase_match_stats
703916,2014-09-09,Qatar,Peru,cached_from_soccerbase_match_stats
703335,2014-09-10,Mexico,Bolivia,cached_from_soccerbase_match_stats
703348,2014-09-10,Chile,Haiti,cached_from_soccerbase_match_stats
703352,2014-09-10,Brazil,Ecuador,cached_from_soccerbase_match_stats
703917,2014-09-10,Canada,Jamaica,cached_from_soccerbase_match_stats
704792,2014-09-11,Honduras,Guatemala,cached_from_soccerbase_match_stats
704791,2014-09-13,Honduras,Nicaragua,cached_from_soccerbase_match_stats
705888,2014-10-06,India,Palestine,cached_from_soccerbase_match_stats
688250,2014-10-09,Liechtenstein,Montenegro,cached_from_soccerbase_match_stats
688263,2014-10-09,Belarus,Ukraine,cached_from_soccerbase_match_stats
688269,2014-10-09,Moldova,Austria,cached_from_soccerbase_match_stats
688270,2014-10-09,Slovenia,Switzerland,cached_from_soccerbase_match_stats
688277,2014-10-09,Lithuania,Estonia,cached_from_soccerbase_match_stats
688283,2014-10-09,N Macedonia,Luxembourg,cached_from_soccerbase_match_stats
688318,2014-10-09,England,San Marino,cached_from_soccerbase_match_stats
688323,2014-10-09,Slovakia,Spain,cached_from_soccerbase_match_stats
688330,2014-10-09,Sweden,Russia,cached_from_soccerbase_match_stats
704753,2014-10-09,Morocco,Central Africa,cached_from_soccerbase_match_stats
688258,2014-10-10,Belgium,Andorra,cached_from_soccerbase_match_stats
688268,2014-10-10,Italy,Azerbaijan,cached_from_soccerbase_match_stats
688286,2014-10-10,Cyprus,Israel,cached_from_soccerbase_match_stats
688287,2014-10-10,Turkey,Czech Rep,cached_from_soccerbase_match_stats
688295,2014-10-10,Latvia,Iceland,cached_from_soccerbase_match_stats
688297,2014-10-10,Wales,Bosnia-Hz.,cached_from_soccerbase_match_stats
688299,2014-10-10,Bulgaria,Croatia,cached_from_soccerbase_match_stats
688305,2014-10-10,Netherlands,Kazakhstan,cached_from_soccerbase_match_stats
688311,2014-10-10,Malta,Norway,cached_from_soccerbase_match_stats
703350,2014-10-10,UAE,Australia,cached_from_soccerbase_match_stats
703536,2014-10-10,Saudi Arabia,Uruguay,cached_from_soccerbase_match_stats
704131,2014-10-10,Mexico,Honduras,cached_from_soccerbase_match_stats
704151,2014-10-10,Japan,Jamaica,cached_from_soccerbase_match_stats
704152,2014-10-10,South Korea,Paraguay,cached_from_soccerbase_match_stats
704264,2014-10-10,Jordan,Kuwait,cached_from_soccerbase_match_stats
704265,2014-10-10,Yemen,Iraq,cached_from_soccerbase_match_stats
704266,2014-10-10,Uzbekistan,Bahrain,cached_from_soccerbase_match_stats
704267,2014-10-10,Oman,Costa Rica,cached_from_soccerbase_match_stats
704775,2014-10-10,China,Thailand,cached_from_soccerbase_match_stats
688234,2014-10-11,Poland,Germany,cached_from_soccerbase_match_stats
688236,2014-10-11,N Ireland,Faroe Islands,cached_from_soccerbase_match_stats
688243,2014-10-11,Ireland,Gibraltar,cached_from_soccerbase_match_stats
688252,2014-10-11,Scotland,Georgia,cached_from_soccerbase_match_stats
688257,2014-10-11,Finland,Greece,cached_from_soccerbase_match_stats
688271,2014-10-11,Armenia,Serbia,cached_from_soccerbase_match_stats
688290,2014-10-11,Romania,Hungary,cached_from_soccerbase_match_stats
688303,2014-10-11,Albania,Denmark,cached_from_soccerbase_match_stats
703329,2014-10-11,France,Portugal,cached_from_soccerbase_match_stats
703337,2014-10-11,USA,Ecuador,cached_from_soccerbase_match_stats
703353,2014-10-11,Argentina,Brazil,cached_from_soccerbase_match_stats
704046,2014-10-11,Chile,Peru,cached_from_soccerbase_match_stats
704149,2014-10-11,Colombia,El Salvador,cached_from_soccerbase_match_stats
688232,2014-10-12,Russia,Moldova,cached_from_soccerbase_match_stats
688235,2014-10-12,Belarus,Slovakia,cached_from_soccerbase_match_stats
688242,2014-10-12,Estonia,England,cached_from_soccerbase_match_stats
688255,2014-10-12,Ukraine,N Macedonia,cached_from_soccerbase_match_stats
688293,2014-10-12,Austria,Montenegro,cached_from_soccerbase_match_stats
688312,2014-10-12,Sweden,Liechtenstein,cached_from_soccerbase_match_stats
688319,2014-10-12,Luxembourg,Spain,cached_from_soccerbase_match_stats
688327,2014-10-12,Lithuania,Slovenia,cached_from_soccerbase_match_stats
704130,2014-10-12,Mexico,Panama,cached_from_soccerbase_match_stats
704755,2014-10-12,Tanzania,Benin,cached_from_soccerbase_match_stats
705887,2014-10-12,Pakistan,Palestine,cached_from_soccerbase_match_stats
688228,2014-10-13,Latvia,Turkey,cached_from_soccerbase_match_stats
688231,2014-10-13,Iceland,Netherlands,cached_from_soccerbase_match_stats
688266,2014-10-13,Norway,Bulgaria,cached_from_soccerbase_match_stats
688267,2014-10-13,Wales,Cyprus,cached_from_soccerbase_match_stats
688278,2014-10-13,Kazakhstan,Czech Rep,cached_from_soccerbase_match_stats
688292,2014-10-13,Malta,Italy,cached_from_soccerbase_match_stats
688294,2014-10-13,Bosnia-Hz.,Belgium,cached_from_soccerbase_match_stats
688300,2014-10-13,Croatia,Azerbaijan,cached_from_soccerbase_match_stats
688322,2014-10-13,Andorra,Israel,cached_from_soccerbase_match_stats
703537,2014-10-13,Oman,Uruguay,cached_from_soccerbase_match_stats
704268,2014-10-13,Morocco,Kenya,cached_from_soccerbase_match_stats
704790,2014-10-13,Jordan,Kuwait,cached_from_soccerbase_match_stats
688237,2014-10-14,Gibraltar,Georgia,cached_from_soccerbase_match_stats
688251,2014-10-14,Serbia,Albania,cached_from_soccerbase_match_stats
688262,2014-10-14,Greece,N Ireland,cached_from_soccerbase_match_stats
688272,2014-10-14,Faroe Islands,Hungary,cached_from_soccerbase_match_stats
688275,2014-10-14,Finland,Romania,cached_from_soccerbase_match_stats
688298,2014-10-14,Germany,Ireland,cached_from_soccerbase_match_stats
688307,2014-10-14,San Marino,Switzerland,cached_from_soccerbase_match_stats
688314,2014-10-14,Poland,Scotland,cached_from_soccerbase_match_stats
688328,2014-10-14,Denmark,Portugal,cached_from_soccerbase_match_stats
703338,2014-10-14,Armenia,France,cached_from_soccerbase_match_stats
703342,2014-10-14,Brazil,Japan,cached_from_soccerbase_match_stats
703344,2014-10-14,Qatar,Australia,cached_from_soccerbase_match_stats
703349,2014-10-14,Hong Kong,Argentina,cached_from_soccerbase_match_stats
704269,2014-10-14,South Korea,Costa Rica,cached_from_soccerbase_match_stats
704284,2014-10-14,China,Paraguay,cached_from_soccerbase_match_stats
704786,2014-10-14,Bahrain,Iraq,cached_from_soccerbase_match_stats
705863,2014-10-14,UAE,Uzbekistan,cached_from_soccerbase_match_stats
760850,2014-10-14,Saudi Arabia,Lebanon,cached_from_soccerbase_match_stats
703868,2014-10-15,USA,Honduras,cached_from_soccerbase_match_stats
704045,2014-10-15,Chile,Bolivia,cached_from_soccerbase_match_stats
704129,2014-10-15,Canada,Colombia,cached_from_soccerbase_match_stats
704270,2014-10-15,El Salvador,Ecuador,cached_from_soccerbase_match_stats
704285,2014-10-15,Peru,Guatemala,cached_from_soccerbase_match_stats
704870,2014-10-15,Swaziland,Zimbabwe,cached_from_soccerbase_match_stats
704857,2014-10-25,Zambia,Ivory Coast,cached_from_soccerbase_match_stats
704789,2014-10-31,North Korea,Kuwait,cached_from_soccerbase_match_stats
705868,2014-11-02,Bahrain,North Korea,cached_from_soccerbase_match_stats
704788,2014-11-04,Kuwait,Yemen,cached_from_soccerbase_match_stats
705867,2014-11-06,Qatar,North Korea,cached_from_soccerbase_match_stats
705886,2014-11-06,Saudi Arabia,Palestine,cached_from_soccerbase_match_stats
705884,2014-11-07,Bahrain,Singapore,cached_from_soccerbase_match_stats
704811,2014-11-09,Uganda,Ethiopia,cached_from_soccerbase_match_stats
705885,2014-11-09,Vietnam,Palestine,cached_from_soccerbase_match_stats
703333,2014-11-12,Turkey,Brazil,cached_from_soccerbase_match_stats
704408,2014-11-12,Argentina,Croatia,cached_from_soccerbase_match_stats
704490,2014-11-12,Norway,Estonia,cached_from_soccerbase_match_stats
704491,2014-11-12,Netherlands,Mexico,cached_from_soccerbase_match_stats
704494,2014-11-12,Belgium,Iceland,cached_from_soccerbase_match_stats
707355,2014-11-12,Malaysia,Syria,cached_from_soccerbase_match_stats
704026,2014-11-13,Uruguay,Costa Rica,cached_from_soccerbase_match_stats
704754,2014-11-13,Morocco,Benin,cached_from_soccerbase_match_stats
705866,2014-11-13,North Korea,Hong Kong,cached_from_soccerbase_match_stats
707344,2014-11-13,Chinese Taipei,Guam,cached_from_soccerbase_match_stats
707351,2014-11-13,Singapore,Laos,cached_from_soccerbase_match_stats
707983,2014-11-13,Jamaica,Martinique,cached_from_soccerbase_match_stats
688238,2014-11-14,Germany,Gibraltar,cached_from_soccerbase_match_stats
688249,2014-11-14,Portugal,Armenia,cached_from_soccerbase_match_stats
688254,2014-11-14,Scotland,Ireland,cached_from_soccerbase_match_stats
688256,2014-11-14,Greece,Faroe Islands,cached_from_soccerbase_match_stats
688265,2014-11-14,Romania,N Ireland,cached_from_soccerbase_match_stats
688284,2014-11-14,Georgia,Poland,cached_from_soccerbase_match_stats
688309,2014-11-14,Hungary,Finland,cached_from_soccerbase_match_stats
688316,2014-11-14,Serbia,Denmark,cached_from_soccerbase_match_stats
703340,2014-11-14,France,Albania,cached_from_soccerbase_match_stats
704047,2014-11-14,Chile,Venezuela,cached_from_soccerbase_match_stats
704419,2014-11-14,Colombia,USA,cached_from_soccerbase_match_stats
704780,2014-11-14,Iraq,Kuwait,cached_from_soccerbase_match_stats
704781,2014-11-14,China,New Zealand,cached_from_soccerbase_match_stats
704783,2014-11-14,Japan,Honduras,cached_from_soccerbase_match_stats
704784,2014-11-14,Jordan,South Korea,cached_from_soccerbase_match_stats
704785,2014-11-14,Paraguay,Peru,cached_from_soccerbase_match_stats
705879,2014-11-14,UAE,Oman,cached_from_soccerbase_match_stats
688259,2014-11-15,San Marino,Estonia,cached_from_soccerbase_match_stats
688260,2014-11-15,Moldova,Liechtenstein,cached_from_soccerbase_match_stats
688261,2014-11-15,Switzerland,Lithuania,cached_from_soccerbase_match_stats
688264,2014-11-15,N Macedonia,Slovakia,cached_from_soccerbase_match_stats
688296,2014-11-15,Montenegro,Sweden,cached_from_soccerbase_match_stats
688308,2014-11-15,Spain,Belarus,cached_from_soccerbase_match_stats
688321,2014-11-15,England,Slovenia,cached_from_soccerbase_match_stats
688325,2014-11-15,Austria,Russia,cached_from_soccerbase_match_stats
688326,2014-11-15,Luxembourg,Ukraine,cached_from_soccerbase_match_stats
704782,2014-11-15,El Salvador,Panama,cached_from_soccerbase_match_stats
707354,2014-11-15,Indonesia,Syria,cached_from_soccerbase_match_stats
707982,2014-11-15,Jamaica,Antigua & Barb,cached_from_soccerbase_match_stats
688229,2014-11-16,Turkey,Kazakhstan,cached_from_soccerbase_match_stats
688233,2014-11-16,Azerbaijan,Norway,cached_from_soccerbase_match_stats
688240,2014-11-16,Cyprus,Andorra,cached_from_soccerbase_match_stats
688241,2014-11-16,Czech Rep,Iceland,cached_from_soccerbase_match_stats
688253,2014-11-16,Belgium,Wales,cached_from_soccerbase_match_stats
688304,2014-11-16,Bulgaria,Malta,cached_from_soccerbase_match_stats
688310,2014-11-16,Netherlands,Latvia,cached_from_soccerbase_match_stats
688329,2014-11-16,Israel,Bosnia-Hz.,cached_from_soccerbase_match_stats
688331,2014-11-16,Italy,Croatia,cached_from_soccerbase_match_stats
704869,2014-11-16,Morocco,Zimbabwe,cached_from_soccerbase_match_stats
705865,2014-11-16,Guam,North Korea,cached_from_soccerbase_match_stats
705881,2014-11-16,Yemen,Qatar,cached_from_soccerbase_match_stats
705852,2014-11-17,UAE,Kuwait,cached_from_soccerbase_match_stats
705858,2014-11-17,Iraq,Oman,cached_from_soccerbase_match_stats
707350,2014-11-17,Singapore,Cambodia,cached_from_soccerbase_match_stats
707981,2014-11-17,Jamaica,Haiti,cached_from_soccerbase_match_stats
703331,2014-11-18,Ireland,USA,cached_from_soccerbase_match_stats
703334,2014-11-18,Spain,Germany,cached_from_soccerbase_match_stats
704025,2014-11-18,Japan,Australia,cached_from_soccerbase_match_stats
704132,2014-11-18,Argentina,Portugal,cached_from_soccerbase_match_stats
704150,2014-11-18,Austria,Brazil,cached_from_soccerbase_match_stats
704484,2014-11-18,Greece,Serbia,cached_from_soccerbase_match_stats
704485,2014-11-18,Hungary,Russia,cached_from_soccerbase_match_stats
704486,2014-11-18,Poland,Switzerland,cached_from_soccerbase_match_stats
704487,2014-11-18,Slovakia,Finland,cached_from_soccerbase_match_stats
704488,2014-11-18,Romania,Denmark,cached_from_soccerbase_match_stats
704489,2014-11-18,Slovenia,Colombia,cached_from_soccerbase_match_stats
704492,2014-11-18,France,Sweden,cached_from_soccerbase_match_stats
704493,2014-11-18,Italy,Albania,cached_from_soccerbase_match_stats
704496,2014-11-18,Belarus,Mexico,cached_from_soccerbase_match_stats
704498,2014-11-18,Scotland,England,cached_from_soccerbase_match_stats
704972,2014-11-18,Estonia,Jordan,cached_from_soccerbase_match_stats
704974,2014-11-18,Thailand,New Zealand,cached_from_soccerbase_match_stats
704975,2014-11-18,China,Honduras,cached_from_soccerbase_match_stats
704976,2014-11-18,Iran,South Korea,cached_from_soccerbase_match_stats
704977,2014-11-18,Ukraine,Lithuania,cached_from_soccerbase_match_stats
704027,2014-11-19,Chile,Uruguay,cached_from_soccerbase_match_stats
704495,2014-11-19,Panama,Canada,cached_from_soccerbase_match_stats
704989,2014-11-19,Bolivia,Venezuela,cached_from_soccerbase_match_stats
704990,2014-11-19,Nicaragua,El Salvador,cached_from_soccerbase_match_stats
704991,2014-11-19,Peru,Paraguay,cached_from_soccerbase_match_stats
705864,2014-11-19,Chinese Taipei,North Korea,cached_from_soccerbase_match_stats
705880,2014-11-19,Bahrain,Qatar,cached_from_soccerbase_match_stats
707343,2014-11-19,Hong Kong,Guam,cached_from_soccerbase_match_stats
707980,2014-11-19,Jamaica,Trinidad,cached_from_soccerbase_match_stats
705850,2014-11-20,Kuwait,Oman,cached_from_soccerbase_match_stats
705878,2014-11-20,UAE,Iraq,cached_from_soccerbase_match_stats
705857,2014-11-23,Oman,Qatar,cached_from_soccerbase_match_stats
707349,2014-11-23,Singapore,Thailand,cached_from_soccerbase_match_stats
705856,2014-11-25,UAE,Oman,cached_from_soccerbase_match_stats
707348,2014-11-26,Myanmar,Singapore,cached_from_soccerbase_match_stats
707347,2014-11-29,Singapore,Malaysia,cached_from_soccerbase_match_stats
705101,2014-11-30,South Africa,Ivory Coast,cached_from_soccerbase_match_stats
705862,2014-12-13,Uzbekistan,Palestine,cached_from_soccerbase_match_stats
705876,2014-12-13,China,Kyrgyzstan,cached_from_soccerbase_match_stats
705875,2014-12-17,China,Kyrgyzstan,cached_from_soccerbase_match_stats
705861,2014-12-21,Uzbekistan,Jordan,cached_from_soccerbase_match_stats
705874,2014-12-21,China,Palestine,cached_from_soccerbase_match_stats
705851,2014-12-22,Iraq,Kuwait,cached_from_soccerbase_match_stats
705860,2014-12-25,Uzbekistan,Iraq,cached_from_soccerbase_match_stats
705693,2014-12-27,Qatar,Estonia,cached_from_soccerbase_match_stats
705859,2014-12-28,Uzbekistan,Iraq,cached_from_soccerbase_match_stats
705869,2014-12-30,Bahrain,Saudi Arabia,cached_from_soccerbase_match_stats
705877,2014-12-30,UAE,Jordan,cached_from_soccerbase_match_stats
705855,2014-12-31,Qatar,Oman,cached_from_soccerbase_match_stats
705854,2015-01-03,China,Oman,cached_from_soccerbase_match_stats
705853,2015-01-04,Saudi Arabia,South Korea,cached_from_soccerbase_match_stats
705882,2015-01-04,Iraq,Iran,cached_from_soccerbase_match_stats
705883,2015-01-04,Bahrain,Jordan,cached_from_soccerbase_match_stats
706034,2015-01-04,South Africa,Zambia,cached_from_soccerbase_match_stats
706035,2015-01-07,Cameroon,DR Congo,cached_from_soccerbase_match_stats
706042,2015-01-07,Cape Verde Is.,Eq Guinea,cached_from_soccerbase_match_stats
705810,2015-01-09,Australia,Kuwait,cached_from_soccerbase_match_stats
706050,2015-01-09,Senegal,Gabon,cached_from_soccerbase_match_stats
705811,2015-01-10,South Korea,Oman,cached_from_soccerbase_match_stats
705812,2015-01-10,Saudi Arabia,China,cached_from_soccerbase_match_stats
705813,2015-01-10,Uzbekistan,North Korea,cached_from_soccerbase_match_stats
706041,2015-01-10,Cape Verde Is.,Congo,cached_from_soccerbase_match_stats
706049,2015-01-10,Burkina Faso,Swaziland,cached_from_soccerbase_match_stats
706068,2015-01-10,Cameroon,South Africa,cached_from_soccerbase_match_stats
705814,2015-01-11,Iran,Bahrain,cached_from_soccerbase_match_stats
705815,2015-01-11,UAE,Qatar,cached_from_soccerbase_match_stats
706067,2015-01-11,Tunisia,Algeria,cached_from_soccerbase_match_stats
706095,2015-01-11,Nigeria,Ivory Coast,cached_from_soccerbase_match_stats
705816,2015-01-12,Japan,Palestine,cached_from_soccerbase_match_stats
705817,2015-01-12,Jordan,Iraq,cached_from_soccerbase_match_stats
705818,2015-01-13,Kuwait,South Korea,cached_from_soccerbase_match_stats
705819,2015-01-13,Oman,Australia,cached_from_soccerbase_match_stats
706053,2015-01-13,Senegal,Guinea,cached_from_soccerbase_match_stats
706059,2015-01-13,Botswana,Burkina Faso,cached_from_soccerbase_match_stats
705820,2015-01-14,China,Uzbekistan,cached_from_soccerbase_match_stats
705821,2015-01-14,North Korea,Saudi Arabia,cached_from_soccerbase_match_stats
706054,2015-01-14,Mali,South Africa,cached_from_soccerbase_match_stats
705822,2015-01-15,Bahrain,UAE,cached_from_soccerbase_match_stats
705823,2015-01-15,Qatar,Iran,cached_from_soccerbase_match_stats
706055,2015-01-15,Sweden,Ivory Coast,cached_from_soccerbase_match_stats
705824,2015-01-16,Iraq,Japan,cached_from_soccerbase_match_stats
705825,2015-01-16,Palestine,Jordan,cached_from_soccerbase_match_stats
706056,2015-01-16,Canada,Iceland,cached_from_soccerbase_match_stats
705147,2015-01-17,Eq Guinea,Congo,cached_from_soccerbase_match_stats
705148,2015-01-17,Burkina Faso,Gabon,cached_from_soccerbase_match_stats
705826,2015-01-17,Australia,South Korea,cached_from_soccerbase_match_stats
705827,2015-01-17,Oman,Kuwait,cached_from_soccerbase_match_stats
706057,2015-01-17,Nigeria,Yemen,cached_from_soccerbase_match_stats
705149,2015-01-18,Tunisia,Cape Verde Is.,cached_from_soccerbase_match_stats
705150,2015-01-18,Zambia,DR Congo,cached_from_soccerbase_match_stats
705828,2015-01-18,China,North Korea,cached_from_soccerbase_match_stats
705829,2015-01-18,Uzbekistan,Saudi Arabia,cached_from_soccerbase_match_stats
705151,2015-01-19,Algeria,South Africa,cached_from_soccerbase_match_stats
705152,2015-01-19,Ghana,Senegal,cached_from_soccerbase_match_stats
705830,2015-01-19,Iran,UAE,cached_from_soccerbase_match_stats
705831,2015-01-19,Qatar,Bahrain,cached_from_soccerbase_match_stats
706058,2015-01-19,Canada,Iceland,cached_from_soccerbase_match_stats
706085,2015-01-19,Sweden,Finland,cached_from_soccerbase_match_stats
705153,2015-01-20,Ivory Coast,Guinea,cached_from_soccerbase_match_stats
705154,2015-01-20,Mali,Cameroon,cached_from_soccerbase_match_stats
705832,2015-01-20,Iraq,Palestine,cached_from_soccerbase_match_stats
705833,2015-01-20,Japan,Jordan,cached_from_soccerbase_match_stats
705155,2015-01-21,Eq Guinea,Burkina Faso,cached_from_soccerbase_match_stats
705156,2015-01-21,Gabon,Congo,cached_from_soccerbase_match_stats
705157,2015-01-22,Cape Verde Is.,DR Congo,cached_from_soccerbase_match_stats
705158,2015-01-22,Zambia,Tunisia,cached_from_soccerbase_match_stats
705834,2015-01-22,South Korea,Uzbekistan,cached_from_soccerbase_match_stats
705835,2015-01-22,China,Australia,cached_from_soccerbase_match_stats
706086,2015-01-22,Finland,Yemen,cached_from_soccerbase_match_stats
705159,2015-01-23,Ghana,Algeria,cached_from_soccerbase_match_stats
705160,2015-01-23,South Africa,Senegal,cached_from_soccerbase_match_stats
705836,2015-01-23,Iran,Iraq,cached_from_soccerbase_match_stats
705837,2015-01-23,Japan,UAE,cached_from_soccerbase_match_stats
705161,2015-01-24,Cameroon,Guinea,cached_from_soccerbase_match_stats
705162,2015-01-24,Ivory Coast,Mali,cached_from_soccerbase_match_stats
705163,2015-01-25,Congo,Burkina Faso,cached_from_soccerbase_match_stats
705164,2015-01-25,Gabon,Eq Guinea,cached_from_soccerbase_match_stats
705165,2015-01-26,Cape Verde Is.,Zambia,cached_from_soccerbase_match_stats
705166,2015-01-26,DR Congo,Tunisia,cached_from_soccerbase_match_stats
705838,2015-01-26,South Korea,Iraq,cached_from_soccerbase_match_stats
705167,2015-01-27,Senegal,Algeria,cached_from_soccerbase_match_stats
705168,2015-01-27,South Africa,Ghana,cached_from_soccerbase_match_stats
705839,2015-01-27,Australia,UAE,cached_from_soccerbase_match_stats
705169,2015-01-28,Cameroon,Ivory Coast,cached_from_soccerbase_match_stats
705170,2015-01-28,Guinea,Mali,cached_from_soccerbase_match_stats
705357,2015-01-28,Chile,USA,cached_from_soccerbase_match_stats
705840,2015-01-30,Iraq,UAE,cached_from_soccerbase_match_stats
705241,2015-01-31,Congo,DR Congo,cached_from_soccerbase_match_stats
705242,2015-01-31,Tunisia,Eq Guinea,cached_from_soccerbase_match_stats
705841,2015-01-31,South Korea,Australia,cached_from_soccerbase_match_stats
705243,2015-02-01,Ghana,Guinea,cached_from_soccerbase_match_stats
705244,2015-02-01,Ivory Coast,Algeria,cached_from_soccerbase_match_stats
705237,2015-02-04,DR Congo,Ivory Coast,cached_from_soccerbase_match_stats
705238,2015-02-05,Ghana,Eq Guinea,cached_from_soccerbase_match_stats
707363,2015-02-05,Honduras,Venezuela,cached_from_soccerbase_match_stats
707335,2015-02-06,Pakistan,Afghanistan,cached_from_soccerbase_match_stats
705239,2015-02-07,DR Congo,Eq Guinea,cached_from_soccerbase_match_stats
706563,2015-02-07,Romania,Bulgaria,cached_from_soccerbase_match_stats
705240,2015-02-08,Ivory Coast,Ghana,cached_from_soccerbase_match_stats
706087,2015-02-08,USA,Panama,cached_from_soccerbase_match_stats
707362,2015-02-11,Venezuela,Honduras,cached_from_soccerbase_match_stats
707342,2015-02-18,Moldova,Kazakhstan,cached_from_soccerbase_match_stats
707032,2015-03-12,Cambodia,Macau,cached_from_soccerbase_match_stats
707033,2015-03-12,Chinese Taipei,Brunei,cached_from_soccerbase_match_stats
707034,2015-03-12,Sri Lanka,Bhutan,cached_from_soccerbase_match_stats
707047,2015-03-12,India,Nepal,cached_from_soccerbase_match_stats
707048,2015-03-12,Timor-Leste,Mongolia,cached_from_soccerbase_match_stats
707049,2015-03-12,Yemen,Pakistan,cached_from_soccerbase_match_stats
707035,2015-03-17,Bhutan,Sri Lanka,cached_from_soccerbase_match_stats
707036,2015-03-17,Brunei,Chinese Taipei,cached_from_soccerbase_match_stats
707037,2015-03-17,Macau,Cambodia,cached_from_soccerbase_match_stats
707060,2015-03-17,Mongolia,Timor-Leste,cached_from_soccerbase_match_stats
707061,2015-03-17,Nepal,India,cached_from_soccerbase_match_stats
706992,2015-03-22,Barbados,Virgin Isl. (US),cached_from_soccerbase_match_stats
707059,2015-03-23,Pakistan,Yemen,cached_from_soccerbase_match_stats
706993,2015-03-24,Nicaragua,Anguilla,cached_from_soccerbase_match_stats
706994,2015-03-24,St Kitts and Nev,Turks & Caicos,cached_from_soccerbase_match_stats
705352,2015-03-25,Germany,Australia,cached_from_soccerbase_match_stats
706088,2015-03-25,Denmark,USA,cached_from_soccerbase_match_stats
706995,2015-03-25,Bahamas,Bermuda,cached_from_soccerbase_match_stats
707253,2015-03-25,Georgia,Malta,cached_from_soccerbase_match_stats
707254,2015-03-25,Scotland,N Ireland,cached_from_soccerbase_match_stats
707262,2015-03-25,Indonesia,Cameroon,cached_from_soccerbase_match_stats
707285,2015-03-25,Mauritius,Burundi,cached_from_soccerbase_match_stats
707286,2015-03-25,Ghana,Namibia,cached_from_soccerbase_match_stats
707287,2015-03-25,Nigeria,Uganda,cached_from_soccerbase_match_stats
707288,2015-03-25,Swaziland,South Africa,cached_from_soccerbase_match_stats
707334,2015-03-25,Gabon,Mali,cached_from_soccerbase_match_stats
705135,2015-03-26,France,Brazil,cached_from_soccerbase_match_stats
706996,2015-03-26,Belize,Cayman Islands,cached_from_soccerbase_match_stats
706997,2015-03-26,Virgin Isl. (UK),Dominica,cached_from_soccerbase_match_stats
706998,2015-03-26,Turks & Caicos,St Kitts and Nev,cached_from_soccerbase_match_stats
706999,2015-03-26,Virgin Isl. (US),Barbados,cached_from_soccerbase_match_stats
707256,2015-03-26,Ivory Coast,Angola,cached_from_soccerbase_match_stats
707257,2015-03-26,Iran,Chile,cached_from_soccerbase_match_stats
707258,2015-03-26,Thailand,Singapore,cached_from_soccerbase_match_stats
707259,2015-03-26,Oman,Malaysia,cached_from_soccerbase_match_stats
707260,2015-03-26,Qatar,Algeria,cached_from_soccerbase_match_stats
707261,2015-03-26,Bahrain,Colombia,cached_from_soccerbase_match_stats
707352,2015-03-26,Maldives,Tajikistan,cached_from_soccerbase_match_stats
707356,2015-03-26,Jordan,Syria,cached_from_soccerbase_match_stats
707944,2015-03-26,Egypt,Eq Guinea,cached_from_soccerbase_match_stats
688332,2015-03-27,Liechtenstein,Austria,cached_from_soccerbase_match_stats
688333,2015-03-27,N Macedonia,Belarus,cached_from_soccerbase_match_stats
688334,2015-03-27,Slovenia,San Marino,cached_from_soccerbase_match_stats
688335,2015-03-27,England,Lithuania,cached_from_soccerbase_match_stats
688336,2015-03-27,Slovakia,Luxembourg,cached_from_soccerbase_match_stats
688337,2015-03-27,Moldova,Sweden,cached_from_soccerbase_match_stats
688338,2015-03-27,Switzerland,Estonia,cached_from_soccerbase_match_stats
688339,2015-03-27,Spain,Ukraine,cached_from_soccerbase_match_stats
688340,2015-03-27,Montenegro,Russia,cached_from_soccerbase_match_stats
706978,2015-03-27,Canada,Guatemala,cached_from_soccerbase_match_stats
707255,2015-03-27,Costa Rica,Paraguay,cached_from_soccerbase_match_stats
707263,2015-03-27,Japan,Tunisia,cached_from_soccerbase_match_stats
707264,2015-03-27,South Korea,Uzbekistan,cached_from_soccerbase_match_stats
707265,2015-03-27,China,Haiti,cached_from_soccerbase_match_stats
707266,2015-03-27,Trinidad,Panama,cached_from_soccerbase_match_stats
688341,2015-03-28,Kazakhstan,Iceland,cached_from_soccerbase_match_stats
688342,2015-03-28,Czech Rep,Latvia,cached_from_soccerbase_match_stats
688343,2015-03-28,Azerbaijan,Malta,cached_from_soccerbase_match_stats
688344,2015-03-28,Croatia,Norway,cached_from_soccerbase_match_stats
688345,2015-03-28,Israel,Wales,cached_from_soccerbase_match_stats
688346,2015-03-28,Andorra,Bosnia-Hz.,cached_from_soccerbase_match_stats
688347,2015-03-28,Belgium,Cyprus,cached_from_soccerbase_match_stats
688348,2015-03-28,Netherlands,Turkey,cached_from_soccerbase_match_stats
688349,2015-03-28,Bulgaria,Italy,cached_from_soccerbase_match_stats
706174,2015-03-28,Morocco,Uruguay,cached_from_soccerbase_match_stats
706416,2015-03-28,El Salvador,Argentina,cached_from_soccerbase_match_stats
707000,2015-03-28,Curacao,Montserrat,cached_from_soccerbase_match_stats
707267,2015-03-28,Jamaica,Venezuela,cached_from_soccerbase_match_stats
707268,2015-03-28,Hong Kong,Guam,cached_from_soccerbase_match_stats
707269,2015-03-28,Ghana,Senegal,cached_from_soccerbase_match_stats
707940,2015-03-28,Iraq,DR Congo,cached_from_soccerbase_match_stats
707949,2015-03-28,Mauritius,Togo,cached_from_soccerbase_match_stats
688350,2015-03-29,Georgia,Germany,cached_from_soccerbase_match_stats
688351,2015-03-29,Scotland,Gibraltar,cached_from_soccerbase_match_stats
688352,2015-03-29,Albania,Armenia,cached_from_soccerbase_match_stats
688353,2015-03-29,N Ireland,Finland,cached_from_soccerbase_match_stats
688354,2015-03-29,Romania,Faroe Islands,cached_from_soccerbase_match_stats
688355,2015-03-29,Portugal,Serbia,cached_from_soccerbase_match_stats
688356,2015-03-29,Ireland,Poland,cached_from_soccerbase_match_stats
688357,2015-03-29,Hungary,Greece,cached_from_soccerbase_match_stats
703351,2015-03-29,France,Denmark,cached_from_soccerbase_match_stats
706447,2015-03-29,Brazil,Chile,cached_from_soccerbase_match_stats
707001,2015-03-29,Anguilla,Nicaragua,cached_from_soccerbase_match_stats
707002,2015-03-29,Bermuda,Bahamas,cached_from_soccerbase_match_stats
707003,2015-03-29,Dominica,Virgin Isl. (UK),cached_from_soccerbase_match_stats
707270,2015-03-29,Mexico,Ecuador,cached_from_soccerbase_match_stats
707271,2015-03-29,South Africa,Nigeria,cached_from_soccerbase_match_stats
707272,2015-03-29,Ivory Coast,Eq Guinea,cached_from_soccerbase_match_stats
706983,2015-03-30,N Macedonia,Australia,cached_from_soccerbase_match_stats
707004,2015-03-30,Cayman Islands,Belize,cached_from_soccerbase_match_stats
707284,2015-03-30,Belarus,Gabon,cached_from_soccerbase_match_stats
707364,2015-03-30,Thailand,Cameroon,cached_from_soccerbase_match_stats
707365,2015-03-30,Oman,Algeria,cached_from_soccerbase_match_stats
707366,2015-03-30,Saudi Arabia,Jordan,cached_from_soccerbase_match_stats
707367,2015-03-30,Colombia,Kuwait,cached_from_soccerbase_match_stats
707368,2015-03-30,Qatar,Slovenia,cached_from_soccerbase_match_stats
707369,2015-03-30,Morocco,Burkina Faso,cached_from_soccerbase_match_stats
688282,2015-03-31,Israel,Belgium,cached_from_soccerbase_match_stats
704497,2015-03-31,Italy,England,cached_from_soccerbase_match_stats
706089,2015-03-31,Switzerland,USA,cached_from_soccerbase_match_stats
706979,2015-03-31,Canada,Puerto Rico,cached_from_soccerbase_match_stats
707005,2015-03-31,Montserrat,Curacao,cached_from_soccerbase_match_stats
707274,2015-03-31,Jamaica,Cuba,cached_from_soccerbase_match_stats
707275,2015-03-31,South Korea,New Zealand,cached_from_soccerbase_match_stats
707276,2015-03-31,Sweden,Iran,cached_from_soccerbase_match_stats
707277,2015-03-31,Austria,Bosnia-Hz.,cached_from_soccerbase_match_stats
707278,2015-03-31,Luxembourg,Turkey,cached_from_soccerbase_match_stats
707279,2015-03-31,Slovakia,Czech Rep,cached_from_soccerbase_match_stats
707280,2015-03-31,Netherlands,Spain,cached_from_soccerbase_match_stats
707281,2015-03-31,Portugal,Cape Verde Is.,cached_from_soccerbase_match_stats
707282,2015-03-31,Argentina,Ecuador,cached_from_soccerbase_match_stats
707322,2015-03-31,Japan,Uzbekistan,cached_from_soccerbase_match_stats
707323,2015-03-31,Singapore,Guam,cached_from_soccerbase_match_stats
707324,2015-03-31,China,Tunisia,cached_from_soccerbase_match_stats
707325,2015-03-31,Tajikistan,Syria,cached_from_soccerbase_match_stats
707326,2015-03-31,Liechtenstein,San Marino,cached_from_soccerbase_match_stats
707327,2015-03-31,Estonia,Iceland,cached_from_soccerbase_match_stats
707328,2015-03-31,Russia,Kazakhstan,cached_from_soccerbase_match_stats
707329,2015-03-31,Ukraine,Latvia,cached_from_soccerbase_match_stats
707330,2015-03-31,Ghana,Mali,cached_from_soccerbase_match_stats
707939,2015-03-31,Iraq,DR Congo,cached_from_soccerbase_match_stats
707320,2015-04-01,Mexico,Paraguay,cached_from_soccerbase_match_stats
707331,2015-04-01,Peru,Venezuela,cached_from_soccerbase_match_stats
707332,2015-04-01,Panama,Costa Rica,cached_from_soccerbase_match_stats
707333,2015-04-01,El Salvador,Guatemala,cached_from_soccerbase_match_stats
721897,2015-04-01,Ecuador,Argentina,cached_from_soccerbase_match_stats
706090,2015-04-16,USA,Mexico,cached_from_soccerbase_match_stats
723284,2015-05-11,Barbados,St Kitts and Nev,cached_from_soccerbase_match_stats
708038,2015-05-14,Lesotho,South Africa,cached_from_soccerbase_match_stats
708036,2015-05-16,Lesotho,South Africa,cached_from_soccerbase_match_stats
707504,2015-05-24,Thailand,Vietnam,cached_from_soccerbase_match_stats
708037,2015-05-24,South Africa,Botswana,cached_from_soccerbase_match_stats
707948,2015-05-25,Ghana,Madagascar,cached_from_soccerbase_match_stats
707947,2015-05-27,Zambia,Ghana,cached_from_soccerbase_match_stats
708035,2015-05-27,South Africa,Malawi,cached_from_soccerbase_match_stats
707914,2015-05-30,Mexico,Guatemala,cached_from_soccerbase_match_stats
707899,2015-05-31,Qatar,N Ireland,cached_from_soccerbase_match_stats
707943,2015-05-31,Honduras,El Salvador,cached_from_soccerbase_match_stats
707378,2015-06-08,Nicaragua,Surinam,cached_from_soccerbase_match_stats
707008,2015-06-10,St Vin & Gren,Guyana,cached_from_soccerbase_match_stats
707006,2015-06-11,Antigua & Barb,St Lucia,cached_from_soccerbase_match_stats
707376,2015-06-11,Curacao,Cuba,cached_from_soccerbase_match_stats
707386,2015-06-11,Aruba,Barbados,cached_from_soccerbase_match_stats
707388,2015-06-11,Dominican Rep,Belize,cached_from_soccerbase_match_stats
707412,2015-06-11,Bangladesh,Kyrgyzstan,cached_from_soccerbase_match_stats
707418,2015-06-11,Tajikistan,Jordan,cached_from_soccerbase_match_stats
707425,2015-06-11,Malaysia,Timor-Leste,cached_from_soccerbase_match_stats
707434,2015-06-11,Saudi Arabia,Palestine,cached_from_soccerbase_match_stats
707444,2015-06-11,Maldives,Qatar,cached_from_soccerbase_match_stats
707445,2015-06-11,Hong Kong,Bhutan,cached_from_soccerbase_match_stats
707464,2015-06-11,India,Oman,cached_from_soccerbase_match_stats
707465,2015-06-11,Guam,Turkmenistan,cached_from_soccerbase_match_stats
707484,2015-06-11,Afghanistan,Syria,cached_from_soccerbase_match_stats
707485,2015-06-11,Cambodia,Singapore,cached_from_soccerbase_match_stats
707505,2015-06-11,Chinese Taipei,Indonesia,cached_from_soccerbase_match_stats
707524,2015-06-11,Lebanon,Kuwait,cached_from_soccerbase_match_stats
707525,2015-06-11,Laos,Myanmar,cached_from_soccerbase_match_stats
707545,2015-06-11,Yemen,North Korea,cached_from_soccerbase_match_stats
688358,2015-06-12,Kazakhstan,Turkey,cached_from_soccerbase_match_stats
688359,2015-06-12,Norway,Azerbaijan,cached_from_soccerbase_match_stats
688360,2015-06-12,Andorra,Cyprus,cached_from_soccerbase_match_stats
688361,2015-06-12,Latvia,Netherlands,cached_from_soccerbase_match_stats
688362,2015-06-12,Croatia,Italy,cached_from_soccerbase_match_stats
688363,2015-06-12,Malta,Bulgaria,cached_from_soccerbase_match_stats
688364,2015-06-12,Iceland,Czech Rep,cached_from_soccerbase_match_stats
688365,2015-06-12,Wales,Belgium,cached_from_soccerbase_match_stats
688366,2015-06-12,Bosnia-Hz.,Israel,cached_from_soccerbase_match_stats
705171,2015-06-12,Chile,Ecuador,cached_from_soccerbase_match_stats
707379,2015-06-12,St Kitts and Nev,El Salvador,cached_from_soccerbase_match_stats
707380,2015-06-12,Dominica,Canada,cached_from_soccerbase_match_stats
688367,2015-06-13,Armenia,Portugal,cached_from_soccerbase_match_stats
688368,2015-06-13,Poland,Georgia,cached_from_soccerbase_match_stats
688369,2015-06-13,Finland,Hungary,cached_from_soccerbase_match_stats
688370,2015-06-13,Ireland,Scotland,cached_from_soccerbase_match_stats
688371,2015-06-13,Gibraltar,Germany,cached_from_soccerbase_match_stats
688372,2015-06-13,N Ireland,Romania,cached_from_soccerbase_match_stats
688373,2015-06-13,Faroe Islands,Greece,cached_from_soccerbase_match_stats
688374,2015-06-13,Denmark,Serbia,cached_from_soccerbase_match_stats
705172,2015-06-13,Argentina,Paraguay,cached_from_soccerbase_match_stats
705173,2015-06-13,Mexico,Bolivia,cached_from_soccerbase_match_stats
705174,2015-06-13,Uruguay,Jamaica,cached_from_soccerbase_match_stats
707007,2015-06-13,Puerto Rico,Grenada,cached_from_soccerbase_match_stats
707377,2015-06-13,Guatemala,Bermuda,cached_from_soccerbase_match_stats
688375,2015-06-14,Estonia,San Marino,cached_from_soccerbase_match_stats
688376,2015-06-14,Russia,Austria,cached_from_soccerbase_match_stats
688377,2015-06-14,Slovenia,England,cached_from_soccerbase_match_stats
688378,2015-06-14,Ukraine,Luxembourg,cached_from_soccerbase_match_stats
688379,2015-06-14,Liechtenstein,Moldova,cached_from_soccerbase_match_stats
688380,2015-06-14,Belarus,Spain,cached_from_soccerbase_match_stats
688381,2015-06-14,Sweden,Montenegro,cached_from_soccerbase_match_stats
688382,2015-06-14,Lithuania,Switzerland,cached_from_soccerbase_match_stats
688383,2015-06-14,Slovakia,N Macedonia,cached_from_soccerbase_match_stats
705175,2015-06-14,Brazil,Peru,cached_from_soccerbase_match_stats
705176,2015-06-14,Colombia,Venezuela,cached_from_soccerbase_match_stats
707383,2015-06-14,Cuba,Curacao,cached_from_soccerbase_match_stats
707389,2015-06-14,Belize,Dominican Rep,cached_from_soccerbase_match_stats
705177,2015-06-15,Ecuador,Bolivia,cached_from_soccerbase_match_stats
707010,2015-06-15,Guyana,St Vin & Gren,cached_from_soccerbase_match_stats
707011,2015-06-15,St Lucia,Antigua & Barb,cached_from_soccerbase_match_stats
707387,2015-06-15,Barbados,Aruba,cached_from_soccerbase_match_stats
705178,2015-06-16,Chile,Mexico,cached_from_soccerbase_match_stats
705179,2015-06-16,Paraguay,Jamaica,cached_from_soccerbase_match_stats
707009,2015-06-16,Grenada,Puerto Rico,cached_from_soccerbase_match_stats
707381,2015-06-16,Bermuda,Guatemala,cached_from_soccerbase_match_stats
707385,2015-06-16,Surinam,Nicaragua,cached_from_soccerbase_match_stats
707404,2015-06-16,Kyrgyzstan,Australia,cached_from_soccerbase_match_stats
707422,2015-06-16,Bangladesh,Tajikistan,cached_from_soccerbase_match_stats
707426,2015-06-16,Timor-Leste,UAE,cached_from_soccerbase_match_stats
707427,2015-06-16,Malaysia,Palestine,cached_from_soccerbase_match_stats
707446,2015-06-16,Bhutan,China,cached_from_soccerbase_match_stats
707447,2015-06-16,Hong Kong,Maldives,cached_from_soccerbase_match_stats
707466,2015-06-16,Turkmenistan,Iran,cached_from_soccerbase_match_stats
707467,2015-06-16,Guam,India,cached_from_soccerbase_match_stats
707487,2015-06-16,Cambodia,Afghanistan,cached_from_soccerbase_match_stats
707496,2015-06-16,Japan,Singapore,cached_from_soccerbase_match_stats
707506,2015-06-16,Indonesia,Iraq,cached_from_soccerbase_match_stats
707507,2015-06-16,Chinese Taipei,Thailand,cached_from_soccerbase_match_stats
707526,2015-06-16,Myanmar,South Korea,cached_from_soccerbase_match_stats
707527,2015-06-16,Laos,Lebanon,cached_from_soccerbase_match_stats
707546,2015-06-16,North Korea,Uzbekistan,cached_from_soccerbase_match_stats
707547,2015-06-16,Yemen,Philippines,cached_from_soccerbase_match_stats
705180,2015-06-17,Argentina,Uruguay,cached_from_soccerbase_match_stats
707382,2015-06-17,Canada,Dominica,cached_from_soccerbase_match_stats
707384,2015-06-17,El Salvador,St Kitts and Nev,cached_from_soccerbase_match_stats
705181,2015-06-18,Brazil,Colombia,cached_from_soccerbase_match_stats
705182,2015-06-19,Mexico,Ecuador,cached_from_soccerbase_match_stats
705183,2015-06-19,Peru,Venezuela,cached_from_soccerbase_match_stats
705184,2015-06-20,Argentina,Jamaica,cached_from_soccerbase_match_stats
705185,2015-06-20,Chile,Bolivia,cached_from_soccerbase_match_stats
705186,2015-06-20,Uruguay,Paraguay,cached_from_soccerbase_match_stats
705187,2015-06-21,Brazil,Venezuela,cached_from_soccerbase_match_stats
705188,2015-06-21,Colombia,Peru,cached_from_soccerbase_match_stats
705847,2015-06-25,Chile,Uruguay,cached_from_soccerbase_match_stats
705845,2015-06-26,Bolivia,Peru,cached_from_soccerbase_match_stats
705846,2015-06-27,Brazil,Paraguay,cached_from_soccerbase_match_stats
705848,2015-06-27,Argentina,Colombia,cached_from_soccerbase_match_stats
705842,2015-06-30,Chile,Peru,cached_from_soccerbase_match_stats
705843,2015-07-01,Argentina,Paraguay,cached_from_soccerbase_match_stats
705844,2015-07-04,Peru,Paraguay,cached_from_soccerbase_match_stats
705849,2015-07-04,Chile,Argentina,cached_from_soccerbase_match_stats
707050,2015-07-08,Panama,Haiti,cached_from_soccerbase_match_stats
707564,2015-07-08,USA,Honduras,cached_from_soccerbase_match_stats
707051,2015-07-09,Costa Rica,Jamaica,cached_from_soccerbase_match_stats
708016,2015-07-09,El Salvador,Canada,cached_from_soccerbase_match_stats
707052,2015-07-10,Mexico,Cuba,cached_from_soccerbase_match_stats
707565,2015-07-10,Honduras,Panama,cached_from_soccerbase_match_stats
708017,2015-07-10,Trinidad,Guatemala,cached_from_soccerbase_match_stats
707053,2015-07-11,Jamaica,Canada,cached_from_soccerbase_match_stats
708018,2015-07-11,USA,Haiti,cached_from_soccerbase_match_stats
707054,2015-07-12,Costa Rica,El Salvador,cached_from_soccerbase_match_stats
708019,2015-07-12,Trinidad,Cuba,cached_from_soccerbase_match_stats
707055,2015-07-13,Guatemala,Mexico,cached_from_soccerbase_match_stats
707056,2015-07-14,Haiti,Honduras,cached_from_soccerbase_match_stats
708020,2015-07-14,Jamaica,El Salvador,cached_from_soccerbase_match_stats
708021,2015-07-14,Panama,USA,cached_from_soccerbase_match_stats
707057,2015-07-15,Canada,Costa Rica,cached_from_soccerbase_match_stats
708022,2015-07-15,Cuba,Guatemala,cached_from_soccerbase_match_stats
707058,2015-07-16,Mexico,Trinidad,cached_from_soccerbase_match_stats
718772,2015-07-18,USA,Cuba,cached_from_soccerbase_match_stats
707954,2015-07-19,Haiti,Jamaica,cached_from_soccerbase_match_stats
718773,2015-07-19,Trinidad,Panama,cached_from_soccerbase_match_stats
708023,2015-07-20,Mexico,Costa Rica,cached_from_soccerbase_match_stats
707955,2015-07-22,USA,Jamaica,cached_from_soccerbase_match_stats
708024,2015-07-23,Panama,Mexico,cached_from_soccerbase_match_stats
707956,2015-07-25,USA,Panama,cached_from_soccerbase_match_stats
707957,2015-07-27,Jamaica,Mexico,cached_from_soccerbase_match_stats
722058,2015-08-31,Tonga,Cook Islands,cached_from_soccerbase_match_stats
722059,2015-08-31,Samoa,Am Samoa,cached_from_soccerbase_match_stats
722060,2015-09-02,Cook Islands,Samoa,cached_from_soccerbase_match_stats
722061,2015-09-02,Tonga,Am Samoa,cached_from_soccerbase_match_stats
688384,2015-09-03,Azerbaijan,Croatia,cached_from_soccerbase_match_stats
688385,2015-09-03,Turkey,Latvia,cached_from_soccerbase_match_stats
688386,2015-09-03,Cyprus,Wales,cached_from_soccerbase_match_stats
688387,2015-09-03,Belgium,Bosnia-Hz.,cached_from_soccerbase_match_stats
688388,2015-09-03,Netherlands,Iceland,cached_from_soccerbase_match_stats
688389,2015-09-03,Israel,Andorra,cached_from_soccerbase_match_stats
688390,2015-09-03,Italy,Malta,cached_from_soccerbase_match_stats
688391,2015-09-03,Bulgaria,Norway,cached_from_soccerbase_match_stats
688392,2015-09-03,Czech Rep,Kazakhstan,cached_from_soccerbase_match_stats
707405,2015-09-03,Australia,Bangladesh,cached_from_soccerbase_match_stats
707413,2015-09-03,Jordan,Kyrgyzstan,cached_from_soccerbase_match_stats
707428,2015-09-03,UAE,Malaysia,cached_from_soccerbase_match_stats
707429,2015-09-03,Saudi Arabia,Timor-Leste,cached_from_soccerbase_match_stats
707448,2015-09-03,China,Hong Kong,cached_from_soccerbase_match_stats
707449,2015-09-03,Qatar,Bhutan,cached_from_soccerbase_match_stats
707468,2015-09-03,Iran,Guam,cached_from_soccerbase_match_stats
707469,2015-09-03,Oman,Turkmenistan,cached_from_soccerbase_match_stats
707488,2015-09-03,Japan,Cambodia,cached_from_soccerbase_match_stats
707489,2015-09-03,Syria,Singapore,cached_from_soccerbase_match_stats
707508,2015-09-03,Iraq,Chinese Taipei,cached_from_soccerbase_match_stats
707509,2015-09-03,Vietnam,Indonesia,cached_from_soccerbase_match_stats
707528,2015-09-03,South Korea,Laos,cached_from_soccerbase_match_stats
707529,2015-09-03,Kuwait,Myanmar,cached_from_soccerbase_match_stats
707548,2015-09-03,Uzbekistan,Yemen,cached_from_soccerbase_match_stats
707549,2015-09-03,Bahrain,North Korea,cached_from_soccerbase_match_stats
688393,2015-09-04,Georgia,Scotland,cached_from_soccerbase_match_stats
688394,2015-09-04,Greece,Finland,cached_from_soccerbase_match_stats
688395,2015-09-04,Germany,Poland,cached_from_soccerbase_match_stats
688396,2015-09-04,Serbia,Armenia,cached_from_soccerbase_match_stats
688397,2015-09-04,Hungary,Romania,cached_from_soccerbase_match_stats
688398,2015-09-04,Denmark,Albania,cached_from_soccerbase_match_stats
688399,2015-09-04,Faroe Islands,N Ireland,cached_from_soccerbase_match_stats
688400,2015-09-04,Gibraltar,Ireland,cached_from_soccerbase_match_stats
721887,2015-09-04,Grenada,Haiti,cached_from_soccerbase_match_stats
721889,2015-09-04,St Vin & Gren,Aruba,cached_from_soccerbase_match_stats
722062,2015-09-04,Tonga,Samoa,cached_from_soccerbase_match_stats
722063,2015-09-04,Am Samoa,Cook Islands,cached_from_soccerbase_match_stats
688401,2015-09-05,Ukraine,Belarus,cached_from_soccerbase_match_stats
688402,2015-09-05,San Marino,England,cached_from_soccerbase_match_stats
688403,2015-09-05,Luxembourg,N Macedonia,cached_from_soccerbase_match_stats
688404,2015-09-05,Estonia,Lithuania,cached_from_soccerbase_match_stats
688405,2015-09-05,Russia,Sweden,cached_from_soccerbase_match_stats
688406,2015-09-05,Spain,Slovakia,cached_from_soccerbase_match_stats
688407,2015-09-05,Montenegro,Liechtenstein,cached_from_soccerbase_match_stats
688408,2015-09-05,Switzerland,Slovenia,cached_from_soccerbase_match_stats
688409,2015-09-05,Austria,Moldova,cached_from_soccerbase_match_stats
721475,2015-09-05,Antigua & Barb,Guatemala,cached_from_soccerbase_match_stats
721885,2015-09-05,Canada,Belize,cached_from_soccerbase_match_stats
721886,2015-09-05,Curacao,El Salvador,cached_from_soccerbase_match_stats
721888,2015-09-05,Jamaica,Nicaragua,cached_from_soccerbase_match_stats
688410,2015-09-06,Norway,Croatia,cached_from_soccerbase_match_stats
688411,2015-09-06,Wales,Israel,cached_from_soccerbase_match_stats
688412,2015-09-06,Turkey,Netherlands,cached_from_soccerbase_match_stats
688413,2015-09-06,Malta,Azerbaijan,cached_from_soccerbase_match_stats
688414,2015-09-06,Latvia,Czech Rep,cached_from_soccerbase_match_stats
688415,2015-09-06,Bosnia-Hz.,Andorra,cached_from_soccerbase_match_stats
688416,2015-09-06,Italy,Bulgaria,cached_from_soccerbase_match_stats
688417,2015-09-06,Cyprus,Belgium,cached_from_soccerbase_match_stats
688418,2015-09-06,Iceland,Kazakhstan,cached_from_soccerbase_match_stats
688419,2015-09-07,Armenia,Denmark,cached_from_soccerbase_match_stats
688420,2015-09-07,Ireland,Georgia,cached_from_soccerbase_match_stats
688421,2015-09-07,N Ireland,Hungary,cached_from_soccerbase_match_stats
688422,2015-09-07,Romania,Greece,cached_from_soccerbase_match_stats
688423,2015-09-07,Finland,Faroe Islands,cached_from_soccerbase_match_stats
688424,2015-09-07,Scotland,Germany,cached_from_soccerbase_match_stats
688425,2015-09-07,Poland,Gibraltar,cached_from_soccerbase_match_stats
688426,2015-09-07,Albania,Portugal,cached_from_soccerbase_match_stats
688427,2015-09-08,Sweden,Austria,cached_from_soccerbase_match_stats
688428,2015-09-08,Slovenia,Estonia,cached_from_soccerbase_match_stats
688429,2015-09-08,Belarus,Luxembourg,cached_from_soccerbase_match_stats
688430,2015-09-08,Liechtenstein,Russia,cached_from_soccerbase_match_stats
688431,2015-09-08,England,Switzerland,cached_from_soccerbase_match_stats
688432,2015-09-08,N Macedonia,Spain,cached_from_soccerbase_match_stats
688433,2015-09-08,Slovakia,Ukraine,cached_from_soccerbase_match_stats
688434,2015-09-08,Moldova,Montenegro,cached_from_soccerbase_match_stats
688435,2015-09-08,Lithuania,San Marino,cached_from_soccerbase_match_stats
707406,2015-09-08,Tajikistan,Australia,cached_from_soccerbase_match_stats
707419,2015-09-08,Bangladesh,Jordan,cached_from_soccerbase_match_stats
707430,2015-09-08,Malaysia,Saudi Arabia,cached_from_soccerbase_match_stats
707431,2015-09-08,Palestine,UAE,cached_from_soccerbase_match_stats
707450,2015-09-08,Hong Kong,Qatar,cached_from_soccerbase_match_stats
707470,2015-09-08,Guam,Oman,cached_from_soccerbase_match_stats
707471,2015-09-08,India,Iran,cached_from_soccerbase_match_stats
707490,2015-09-08,Cambodia,Syria,cached_from_soccerbase_match_stats
707491,2015-09-08,Afghanistan,Japan,cached_from_soccerbase_match_stats
707510,2015-09-08,Chinese Taipei,Vietnam,cached_from_soccerbase_match_stats
707511,2015-09-08,Thailand,Iraq,cached_from_soccerbase_match_stats
707530,2015-09-08,Laos,Kuwait,cached_from_soccerbase_match_stats
707531,2015-09-08,Lebanon,South Korea,cached_from_soccerbase_match_stats
707550,2015-09-08,Yemen,Bahrain,cached_from_soccerbase_match_stats
707551,2015-09-08,Philippines,Uzbekistan,cached_from_soccerbase_match_stats
721890,2015-09-09,Aruba,St Vin & Gren,cached_from_soccerbase_match_stats
721891,2015-09-09,Belize,Canada,cached_from_soccerbase_match_stats
721892,2015-09-09,El Salvador,Curacao,cached_from_soccerbase_match_stats
721893,2015-09-09,Guatemala,Antigua & Barb,cached_from_soccerbase_match_stats
721894,2015-09-09,Haiti,Grenada,cached_from_soccerbase_match_stats
721895,2015-09-09,Nicaragua,Jamaica,cached_from_soccerbase_match_stats
721329,2015-10-07,South Sudan,Mauritania,cached_from_soccerbase_match_stats
721333,2015-10-07,Comoros,Lesotho,cached_from_soccerbase_match_stats
721336,2015-10-07,Seychelles,Burundi,cached_from_soccerbase_match_stats
721339,2015-10-07,Mauritius,Kenya,cached_from_soccerbase_match_stats
721340,2015-10-07,Tanzania,Malawi,cached_from_soccerbase_match_stats
688436,2015-10-08,Georgia,Gibraltar,cached_from_soccerbase_match_stats
688437,2015-10-08,N Ireland,Greece,cached_from_soccerbase_match_stats
688438,2015-10-08,Hungary,Faroe Islands,cached_from_soccerbase_match_stats
688439,2015-10-08,Scotland,Poland,cached_from_soccerbase_match_stats
688440,2015-10-08,Portugal,Denmark,cached_from_soccerbase_match_stats
688441,2015-10-08,Ireland,Germany,cached_from_soccerbase_match_stats
688442,2015-10-08,Albania,Serbia,cached_from_soccerbase_match_stats
688443,2015-10-08,Romania,Finland,cached_from_soccerbase_match_stats
707407,2015-10-08,Jordan,Australia,cached_from_soccerbase_match_stats
707414,2015-10-08,Kyrgyzstan,Tajikistan,cached_from_soccerbase_match_stats
707432,2015-10-08,Timor-Leste,Palestine,cached_from_soccerbase_match_stats
707433,2015-10-08,Saudi Arabia,UAE,cached_from_soccerbase_match_stats
707452,2015-10-08,Bhutan,Maldives,cached_from_soccerbase_match_stats
707472,2015-10-08,Turkmenistan,India,cached_from_soccerbase_match_stats
707473,2015-10-08,Oman,Iran,cached_from_soccerbase_match_stats
707492,2015-10-08,Singapore,Afghanistan,cached_from_soccerbase_match_stats
707493,2015-10-08,Syria,Japan,cached_from_soccerbase_match_stats
707512,2015-10-08,Indonesia,Thailand,cached_from_soccerbase_match_stats
707513,2015-10-08,Vietnam,Iraq,cached_from_soccerbase_match_stats
707532,2015-10-08,Myanmar,Lebanon,cached_from_soccerbase_match_stats
707533,2015-10-08,Kuwait,South Korea,cached_from_soccerbase_match_stats
707552,2015-10-08,North Korea,Philippines,cached_from_soccerbase_match_stats
707553,2015-10-08,Bahrain,Uzbekistan,cached_from_soccerbase_match_stats
720599,2015-10-08,Colombia,Peru,cached_from_soccerbase_match_stats
720602,2015-10-08,Venezuela,Paraguay,cached_from_soccerbase_match_stats
720603,2015-10-08,Bolivia,Uruguay,cached_from_soccerbase_match_stats
721331,2015-10-08,Sao Tome & P,Ethiopia,cached_from_soccerbase_match_stats
721337,2015-10-08,Liberia,Guinea-Bissau,cached_from_soccerbase_match_stats
688444,2015-10-09,Switzerland,San Marino,cached_from_soccerbase_match_stats
688445,2015-10-09,N Macedonia,Ukraine,cached_from_soccerbase_match_stats
688446,2015-10-09,Slovenia,Lithuania,cached_from_soccerbase_match_stats
688447,2015-10-09,Montenegro,Austria,cached_from_soccerbase_match_stats
688448,2015-10-09,Slovakia,Belarus,cached_from_soccerbase_match_stats
688449,2015-10-09,England,Estonia,cached_from_soccerbase_match_stats
688450,2015-10-09,Spain,Luxembourg,cached_from_soccerbase_match_stats
688451,2015-10-09,Liechtenstein,Sweden,cached_from_soccerbase_match_stats
688452,2015-10-09,Moldova,Russia,cached_from_soccerbase_match_stats
720600,2015-10-09,Chile,Brazil,cached_from_soccerbase_match_stats
720601,2015-10-09,Argentina,Ecuador,cached_from_soccerbase_match_stats
721328,2015-10-09,Somalia,Niger,cached_from_soccerbase_match_stats
721330,2015-10-09,Gambia,Namibia,cached_from_soccerbase_match_stats
721334,2015-10-09,Djibouti,Swaziland,cached_from_soccerbase_match_stats
688453,2015-10-10,Kazakhstan,Netherlands,cached_from_soccerbase_match_stats
688454,2015-10-10,Azerbaijan,Italy,cached_from_soccerbase_match_stats
688455,2015-10-10,Iceland,Latvia,cached_from_soccerbase_match_stats
688456,2015-10-10,Norway,Malta,cached_from_soccerbase_match_stats
688457,2015-10-10,Croatia,Bulgaria,cached_from_soccerbase_match_stats
688458,2015-10-10,Bosnia-Hz.,Wales,cached_from_soccerbase_match_stats
688459,2015-10-10,Andorra,Belgium,cached_from_soccerbase_match_stats
688460,2015-10-10,Israel,Cyprus,cached_from_soccerbase_match_stats
688461,2015-10-10,Czech Rep,Turkey,cached_from_soccerbase_match_stats
721332,2015-10-10,Chad,Sierra Leone,cached_from_soccerbase_match_stats
721335,2015-10-10,Eritrea,Botswana,cached_from_soccerbase_match_stats
721338,2015-10-10,Cen Af Rep,Madagascar,cached_from_soccerbase_match_stats
688462,2015-10-11,Serbia,Portugal,cached_from_soccerbase_match_stats
688463,2015-10-11,Finland,N Ireland,cached_from_soccerbase_match_stats
688464,2015-10-11,Armenia,Albania,cached_from_soccerbase_match_stats
688465,2015-10-11,Greece,Hungary,cached_from_soccerbase_match_stats
688466,2015-10-11,Faroe Islands,Romania,cached_from_soccerbase_match_stats
688467,2015-10-11,Gibraltar,Scotland,cached_from_soccerbase_match_stats
688468,2015-10-11,Poland,Ireland,cached_from_soccerbase_match_stats
688469,2015-10-11,Germany,Georgia,cached_from_soccerbase_match_stats
721344,2015-10-11,Ethiopia,Sao Tome & P,cached_from_soccerbase_match_stats
721352,2015-10-11,Kenya,Mauritius,cached_from_soccerbase_match_stats
721353,2015-10-11,Malawi,Tanzania,cached_from_soccerbase_match_stats
688470,2015-10-12,Sweden,Moldova,cached_from_soccerbase_match_stats
688471,2015-10-12,Austria,Liechtenstein,cached_from_soccerbase_match_stats
688472,2015-10-12,Russia,Montenegro,cached_from_soccerbase_match_stats
688473,2015-10-12,Luxembourg,Slovakia,cached_from_soccerbase_match_stats
688474,2015-10-12,Estonia,Switzerland,cached_from_soccerbase_match_stats
688475,2015-10-12,San Marino,Slovenia,cached_from_soccerbase_match_stats
688476,2015-10-12,Lithuania,England,cached_from_soccerbase_match_stats
688477,2015-10-12,Ukraine,Spain,cached_from_soccerbase_match_stats
688478,2015-10-12,Belarus,N Macedonia,cached_from_soccerbase_match_stats
688479,2015-10-13,Bulgaria,Azerbaijan,cached_from_soccerbase_match_stats
688480,2015-10-13,Cyprus,Bosnia-Hz.,cached_from_soccerbase_match_stats
688481,2015-10-13,Latvia,Kazakhstan,cached_from_soccerbase_match_stats
688482,2015-10-13,Belgium,Israel,cached_from_soccerbase_match_stats
688483,2015-10-13,Italy,Norway,cached_from_soccerbase_match_stats
688484,2015-10-13,Netherlands,Czech Rep,cached_from_soccerbase_match_stats
688485,2015-10-13,Wales,Andorra,cached_from_soccerbase_match_stats
688486,2015-10-13,Malta,Croatia,cached_from_soccerbase_match_stats
688487,2015-10-13,Turkey,Iceland,cached_from_soccerbase_match_stats
707415,2015-10-13,Kyrgyzstan,Bangladesh,cached_from_soccerbase_match_stats
707420,2015-10-13,Jordan,Tajikistan,cached_from_soccerbase_match_stats
707435,2015-10-13,Timor-Leste,Malaysia,cached_from_soccerbase_match_stats
707454,2015-10-13,Qatar,Maldives,cached_from_soccerbase_match_stats
707455,2015-10-13,Bhutan,Hong Kong,cached_from_soccerbase_match_stats
707474,2015-10-13,Oman,India,cached_from_soccerbase_match_stats
707475,2015-10-13,Turkmenistan,Guam,cached_from_soccerbase_match_stats
707494,2015-10-13,Syria,Afghanistan,cached_from_soccerbase_match_stats
707495,2015-10-13,Singapore,Cambodia,cached_from_soccerbase_match_stats
707514,2015-10-13,Vietnam,Thailand,cached_from_soccerbase_match_stats
707515,2015-10-13,Indonesia,Chinese Taipei,cached_from_soccerbase_match_stats
707534,2015-10-13,Kuwait,Lebanon,cached_from_soccerbase_match_stats
707535,2015-10-13,Myanmar,Laos,cached_from_soccerbase_match_stats
707554,2015-10-13,Bahrain,Philippines,cached_from_soccerbase_match_stats
707555,2015-10-13,North Korea,Yemen,cached_from_soccerbase_match_stats
720606,2015-10-13,Ecuador,Bolivia,cached_from_soccerbase_match_stats
721341,2015-10-13,Niger,Somalia,cached_from_soccerbase_match_stats
721342,2015-10-13,Mauritania,South Sudan,cached_from_soccerbase_match_stats
721343,2015-10-13,Namibia,Gambia,cached_from_soccerbase_match_stats
721345,2015-10-13,Sierra Leone,Chad,cached_from_soccerbase_match_stats
721346,2015-10-13,Lesotho,Comoros,cached_from_soccerbase_match_stats
721348,2015-10-13,Botswana,Eritrea,cached_from_soccerbase_match_stats
721349,2015-10-13,Burundi,Seychelles,cached_from_soccerbase_match_stats
721350,2015-10-13,Guinea-Bissau,Liberia,cached_from_soccerbase_match_stats
721351,2015-10-13,Madagascar,Cen Af Rep,cached_from_soccerbase_match_stats
720604,2015-10-14,Paraguay,Argentina,cached_from_soccerbase_match_stats
720605,2015-10-14,Brazil,Venezuela,cached_from_soccerbase_match_stats
720607,2015-10-14,Peru,Chile,cached_from_soccerbase_match_stats
720608,2015-10-14,Uruguay,Colombia,cached_from_soccerbase_match_stats
721347,2015-10-17,Swaziland,Djibouti,cached_from_soccerbase_match_stats
707424,2015-11-09,Palestine,Saudi Arabia,cached_from_soccerbase_match_stats
721367,2015-11-11,Sudan,Zambia,cached_from_soccerbase_match_stats
721370,2015-11-11,Mozambique,Gabon,cached_from_soccerbase_match_stats
707408,2015-11-12,Australia,Kyrgyzstan,cached_from_soccerbase_match_stats
707423,2015-11-12,Tajikistan,Bangladesh,cached_from_soccerbase_match_stats
707436,2015-11-12,UAE,Timor-Leste,cached_from_soccerbase_match_stats
707437,2015-11-12,Palestine,Malaysia,cached_from_soccerbase_match_stats
707457,2015-11-12,Maldives,Hong Kong,cached_from_soccerbase_match_stats
707476,2015-11-12,Iran,Turkmenistan,cached_from_soccerbase_match_stats
707477,2015-11-12,India,Guam,cached_from_soccerbase_match_stats
707497,2015-11-12,Afghanistan,Cambodia,cached_from_soccerbase_match_stats
707516,2015-11-12,Iraq,Indonesia,cached_from_soccerbase_match_stats
707517,2015-11-12,Thailand,Chinese Taipei,cached_from_soccerbase_match_stats
707536,2015-11-12,South Korea,Myanmar,cached_from_soccerbase_match_stats
707537,2015-11-12,Lebanon,Laos,cached_from_soccerbase_match_stats
707556,2015-11-12,Uzbekistan,North Korea,cached_from_soccerbase_match_stats
707557,2015-11-12,Philippines,Yemen,cached_from_soccerbase_match_stats
721356,2015-11-12,Namibia,Guinea,cached_from_soccerbase_match_stats
721362,2015-11-12,Burundi,DR Congo,cached_from_soccerbase_match_stats
721369,2015-11-12,Morocco,Eq Guinea,cached_from_soccerbase_match_stats
721371,2015-11-12,Benin,Burkina Faso,cached_from_soccerbase_match_stats
721372,2015-11-12,Togo,Uganda,cached_from_soccerbase_match_stats
722925,2015-11-12,Norway,Hungary,cached_from_soccerbase_match_stats
723259,2015-11-12,Bolivia,Venezuela,cached_from_soccerbase_match_stats
723260,2015-11-12,Ecuador,Uruguay,cached_from_soccerbase_match_stats
723261,2015-11-12,Chile,Colombia,cached_from_soccerbase_match_stats
721354,2015-11-13,Niger,Cameroon,cached_from_soccerbase_match_stats
721355,2015-11-13,Mauritania,Tunisia,cached_from_soccerbase_match_stats
721359,2015-11-13,Comoros,Ghana,cached_from_soccerbase_match_stats
721360,2015-11-13,Swaziland,Nigeria,cached_from_soccerbase_match_stats
721363,2015-11-13,Liberia,Ivory Coast,cached_from_soccerbase_match_stats
721364,2015-11-13,Madagascar,Senegal,cached_from_soccerbase_match_stats
721365,2015-11-13,Kenya,Cape Verde Is.,cached_from_soccerbase_match_stats
721368,2015-11-13,Libya,Rwanda,cached_from_soccerbase_match_stats
721373,2015-11-13,Angola,South Africa,cached_from_soccerbase_match_stats
722926,2015-11-13,Bosnia-Hz.,Ireland,cached_from_soccerbase_match_stats
720613,2015-11-14,Peru,Paraguay,cached_from_soccerbase_match_stats
721357,2015-11-14,Ethiopia,Congo,cached_from_soccerbase_match_stats
721358,2015-11-14,Chad,Egypt,cached_from_soccerbase_match_stats
721361,2015-11-14,Botswana,Mali,cached_from_soccerbase_match_stats
721366,2015-11-14,Tanzania,Algeria,cached_from_soccerbase_match_stats
721390,2015-11-14,Gabon,Mozambique,cached_from_soccerbase_match_stats
722349,2015-11-14,Canada,Honduras,cached_from_soccerbase_match_stats
722350,2015-11-14,Costa Rica,Haiti,cached_from_soccerbase_match_stats
722351,2015-11-14,Guatemala,Trinidad,cached_from_soccerbase_match_stats
722697,2015-11-14,Jamaica,Panama,cached_from_soccerbase_match_stats
722698,2015-11-14,Mexico,El Salvador,cached_from_soccerbase_match_stats
722699,2015-11-14,USA,St Vin & Gren,cached_from_soccerbase_match_stats
722927,2015-11-14,Sweden,Denmark,cached_from_soccerbase_match_stats
722928,2015-11-14,Ukraine,Slovenia,cached_from_soccerbase_match_stats
723262,2015-11-14,Argentina,Brazil,cached_from_soccerbase_match_stats
721376,2015-11-15,Guinea,Namibia,cached_from_soccerbase_match_stats
721382,2015-11-15,DR Congo,Burundi,cached_from_soccerbase_match_stats
721387,2015-11-15,Zambia,Sudan,cached_from_soccerbase_match_stats
721389,2015-11-15,Eq Guinea,Morocco,cached_from_soccerbase_match_stats
721392,2015-11-15,Uganda,Togo,cached_from_soccerbase_match_stats
722929,2015-11-15,Hungary,Norway,cached_from_soccerbase_match_stats
722930,2015-11-16,Ireland,Bosnia-Hz.,cached_from_soccerbase_match_stats
707409,2015-11-17,Bangladesh,Australia,cached_from_soccerbase_match_stats
707416,2015-11-17,Kyrgyzstan,Jordan,cached_from_soccerbase_match_stats
707438,2015-11-17,Malaysia,UAE,cached_from_soccerbase_match_stats
707439,2015-11-17,Timor-Leste,Saudi Arabia,cached_from_soccerbase_match_stats
707459,2015-11-17,Bhutan,Qatar,cached_from_soccerbase_match_stats
707478,2015-11-17,Guam,Iran,cached_from_soccerbase_match_stats
707479,2015-11-17,Turkmenistan,Oman,cached_from_soccerbase_match_stats
707499,2015-11-17,Singapore,Syria,cached_from_soccerbase_match_stats
707518,2015-11-17,Chinese Taipei,Iraq,cached_from_soccerbase_match_stats
707519,2015-11-17,Indonesia,Vietnam,cached_from_soccerbase_match_stats
707538,2015-11-17,Laos,South Korea,cached_from_soccerbase_match_stats
707539,2015-11-17,Myanmar,Kuwait,cached_from_soccerbase_match_stats
707558,2015-11-17,Yemen,Uzbekistan,cached_from_soccerbase_match_stats
707559,2015-11-17,North Korea,Bahrain,cached_from_soccerbase_match_stats
720614,2015-11-17,Colombia,Argentina,cached_from_soccerbase_match_stats
720615,2015-11-17,Paraguay,Bolivia,cached_from_soccerbase_match_stats
720617,2015-11-17,Venezuela,Ecuador,cached_from_soccerbase_match_stats
720618,2015-11-17,Uruguay,Chile,cached_from_soccerbase_match_stats
721374,2015-11-17,Cameroon,Niger,cached_from_soccerbase_match_stats
721375,2015-11-17,Tunisia,Mauritania,cached_from_soccerbase_match_stats
721377,2015-11-17,Congo,Ethiopia,cached_from_soccerbase_match_stats
721378,2015-11-17,Egypt,Chad,cached_from_soccerbase_match_stats
721379,2015-11-17,Ghana,Comoros,cached_from_soccerbase_match_stats
721380,2015-11-17,Nigeria,Swaziland,cached_from_soccerbase_match_stats
721381,2015-11-17,Mali,Botswana,cached_from_soccerbase_match_stats
721383,2015-11-17,Ivory Coast,Liberia,cached_from_soccerbase_match_stats
721384,2015-11-17,Senegal,Madagascar,cached_from_soccerbase_match_stats
721385,2015-11-17,Cape Verde Is.,Kenya,cached_from_soccerbase_match_stats
721386,2015-11-17,Algeria,Tanzania,cached_from_soccerbase_match_stats
721388,2015-11-17,Rwanda,Libya,cached_from_soccerbase_match_stats
721391,2015-11-17,Burkina Faso,Benin,cached_from_soccerbase_match_stats
721393,2015-11-17,South Africa,Angola,cached_from_soccerbase_match_stats
722701,2015-11-17,Honduras,Mexico,cached_from_soccerbase_match_stats
722702,2015-11-17,St Vin & Gren,Guatemala,cached_from_soccerbase_match_stats
722703,2015-11-17,Trinidad,USA,cached_from_soccerbase_match_stats
722931,2015-11-17,Denmark,Sweden,cached_from_soccerbase_match_stats
722932,2015-11-17,Slovenia,Ukraine,cached_from_soccerbase_match_stats
720616,2015-11-18,Brazil,Peru,cached_from_soccerbase_match_stats
722700,2015-11-18,Haiti,Jamaica,cached_from_soccerbase_match_stats
722704,2015-11-18,El Salvador,Canada,cached_from_soccerbase_match_stats
722705,2015-11-18,Panama,Costa Rica,cached_from_soccerbase_match_stats
707410,2016-03-24,Australia,Tajikistan,cached_from_soccerbase_match_stats
707421,2016-03-24,Jordan,Bangladesh,cached_from_soccerbase_match_stats
707440,2016-03-24,Saudi Arabia,Malaysia,cached_from_soccerbase_match_stats
707441,2016-03-24,UAE,Palestine,cached_from_soccerbase_match_stats
707460,2016-03-24,Qatar,Hong Kong,cached_from_soccerbase_match_stats
707480,2016-03-24,Oman,Guam,cached_from_soccerbase_match_stats
707481,2016-03-24,Iran,India,cached_from_soccerbase_match_stats
707500,2016-03-24,Syria,Cambodia,cached_from_soccerbase_match_stats
707520,2016-03-24,Vietnam,Chinese Taipei,cached_from_soccerbase_match_stats
707521,2016-03-24,Iraq,Thailand,cached_from_soccerbase_match_stats
707540,2016-03-24,Kuwait,Laos,cached_from_soccerbase_match_stats
707541,2016-03-24,South Korea,Lebanon,cached_from_soccerbase_match_stats
707560,2016-03-24,Bahrain,Yemen,cached_from_soccerbase_match_stats
707561,2016-03-24,Uzbekistan,Philippines,cached_from_soccerbase_match_stats
720619,2016-03-24,Chile,Argentina,cached_from_soccerbase_match_stats
720621,2016-03-24,Ecuador,Paraguay,cached_from_soccerbase_match_stats
720622,2016-03-24,Bolivia,Colombia,cached_from_soccerbase_match_stats
720623,2016-03-25,Peru,Venezuela,cached_from_soccerbase_match_stats
722710,2016-03-25,St Vin & Gren,Trinidad,cached_from_soccerbase_match_stats
720620,2016-03-26,Brazil,Uruguay,cached_from_soccerbase_match_stats
722352,2016-03-26,Canada,Mexico,cached_from_soccerbase_match_stats
722706,2016-03-26,El Salvador,Honduras,cached_from_soccerbase_match_stats
722707,2016-03-26,Guatemala,USA,cached_from_soccerbase_match_stats
722708,2016-03-26,Haiti,Panama,cached_from_soccerbase_match_stats
722709,2016-03-26,Jamaica,Costa Rica,cached_from_soccerbase_match_stats
707411,2016-03-29,Australia,Jordan,cached_from_soccerbase_match_stats
707417,2016-03-29,Tajikistan,Kyrgyzstan,cached_from_soccerbase_match_stats
707442,2016-03-29,Palestine,Timor-Leste,cached_from_soccerbase_match_stats
707443,2016-03-29,UAE,Saudi Arabia,cached_from_soccerbase_match_stats
707462,2016-03-29,Maldives,Bhutan,cached_from_soccerbase_match_stats
707482,2016-03-29,India,Turkmenistan,cached_from_soccerbase_match_stats
707483,2016-03-29,Iran,Oman,cached_from_soccerbase_match_stats
707502,2016-03-29,Afghanistan,Singapore,cached_from_soccerbase_match_stats
707522,2016-03-29,Thailand,Indonesia,cached_from_soccerbase_match_stats
707523,2016-03-29,Iraq,Vietnam,cached_from_soccerbase_match_stats
707542,2016-03-29,Lebanon,Myanmar,cached_from_soccerbase_match_stats
707562,2016-03-29,Philippines,North Korea,cached_from_soccerbase_match_stats
707563,2016-03-29,Uzbekistan,Bahrain,cached_from_soccerbase_match_stats
720624,2016-03-29,Colombia,Ecuador,cached_from_soccerbase_match_stats
764870,2016-03-29,South Korea,Kuwait,cached_from_soccerbase_match_stats
720625,2016-03-30,Paraguay,Brazil,cached_from_soccerbase_match_stats
720626,2016-03-30,Argentina,Bolivia,cached_from_soccerbase_match_stats
720627,2016-03-30,Venezuela,Chile,cached_from_soccerbase_match_stats
720628,2016-03-30,Uruguay,Peru,cached_from_soccerbase_match_stats
722353,2016-03-30,Costa Rica,Jamaica,cached_from_soccerbase_match_stats
722711,2016-03-30,Honduras,El Salvador,cached_from_soccerbase_match_stats
722712,2016-03-30,Mexico,Canada,cached_from_soccerbase_match_stats
722713,2016-03-30,Panama,Haiti,cached_from_soccerbase_match_stats
722714,2016-03-30,Trinidad,St Vin & Gren,cached_from_soccerbase_match_stats
722715,2016-03-30,USA,Guatemala,cached_from_soccerbase_match_stats
724239,2016-05-28,New Zealand,Fiji,cached_from_soccerbase_match_stats
724240,2016-05-28,Vanuatu,Soloman Islands,cached_from_soccerbase_match_stats
724233,2016-05-29,Tahiti,Samoa,cached_from_soccerbase_match_stats
724234,2016-05-29,Pap New Guinea,New Caledonia,cached_from_soccerbase_match_stats
724241,2016-05-31,Vanuatu,New Zealand,cached_from_soccerbase_match_stats
724242,2016-05-31,Soloman Islands,Fiji,cached_from_soccerbase_match_stats
724235,2016-06-01,New Caledonia,Samoa,cached_from_soccerbase_match_stats
724236,2016-06-01,Pap New Guinea,Tahiti,cached_from_soccerbase_match_stats
724243,2016-06-04,New Zealand,Soloman Islands,cached_from_soccerbase_match_stats
724244,2016-06-04,Fiji,Vanuatu,cached_from_soccerbase_match_stats
724334,2016-06-04,USA,Colombia,cached_from_soccerbase_match_stats
724335,2016-06-04,Costa Rica,Paraguay,cached_from_soccerbase_match_stats
724237,2016-06-05,Tahiti,New Caledonia,cached_from_soccerbase_match_stats
724238,2016-06-05,Pap New Guinea,Samoa,cached_from_soccerbase_match_stats
724340,2016-06-05,Brazil,Ecuador,cached_from_soccerbase_match_stats
724341,2016-06-05,Haiti,Peru,cached_from_soccerbase_match_stats
724346,2016-06-05,Jamaica,Venezuela,cached_from_soccerbase_match_stats
724347,2016-06-06,Mexico,Uruguay,cached_from_soccerbase_match_stats
724360,2016-06-07,Argentina,Chile,cached_from_soccerbase_match_stats
724361,2016-06-07,Panama,Bolivia,cached_from_soccerbase_match_stats
724336,2016-06-08,USA,Costa Rica,cached_from_soccerbase_match_stats
724337,2016-06-08,Colombia,Paraguay,cached_from_soccerbase_match_stats
724342,2016-06-09,Brazil,Haiti,cached_from_soccerbase_match_stats
724343,2016-06-09,Ecuador,Peru,cached_from_soccerbase_match_stats
723434,2016-06-10,France,Romania,cached_from_soccerbase_match_stats
724348,2016-06-10,Mexico,Jamaica,cached_from_soccerbase_match_stats
724349,2016-06-10,Uruguay,Venezuela,cached_from_soccerbase_match_stats
723435,2016-06-11,Albania,Switzerland,cached_from_soccerbase_match_stats
723436,2016-06-11,Wales,Slovakia,cached_from_soccerbase_match_stats
723437,2016-06-11,England,Russia,cached_from_soccerbase_match_stats
724362,2016-06-11,Argentina,Panama,cached_from_soccerbase_match_stats
724363,2016-06-11,Chile,Bolivia,cached_from_soccerbase_match_stats
723438,2016-06-12,Turkey,Croatia,cached_from_soccerbase_match_stats
724338,2016-06-12,USA,Paraguay,cached_from_soccerbase_match_stats
724339,2016-06-12,Colombia,Costa Rica,cached_from_soccerbase_match_stats
724344,2016-06-12,Ecuador,Haiti,cached_from_soccerbase_match_stats
723441,2016-06-13,Spain,Czech Rep,cached_from_soccerbase_match_stats
723458,2016-06-13,Ireland,Sweden,cached_from_soccerbase_match_stats
723459,2016-06-13,Belgium,Italy,cached_from_soccerbase_match_stats
724345,2016-06-13,Brazil,Peru,cached_from_soccerbase_match_stats
723464,2016-06-14,Austria,Hungary,cached_from_soccerbase_match_stats
723465,2016-06-14,Portugal,Iceland,cached_from_soccerbase_match_stats
724350,2016-06-14,Mexico,Venezuela,cached_from_soccerbase_match_stats
724351,2016-06-14,Uruguay,Jamaica,cached_from_soccerbase_match_stats
723442,2016-06-15,Russia,Slovakia,cached_from_soccerbase_match_stats
723443,2016-06-15,Romania,Switzerland,cached_from_soccerbase_match_stats
723444,2016-06-15,France,Albania,cached_from_soccerbase_match_stats
724364,2016-06-15,Argentina,Bolivia,cached_from_soccerbase_match_stats
724365,2016-06-15,Chile,Panama,cached_from_soccerbase_match_stats
723445,2016-06-16,England,Wales,cached_from_soccerbase_match_stats
723448,2016-06-17,Czech Rep,Croatia,cached_from_soccerbase_match_stats
723449,2016-06-17,Spain,Turkey,cached_from_soccerbase_match_stats
723460,2016-06-17,Italy,Sweden,cached_from_soccerbase_match_stats
724352,2016-06-17,USA,Ecuador,cached_from_soccerbase_match_stats
723461,2016-06-18,Belgium,Ireland,cached_from_soccerbase_match_stats
723466,2016-06-18,Iceland,Hungary,cached_from_soccerbase_match_stats
723467,2016-06-18,Portugal,Austria,cached_from_soccerbase_match_stats
724353,2016-06-18,Peru,Colombia,cached_from_soccerbase_match_stats
723450,2016-06-19,Switzerland,France,cached_from_soccerbase_match_stats
723451,2016-06-19,Romania,Albania,cached_from_soccerbase_match_stats
724354,2016-06-19,Mexico,Chile,cached_from_soccerbase_match_stats
724355,2016-06-19,Argentina,Venezuela,cached_from_soccerbase_match_stats
723452,2016-06-20,Slovakia,England,cached_from_soccerbase_match_stats
723453,2016-06-20,Russia,Wales,cached_from_soccerbase_match_stats
723456,2016-06-21,Czech Rep,Turkey,cached_from_soccerbase_match_stats
723457,2016-06-21,Croatia,Spain,cached_from_soccerbase_match_stats
723462,2016-06-22,Italy,Ireland,cached_from_soccerbase_match_stats
723463,2016-06-22,Sweden,Belgium,cached_from_soccerbase_match_stats
723468,2016-06-22,Iceland,Austria,cached_from_soccerbase_match_stats
723469,2016-06-22,Hungary,Portugal,cached_from_soccerbase_match_stats
724356,2016-06-22,USA,Argentina,cached_from_soccerbase_match_stats
724357,2016-06-23,Colombia,Chile,cached_from_soccerbase_match_stats
723470,2016-06-25,Switzerland,Poland,cached_from_soccerbase_match_stats
723471,2016-06-25,Wales,N Ireland,cached_from_soccerbase_match_stats
723472,2016-06-25,Croatia,Portugal,cached_from_soccerbase_match_stats
723473,2016-06-26,France,Ireland,cached_from_soccerbase_match_stats
723474,2016-06-26,Germany,Slovakia,cached_from_soccerbase_match_stats
723475,2016-06-26,Hungary,Belgium,cached_from_soccerbase_match_stats
724358,2016-06-26,USA,Colombia,cached_from_soccerbase_match_stats
723476,2016-06-27,Italy,Spain,cached_from_soccerbase_match_stats
723477,2016-06-27,England,Iceland,cached_from_soccerbase_match_stats
724359,2016-06-27,Argentina,Chile,cached_from_soccerbase_match_stats
723478,2016-06-30,Poland,Portugal,cached_from_soccerbase_match_stats
723479,2016-07-01,Wales,Belgium,cached_from_soccerbase_match_stats
723480,2016-07-02,Germany,Italy,cached_from_soccerbase_match_stats
723481,2016-07-03,France,Iceland,cached_from_soccerbase_match_stats
723482,2016-07-06,Portugal,Wales,cached_from_soccerbase_match_stats
723483,2016-07-07,Germany,France,cached_from_soccerbase_match_stats
723484,2016-07-10,Portugal,France,cached_from_soccerbase_match_stats
763974,2016-08-11,Panama,Guatemala,cached_from_soccerbase_match_stats
741515,2016-08-24,Uzbekistan,Burkina Faso,cached_from_soccerbase_match_stats
760848,2016-08-24,Saudi Arabia,Laos,cached_from_soccerbase_match_stats
746596,2016-08-28,Dominican Rep,Puerto Rico,cached_from_soccerbase_match_stats
741489,2016-08-30,Egypt,Guinea,cached_from_soccerbase_match_stats
741529,2016-08-30,Uganda,Kenya,cached_from_soccerbase_match_stats
740355,2016-08-31,Czech Rep,Armenia,cached_from_soccerbase_match_stats
740487,2016-08-31,Denmark,Liechtenstein,cached_from_soccerbase_match_stats
740488,2016-08-31,Estonia,Malta,cached_from_soccerbase_match_stats
740489,2016-08-31,Germany,Finland,cached_from_soccerbase_match_stats
740490,2016-08-31,Ireland,Oman,cached_from_soccerbase_match_stats
740871,2016-08-31,Norway,Belarus,cached_from_soccerbase_match_stats
740872,2016-08-31,Turkey,Russia,cached_from_soccerbase_match_stats
740890,2016-08-31,Albania,Morocco,cached_from_soccerbase_match_stats
746595,2016-08-31,Puerto Rico,Dominican Rep,cached_from_soccerbase_match_stats
720629,2016-09-01,Colombia,Venezuela,cached_from_soccerbase_match_stats
720632,2016-09-01,Ecuador,Brazil,cached_from_soccerbase_match_stats
720633,2016-09-01,Bolivia,Peru,cached_from_soccerbase_match_stats
729650,2016-09-01,Australia,Iraq,cached_from_soccerbase_match_stats
729697,2016-09-01,Iran,Qatar,cached_from_soccerbase_match_stats
729698,2016-09-01,Japan,UAE,cached_from_soccerbase_match_stats
729699,2016-09-01,South Korea,China,cached_from_soccerbase_match_stats
729700,2016-09-01,Saudi Arabia,Thailand,cached_from_soccerbase_match_stats
729701,2016-09-01,Uzbekistan,Syria,cached_from_soccerbase_match_stats
740356,2016-09-01,Portugal,Gibraltar,cached_from_soccerbase_match_stats
740491,2016-09-01,Belgium,Spain,cached_from_soccerbase_match_stats
740492,2016-09-01,Italy,France,cached_from_soccerbase_match_stats
740493,2016-09-01,Netherlands,Greece,cached_from_soccerbase_match_stats
720630,2016-09-02,Paraguay,Chile,cached_from_soccerbase_match_stats
720631,2016-09-02,Argentina,Uruguay,cached_from_soccerbase_match_stats
722717,2016-09-02,Honduras,Canada,cached_from_soccerbase_match_stats
722719,2016-09-02,St Vin & Gren,USA,cached_from_soccerbase_match_stats
740494,2016-09-02,Latvia,Luxembourg,cached_from_soccerbase_match_stats
741510,2016-09-02,Sudan,Gabon,cached_from_soccerbase_match_stats
722354,2016-09-03,El Salvador,Mexico,cached_from_soccerbase_match_stats
722716,2016-09-03,Haiti,Costa Rica,cached_from_soccerbase_match_stats
722718,2016-09-03,Panama,Jamaica,cached_from_soccerbase_match_stats
722720,2016-09-03,Trinidad,Guatemala,cached_from_soccerbase_match_stats
745682,2016-09-03,Ivory Coast,Sierra Leone,cached_from_soccerbase_match_stats
746594,2016-09-03,India,Puerto Rico,cached_from_soccerbase_match_stats
720669,2016-09-04,Denmark,Armenia,cached_from_soccerbase_match_stats
720670,2016-09-04,Kazakhstan,Poland,cached_from_soccerbase_match_stats
720671,2016-09-04,San Marino,Azerbaijan,cached_from_soccerbase_match_stats
720672,2016-09-04,Slovakia,England,cached_from_soccerbase_match_stats
720673,2016-09-04,Lithuania,Slovenia,cached_from_soccerbase_match_stats
720674,2016-09-04,Malta,Scotland,cached_from_soccerbase_match_stats
720675,2016-09-04,Czech Rep,N Ireland,cached_from_soccerbase_match_stats
720676,2016-09-04,Norway,Germany,cached_from_soccerbase_match_stats
720677,2016-09-04,Romania,Montenegro,cached_from_soccerbase_match_stats
741528,2016-09-04,Uganda,Comoros,cached_from_soccerbase_match_stats
745635,2016-09-04,Niger,Burundi,cached_from_soccerbase_match_stats
745663,2016-09-04,Malawi,Swaziland,cached_from_soccerbase_match_stats
720678,2016-09-05,Georgia,Austria,cached_from_soccerbase_match_stats
720679,2016-09-05,Spain,Liechtenstein,cached_from_soccerbase_match_stats
720681,2016-09-05,Israel,Italy,cached_from_soccerbase_match_stats
720682,2016-09-05,Croatia,Turkey,cached_from_soccerbase_match_stats
720683,2016-09-05,Ukraine,Iceland,cached_from_soccerbase_match_stats
720684,2016-09-05,Wales,Moldova,cached_from_soccerbase_match_stats
720685,2016-09-05,Serbia,Ireland,cached_from_soccerbase_match_stats
731966,2016-09-05,Finland,Kosovo,cached_from_soccerbase_match_stats
720680,2016-09-06,Albania,N Macedonia,cached_from_soccerbase_match_stats
720686,2016-09-06,Bulgaria,Luxembourg,cached_from_soccerbase_match_stats
720687,2016-09-06,Sweden,Netherlands,cached_from_soccerbase_match_stats
720688,2016-09-06,Belarus,France,cached_from_soccerbase_match_stats
720689,2016-09-06,Switzerland,Portugal,cached_from_soccerbase_match_stats
720690,2016-09-06,Faroe Islands,Hungary,cached_from_soccerbase_match_stats
720691,2016-09-06,Andorra,Latvia,cached_from_soccerbase_match_stats
720692,2016-09-06,Bosnia-Hz.,Estonia,cached_from_soccerbase_match_stats
720693,2016-09-06,Cyprus,Belgium,cached_from_soccerbase_match_stats
729702,2016-09-06,China,Iran,cached_from_soccerbase_match_stats
729703,2016-09-06,Iraq,Saudi Arabia,cached_from_soccerbase_match_stats
729704,2016-09-06,Qatar,Uzbekistan,cached_from_soccerbase_match_stats
729705,2016-09-06,Syria,South Korea,cached_from_soccerbase_match_stats
729706,2016-09-06,Thailand,Japan,cached_from_soccerbase_match_stats
729707,2016-09-06,UAE,Australia,cached_from_soccerbase_match_stats
731967,2016-09-06,Gibraltar,Greece,cached_from_soccerbase_match_stats
741179,2016-09-06,Russia,Ghana,cached_from_soccerbase_match_stats
741498,2016-09-06,Cameroon,Gabon,cached_from_soccerbase_match_stats
741517,2016-09-06,South Africa,Egypt,cached_from_soccerbase_match_stats
720634,2016-09-07,Chile,Bolivia,cached_from_soccerbase_match_stats
720635,2016-09-07,Brazil,Colombia,cached_from_soccerbase_match_stats
720636,2016-09-07,Venezuela,Argentina,cached_from_soccerbase_match_stats
720637,2016-09-07,Peru,Ecuador,cached_from_soccerbase_match_stats
720638,2016-09-07,Uruguay,Paraguay,cached_from_soccerbase_match_stats
722355,2016-09-07,Canada,El Salvador,cached_from_soccerbase_match_stats
722721,2016-09-07,Costa Rica,Panama,cached_from_soccerbase_match_stats
722722,2016-09-07,Guatemala,St Vin & Gren,cached_from_soccerbase_match_stats
722723,2016-09-07,Jamaica,Haiti,cached_from_soccerbase_match_stats
722724,2016-09-07,Mexico,Honduras,cached_from_soccerbase_match_stats
722725,2016-09-07,USA,Trinidad,cached_from_soccerbase_match_stats
741327,2016-09-29,Qatar,Serbia,cached_from_soccerbase_match_stats
745024,2016-09-30,Botswana,Angola,cached_from_soccerbase_match_stats
742681,2016-10-04,Togo,Uganda,cached_from_soccerbase_match_stats
745681,2016-10-04,DR Congo,Kenya,cached_from_soccerbase_match_stats
720641,2016-10-06,Ecuador,Chile,cached_from_soccerbase_match_stats
720694,2016-10-06,Austria,Wales,cached_from_soccerbase_match_stats
720695,2016-10-06,Ireland,Georgia,cached_from_soccerbase_match_stats
720696,2016-10-06,Moldova,Serbia,cached_from_soccerbase_match_stats
720697,2016-10-06,Italy,Spain,cached_from_soccerbase_match_stats
720698,2016-10-06,N Macedonia,Israel,cached_from_soccerbase_match_stats
720699,2016-10-06,Liechtenstein,Albania,cached_from_soccerbase_match_stats
720700,2016-10-06,Iceland,Finland,cached_from_soccerbase_match_stats
720701,2016-10-06,Turkey,Ukraine,cached_from_soccerbase_match_stats
729708,2016-10-06,China,Syria,cached_from_soccerbase_match_stats
729709,2016-10-06,Japan,Iraq,cached_from_soccerbase_match_stats
729710,2016-10-06,South Korea,Qatar,cached_from_soccerbase_match_stats
729711,2016-10-06,Saudi Arabia,Australia,cached_from_soccerbase_match_stats
729712,2016-10-06,UAE,Thailand,cached_from_soccerbase_match_stats
729713,2016-10-06,Uzbekistan,Iran,cached_from_soccerbase_match_stats
731968,2016-10-06,Kosovo,Croatia,cached_from_soccerbase_match_stats
741281,2016-10-06,Canada,Mauritania,cached_from_soccerbase_match_stats
746599,2016-10-06,Curacao,Antigua & Barb,cached_from_soccerbase_match_stats
720639,2016-10-07,Paraguay,Colombia,cached_from_soccerbase_match_stats
720640,2016-10-07,Brazil,Bolivia,cached_from_soccerbase_match_stats
720642,2016-10-07,Peru,Argentina,cached_from_soccerbase_match_stats
720643,2016-10-07,Uruguay,Venezuela,cached_from_soccerbase_match_stats
720702,2016-10-07,Netherlands,Belarus,cached_from_soccerbase_match_stats
720703,2016-10-07,France,Bulgaria,cached_from_soccerbase_match_stats
720704,2016-10-07,Luxembourg,Sweden,cached_from_soccerbase_match_stats
720705,2016-10-07,Portugal,Andorra,cached_from_soccerbase_match_stats
720706,2016-10-07,Hungary,Switzerland,cached_from_soccerbase_match_stats
720707,2016-10-07,Latvia,Faroe Islands,cached_from_soccerbase_match_stats
720708,2016-10-07,Belgium,Bosnia-Hz.,cached_from_soccerbase_match_stats
720709,2016-10-07,Greece,Cyprus,cached_from_soccerbase_match_stats
731969,2016-10-07,Estonia,Gibraltar,cached_from_soccerbase_match_stats
732991,2016-10-07,Ghana,Uganda,cached_from_soccerbase_match_stats
740495,2016-10-07,Cuba,USA,cached_from_soccerbase_match_stats
720710,2016-10-08,Montenegro,Kazakhstan,cached_from_soccerbase_match_stats
720711,2016-10-08,Armenia,Romania,cached_from_soccerbase_match_stats
720712,2016-10-08,Azerbaijan,Norway,cached_from_soccerbase_match_stats
720713,2016-10-08,England,Malta,cached_from_soccerbase_match_stats
720714,2016-10-08,Scotland,Lithuania,cached_from_soccerbase_match_stats
720715,2016-10-08,Slovenia,Slovakia,cached_from_soccerbase_match_stats
720716,2016-10-08,Germany,Czech Rep,cached_from_soccerbase_match_stats
720717,2016-10-08,N Ireland,San Marino,cached_from_soccerbase_match_stats
720718,2016-10-08,Poland,Denmark,cached_from_soccerbase_match_stats
732994,2016-10-08,Senegal,Cape Verde Is.,cached_from_soccerbase_match_stats
732995,2016-10-08,Burkina Faso,South Africa,cached_from_soccerbase_match_stats
732996,2016-10-08,Ivory Coast,Mali,cached_from_soccerbase_match_stats
733004,2016-10-08,DR Congo,Libya,cached_from_soccerbase_match_stats
733008,2016-10-08,Gabon,Morocco,cached_from_soccerbase_match_stats
740873,2016-10-08,New Zealand,Mexico,cached_from_soccerbase_match_stats
720719,2016-10-09,Wales,Georgia,cached_from_soccerbase_match_stats
720720,2016-10-09,Israel,Liechtenstein,cached_from_soccerbase_match_stats
720721,2016-10-09,Finland,Croatia,cached_from_soccerbase_match_stats
720722,2016-10-09,N Macedonia,Italy,cached_from_soccerbase_match_stats
720723,2016-10-09,Iceland,Turkey,cached_from_soccerbase_match_stats
720724,2016-10-09,Serbia,Austria,cached_from_soccerbase_match_stats
720725,2016-10-09,Moldova,Ireland,cached_from_soccerbase_match_stats
720726,2016-10-09,Albania,Spain,cached_from_soccerbase_match_stats
731970,2016-10-09,Ukraine,Kosovo,cached_from_soccerbase_match_stats
732992,2016-10-09,Congo,Egypt,cached_from_soccerbase_match_stats
733000,2016-10-09,Zambia,Nigeria,cached_from_soccerbase_match_stats
733001,2016-10-09,Algeria,Cameroon,cached_from_soccerbase_match_stats
733005,2016-10-09,Tunisia,Guinea,cached_from_soccerbase_match_stats
741178,2016-10-09,Russia,Costa Rica,cached_from_soccerbase_match_stats
742680,2016-10-09,Togo,Mozambique,cached_from_soccerbase_match_stats
746593,2016-10-09,Antigua & Barb,Puerto Rico,cached_from_soccerbase_match_stats
720727,2016-10-10,Netherlands,France,cached_from_soccerbase_match_stats
720728,2016-10-10,Sweden,Bulgaria,cached_from_soccerbase_match_stats
720729,2016-10-10,Belarus,Luxembourg,cached_from_soccerbase_match_stats
720730,2016-10-10,Faroe Islands,Portugal,cached_from_soccerbase_match_stats
720731,2016-10-10,Latvia,Hungary,cached_from_soccerbase_match_stats
720732,2016-10-10,Andorra,Switzerland,cached_from_soccerbase_match_stats
720733,2016-10-10,Bosnia-Hz.,Cyprus,cached_from_soccerbase_match_stats
720734,2016-10-10,Estonia,Greece,cached_from_soccerbase_match_stats
731971,2016-10-10,Gibraltar,Belgium,cached_from_soccerbase_match_stats
720644,2016-10-11,Colombia,Uruguay,cached_from_soccerbase_match_stats
720648,2016-10-11,Bolivia,Ecuador,cached_from_soccerbase_match_stats
720735,2016-10-11,Kazakhstan,Romania,cached_from_soccerbase_match_stats
720736,2016-10-11,Germany,N Ireland,cached_from_soccerbase_match_stats
720737,2016-10-11,Czech Rep,Azerbaijan,cached_from_soccerbase_match_stats
720738,2016-10-11,Norway,San Marino,cached_from_soccerbase_match_stats
720739,2016-10-11,Slovakia,Scotland,cached_from_soccerbase_match_stats
720740,2016-10-11,Slovenia,England,cached_from_soccerbase_match_stats
720741,2016-10-11,Lithuania,Malta,cached_from_soccerbase_match_stats
720742,2016-10-11,Denmark,Montenegro,cached_from_soccerbase_match_stats
720743,2016-10-11,Poland,Armenia,cached_from_soccerbase_match_stats
729714,2016-10-11,Australia,Japan,cached_from_soccerbase_match_stats
729715,2016-10-11,Iran,South Korea,cached_from_soccerbase_match_stats
729716,2016-10-11,Iraq,Thailand,cached_from_soccerbase_match_stats
729717,2016-10-11,Qatar,Syria,cached_from_soccerbase_match_stats
729718,2016-10-11,Saudi Arabia,UAE,cached_from_soccerbase_match_stats
729719,2016-10-11,Uzbekistan,China,cached_from_soccerbase_match_stats
741282,2016-10-11,Morocco,Canada,cached_from_soccerbase_match_stats
742684,2016-10-11,South Africa,Ghana,cached_from_soccerbase_match_stats
745677,2016-10-11,Lebanon,Eq Guinea,cached_from_soccerbase_match_stats
746617,2016-10-11,Guyana,Jamaica,cached_from_soccerbase_match_stats
720645,2016-10-12,Chile,Peru,cached_from_soccerbase_match_stats
720646,2016-10-12,Argentina,Paraguay,cached_from_soccerbase_match_stats
720647,2016-10-12,Venezuela,Brazil,cached_from_soccerbase_match_stats
740716,2016-10-12,USA,New Zealand,cached_from_soccerbase_match_stats
741301,2016-10-12,Panama,Mexico,cached_from_soccerbase_match_stats
746592,2016-10-12,Puerto Rico,Curacao,cached_from_soccerbase_match_stats
745646,2016-10-13,Madagascar,Central Africa,cached_from_soccerbase_match_stats
742673,2016-11-05,Zimbabwe,Zambia,cached_from_soccerbase_match_stats
744939,2016-11-06,Jordan,Iraq,cached_from_soccerbase_match_stats
740865,2016-11-08,Tahiti,Soloman Islands,cached_from_soccerbase_match_stats
742685,2016-11-08,Uganda,Zambia,cached_from_soccerbase_match_stats
740496,2016-11-09,Netherlands,Belgium,cached_from_soccerbase_match_stats
741535,2016-11-09,Greece,Belarus,cached_from_soccerbase_match_stats
744937,2016-11-09,Syria,Singapore,cached_from_soccerbase_match_stats
744947,2016-11-09,UAE,Bahrain,cached_from_soccerbase_match_stats
720649,2016-11-10,Colombia,Chile,cached_from_soccerbase_match_stats
720650,2016-11-10,Paraguay,Peru,cached_from_soccerbase_match_stats
720651,2016-11-10,Brazil,Argentina,cached_from_soccerbase_match_stats
720652,2016-11-10,Venezuela,Bolivia,cached_from_soccerbase_match_stats
720653,2016-11-10,Uruguay,Ecuador,cached_from_soccerbase_match_stats
741876,2016-11-10,Qatar,Russia,cached_from_soccerbase_match_stats
744936,2016-11-10,Iran,Pap New Guinea,cached_from_soccerbase_match_stats
744938,2016-11-10,Uzbekistan,Jordan,cached_from_soccerbase_match_stats
720744,2016-11-11,Armenia,Montenegro,cached_from_soccerbase_match_stats
720745,2016-11-11,Czech Rep,Norway,cached_from_soccerbase_match_stats
720746,2016-11-11,N Ireland,Azerbaijan,cached_from_soccerbase_match_stats
720747,2016-11-11,San Marino,Germany,cached_from_soccerbase_match_stats
720748,2016-11-11,England,Scotland,cached_from_soccerbase_match_stats
720749,2016-11-11,Slovakia,Lithuania,cached_from_soccerbase_match_stats
720750,2016-11-11,Malta,Slovenia,cached_from_soccerbase_match_stats
720751,2016-11-11,Romania,Poland,cached_from_soccerbase_match_stats
720752,2016-11-11,Denmark,Kazakhstan,cached_from_soccerbase_match_stats
720766,2016-11-11,France,Sweden,cached_from_soccerbase_match_stats
733007,2016-11-11,Libya,Tunisia,cached_from_soccerbase_match_stats
741248,2016-11-11,Trinidad,Costa Rica,cached_from_soccerbase_match_stats
741250,2016-11-11,Honduras,Panama,cached_from_soccerbase_match_stats
741877,2016-11-11,South Korea,Canada,cached_from_soccerbase_match_stats
742112,2016-11-11,Japan,Oman,cached_from_soccerbase_match_stats
742679,2016-11-11,Togo,Comoros,cached_from_soccerbase_match_stats
720753,2016-11-12,Austria,Ireland,cached_from_soccerbase_match_stats
720754,2016-11-12,Georgia,Moldova,cached_from_soccerbase_match_stats
720755,2016-11-12,Croatia,Iceland,cached_from_soccerbase_match_stats
720756,2016-11-12,Ukraine,Finland,cached_from_soccerbase_match_stats
720757,2016-11-12,Wales,Serbia,cached_from_soccerbase_match_stats
720758,2016-11-12,Spain,N Macedonia,cached_from_soccerbase_match_stats
720759,2016-11-12,Albania,Israel,cached_from_soccerbase_match_stats
720760,2016-11-12,Liechtenstein,Italy,cached_from_soccerbase_match_stats
731972,2016-11-12,Turkey,Kosovo,cached_from_soccerbase_match_stats
732993,2016-11-12,Uganda,Congo,cached_from_soccerbase_match_stats
732997,2016-11-12,Cape Verde Is.,Burkina Faso,cached_from_soccerbase_match_stats
733002,2016-11-12,Cameroon,Zambia,cached_from_soccerbase_match_stats
733003,2016-11-12,Nigeria,Algeria,cached_from_soccerbase_match_stats
733009,2016-11-12,Mali,Gabon,cached_from_soccerbase_match_stats
733010,2016-11-12,Morocco,Ivory Coast,cached_from_soccerbase_match_stats
740859,2016-11-12,New Zealand,New Caledonia,cached_from_soccerbase_match_stats
741249,2016-11-12,USA,Mexico,cached_from_soccerbase_match_stats
745680,2016-11-12,Kenya,Mozambique,cached_from_soccerbase_match_stats
720761,2016-11-13,Bulgaria,Belarus,cached_from_soccerbase_match_stats
720762,2016-11-13,Luxembourg,Netherlands,cached_from_soccerbase_match_stats
720763,2016-11-13,Hungary,Andorra,cached_from_soccerbase_match_stats
720764,2016-11-13,Belgium,Estonia,cached_from_soccerbase_match_stats
720765,2016-11-13,Greece,Bosnia-Hz.,cached_from_soccerbase_match_stats
720767,2016-11-13,Portugal,Latvia,cached_from_soccerbase_match_stats
720768,2016-11-13,Switzerland,Faroe Islands,cached_from_soccerbase_match_stats
731973,2016-11-13,Cyprus,Gibraltar,cached_from_soccerbase_match_stats
732999,2016-11-13,Egypt,Ghana,cached_from_soccerbase_match_stats
733006,2016-11-13,Guinea,DR Congo,cached_from_soccerbase_match_stats
740866,2016-11-13,Soloman Islands,Tahiti,cached_from_soccerbase_match_stats
742672,2016-11-13,Zimbabwe,Tanzania,cached_from_soccerbase_match_stats
746616,2016-11-13,Jamaica,Surinam,cached_from_soccerbase_match_stats
741536,2016-11-14,Poland,Slovenia,cached_from_soccerbase_match_stats
746588,2016-11-14,Malaysia,Pap New Guinea,cached_from_soccerbase_match_stats
720654,2016-11-15,Chile,Uruguay,cached_from_soccerbase_match_stats
720655,2016-11-15,Argentina,Colombia,cached_from_soccerbase_match_stats
720656,2016-11-15,Ecuador,Venezuela,cached_from_soccerbase_match_stats
720657,2016-11-15,Bolivia,Paraguay,cached_from_soccerbase_match_stats
729720,2016-11-15,China,Qatar,cached_from_soccerbase_match_stats
729721,2016-11-15,Japan,Saudi Arabia,cached_from_soccerbase_match_stats
729722,2016-11-15,South Korea,Uzbekistan,cached_from_soccerbase_match_stats
729723,2016-11-15,Syria,Iran,cached_from_soccerbase_match_stats
729724,2016-11-15,Thailand,Australia,cached_from_soccerbase_match_stats
729725,2016-11-15,UAE,Iraq,cached_from_soccerbase_match_stats
740497,2016-11-15,England,Spain,cached_from_soccerbase_match_stats
740498,2016-11-15,Italy,Germany,cached_from_soccerbase_match_stats
740860,2016-11-15,New Caledonia,New Zealand,cached_from_soccerbase_match_stats
741252,2016-11-15,Honduras,Trinidad,cached_from_soccerbase_match_stats
741302,2016-11-15,Austria,Slovakia,cached_from_soccerbase_match_stats
741303,2016-11-15,Czech Rep,Denmark,cached_from_soccerbase_match_stats
741304,2016-11-15,France,Ivory Coast,cached_from_soccerbase_match_stats
741537,2016-11-15,N Ireland,Croatia,cached_from_soccerbase_match_stats
741878,2016-11-15,Russia,Romania,cached_from_soccerbase_match_stats
741917,2016-11-15,Hungary,Sweden,cached_from_soccerbase_match_stats
741918,2016-11-15,Malta,Iceland,cached_from_soccerbase_match_stats
741919,2016-11-15,Ukraine,Serbia,cached_from_soccerbase_match_stats
742667,2016-11-15,Gabon,Comoros,cached_from_soccerbase_match_stats
742677,2016-11-15,Tunisia,Mauritania,cached_from_soccerbase_match_stats
742678,2016-11-15,Morocco,Togo,cached_from_soccerbase_match_stats
745007,2016-11-15,Mozambique,South Africa,cached_from_soccerbase_match_stats
745679,2016-11-15,Kenya,Liberia,cached_from_soccerbase_match_stats
720658,2016-11-16,Peru,Brazil,cached_from_soccerbase_match_stats
741251,2016-11-16,Costa Rica,USA,cached_from_soccerbase_match_stats
741253,2016-11-16,Panama,Mexico,cached_from_soccerbase_match_stats
745699,2016-11-19,Philippines,Singapore,cached_from_soccerbase_match_stats
742207,2016-11-20,St Kitts and Nev,Estonia,cached_from_soccerbase_match_stats
742239,2016-11-22,Antigua & Barb,Estonia,cached_from_soccerbase_match_stats
744940,2016-11-22,Thailand,Singapore,cached_from_soccerbase_match_stats
745698,2016-11-22,Indonesia,Philippines,cached_from_soccerbase_match_stats
744941,2016-11-25,Philippines,Thailand,cached_from_soccerbase_match_stats
746591,2016-12-03,Indonesia,Vietnam,cached_from_soccerbase_match_stats
744942,2016-12-04,Myanmar,Thailand,cached_from_soccerbase_match_stats
746590,2016-12-07,Vietnam,Indonesia,cached_from_soccerbase_match_stats
744943,2016-12-08,Thailand,Myanmar,cached_from_soccerbase_match_stats
744944,2016-12-14,Indonesia,Thailand,cached_from_soccerbase_match_stats
744945,2016-12-17,Thailand,Indonesia,cached_from_soccerbase_match_stats
742671,2016-12-26,Ivory Coast,Zimbabwe,cached_from_soccerbase_match_stats
742668,2017-01-04,Morocco,Burkina Faso,cached_from_soccerbase_match_stats
742676,2017-01-04,Tunisia,Uganda,cached_from_soccerbase_match_stats
742669,2017-01-05,Cameroon,DR Congo,cached_from_soccerbase_match_stats
765690,2017-01-06,Surinam,Haiti,cached_from_soccerbase_match_stats
743912,2017-01-07,Algeria,Mauritania,cached_from_soccerbase_match_stats
743916,2017-01-07,Mali,Burkina Faso,cached_from_soccerbase_match_stats
742553,2017-01-08,Slovakia,Uganda,cached_from_soccerbase_match_stats
742554,2017-01-08,Sweden,Ivory Coast,cached_from_soccerbase_match_stats
743914,2017-01-08,Libya,Senegal,cached_from_soccerbase_match_stats
743915,2017-01-08,Egypt,Tunisia,cached_from_soccerbase_match_stats
746608,2017-01-08,Trinidad,Haiti,cached_from_soccerbase_match_stats
742555,2017-01-09,Morocco,Finland,cached_from_soccerbase_match_stats
742556,2017-01-10,China,Iceland,cached_from_soccerbase_match_stats
742637,2017-01-10,Saudi Arabia,Slovenia,cached_from_soccerbase_match_stats
742942,2017-01-10,Cameroon,Zimbabwe,cached_from_soccerbase_match_stats
742557,2017-01-11,Chile,Croatia,cached_from_soccerbase_match_stats
742943,2017-01-11,Ivory Coast,Uganda,cached_from_soccerbase_match_stats
743913,2017-01-11,Congo,Senegal,cached_from_soccerbase_match_stats
742558,2017-01-12,Sweden,Slovakia,cached_from_soccerbase_match_stats
742660,2017-01-13,Slovenia,Finland,cached_from_soccerbase_match_stats
741723,2017-01-14,Gabon,Guinea-Bissau,cached_from_soccerbase_match_stats
741724,2017-01-14,Burkina Faso,Cameroon,cached_from_soccerbase_match_stats
744935,2017-01-14,China,Croatia,cached_from_soccerbase_match_stats
744946,2017-01-14,Cambodia,Saudi Arabia,cached_from_soccerbase_match_stats
741729,2017-01-15,Algeria,Zimbabwe,cached_from_soccerbase_match_stats
741730,2017-01-15,Tunisia,Senegal,cached_from_soccerbase_match_stats
745019,2017-01-15,Iceland,Chile,cached_from_soccerbase_match_stats
746614,2017-01-15,El Salvador,Honduras,cached_from_soccerbase_match_stats
741735,2017-01-16,Ivory Coast,Togo,cached_from_soccerbase_match_stats
741736,2017-01-16,DR Congo,Morocco,cached_from_soccerbase_match_stats
741741,2017-01-17,Ghana,Uganda,cached_from_soccerbase_match_stats
741742,2017-01-17,Mali,Egypt,cached_from_soccerbase_match_stats
742666,2017-01-17,Qatar,Moldova,cached_from_soccerbase_match_stats
746613,2017-01-17,El Salvador,Belize,cached_from_soccerbase_match_stats
741725,2017-01-18,Gabon,Burkina Faso,cached_from_soccerbase_match_stats
741726,2017-01-18,Cameroon,Guinea-Bissau,cached_from_soccerbase_match_stats
741731,2017-01-19,Algeria,Tunisia,cached_from_soccerbase_match_stats
741732,2017-01-19,Senegal,Zimbabwe,cached_from_soccerbase_match_stats
741737,2017-01-20,Ivory Coast,DR Congo,cached_from_soccerbase_match_stats
741738,2017-01-20,Morocco,Togo,cached_from_soccerbase_match_stats
745694,2017-01-20,Nicaragua,Belize,cached_from_soccerbase_match_stats
741743,2017-01-21,Ghana,Mali,cached_from_soccerbase_match_stats
741744,2017-01-21,Egypt,Uganda,cached_from_soccerbase_match_stats
741727,2017-01-22,Cameroon,Gabon,cached_from_soccerbase_match_stats
741728,2017-01-22,Guinea-Bissau,Burkina Faso,cached_from_soccerbase_match_stats
742410,2017-01-22,Bermuda,Canada,cached_from_soccerbase_match_stats
745693,2017-01-22,El Salvador,Nicaragua,cached_from_soccerbase_match_stats
741733,2017-01-23,Senegal,Algeria,cached_from_soccerbase_match_stats
741734,2017-01-23,Zimbabwe,Tunisia,cached_from_soccerbase_match_stats
742559,2017-01-23,Uzbekistan,Georgia,cached_from_soccerbase_match_stats
741739,2017-01-24,Morocco,Ivory Coast,cached_from_soccerbase_match_stats
741740,2017-01-24,Togo,DR Congo,cached_from_soccerbase_match_stats
741745,2017-01-25,Egypt,Ghana,cached_from_soccerbase_match_stats
741746,2017-01-25,Uganda,Mali,cached_from_soccerbase_match_stats
742638,2017-01-25,Brazil,Colombia,cached_from_soccerbase_match_stats
743930,2017-01-25,Jordan,Georgia,cached_from_soccerbase_match_stats
741747,2017-01-28,Burkina Faso,Tunisia,cached_from_soccerbase_match_stats
741748,2017-01-28,Senegal,Cameroon,cached_from_soccerbase_match_stats
741749,2017-01-29,DR Congo,Ghana,cached_from_soccerbase_match_stats
741750,2017-01-29,Egypt,Morocco,cached_from_soccerbase_match_stats
742613,2017-01-29,USA,Serbia,cached_from_soccerbase_match_stats
741754,2017-02-01,Burkina Faso,Egypt,cached_from_soccerbase_match_stats
741753,2017-02-02,Cameroon,Ghana,cached_from_soccerbase_match_stats
741752,2017-02-04,Burkina Faso,Ghana,cached_from_soccerbase_match_stats
742661,2017-02-04,USA,Jamaica,cached_from_soccerbase_match_stats
741751,2017-02-05,Egypt,Cameroon,cached_from_soccerbase_match_stats
742240,2017-02-09,Mexico,Iceland,cached_from_soccerbase_match_stats
765538,2017-02-12,Uzbekistan,Armenia,cached_from_soccerbase_match_stats
746615,2017-02-16,Honduras,Jamaica,cached_from_soccerbase_match_stats
744522,2017-02-22,San Marino,Andorra,cached_from_soccerbase_match_stats
746611,2017-02-22,Ecuador,Honduras,cached_from_soccerbase_match_stats
744523,2017-03-09,Qatar,Azerbaijan,cached_from_soccerbase_match_stats
746607,2017-03-10,Trinidad,Barbados,cached_from_soccerbase_match_stats
745634,2017-03-11,Burundi,Djibouti,cached_from_soccerbase_match_stats
745633,2017-03-13,Burundi,Djibouti,cached_from_soccerbase_match_stats
744813,2017-03-16,Honduras,Nicaragua,cached_from_soccerbase_match_stats
744699,2017-03-18,Iran,Iraq,cached_from_soccerbase_match_stats
742561,2017-03-19,San Marino,Moldova,cached_from_soccerbase_match_stats
744850,2017-03-21,Indonesia,Myanmar,cached_from_soccerbase_match_stats
741722,2017-03-22,Germany,England,cached_from_soccerbase_match_stats
742241,2017-03-22,Czech Rep,Lithuania,cached_from_soccerbase_match_stats
743931,2017-03-22,Scotland,Canada,cached_from_soccerbase_match_stats
744524,2017-03-22,Cyprus,Kazakhstan,cached_from_soccerbase_match_stats
745697,2017-03-22,Philippines,Malaysia,cached_from_soccerbase_match_stats
746612,2017-03-22,Curacao,El Salvador,cached_from_soccerbase_match_stats
720659,2017-03-23,Colombia,Bolivia,cached_from_soccerbase_match_stats
720660,2017-03-23,Paraguay,Ecuador,cached_from_soccerbase_match_stats
720661,2017-03-23,Argentina,Chile,cached_from_soccerbase_match_stats
720662,2017-03-23,Venezuela,Peru,cached_from_soccerbase_match_stats
720663,2017-03-23,Uruguay,Brazil,cached_from_soccerbase_match_stats
729726,2017-03-23,China,South Korea,cached_from_soccerbase_match_stats
729727,2017-03-23,Iraq,Australia,cached_from_soccerbase_match_stats
729728,2017-03-23,Qatar,Iran,cached_from_soccerbase_match_stats
729729,2017-03-23,Syria,Uzbekistan,cached_from_soccerbase_match_stats
729730,2017-03-23,Thailand,Saudi Arabia,cached_from_soccerbase_match_stats
729731,2017-03-23,UAE,Japan,cached_from_soccerbase_match_stats
740867,2017-03-23,Pap New Guinea,Tahiti,cached_from_soccerbase_match_stats
744817,2017-03-23,Kenya,Uganda,cached_from_soccerbase_match_stats
744851,2017-03-23,Nigeria,Senegal,cached_from_soccerbase_match_stats
720769,2017-03-24,Georgia,Serbia,cached_from_soccerbase_match_stats
720770,2017-03-24,Spain,Israel,cached_from_soccerbase_match_stats
720771,2017-03-24,Italy,Albania,cached_from_soccerbase_match_stats
720772,2017-03-24,Liechtenstein,N Macedonia,cached_from_soccerbase_match_stats
720773,2017-03-24,Croatia,Ukraine,cached_from_soccerbase_match_stats
720774,2017-03-24,Turkey,Finland,cached_from_soccerbase_match_stats
720775,2017-03-24,Austria,Moldova,cached_from_soccerbase_match_stats
720776,2017-03-24,Ireland,Wales,cached_from_soccerbase_match_stats
731974,2017-03-24,Kosovo,Iceland,cached_from_soccerbase_match_stats
741255,2017-03-24,Trinidad,Panama,cached_from_soccerbase_match_stats
744267,2017-03-24,Russia,Ivory Coast,cached_from_soccerbase_match_stats
744852,2017-03-24,Tunisia,Cameroon,cached_from_soccerbase_match_stats
745022,2017-03-24,Guinea,Gabon,cached_from_soccerbase_match_stats
745023,2017-03-24,Libya,Togo,cached_from_soccerbase_match_stats
745594,2017-03-24,Morocco,Burkina Faso,cached_from_soccerbase_match_stats
745668,2017-03-24,Comoros,Mauritius,cached_from_soccerbase_match_stats
745692,2017-03-24,Haiti,Nicaragua,cached_from_soccerbase_match_stats
720777,2017-03-25,Sweden,Belarus,cached_from_soccerbase_match_stats
720778,2017-03-25,Switzerland,Latvia,cached_from_soccerbase_match_stats
720779,2017-03-25,Andorra,Faroe Islands,cached_from_soccerbase_match_stats
720780,2017-03-25,Cyprus,Estonia,cached_from_soccerbase_match_stats
720781,2017-03-25,Belgium,Greece,cached_from_soccerbase_match_stats
720782,2017-03-25,Bulgaria,Netherlands,cached_from_soccerbase_match_stats
720783,2017-03-25,Luxembourg,France,cached_from_soccerbase_match_stats
720784,2017-03-25,Portugal,Hungary,cached_from_soccerbase_match_stats
731975,2017-03-25,Bosnia-Hz.,Gibraltar,cached_from_soccerbase_match_stats
740861,2017-03-25,Fiji,New Zealand,cached_from_soccerbase_match_stats
741254,2017-03-25,USA,Honduras,cached_from_soccerbase_match_stats
741256,2017-03-25,Mexico,Costa Rica,cached_from_soccerbase_match_stats
744814,2017-03-25,South Africa,Guinea-Bissau,cached_from_soccerbase_match_stats
745011,2017-03-25,Tanzania,Botswana,cached_from_soccerbase_match_stats
745632,2017-03-25,Mozambique,Angola,cached_from_soccerbase_match_stats
720785,2017-03-26,Armenia,Kazakhstan,cached_from_soccerbase_match_stats
720786,2017-03-26,Azerbaijan,Germany,cached_from_soccerbase_match_stats
720787,2017-03-26,San Marino,Czech Rep,cached_from_soccerbase_match_stats
720788,2017-03-26,England,Lithuania,cached_from_soccerbase_match_stats
720789,2017-03-26,Scotland,Slovenia,cached_from_soccerbase_match_stats
720790,2017-03-26,Malta,Slovakia,cached_from_soccerbase_match_stats
720791,2017-03-26,N Ireland,Norway,cached_from_soccerbase_match_stats
720792,2017-03-26,Romania,Denmark,cached_from_soccerbase_match_stats
720793,2017-03-26,Montenegro,Poland,cached_from_soccerbase_match_stats
744853,2017-03-26,Kenya,DR Congo,cached_from_soccerbase_match_stats
745608,2017-03-26,Zimbabwe,Zambia,cached_from_soccerbase_match_stats
742636,2017-03-27,Turkey,Moldova,cached_from_soccerbase_match_stats
745643,2017-03-27,Central Africa,Gambia,cached_from_soccerbase_match_stats
745652,2017-03-27,Mauritania,Congo,cached_from_soccerbase_match_stats
765539,2017-03-27,Ivory Coast,Senegal,cached_from_soccerbase_match_stats
765540,2017-03-27,Nigeria,Burkina Faso,cached_from_soccerbase_match_stats
720664,2017-03-28,Chile,Venezuela,cached_from_soccerbase_match_stats
720666,2017-03-28,Ecuador,Colombia,cached_from_soccerbase_match_stats
720667,2017-03-28,Bolivia,Argentina,cached_from_soccerbase_match_stats
729732,2017-03-28,Australia,UAE,cached_from_soccerbase_match_stats
729733,2017-03-28,Iran,China,cached_from_soccerbase_match_stats
729734,2017-03-28,Japan,Thailand,cached_from_soccerbase_match_stats
729735,2017-03-28,South Korea,Syria,cached_from_soccerbase_match_stats
729736,2017-03-28,Saudi Arabia,Iraq,cached_from_soccerbase_match_stats
729737,2017-03-28,Uzbekistan,Qatar,cached_from_soccerbase_match_stats
740862,2017-03-28,New Zealand,Fiji,cached_from_soccerbase_match_stats
741259,2017-03-28,Honduras,Costa Rica,cached_from_soccerbase_match_stats
741278,2017-03-28,France,Spain,cached_from_soccerbase_match_stats
742243,2017-03-28,Austria,Finland,cached_from_soccerbase_match_stats
742244,2017-03-28,Netherlands,Italy,cached_from_soccerbase_match_stats
742245,2017-03-28,Ireland,Iceland,cached_from_soccerbase_match_stats
742662,2017-03-28,Russia,Belgium,cached_from_soccerbase_match_stats
743928,2017-03-28,Estonia,Croatia,cached_from_soccerbase_match_stats
743929,2017-03-28,Portugal,Sweden,cached_from_soccerbase_match_stats
744525,2017-03-28,N Macedonia,Belarus,cached_from_soccerbase_match_stats
744677,2017-03-28,Albania,Bosnia-Hz.,cached_from_soccerbase_match_stats
744678,2017-03-28,Cameroon,Guinea,cached_from_soccerbase_match_stats
744700,2017-03-28,South Africa,Angola,cached_from_soccerbase_match_stats
744815,2017-03-28,Egypt,Togo,cached_from_soccerbase_match_stats
744856,2017-03-28,Georgia,Latvia,cached_from_soccerbase_match_stats
744857,2017-03-28,Luxembourg,Cape Verde Is.,cached_from_soccerbase_match_stats
745030,2017-03-28,Tanzania,Burundi,cached_from_soccerbase_match_stats
745642,2017-03-28,Morocco,Tunisia,cached_from_soccerbase_match_stats
745667,2017-03-28,Mauritius,Comoros,cached_from_soccerbase_match_stats
745686,2017-03-28,Mozambique,Lesotho,cached_from_soccerbase_match_stats
745696,2017-03-28,Philippines,Nepal,cached_from_soccerbase_match_stats
720665,2017-03-29,Brazil,Paraguay,cached_from_soccerbase_match_stats
720668,2017-03-29,Peru,Uruguay,cached_from_soccerbase_match_stats
740868,2017-03-29,Tahiti,Pap New Guinea,cached_from_soccerbase_match_stats
741257,2017-03-29,Panama,USA,cached_from_soccerbase_match_stats
741258,2017-03-29,Trinidad,Mexico,cached_from_soccerbase_match_stats
745691,2017-03-29,Nicaragua,Haiti,cached_from_soccerbase_match_stats
745209,2017-04-18,Kenya,Malawi,cached_from_soccerbase_match_stats
745662,2017-04-21,Madagascar,Malawi,cached_from_soccerbase_match_stats
745661,2017-04-28,Malawi,Madagascar,cached_from_soccerbase_match_stats
746606,2017-04-30,Grenada,Trinidad,cached_from_soccerbase_match_stats
745595,2017-05-04,Burkina Faso,Benin,cached_from_soccerbase_match_stats
745602,2017-05-07,St Kitts and Nev,Barbados,cached_from_soccerbase_match_stats
745676,2017-05-11,Senegal,Mauritania,cached_from_soccerbase_match_stats
745530,2017-05-13,Egypt,Yemen,cached_from_soccerbase_match_stats
745596,2017-05-21,Benin,Burkina Faso,cached_from_soccerbase_match_stats
745573,2017-05-25,Ghana,Benin,cached_from_soccerbase_match_stats
746587,2017-05-25,Fiji,Soloman Islands,cached_from_soccerbase_match_stats
744691,2017-05-28,Mexico,Croatia,cached_from_soccerbase_match_stats
745453,2017-05-28,Honduras,El Salvador,cached_from_soccerbase_match_stats
746586,2017-05-28,Fiji,Soloman Islands,cached_from_soccerbase_match_stats
744692,2017-05-31,Morocco,Netherlands,cached_from_soccerbase_match_stats
745574,2017-05-31,Ivory Coast,Benin,cached_from_soccerbase_match_stats
745581,2017-05-31,Italy,San Marino,cached_from_soccerbase_match_stats
742564,2017-06-01,Switzerland,Belarus,cached_from_soccerbase_match_stats
745548,2017-06-01,Nigeria,Togo,cached_from_soccerbase_match_stats
746584,2017-06-01,Iraq,Jordan,cached_from_soccerbase_match_stats
744617,2017-06-02,France,Paraguay,cached_from_soccerbase_match_stats
744679,2017-06-02,N Ireland,New Zealand,cached_from_soccerbase_match_stats
744693,2017-06-02,Mexico,Ireland,cached_from_soccerbase_match_stats
745593,2017-06-02,Oman,Syria,cached_from_soccerbase_match_stats
745124,2017-06-03,Chile,Burkina Faso,cached_from_soccerbase_match_stats
745241,2017-06-03,Portugal,Cyprus,cached_from_soccerbase_match_stats
745480,2017-06-03,Nicaragua,Bolivia,cached_from_soccerbase_match_stats
741538,2017-06-04,Ireland,Uruguay,cached_from_soccerbase_match_stats
744694,2017-06-04,Netherlands,Ivory Coast,cached_from_soccerbase_match_stats
745246,2017-06-04,USA,Venezuela,cached_from_soccerbase_match_stats
745481,2017-06-04,Montenegro,Iran,cached_from_soccerbase_match_stats
745575,2017-06-04,Kenya,Angola,cached_from_soccerbase_match_stats
745599,2017-06-04,Gabon,Zambia,cached_from_soccerbase_match_stats
745600,2017-06-04,Armenia,St Kitts and Nev,cached_from_soccerbase_match_stats
745601,2017-06-04,Luxembourg,Albania,cached_from_soccerbase_match_stats
745666,2017-06-04,Togo,Comoros,cached_from_soccerbase_match_stats
745685,2017-06-04,Lesotho,Mauritania,cached_from_soccerbase_match_stats
744686,2017-06-05,Belgium,Czech Rep,cached_from_soccerbase_match_stats
744858,2017-06-05,Hungary,Russia,cached_from_soccerbase_match_stats
745576,2017-06-05,Egypt,Libya,cached_from_soccerbase_match_stats
745577,2017-06-05,N Macedonia,Turkey,cached_from_soccerbase_match_stats
742562,2017-06-06,Denmark,Germany,cached_from_soccerbase_match_stats
745482,2017-06-06,Ukraine,Malta,cached_from_soccerbase_match_stats
745609,2017-06-06,Israel,Moldova,cached_from_soccerbase_match_stats
746583,2017-06-06,Uzbekistan,Thailand,cached_from_soccerbase_match_stats
759981,2017-06-06,Qatar,North Korea,cached_from_soccerbase_match_stats
759988,2017-06-06,Algeria,Guinea,cached_from_soccerbase_match_stats
761248,2017-06-06,Bahrain,Palestine,cached_from_soccerbase_match_stats
763975,2017-06-06,Senegal,Uganda,cached_from_soccerbase_match_stats
740863,2017-06-07,Fiji,New Caledonia,cached_from_soccerbase_match_stats
742563,2017-06-07,Italy,Uruguay,cached_from_soccerbase_match_stats
744526,2017-06-07,Finland,Liechtenstein,cached_from_soccerbase_match_stats
745031,2017-06-07,Japan,Syria,cached_from_soccerbase_match_stats
745123,2017-06-07,Spain,Colombia,cached_from_soccerbase_match_stats
745243,2017-06-07,Iraq,South Korea,cached_from_soccerbase_match_stats
745477,2017-06-07,Bolivia,Nicaragua,cached_from_soccerbase_match_stats
745478,2017-06-07,China,Philippines,cached_from_soccerbase_match_stats
745610,2017-06-07,Georgia,St Kitts and Nev,cached_from_soccerbase_match_stats
746585,2017-06-07,UAE,Laos,cached_from_soccerbase_match_stats
729873,2017-06-08,Australia,Saudi Arabia,cached_from_soccerbase_match_stats
745244,2017-06-08,Peru,Paraguay,cached_from_soccerbase_match_stats
745512,2017-06-08,Cambodia,Indonesia,cached_from_soccerbase_match_stats
720794,2017-06-09,Netherlands,Luxembourg,cached_from_soccerbase_match_stats
720795,2017-06-09,Sweden,France,cached_from_soccerbase_match_stats
720796,2017-06-09,Belarus,Bulgaria,cached_from_soccerbase_match_stats
720797,2017-06-09,Faroe Islands,Switzerland,cached_from_soccerbase_match_stats
720798,2017-06-09,Latvia,Portugal,cached_from_soccerbase_match_stats
720799,2017-06-09,Andorra,Hungary,cached_from_soccerbase_match_stats
720800,2017-06-09,Bosnia-Hz.,Greece,cached_from_soccerbase_match_stats
720801,2017-06-09,Estonia,Belgium,cached_from_soccerbase_match_stats
731976,2017-06-09,Gibraltar,Cyprus,cached_from_soccerbase_match_stats
740869,2017-06-09,Soloman Islands,Pap New Guinea,cached_from_soccerbase_match_stats
741260,2017-06-09,Mexico,Honduras,cached_from_soccerbase_match_stats
741261,2017-06-09,USA,Trinidad,cached_from_soccerbase_match_stats
741262,2017-06-09,Costa Rica,Panama,cached_from_soccerbase_match_stats
744268,2017-06-09,Brazil,Argentina,cached_from_soccerbase_match_stats
745008,2017-06-09,Russia,Chile,cached_from_soccerbase_match_stats
745242,2017-06-09,Ecuador,Venezuela,cached_from_soccerbase_match_stats
720802,2017-06-10,Kazakhstan,Denmark,cached_from_soccerbase_match_stats
720803,2017-06-10,Azerbaijan,N Ireland,cached_from_soccerbase_match_stats
720804,2017-06-10,Scotland,England,cached_from_soccerbase_match_stats
720805,2017-06-10,Slovenia,Malta,cached_from_soccerbase_match_stats
720806,2017-06-10,Lithuania,Slovakia,cached_from_soccerbase_match_stats
720807,2017-06-10,Germany,San Marino,cached_from_soccerbase_match_stats
720808,2017-06-10,Norway,Czech Rep,cached_from_soccerbase_match_stats
720809,2017-06-10,Poland,Romania,cached_from_soccerbase_match_stats
720810,2017-06-10,Montenegro,Armenia,cached_from_soccerbase_match_stats
765215,2017-06-10,Grenada,Bermuda,cached_from_soccerbase_match_stats
720811,2017-06-11,Ireland,Austria,cached_from_soccerbase_match_stats
720812,2017-06-11,Moldova,Georgia,cached_from_soccerbase_match_stats
720813,2017-06-11,Finland,Ukraine,cached_from_soccerbase_match_stats
720814,2017-06-11,Serbia,Wales,cached_from_soccerbase_match_stats
720815,2017-06-11,Italy,Liechtenstein,cached_from_soccerbase_match_stats
720816,2017-06-11,Israel,Albania,cached_from_soccerbase_match_stats
720817,2017-06-11,N Macedonia,Spain,cached_from_soccerbase_match_stats
720818,2017-06-11,Iceland,Croatia,cached_from_soccerbase_match_stats
731977,2017-06-11,Kosovo,Turkey,cached_from_soccerbase_match_stats
740864,2017-06-11,New Caledonia,Fiji,cached_from_soccerbase_match_stats
729876,2017-06-12,Iran,Uzbekistan,cached_from_soccerbase_match_stats
741263,2017-06-12,Mexico,USA,cached_from_soccerbase_match_stats
744527,2017-06-12,Belarus,New Zealand,cached_from_soccerbase_match_stats
745556,2017-06-12,Latvia,Estonia,cached_from_soccerbase_match_stats
729874,2017-06-13,Thailand,UAE,cached_from_soccerbase_match_stats
729875,2017-06-13,Iraq,Japan,cached_from_soccerbase_match_stats
729877,2017-06-13,Syria,China,cached_from_soccerbase_match_stats
729878,2017-06-13,Qatar,South Korea,cached_from_soccerbase_match_stats
742659,2017-06-13,France,England,cached_from_soccerbase_match_stats
744618,2017-06-13,Norway,Sweden,cached_from_soccerbase_match_stats
744620,2017-06-13,Australia,Brazil,cached_from_soccerbase_match_stats
744859,2017-06-13,Romania,Chile,cached_from_soccerbase_match_stats
745009,2017-06-13,Cameroon,Colombia,cached_from_soccerbase_match_stats
745440,2017-06-13,Singapore,Argentina,cached_from_soccerbase_match_stats
745689,2017-06-13,Indonesia,Puerto Rico,cached_from_soccerbase_match_stats
745690,2017-06-13,South Africa,Zambia,cached_from_soccerbase_match_stats
741264,2017-06-14,Panama,Honduras,cached_from_soccerbase_match_stats
741265,2017-06-14,Costa Rica,Trinidad,cached_from_soccerbase_match_stats
744860,2017-06-14,Canada,Curacao,cached_from_soccerbase_match_stats
745245,2017-06-14,Ecuador,El Salvador,cached_from_soccerbase_match_stats
745303,2017-06-14,Peru,Jamaica,cached_from_soccerbase_match_stats
753627,2017-06-17,Curacao,Nicaragua,cached_from_soccerbase_match_stats
753618,2017-06-18,French Guiana,Barbados,cached_from_soccerbase_match_stats
745032,2017-06-29,Mexico,Ghana,cached_from_soccerbase_match_stats
745580,2017-06-29,Tanzania,Mauritius,cached_from_soccerbase_match_stats
765055,2017-06-30,Mozambique,Madagascar,cached_from_soccerbase_match_stats
765212,2017-06-30,Dominica,Barbados,cached_from_soccerbase_match_stats
745479,2017-07-01,USA,Ghana,cached_from_soccerbase_match_stats
752793,2017-07-02,Mexico,Paraguay,cached_from_soccerbase_match_stats
759983,2017-07-14,Thailand,North Korea,cached_from_soccerbase_match_stats
759982,2017-07-16,Thailand,North Korea,cached_from_soccerbase_match_stats
760026,2017-07-16,Burkina Faso,North Korea,cached_from_soccerbase_match_stats
760018,2017-08-05,Zambia,Swaziland,cached_from_soccerbase_match_stats
761834,2017-08-07,Rwanda,Sudan,cached_from_soccerbase_match_stats
761840,2017-08-19,India,Mauritius,cached_from_soccerbase_match_stats
759979,2017-08-22,Malaysia,Syria,cached_from_soccerbase_match_stats
761839,2017-08-22,St Kitts and Nev,Mauritius,cached_from_soccerbase_match_stats
759980,2017-08-23,Qatar,Turkmenistan,cached_from_soccerbase_match_stats
759978,2017-08-25,Uzbekistan,Kyrgyzstan,cached_from_soccerbase_match_stats
760027,2017-08-25,Trinidad,Jamaica,cached_from_soccerbase_match_stats
729882,2017-08-29,UAE,Saudi Arabia,cached_from_soccerbase_match_stats
761246,2017-08-29,Bahrain,Jordan,cached_from_soccerbase_match_stats
765081,2017-08-29,Myanmar,Malaysia,cached_from_soccerbase_match_stats
720819,2017-08-31,France,Netherlands,cached_from_soccerbase_match_stats
720820,2017-08-31,Bulgaria,Sweden,cached_from_soccerbase_match_stats
720821,2017-08-31,Luxembourg,Belarus,cached_from_soccerbase_match_stats
720822,2017-08-31,Portugal,Faroe Islands,cached_from_soccerbase_match_stats
720823,2017-08-31,Switzerland,Andorra,cached_from_soccerbase_match_stats
720824,2017-08-31,Hungary,Latvia,cached_from_soccerbase_match_stats
720825,2017-08-31,Greece,Estonia,cached_from_soccerbase_match_stats
720826,2017-08-31,Cyprus,Bosnia-Hz.,cached_from_soccerbase_match_stats
721308,2017-08-31,Chile,Paraguay,cached_from_soccerbase_match_stats
721310,2017-08-31,Venezuela,Colombia,cached_from_soccerbase_match_stats
729879,2017-08-31,China,Uzbekistan,cached_from_soccerbase_match_stats
729880,2017-08-31,Syria,Qatar,cached_from_soccerbase_match_stats
729881,2017-08-31,South Korea,Iran,cached_from_soccerbase_match_stats
729883,2017-08-31,Japan,Australia,cached_from_soccerbase_match_stats
729884,2017-08-31,Thailand,Iraq,cached_from_soccerbase_match_stats
731978,2017-08-31,Belgium,Gibraltar,cached_from_soccerbase_match_stats
733012,2017-08-31,Guinea,Libya,cached_from_soccerbase_match_stats
733017,2017-08-31,Uganda,Egypt,cached_from_soccerbase_match_stats
761242,2017-08-31,Singapore,Hong Kong,cached_from_soccerbase_match_stats
761836,2017-08-31,Togo,Niger,cached_from_soccerbase_match_stats
720827,2017-09-01,Kazakhstan,Montenegro,cached_from_soccerbase_match_stats
720828,2017-09-01,Czech Rep,Germany,cached_from_soccerbase_match_stats
720829,2017-09-01,Norway,Azerbaijan,cached_from_soccerbase_match_stats
720830,2017-09-01,San Marino,N Ireland,cached_from_soccerbase_match_stats
720831,2017-09-01,Slovakia,Slovenia,cached_from_soccerbase_match_stats
720832,2017-09-01,Lithuania,Scotland,cached_from_soccerbase_match_stats
720833,2017-09-01,Malta,England,cached_from_soccerbase_match_stats
720834,2017-09-01,Romania,Armenia,cached_from_soccerbase_match_stats
720835,2017-09-01,Denmark,Poland,cached_from_soccerbase_match_stats
721309,2017-09-01,Brazil,Ecuador,cached_from_soccerbase_match_stats
721311,2017-09-01,Peru,Bolivia,cached_from_soccerbase_match_stats
721312,2017-09-01,Uruguay,Argentina,cached_from_soccerbase_match_stats
733011,2017-09-01,Tunisia,DR Congo,cached_from_soccerbase_match_stats
733014,2017-09-01,Ghana,Congo,cached_from_soccerbase_match_stats
733015,2017-09-01,Nigeria,Cameroon,cached_from_soccerbase_match_stats
733018,2017-09-01,Morocco,Mali,cached_from_soccerbase_match_stats
733020,2017-09-01,Cape Verde Is.,South Africa,cached_from_soccerbase_match_stats
741266,2017-09-01,USA,Costa Rica,cached_from_soccerbase_match_stats
760059,2017-09-01,New Zealand,Soloman Islands,cached_from_soccerbase_match_stats
720836,2017-09-02,Serbia,Moldova,cached_from_soccerbase_match_stats
720837,2017-09-02,Georgia,Ireland,cached_from_soccerbase_match_stats
720838,2017-09-02,Albania,Liechtenstein,cached_from_soccerbase_match_stats
720839,2017-09-02,Finland,Iceland,cached_from_soccerbase_match_stats
720840,2017-09-02,Wales,Austria,cached_from_soccerbase_match_stats
720841,2017-09-02,Israel,N Macedonia,cached_from_soccerbase_match_stats
720842,2017-09-02,Spain,Italy,cached_from_soccerbase_match_stats
720843,2017-09-02,Ukraine,Turkey,cached_from_soccerbase_match_stats
733013,2017-09-02,Senegal,Burkina Faso,cached_from_soccerbase_match_stats
733016,2017-09-02,Gabon,Ivory Coast,cached_from_soccerbase_match_stats
733019,2017-09-02,Zambia,Algeria,cached_from_soccerbase_match_stats
741267,2017-09-02,Mexico,Panama,cached_from_soccerbase_match_stats
741268,2017-09-02,Trinidad,Honduras,cached_from_soccerbase_match_stats
761241,2017-09-02,Hong Kong,Macau,cached_from_soccerbase_match_stats
761826,2017-09-02,Eq Guinea,Benin,cached_from_soccerbase_match_stats
720844,2017-09-03,Netherlands,Bulgaria,cached_from_soccerbase_match_stats
720845,2017-09-03,Belarus,Sweden,cached_from_soccerbase_match_stats
720846,2017-09-03,Faroe Islands,Andorra,cached_from_soccerbase_match_stats
720847,2017-09-03,Estonia,Cyprus,cached_from_soccerbase_match_stats
720848,2017-09-03,Latvia,Switzerland,cached_from_soccerbase_match_stats
720849,2017-09-03,Greece,Belgium,cached_from_soccerbase_match_stats
720850,2017-09-03,Hungary,Portugal,cached_from_soccerbase_match_stats
720851,2017-09-03,France,Luxembourg,cached_from_soccerbase_match_stats
731979,2017-09-03,Croatia,Kosovo,cached_from_soccerbase_match_stats
731980,2017-09-03,Gibraltar,Bosnia-Hz.,cached_from_soccerbase_match_stats
759450,2017-09-03,Canada,Jamaica,cached_from_soccerbase_match_stats
720852,2017-09-04,Armenia,Denmark,cached_from_soccerbase_match_stats
720853,2017-09-04,Azerbaijan,San Marino,cached_from_soccerbase_match_stats
720854,2017-09-04,England,Slovakia,cached_from_soccerbase_match_stats
720855,2017-09-04,Scotland,Malta,cached_from_soccerbase_match_stats
720856,2017-09-04,Slovenia,Lithuania,cached_from_soccerbase_match_stats
720857,2017-09-04,Germany,Norway,cached_from_soccerbase_match_stats
720858,2017-09-04,N Ireland,Czech Rep,cached_from_soccerbase_match_stats
720859,2017-09-04,Poland,Kazakhstan,cached_from_soccerbase_match_stats
720860,2017-09-04,Montenegro,Romania,cached_from_soccerbase_match_stats
733027,2017-09-04,Libya,Guinea,cached_from_soccerbase_match_stats
733028,2017-09-04,Cameroon,Nigeria,cached_from_soccerbase_match_stats
761835,2017-09-04,Togo,Malawi,cached_from_soccerbase_match_stats
720861,2017-09-05,Austria,Georgia,cached_from_soccerbase_match_stats
720862,2017-09-05,Ireland,Serbia,cached_from_soccerbase_match_stats
720863,2017-09-05,Moldova,Wales,cached_from_soccerbase_match_stats
720864,2017-09-05,Italy,Israel,cached_from_soccerbase_match_stats
720865,2017-09-05,N Macedonia,Albania,cached_from_soccerbase_match_stats
720866,2017-09-05,Liechtenstein,Spain,cached_from_soccerbase_match_stats
720867,2017-09-05,Iceland,Ukraine,cached_from_soccerbase_match_stats
720868,2017-09-05,Turkey,Croatia,cached_from_soccerbase_match_stats
721313,2017-09-05,Colombia,Brazil,cached_from_soccerbase_match_stats
721316,2017-09-05,Ecuador,Peru,cached_from_soccerbase_match_stats
721317,2017-09-05,Bolivia,Chile,cached_from_soccerbase_match_stats
729885,2017-09-05,Iraq,UAE,cached_from_soccerbase_match_stats
729886,2017-09-05,Australia,Thailand,cached_from_soccerbase_match_stats
729887,2017-09-05,Saudi Arabia,Japan,cached_from_soccerbase_match_stats
729888,2017-09-05,Iran,Syria,cached_from_soccerbase_match_stats
729889,2017-09-05,Qatar,China,cached_from_soccerbase_match_stats
729890,2017-09-05,Uzbekistan,South Korea,cached_from_soccerbase_match_stats
731981,2017-09-05,Kosovo,Finland,cached_from_soccerbase_match_stats
733021,2017-09-05,Burkina Faso,Senegal,cached_from_soccerbase_match_stats
733022,2017-09-05,Algeria,Zambia,cached_from_soccerbase_match_stats
733023,2017-09-05,Egypt,Uganda,cached_from_soccerbase_match_stats
733024,2017-09-05,Ivory Coast,Gabon,cached_from_soccerbase_match_stats
733025,2017-09-05,DR Congo,Tunisia,cached_from_soccerbase_match_stats
733026,2017-09-05,Mali,Morocco,cached_from_soccerbase_match_stats
733029,2017-09-05,Congo,Ghana,cached_from_soccerbase_match_stats
733030,2017-09-05,South Africa,Cape Verde Is.,cached_from_soccerbase_match_stats
741269,2017-09-05,Honduras,USA,cached_from_soccerbase_match_stats
760060,2017-09-05,Soloman Islands,New Zealand,cached_from_soccerbase_match_stats
721314,2017-09-06,Paraguay,Uruguay,cached_from_soccerbase_match_stats
721315,2017-09-06,Argentina,Venezuela,cached_from_soccerbase_match_stats
741270,2017-09-06,Costa Rica,Mexico,cached_from_soccerbase_match_stats
741271,2017-09-06,Panama,Trinidad,cached_from_soccerbase_match_stats
765220,2017-09-17,Senegal,Benin,cached_from_soccerbase_match_stats
765695,2017-09-18,Ghana,Nigeria,cached_from_soccerbase_match_stats
765219,2017-09-19,Senegal,Ivory Coast,cached_from_soccerbase_match_stats
765694,2017-09-21,Ghana,Niger,cached_from_soccerbase_match_stats
765693,2017-09-24,Ghana,Nigeria,cached_from_soccerbase_match_stats
720869,2017-10-05,Armenia,Poland,cached_from_soccerbase_match_stats
720870,2017-10-05,Azerbaijan,Czech Rep,cached_from_soccerbase_match_stats
720871,2017-10-05,San Marino,Norway,cached_from_soccerbase_match_stats
720872,2017-10-05,England,Slovenia,cached_from_soccerbase_match_stats
720873,2017-10-05,Scotland,Slovakia,cached_from_soccerbase_match_stats
720874,2017-10-05,Malta,Lithuania,cached_from_soccerbase_match_stats
720875,2017-10-05,N Ireland,Germany,cached_from_soccerbase_match_stats
720876,2017-10-05,Romania,Kazakhstan,cached_from_soccerbase_match_stats
720877,2017-10-05,Montenegro,Denmark,cached_from_soccerbase_match_stats
721321,2017-10-05,Venezuela,Uruguay,cached_from_soccerbase_match_stats
721322,2017-10-05,Bolivia,Brazil,cached_from_soccerbase_match_stats
760123,2017-10-05,Syria,Australia,cached_from_soccerbase_match_stats
760290,2017-10-05,Iran,Togo,cached_from_soccerbase_match_stats
761239,2017-10-05,Hong Kong,Laos,cached_from_soccerbase_match_stats
765083,2017-10-05,Chinese Taipei,Mongolia,cached_from_soccerbase_match_stats
765705,2017-10-05,Myanmar,Thailand,cached_from_soccerbase_match_stats
720878,2017-10-06,Georgia,Wales,cached_from_soccerbase_match_stats
720879,2017-10-06,Spain,Albania,cached_from_soccerbase_match_stats
720880,2017-10-06,Italy,N Macedonia,cached_from_soccerbase_match_stats
720881,2017-10-06,Liechtenstein,Israel,cached_from_soccerbase_match_stats
720882,2017-10-06,Croatia,Finland,cached_from_soccerbase_match_stats
720883,2017-10-06,Turkey,Iceland,cached_from_soccerbase_match_stats
720884,2017-10-06,Austria,Serbia,cached_from_soccerbase_match_stats
720885,2017-10-06,Ireland,Moldova,cached_from_soccerbase_match_stats
721318,2017-10-06,Colombia,Paraguay,cached_from_soccerbase_match_stats
721319,2017-10-06,Chile,Ecuador,cached_from_soccerbase_match_stats
721320,2017-10-06,Argentina,Peru,cached_from_soccerbase_match_stats
731982,2017-10-06,Kosovo,Ukraine,cached_from_soccerbase_match_stats
733032,2017-10-06,Mali,Ivory Coast,cached_from_soccerbase_match_stats
760331,2017-10-06,Japan,New Zealand,cached_from_soccerbase_match_stats
720886,2017-10-07,Sweden,Luxembourg,cached_from_soccerbase_match_stats
720887,2017-10-07,Faroe Islands,Latvia,cached_from_soccerbase_match_stats
720888,2017-10-07,Bosnia-Hz.,Belgium,cached_from_soccerbase_match_stats
720889,2017-10-07,Cyprus,Greece,cached_from_soccerbase_match_stats
720890,2017-10-07,Andorra,Portugal,cached_from_soccerbase_match_stats
720891,2017-10-07,Bulgaria,France,cached_from_soccerbase_match_stats
720892,2017-10-07,Belarus,Netherlands,cached_from_soccerbase_match_stats
720893,2017-10-07,Switzerland,Hungary,cached_from_soccerbase_match_stats
731983,2017-10-07,Gibraltar,Estonia,cached_from_soccerbase_match_stats
733031,2017-10-07,Guinea,Tunisia,cached_from_soccerbase_match_stats
733034,2017-10-07,Morocco,Gabon,cached_from_soccerbase_match_stats
733035,2017-10-07,South Africa,Burkina Faso,cached_from_soccerbase_match_stats
733036,2017-10-07,Nigeria,Zambia,cached_from_soccerbase_match_stats
733037,2017-10-07,Uganda,Ghana,cached_from_soccerbase_match_stats
733038,2017-10-07,Cameroon,Algeria,cached_from_soccerbase_match_stats
733039,2017-10-07,Cape Verde Is.,Senegal,cached_from_soccerbase_match_stats
733040,2017-10-07,Libya,DR Congo,cached_from_soccerbase_match_stats
741272,2017-10-07,Costa Rica,Honduras,cached_from_soccerbase_match_stats
741273,2017-10-07,USA,Panama,cached_from_soccerbase_match_stats
741274,2017-10-07,Mexico,Trinidad,cached_from_soccerbase_match_stats
760292,2017-10-07,Russia,South Korea,cached_from_soccerbase_match_stats
720894,2017-10-08,Denmark,Romania,cached_from_soccerbase_match_stats
720895,2017-10-08,Poland,Montenegro,cached_from_soccerbase_match_stats
720896,2017-10-08,Kazakhstan,Armenia,cached_from_soccerbase_match_stats
720897,2017-10-08,Slovakia,Malta,cached_from_soccerbase_match_stats
720898,2017-10-08,Slovenia,Scotland,cached_from_soccerbase_match_stats
720899,2017-10-08,Lithuania,England,cached_from_soccerbase_match_stats
720900,2017-10-08,Germany,Azerbaijan,cached_from_soccerbase_match_stats
720901,2017-10-08,Czech Rep,San Marino,cached_from_soccerbase_match_stats
720902,2017-10-08,Norway,N Ireland,cached_from_soccerbase_match_stats
733033,2017-10-08,Egypt,Congo,cached_from_soccerbase_match_stats
760293,2017-10-08,Thailand,Kenya,cached_from_soccerbase_match_stats
760563,2017-10-08,El Salvador,Canada,cached_from_soccerbase_match_stats
765700,2017-10-08,Egypt,Congo,cached_from_soccerbase_match_stats
720903,2017-10-09,Wales,Ireland,cached_from_soccerbase_match_stats
720904,2017-10-09,Serbia,Georgia,cached_from_soccerbase_match_stats
720905,2017-10-09,Moldova,Austria,cached_from_soccerbase_match_stats
720906,2017-10-09,Albania,Italy,cached_from_soccerbase_match_stats
720907,2017-10-09,Israel,Spain,cached_from_soccerbase_match_stats
720908,2017-10-09,N Macedonia,Liechtenstein,cached_from_soccerbase_match_stats
720909,2017-10-09,Ukraine,Croatia,cached_from_soccerbase_match_stats
720910,2017-10-09,Finland,Turkey,cached_from_soccerbase_match_stats
731984,2017-10-09,Iceland,Kosovo,cached_from_soccerbase_match_stats
761838,2017-10-09,Eq Guinea,Mauritius,cached_from_soccerbase_match_stats
720911,2017-10-10,Netherlands,Sweden,cached_from_soccerbase_match_stats
720912,2017-10-10,France,Belarus,cached_from_soccerbase_match_stats
720913,2017-10-10,Luxembourg,Bulgaria,cached_from_soccerbase_match_stats
720914,2017-10-10,Portugal,Switzerland,cached_from_soccerbase_match_stats
720915,2017-10-10,Hungary,Faroe Islands,cached_from_soccerbase_match_stats
720916,2017-10-10,Latvia,Andorra,cached_from_soccerbase_match_stats
720917,2017-10-10,Belgium,Cyprus,cached_from_soccerbase_match_stats
720918,2017-10-10,Estonia,Bosnia-Hz.,cached_from_soccerbase_match_stats
731985,2017-10-10,Greece,Gibraltar,cached_from_soccerbase_match_stats
760124,2017-10-10,Australia,Syria,cached_from_soccerbase_match_stats
760294,2017-10-10,Russia,Iran,cached_from_soccerbase_match_stats
760332,2017-10-10,Japan,Haiti,cached_from_soccerbase_match_stats
760572,2017-10-10,South Korea,Morocco,cached_from_soccerbase_match_stats
761824,2017-10-10,Gabon,Benin,cached_from_soccerbase_match_stats
765692,2017-10-10,Saudi Arabia,Ghana,cached_from_soccerbase_match_stats
721323,2017-10-11,Paraguay,Venezuela,cached_from_soccerbase_match_stats
721324,2017-10-11,Brazil,Chile,cached_from_soccerbase_match_stats
721325,2017-10-11,Ecuador,Argentina,cached_from_soccerbase_match_stats
721326,2017-10-11,Peru,Colombia,cached_from_soccerbase_match_stats
721327,2017-10-11,Uruguay,Bolivia,cached_from_soccerbase_match_stats
741275,2017-10-11,Trinidad,USA,cached_from_soccerbase_match_stats
741276,2017-10-11,Honduras,Mexico,cached_from_soccerbase_match_stats
741277,2017-10-11,Panama,Costa Rica,cached_from_soccerbase_match_stats
761847,2017-10-24,Grenada,Panama,cached_from_soccerbase_match_stats
765211,2017-10-29,Bermuda,Barbados,cached_from_soccerbase_match_stats
761202,2017-11-07,Saudi Arabia,Latvia,cached_from_soccerbase_match_stats
760842,2017-11-08,Iceland,Czech Rep,cached_from_soccerbase_match_stats
761825,2017-11-08,Congo,Benin,cached_from_soccerbase_match_stats
760799,2017-11-09,N Ireland,Switzerland,cached_from_soccerbase_match_stats
760800,2017-11-09,Croatia,Greece,cached_from_soccerbase_match_stats
760843,2017-11-09,Scotland,Netherlands,cached_from_soccerbase_match_stats
760851,2017-11-09,Romania,Turkey,cached_from_soccerbase_match_stats
760958,2017-11-09,Finland,Estonia,cached_from_soccerbase_match_stats
760959,2017-11-09,Luxembourg,Hungary,cached_from_soccerbase_match_stats
760973,2017-11-09,Iran,Panama,cached_from_soccerbase_match_stats
761057,2017-11-09,Armenia,Belarus,cached_from_soccerbase_match_stats
761236,2017-11-09,Singapore,Lebanon,cached_from_soccerbase_match_stats
761237,2017-11-09,Hong Kong,Bahrain,cached_from_soccerbase_match_stats
783758,2017-11-09,UAE,Egypt,cached_from_soccerbase_match_stats
732998,2017-11-10,South Africa,Senegal,cached_from_soccerbase_match_stats
733046,2017-11-10,Algeria,Nigeria,cached_from_soccerbase_match_stats
760371,2017-11-10,Japan,Brazil,cached_from_soccerbase_match_stats
760575,2017-11-10,England,Germany,cached_from_soccerbase_match_stats
760655,2017-11-10,Honduras,Australia,cached_from_soccerbase_match_stats
760754,2017-11-10,Portugal,Saudi Arabia,cached_from_soccerbase_match_stats
760755,2017-11-10,Poland,Uruguay,cached_from_soccerbase_match_stats
760757,2017-11-10,France,Wales,cached_from_soccerbase_match_stats
760802,2017-11-10,Sweden,Italy,cached_from_soccerbase_match_stats
760844,2017-11-10,Belgium,Mexico,cached_from_soccerbase_match_stats
760965,2017-11-10,South Korea,Colombia,cached_from_soccerbase_match_stats
760974,2017-11-10,Georgia,Cyprus,cached_from_soccerbase_match_stats
761041,2017-11-10,Ukraine,Slovakia,cached_from_soccerbase_match_stats
761045,2017-11-10,China,Serbia,cached_from_soccerbase_match_stats
765688,2017-11-10,UAE,Haiti,cached_from_soccerbase_match_stats
733043,2017-11-11,Ivory Coast,Morocco,cached_from_soccerbase_match_stats
733044,2017-11-11,Zambia,Cameroon,cached_from_soccerbase_match_stats
733045,2017-11-11,Gabon,Mali,cached_from_soccerbase_match_stats
733049,2017-11-11,DR Congo,Guinea,cached_from_soccerbase_match_stats
733050,2017-11-11,Tunisia,Libya,cached_from_soccerbase_match_stats
745558,2017-11-11,Russia,Argentina,cached_from_soccerbase_match_stats
760664,2017-11-11,Spain,Costa Rica,cached_from_soccerbase_match_stats
760801,2017-11-11,Denmark,Ireland,cached_from_soccerbase_match_stats
760845,2017-11-11,Qatar,Czech Rep,cached_from_soccerbase_match_stats
760960,2017-11-11,N Macedonia,Norway,cached_from_soccerbase_match_stats
765052,2017-11-11,Comoros,Madagascar,cached_from_soccerbase_match_stats
784026,2017-11-11,Trinidad,Guyana,cached_from_soccerbase_match_stats
733041,2017-11-12,Congo,Uganda,cached_from_soccerbase_match_stats
733042,2017-11-12,Ghana,Egypt,cached_from_soccerbase_match_stats
745559,2017-11-12,Malta,Estonia,cached_from_soccerbase_match_stats
760803,2017-11-12,Switzerland,N Ireland,cached_from_soccerbase_match_stats
760804,2017-11-12,Greece,Croatia,cached_from_soccerbase_match_stats
761056,2017-11-12,Benin,Tanzania,cached_from_soccerbase_match_stats
761822,2017-11-12,Togo,Mauritius,cached_from_soccerbase_match_stats
760806,2017-11-13,Italy,Sweden,cached_from_soccerbase_match_stats
760846,2017-11-13,Poland,Mexico,cached_from_soccerbase_match_stats
760852,2017-11-13,Turkey,Albania,cached_from_soccerbase_match_stats
760975,2017-11-13,Armenia,Cyprus,cached_from_soccerbase_match_stats
760976,2017-11-13,Georgia,Belarus,cached_from_soccerbase_match_stats
761046,2017-11-13,Venezuela,Iran,cached_from_soccerbase_match_stats
761173,2017-11-13,Bulgaria,Saudi Arabia,cached_from_soccerbase_match_stats
761235,2017-11-13,Kosovo,Latvia,cached_from_soccerbase_match_stats
733047,2017-11-14,Senegal,South Africa,cached_from_soccerbase_match_stats
733048,2017-11-14,Burkina Faso,Cape Verde Is.,cached_from_soccerbase_match_stats
760576,2017-11-14,England,Brazil,cached_from_soccerbase_match_stats
760665,2017-11-14,Russia,Spain,cached_from_soccerbase_match_stats
760666,2017-11-14,Germany,France,cached_from_soccerbase_match_stats
760752,2017-11-14,Portugal,USA,cached_from_soccerbase_match_stats
760756,2017-11-14,Austria,Uruguay,cached_from_soccerbase_match_stats
760805,2017-11-14,Ireland,Denmark,cached_from_soccerbase_match_stats
760831,2017-11-14,Belgium,Japan,cached_from_soccerbase_match_stats
760847,2017-11-14,Qatar,Iceland,cached_from_soccerbase_match_stats
760961,2017-11-14,Argentina,Nigeria,cached_from_soccerbase_match_stats
760962,2017-11-14,Hungary,Costa Rica,cached_from_soccerbase_match_stats
760963,2017-11-14,Slovakia,Norway,cached_from_soccerbase_match_stats
760964,2017-11-14,Wales,Panama,cached_from_soccerbase_match_stats
760966,2017-11-14,South Korea,Serbia,cached_from_soccerbase_match_stats
761042,2017-11-14,Romania,Netherlands,cached_from_soccerbase_match_stats
761043,2017-11-14,China,Colombia,cached_from_soccerbase_match_stats
761151,2017-11-14,Kenya,Zambia,cached_from_soccerbase_match_stats
765088,2017-11-14,Algeria,Central Africa,cached_from_soccerbase_match_stats
765687,2017-11-14,Macau,Kyrgyzstan,cached_from_soccerbase_match_stats
784025,2017-11-14,Trinidad,Guyana,cached_from_soccerbase_match_stats
760654,2017-11-15,Australia,Honduras,cached_from_soccerbase_match_stats
761148,2017-11-25,Indonesia,Guyana,cached_from_soccerbase_match_stats
765070,2017-12-01,Laos,Philippines,cached_from_soccerbase_match_stats
765082,2017-12-02,Kyrgyzstan,Mongolia,cached_from_soccerbase_match_stats
765069,2017-12-03,Chinese Taipei,Philippines,cached_from_soccerbase_match_stats
765092,2017-12-03,Libya,Tanzania,cached_from_soccerbase_match_stats
765686,2017-12-04,Brunei,Kyrgyzstan,cached_from_soccerbase_match_stats
765068,2017-12-05,Timor-Leste,Philippines,cached_from_soccerbase_match_stats
765077,2017-12-06,Soloman Islands,Fiji,cached_from_soccerbase_match_stats
765091,2017-12-07,Tanzania,Zanzibar,cached_from_soccerbase_match_stats
765076,2017-12-09,Vanuatu,Fiji,cached_from_soccerbase_match_stats
765090,2017-12-09,Rwanda,Tanzania,cached_from_soccerbase_match_stats
765089,2017-12-11,Kenya,Tanzania,cached_from_soccerbase_match_stats
765075,2017-12-12,Fiji,Tonga,cached_from_soccerbase_match_stats
765047,2017-12-14,Qatar,Liechtenstein,cached_from_soccerbase_match_stats
765074,2017-12-15,Fiji,New Caledonia,cached_from_soccerbase_match_stats
765050,2017-12-16,China,North Korea,cached_from_soccerbase_match_stats
765046,2017-12-18,Bahrain,Kuwait,cached_from_soccerbase_match_stats
765039,2017-12-24,Jordan,Libya,cached_from_soccerbase_match_stats
765045,2017-12-24,Kuwait,Oman,cached_from_soccerbase_match_stats
765044,2017-12-28,Kuwait,UAE,cached_from_soccerbase_match_stats
766632,2018-01-07,Sweden,Estonia,cached_from_soccerbase_match_stats
762418,2018-01-14,Indonesia,Iceland,cached_from_soccerbase_match_stats
780522,2018-01-15,Jordan,Denmark,cached_from_soccerbase_match_stats
762736,2018-01-27,South Korea,Moldova,cached_from_soccerbase_match_stats
761855,2018-01-29,USA,Bosnia-Hz.,cached_from_soccerbase_match_stats
762737,2018-01-30,South Korea,Jamaica,cached_from_soccerbase_match_stats
761932,2018-02-01,Mexico,Bosnia-Hz.,cached_from_soccerbase_match_stats
762796,2018-02-03,South Korea,Latvia,cached_from_soccerbase_match_stats
764012,2018-02-26,Saudi Arabia,Moldova,cached_from_soccerbase_match_stats
762892,2018-03-14,Iran,Libya,cached_from_soccerbase_match_stats
764921,2018-03-17,Iran,Sierra Leone,cached_from_soccerbase_match_stats
764016,2018-03-21,Liechtenstein,Andorra,cached_from_soccerbase_match_stats
764959,2018-03-21,South Africa,Angola,cached_from_soccerbase_match_stats
765037,2018-03-21,Iraq,Qatar,cached_from_soccerbase_match_stats
765038,2018-03-21,Jordan,Kuwait,cached_from_soccerbase_match_stats
765051,2018-03-21,Togo,Madagascar,cached_from_soccerbase_match_stats
765214,2018-03-21,Antigua & Barb,Bermuda,cached_from_soccerbase_match_stats
762290,2018-03-22,China,Wales,cached_from_soccerbase_match_stats
762612,2018-03-22,Malta,Luxembourg,cached_from_soccerbase_match_stats
762815,2018-03-22,Faroe Islands,Latvia,cached_from_soccerbase_match_stats
762951,2018-03-22,Denmark,Panama,cached_from_soccerbase_match_stats
764923,2018-03-22,Slovakia,UAE,cached_from_soccerbase_match_stats
765056,2018-03-22,Bahrain,Palestine,cached_from_soccerbase_match_stats
765067,2018-03-22,Philippines,Fiji,cached_from_soccerbase_match_stats
765079,2018-03-22,Malaysia,Mongolia,cached_from_soccerbase_match_stats
765704,2018-03-22,Thailand,Gabon,cached_from_soccerbase_match_stats
760667,2018-03-23,Germany,Spain,cached_from_soccerbase_match_stats
760758,2018-03-23,Russia,Brazil,cached_from_soccerbase_match_stats
762326,2018-03-23,France,Colombia,cached_from_soccerbase_match_stats
762419,2018-03-23,Greece,Switzerland,cached_from_soccerbase_match_stats
762570,2018-03-23,Poland,Nigeria,cached_from_soccerbase_match_stats
762591,2018-03-23,Portugal,Egypt,cached_from_soccerbase_match_stats
762600,2018-03-23,Turkey,Ireland,cached_from_soccerbase_match_stats
762623,2018-03-23,Norway,Australia,cached_from_soccerbase_match_stats
762685,2018-03-23,Austria,Slovenia,cached_from_soccerbase_match_stats
762709,2018-03-23,Netherlands,England,cached_from_soccerbase_match_stats
762797,2018-03-23,Serbia,Morocco,cached_from_soccerbase_match_stats
762812,2018-03-23,Scotland,Costa Rica,cached_from_soccerbase_match_stats
762816,2018-03-23,Hungary,Kazakhstan,cached_from_soccerbase_match_stats
762843,2018-03-23,Argentina,Italy,cached_from_soccerbase_match_stats
762844,2018-03-23,Finland,N Macedonia,cached_from_soccerbase_match_stats
762879,2018-03-23,Saudi Arabia,Ukraine,cached_from_soccerbase_match_stats
762895,2018-03-23,Tunisia,Iran,cached_from_soccerbase_match_stats
764003,2018-03-23,Bulgaria,Bosnia-Hz.,cached_from_soccerbase_match_stats
764009,2018-03-23,Azerbaijan,Belarus,cached_from_soccerbase_match_stats
764014,2018-03-23,Japan,Mali,cached_from_soccerbase_match_stats
764025,2018-03-23,Cyprus,Montenegro,cached_from_soccerbase_match_stats
764876,2018-03-23,Senegal,Uzbekistan,cached_from_soccerbase_match_stats
765049,2018-03-23,Uruguay,Czech Rep,cached_from_soccerbase_match_stats
765093,2018-03-23,Gambia,Cen Af Rep,cached_from_soccerbase_match_stats
784035,2018-03-23,Guadeloupe,Trinidad,cached_from_soccerbase_match_stats
762130,2018-03-24,Sweden,Chile,cached_from_soccerbase_match_stats
762569,2018-03-24,Peru,Croatia,cached_from_soccerbase_match_stats
762809,2018-03-24,N Ireland,South Korea,cached_from_soccerbase_match_stats
762811,2018-03-24,Mexico,Iceland,cached_from_soccerbase_match_stats
762826,2018-03-24,Israel,Romania,cached_from_soccerbase_match_stats
762894,2018-03-24,Georgia,Lithuania,cached_from_soccerbase_match_stats
762898,2018-03-24,Canada,New Zealand,cached_from_soccerbase_match_stats
762903,2018-03-24,Armenia,Estonia,cached_from_soccerbase_match_stats
764406,2018-03-24,Curacao,Bolivia,cached_from_soccerbase_match_stats
764416,2018-03-24,Kosovo,Madagascar,cached_from_soccerbase_match_stats
764423,2018-03-24,Togo,Ivory Coast,cached_from_soccerbase_match_stats
764874,2018-03-24,Kenya,Comoros,cached_from_soccerbase_match_stats
765048,2018-03-24,Qatar,Syria,cached_from_soccerbase_match_stats
765208,2018-03-24,South Africa,Zambia,cached_from_soccerbase_match_stats
784034,2018-03-24,Martinique,Trinidad,cached_from_soccerbase_match_stats
762817,2018-03-25,Faroe Islands,Liechtenstein,cached_from_soccerbase_match_stats
762938,2018-03-25,Gibraltar,Latvia,cached_from_soccerbase_match_stats
764424,2018-03-25,Kuwait,Cameroon,cached_from_soccerbase_match_stats
765209,2018-03-25,Barbados,Bermuda,cached_from_soccerbase_match_stats
765210,2018-03-25,Jamaica,Antigua & Barb,cached_from_soccerbase_match_stats
765701,2018-03-25,Thailand,Slovakia,cached_from_soccerbase_match_stats
762421,2018-03-26,Portugal,Netherlands,cached_from_soccerbase_match_stats
762624,2018-03-26,Albania,Norway,cached_from_soccerbase_match_stats
762845,2018-03-26,Finland,Malta,cached_from_soccerbase_match_stats
764004,2018-03-26,Bulgaria,Kazakhstan,cached_from_soccerbase_match_stats
765094,2018-03-26,Andorra,Eq Guinea,cached_from_soccerbase_match_stats
765217,2018-03-26,Wales,Uruguay,cached_from_soccerbase_match_stats
765218,2018-03-26,China,Czech Rep,cached_from_soccerbase_match_stats
785006,2018-03-26,Nicaragua,Cuba,cached_from_soccerbase_match_stats
745557,2018-03-27,Germany,Brazil,cached_from_soccerbase_match_stats
762420,2018-03-27,Russia,France,cached_from_soccerbase_match_stats
762592,2018-03-27,Egypt,Greece,cached_from_soccerbase_match_stats
762593,2018-03-27,Poland,South Korea,cached_from_soccerbase_match_stats
762605,2018-03-27,Iran,Algeria,cached_from_soccerbase_match_stats
762686,2018-03-27,Luxembourg,Austria,cached_from_soccerbase_match_stats
762710,2018-03-27,England,Italy,cached_from_soccerbase_match_stats
762798,2018-03-27,Colombia,Australia,cached_from_soccerbase_match_stats
762808,2018-03-27,Tunisia,Costa Rica,cached_from_soccerbase_match_stats
762814,2018-03-27,Romania,Sweden,cached_from_soccerbase_match_stats
762818,2018-03-27,Hungary,Scotland,cached_from_soccerbase_match_stats
762828,2018-03-27,Nigeria,Serbia,cached_from_soccerbase_match_stats
762846,2018-03-27,Azerbaijan,N Macedonia,cached_from_soccerbase_match_stats
762847,2018-03-27,Spain,Argentina,cached_from_soccerbase_match_stats
762880,2018-03-27,Belgium,Saudi Arabia,cached_from_soccerbase_match_stats
762893,2018-03-27,Armenia,Lithuania,cached_from_soccerbase_match_stats
762896,2018-03-27,Morocco,Uzbekistan,cached_from_soccerbase_match_stats
762939,2018-03-27,Slovenia,Belarus,cached_from_soccerbase_match_stats
762940,2018-03-27,Switzerland,Panama,cached_from_soccerbase_match_stats
763149,2018-03-27,Montenegro,Turkey,cached_from_soccerbase_match_stats
764013,2018-03-27,Denmark,Chile,cached_from_soccerbase_match_stats
764026,2018-03-27,Georgia,Estonia,cached_from_soccerbase_match_stats
764397,2018-03-27,Kosovo,Burkina Faso,cached_from_soccerbase_match_stats
764407,2018-03-27,Curacao,Bolivia,cached_from_soccerbase_match_stats
764410,2018-03-27,Tanzania,DR Congo,cached_from_soccerbase_match_stats
764426,2018-03-27,Senegal,Bosnia-Hz.,cached_from_soccerbase_match_stats
764873,2018-03-27,Kenya,Cen Af Rep,cached_from_soccerbase_match_stats
764916,2018-03-27,Japan,Ukraine,cached_from_soccerbase_match_stats
764922,2018-03-27,Ivory Coast,Moldova,cached_from_soccerbase_match_stats
780525,2018-03-27,Iraq,Syria,cached_from_soccerbase_match_stats
762571,2018-03-28,Iceland,Peru,cached_from_soccerbase_match_stats
762608,2018-03-28,Mexico,Croatia,cached_from_soccerbase_match_stats
764006,2018-03-28,USA,Paraguay,cached_from_soccerbase_match_stats
765406,2018-04-18,Trinidad,Panama,cached_from_soccerbase_match_stats
780524,2018-05-08,Iraq,Palestine,cached_from_soccerbase_match_stats
765493,2018-05-09,Saudi Arabia,Algeria,cached_from_soccerbase_match_stats
780198,2018-05-11,Kuwait,Palestine,cached_from_soccerbase_match_stats
765494,2018-05-15,Saudi Arabia,Greece,cached_from_soccerbase_match_stats
762572,2018-05-19,Iran,Uzbekistan,cached_from_soccerbase_match_stats
765646,2018-05-20,Jordan,Cyprus,cached_from_soccerbase_match_stats
764914,2018-05-25,Kuwait,Egypt,cached_from_soccerbase_match_stats
765664,2018-05-25,Kenya,Swaziland,cached_from_soccerbase_match_stats
765283,2018-05-26,China,Myanmar,cached_from_soccerbase_match_stats
765683,2018-05-27,Cameroon,Burkina Faso,cached_from_soccerbase_match_stats
762589,2018-05-28,France,Ireland,cached_from_soccerbase_match_stats
762622,2018-05-28,Turkey,Iran,cached_from_soccerbase_match_stats
762829,2018-05-28,Nigeria,DR Congo,cached_from_soccerbase_match_stats
762881,2018-05-28,Italy,Saudi Arabia,cached_from_soccerbase_match_stats
764408,2018-05-28,Portugal,Tunisia,cached_from_soccerbase_match_stats
764871,2018-05-28,Bosnia-Hz.,Montenegro,cached_from_soccerbase_match_stats
764917,2018-05-28,South Korea,Honduras,cached_from_soccerbase_match_stats
765018,2018-05-28,USA,Bolivia,cached_from_soccerbase_match_stats
765663,2018-05-28,Kenya,Eq Guinea,cached_from_soccerbase_match_stats
764017,2018-05-29,Azerbaijan,Kyrgyzstan,cached_from_soccerbase_match_stats
764048,2018-05-29,Mexico,Wales,cached_from_soccerbase_match_stats
765407,2018-05-29,Armenia,Malta,cached_from_soccerbase_match_stats
765644,2018-05-29,Albania,Kosovo,cached_from_soccerbase_match_stats
762609,2018-05-30,Panama,N Ireland,cached_from_soccerbase_match_stats
762687,2018-05-30,Austria,Russia,cached_from_soccerbase_match_stats
762819,2018-05-30,Peru,Scotland,cached_from_soccerbase_match_stats
765221,2018-05-30,Japan,Ghana,cached_from_soccerbase_match_stats
765582,2018-05-30,Argentina,Haiti,cached_from_soccerbase_match_stats
781094,2018-05-30,Central Africa,Uganda,cached_from_soccerbase_match_stats
764008,2018-05-31,Luxembourg,Senegal,cached_from_soccerbase_match_stats
764062,2018-05-31,Slovakia,Netherlands,cached_from_soccerbase_match_stats
765400,2018-05-31,Morocco,Ukraine,cached_from_soccerbase_match_stats
765628,2018-05-31,Romania,Chile,cached_from_soccerbase_match_stats
765636,2018-05-31,Moldova,Congo,cached_from_soccerbase_match_stats
762711,2018-06-01,France,Italy,cached_from_soccerbase_match_stats
764918,2018-06-01,South Korea,Bosnia-Hz.,cached_from_soccerbase_match_stats
765182,2018-06-01,Australia,Czech Rep,cached_from_soccerbase_match_stats
765285,2018-06-01,Tunisia,Turkey,cached_from_soccerbase_match_stats
765287,2018-06-01,Georgia,Malta,cached_from_soccerbase_match_stats
765668,2018-06-01,Egypt,Colombia,cached_from_soccerbase_match_stats
762598,2018-06-02,Austria,Germany,cached_from_soccerbase_match_stats
762690,2018-06-02,England,Nigeria,cached_from_soccerbase_match_stats
762853,2018-06-02,Sweden,Denmark,cached_from_soccerbase_match_stats
762899,2018-06-02,Iceland,Norway,cached_from_soccerbase_match_stats
763150,2018-06-02,Montenegro,Slovenia,cached_from_soccerbase_match_stats
764005,2018-06-02,Ireland,USA,cached_from_soccerbase_match_stats
764030,2018-06-02,Belgium,Portugal,cached_from_soccerbase_match_stats
765495,2018-06-02,Thailand,China,cached_from_soccerbase_match_stats
781093,2018-06-02,Niger,Uganda,cached_from_soccerbase_match_stats
762610,2018-06-03,Costa Rica,N Ireland,cached_from_soccerbase_match_stats
762820,2018-06-03,Mexico,Scotland,cached_from_soccerbase_match_stats
762854,2018-06-03,Spain,Switzerland,cached_from_soccerbase_match_stats
762882,2018-06-03,Saudi Arabia,Peru,cached_from_soccerbase_match_stats
765095,2018-06-03,Brazil,Croatia,cached_from_soccerbase_match_stats
765627,2018-06-03,Albania,Ukraine,cached_from_soccerbase_match_stats
765703,2018-06-03,Andorra,Cape Verde Is.,cached_from_soccerbase_match_stats
765707,2018-06-03,Honduras,El Salvador,cached_from_soccerbase_match_stats
764063,2018-06-04,Italy,Netherlands,cached_from_soccerbase_match_stats
765288,2018-06-04,Morocco,Slovakia,cached_from_soccerbase_match_stats
765408,2018-06-04,Malta,Moldova,cached_from_soccerbase_match_stats
765629,2018-06-04,Serbia,Chile,cached_from_soccerbase_match_stats
765637,2018-06-04,Armenia,Moldova,cached_from_soccerbase_match_stats
762691,2018-06-05,Russia,Turkey,cached_from_soccerbase_match_stats
763984,2018-06-05,Luxembourg,Georgia,cached_from_soccerbase_match_stats
765481,2018-06-05,Kazakhstan,Azerbaijan,cached_from_soccerbase_match_stats
765535,2018-06-05,Romania,Finland,cached_from_soccerbase_match_stats
762830,2018-06-06,Nigeria,Czech Rep,cached_from_soccerbase_match_stats
762952,2018-06-06,Norway,Panama,cached_from_soccerbase_match_stats
764049,2018-06-06,Belgium,Egypt,cached_from_soccerbase_match_stats
765286,2018-06-06,Belarus,Hungary,cached_from_soccerbase_match_stats
762692,2018-06-07,England,Costa Rica,cached_from_soccerbase_match_stats
764409,2018-06-07,Portugal,Algeria,cached_from_soccerbase_match_stats
764919,2018-06-07,South Korea,Bolivia,cached_from_soccerbase_match_stats
765097,2018-06-07,Iceland,Ghana,cached_from_soccerbase_match_stats
762684,2018-06-08,Poland,Chile,cached_from_soccerbase_match_stats
762855,2018-06-08,Switzerland,Japan,cached_from_soccerbase_match_stats
762877,2018-06-08,Germany,Saudi Arabia,cached_from_soccerbase_match_stats
764031,2018-06-08,Croatia,Senegal,cached_from_soccerbase_match_stats
764411,2018-06-08,Iran,Lithuania,cached_from_soccerbase_match_stats
764875,2018-06-08,Uruguay,Uzbekistan,cached_from_soccerbase_match_stats
762712,2018-06-09,France,USA,cached_from_soccerbase_match_stats
762856,2018-06-09,Tunisia,Spain,cached_from_soccerbase_match_stats
762883,2018-06-09,Denmark,Mexico,cached_from_soccerbase_match_stats
762900,2018-06-09,Sweden,Peru,cached_from_soccerbase_match_stats
764018,2018-06-09,Latvia,Azerbaijan,cached_from_soccerbase_match_stats
764028,2018-06-09,Finland,Belarus,cached_from_soccerbase_match_stats
765183,2018-06-09,Hungary,Australia,cached_from_soccerbase_match_stats
765401,2018-06-09,Estonia,Morocco,cached_from_soccerbase_match_stats
765708,2018-06-09,Serbia,Bolivia,cached_from_soccerbase_match_stats
765096,2018-06-10,Austria,Brazil,cached_from_soccerbase_match_stats
785027,2018-06-10,India,Kenya,cached_from_soccerbase_match_stats
764050,2018-06-11,Belgium,Costa Rica,cached_from_soccerbase_match_stats
764920,2018-06-11,Senegal,South Korea,cached_from_soccerbase_match_stats
762601,2018-06-12,Poland,Lithuania,cached_from_soccerbase_match_stats
763972,2018-06-12,Japan,Paraguay,cached_from_soccerbase_match_stats
762132,2018-06-14,Russia,Saudi Arabia,cached_from_soccerbase_match_stats
762133,2018-06-15,Egypt,Uruguay,cached_from_soccerbase_match_stats
762324,2018-06-15,Morocco,Iran,cached_from_soccerbase_match_stats
762325,2018-06-15,Portugal,Spain,cached_from_soccerbase_match_stats
762142,2018-06-16,France,Australia,cached_from_soccerbase_match_stats
762143,2018-06-16,Peru,Denmark,cached_from_soccerbase_match_stats
762148,2018-06-16,Croatia,Nigeria,cached_from_soccerbase_match_stats
762149,2018-06-16,Argentina,Iceland,cached_from_soccerbase_match_stats
762154,2018-06-17,Brazil,Switzerland,cached_from_soccerbase_match_stats
762155,2018-06-17,Costa Rica,Serbia,cached_from_soccerbase_match_stats
762165,2018-06-17,Germany,Mexico,cached_from_soccerbase_match_stats
762164,2018-06-18,Sweden,South Korea,cached_from_soccerbase_match_stats
762166,2018-06-18,Belgium,Panama,cached_from_soccerbase_match_stats
762167,2018-06-18,Tunisia,England,cached_from_soccerbase_match_stats
762134,2018-06-19,Russia,Egypt,cached_from_soccerbase_match_stats
762176,2018-06-19,Poland,Senegal,cached_from_soccerbase_match_stats
762177,2018-06-19,Colombia,Japan,cached_from_soccerbase_match_stats
762135,2018-06-20,Uruguay,Saudi Arabia,cached_from_soccerbase_match_stats
762138,2018-06-20,Iran,Spain,cached_from_soccerbase_match_stats
762139,2018-06-20,Portugal,Morocco,cached_from_soccerbase_match_stats
762144,2018-06-21,France,Peru,cached_from_soccerbase_match_stats
762145,2018-06-21,Denmark,Australia,cached_from_soccerbase_match_stats
762150,2018-06-21,Argentina,Croatia,cached_from_soccerbase_match_stats
762151,2018-06-22,Nigeria,Iceland,cached_from_soccerbase_match_stats
762156,2018-06-22,Serbia,Switzerland,cached_from_soccerbase_match_stats
762157,2018-06-22,Brazil,Costa Rica,cached_from_soccerbase_match_stats
762162,2018-06-23,South Korea,Mexico,cached_from_soccerbase_match_stats
762163,2018-06-23,Germany,Sweden,cached_from_soccerbase_match_stats
762168,2018-06-23,Belgium,Tunisia,cached_from_soccerbase_match_stats
762169,2018-06-24,England,Panama,cached_from_soccerbase_match_stats
762174,2018-06-24,Japan,Senegal,cached_from_soccerbase_match_stats
762175,2018-06-24,Poland,Colombia,cached_from_soccerbase_match_stats
762136,2018-06-25,Uruguay,Russia,cached_from_soccerbase_match_stats
762137,2018-06-25,Saudi Arabia,Egypt,cached_from_soccerbase_match_stats
762140,2018-06-25,Spain,Morocco,cached_from_soccerbase_match_stats
762141,2018-06-25,Iran,Portugal,cached_from_soccerbase_match_stats
762146,2018-06-26,Denmark,France,cached_from_soccerbase_match_stats
762147,2018-06-26,Australia,Peru,cached_from_soccerbase_match_stats
762152,2018-06-26,Iceland,Croatia,cached_from_soccerbase_match_stats
762153,2018-06-26,Nigeria,Argentina,cached_from_soccerbase_match_stats
762158,2018-06-27,Serbia,Brazil,cached_from_soccerbase_match_stats
762159,2018-06-27,Switzerland,Costa Rica,cached_from_soccerbase_match_stats
762160,2018-06-27,Mexico,Sweden,cached_from_soccerbase_match_stats
762161,2018-06-27,South Korea,Germany,cached_from_soccerbase_match_stats
762170,2018-06-28,England,Belgium,cached_from_soccerbase_match_stats
762171,2018-06-28,Panama,Tunisia,cached_from_soccerbase_match_stats
762172,2018-06-28,Senegal,Colombia,cached_from_soccerbase_match_stats
762173,2018-06-28,Japan,Poland,cached_from_soccerbase_match_stats
762327,2018-06-30,France,Argentina,cached_from_soccerbase_match_stats
762328,2018-06-30,Uruguay,Portugal,cached_from_soccerbase_match_stats
762329,2018-07-01,Spain,Russia,cached_from_soccerbase_match_stats
762330,2018-07-01,Croatia,Denmark,cached_from_soccerbase_match_stats
762331,2018-07-02,Belgium,Japan,cached_from_soccerbase_match_stats
762332,2018-07-02,Brazil,Mexico,cached_from_soccerbase_match_stats
762333,2018-07-03,Colombia,England,cached_from_soccerbase_match_stats
762334,2018-07-03,Sweden,Switzerland,cached_from_soccerbase_match_stats
762335,2018-07-06,Uruguay,France,cached_from_soccerbase_match_stats
762336,2018-07-06,Brazil,Belgium,cached_from_soccerbase_match_stats
762337,2018-07-07,Russia,Croatia,cached_from_soccerbase_match_stats
762338,2018-07-07,Sweden,England,cached_from_soccerbase_match_stats
762339,2018-07-10,France,Belgium,cached_from_soccerbase_match_stats
762340,2018-07-11,Croatia,England,cached_from_soccerbase_match_stats
762341,2018-07-14,Belgium,England,cached_from_soccerbase_match_stats
762342,2018-07-15,France,Croatia,cached_from_soccerbase_match_stats
780523,2018-08-04,Palestine,Iraq,cached_from_soccerbase_match_stats
780200,2018-08-15,Guatemala,Cuba,cached_from_soccerbase_match_stats
772477,2018-08-18,Andorra,UAE,cached_from_soccerbase_match_stats
780199,2018-08-18,Guatemala,Cuba,cached_from_soccerbase_match_stats
784931,2018-08-30,Barbados,Cuba,cached_from_soccerbase_match_stats
785813,2018-09-02,Ethiopia,Burundi,cached_from_soccerbase_match_stats
765581,2018-09-05,Slovakia,Denmark,cached_from_soccerbase_match_stats
764412,2018-09-06,Austria,Sweden,cached_from_soccerbase_match_stats
765482,2018-09-06,Netherlands,Peru,cached_from_soccerbase_match_stats
765492,2018-09-06,Portugal,Croatia,cached_from_soccerbase_match_stats
779817,2018-09-06,Kazakhstan,Georgia,cached_from_soccerbase_match_stats
779818,2018-09-06,Armenia,Liechtenstein,cached_from_soccerbase_match_stats
779819,2018-09-06,Germany,France,cached_from_soccerbase_match_stats
779820,2018-09-06,Czech Rep,Ukraine,cached_from_soccerbase_match_stats
779821,2018-09-06,Wales,Ireland,cached_from_soccerbase_match_stats
779822,2018-09-06,Slovenia,Bulgaria,cached_from_soccerbase_match_stats
779823,2018-09-06,Norway,Cyprus,cached_from_soccerbase_match_stats
779824,2018-09-06,Latvia,Andorra,cached_from_soccerbase_match_stats
779825,2018-09-06,Gibraltar,N Macedonia,cached_from_soccerbase_match_stats
780519,2018-09-06,Jordan,Lebanon,cached_from_soccerbase_match_stats
784024,2018-09-06,Trinidad,UAE,cached_from_soccerbase_match_stats
765284,2018-09-07,Scotland,Belgium,cached_from_soccerbase_match_stats
777062,2018-09-07,South Korea,Costa Rica,cached_from_soccerbase_match_stats
779826,2018-09-07,Azerbaijan,Kosovo,cached_from_soccerbase_match_stats
779827,2018-09-07,Italy,Poland,cached_from_soccerbase_match_stats
779828,2018-09-07,Turkey,Russia,cached_from_soccerbase_match_stats
779829,2018-09-07,Albania,Israel,cached_from_soccerbase_match_stats
779830,2018-09-07,Lithuania,Serbia,cached_from_soccerbase_match_stats
779831,2018-09-07,Romania,Montenegro,cached_from_soccerbase_match_stats
779832,2018-09-07,Faroe Islands,Malta,cached_from_soccerbase_match_stats
780112,2018-09-07,Qatar,China,cached_from_soccerbase_match_stats
784945,2018-09-07,Guyana,Barbados,cached_from_soccerbase_match_stats
767559,2018-09-08,Mexico,Uruguay,cached_from_soccerbase_match_stats
768827,2018-09-08,Venezuela,Colombia,cached_from_soccerbase_match_stats
772478,2018-09-08,Argentina,Guatemala,cached_from_soccerbase_match_stats
772479,2018-09-08,USA,Brazil,cached_from_soccerbase_match_stats
779723,2018-09-08,Ecuador,Jamaica,cached_from_soccerbase_match_stats
779833,2018-09-08,N Ireland,Bosnia-Hz.,cached_from_soccerbase_match_stats
779834,2018-09-08,Switzerland,Iceland,cached_from_soccerbase_match_stats
779835,2018-09-08,Finland,Hungary,cached_from_soccerbase_match_stats
779836,2018-09-08,Belarus,San Marino,cached_from_soccerbase_match_stats
779837,2018-09-08,England,Spain,cached_from_soccerbase_match_stats
779838,2018-09-08,Estonia,Greece,cached_from_soccerbase_match_stats
779839,2018-09-08,Luxembourg,Moldova,cached_from_soccerbase_match_stats
781092,2018-09-08,Uganda,Tanzania,cached_from_soccerbase_match_stats
784930,2018-09-08,Cuba,Turks & Caicos,cached_from_soccerbase_match_stats
785005,2018-09-08,St Vin & Gren,Nicaragua,cached_from_soccerbase_match_stats
765491,2018-09-09,Germany,Peru,cached_from_soccerbase_match_stats
779843,2018-09-09,Ukraine,Slovakia,cached_from_soccerbase_match_stats
779844,2018-09-09,Bulgaria,Norway,cached_from_soccerbase_match_stats
779845,2018-09-09,Georgia,Latvia,cached_from_soccerbase_match_stats
779846,2018-09-09,N Macedonia,Armenia,cached_from_soccerbase_match_stats
779847,2018-09-09,France,Netherlands,cached_from_soccerbase_match_stats
779848,2018-09-09,Cyprus,Slovenia,cached_from_soccerbase_match_stats
779849,2018-09-09,Liechtenstein,Gibraltar,cached_from_soccerbase_match_stats
779850,2018-09-09,Denmark,Wales,cached_from_soccerbase_match_stats
784926,2018-09-09,Aruba,Bermuda,cached_from_soccerbase_match_stats
764429,2018-09-10,Russia,Czech Rep,cached_from_soccerbase_match_stats
779589,2018-09-10,Bahrain,China,cached_from_soccerbase_match_stats
779734,2018-09-10,Saudi Arabia,Bolivia,cached_from_soccerbase_match_stats
779851,2018-09-10,Portugal,Italy,cached_from_soccerbase_match_stats
779852,2018-09-10,Sweden,Turkey,cached_from_soccerbase_match_stats
779853,2018-09-10,Scotland,Albania,cached_from_soccerbase_match_stats
779854,2018-09-10,Serbia,Romania,cached_from_soccerbase_match_stats
779855,2018-09-10,Montenegro,Lithuania,cached_from_soccerbase_match_stats
779856,2018-09-10,Andorra,Kazakhstan,cached_from_soccerbase_match_stats
779857,2018-09-10,Kosovo,Faroe Islands,cached_from_soccerbase_match_stats
779858,2018-09-10,Malta,Azerbaijan,cached_from_soccerbase_match_stats
780197,2018-09-10,Kuwait,Iraq,cached_from_soccerbase_match_stats
784876,2018-09-10,Haiti,St Martin,cached_from_soccerbase_match_stats
784912,2018-09-10,Curacao,Grenada,cached_from_soccerbase_match_stats
784954,2018-09-10,Jamaica,Cayman Islands,cached_from_soccerbase_match_stats
763770,2018-09-11,Poland,Ireland,cached_from_soccerbase_match_stats
764413,2018-09-11,N Ireland,Israel,cached_from_soccerbase_match_stats
765485,2018-09-11,England,Switzerland,cached_from_soccerbase_match_stats
766550,2018-09-11,Japan,Costa Rica,cached_from_soccerbase_match_stats
777063,2018-09-11,South Korea,Chile,cached_from_soccerbase_match_stats
779735,2018-09-11,Kuwait,Bolivia,cached_from_soccerbase_match_stats
779783,2018-09-11,Qatar,Palestine,cached_from_soccerbase_match_stats
779840,2018-09-11,Uzbekistan,Iran,cached_from_soccerbase_match_stats
779859,2018-09-11,Iceland,Belgium,cached_from_soccerbase_match_stats
779860,2018-09-11,Spain,Croatia,cached_from_soccerbase_match_stats
779861,2018-09-11,Bosnia-Hz.,Austria,cached_from_soccerbase_match_stats
779862,2018-09-11,Hungary,Greece,cached_from_soccerbase_match_stats
779863,2018-09-11,Finland,Estonia,cached_from_soccerbase_match_stats
779864,2018-09-11,San Marino,Luxembourg,cached_from_soccerbase_match_stats
779865,2018-09-11,Moldova,Belarus,cached_from_soccerbase_match_stats
780126,2018-09-11,Kenya,Malawi,cached_from_soccerbase_match_stats
780194,2018-09-11,Indonesia,Mauritius,cached_from_soccerbase_match_stats
780520,2018-09-11,Jordan,Oman,cached_from_soccerbase_match_stats
765679,2018-09-12,USA,Mexico,cached_from_soccerbase_match_stats
773343,2018-09-12,Panama,Venezuela,cached_from_soccerbase_match_stats
773344,2018-09-12,Colombia,Argentina,cached_from_soccerbase_match_stats
779144,2018-09-12,Brazil,El Salvador,cached_from_soccerbase_match_stats
779784,2018-09-12,Ecuador,Guatemala,cached_from_soccerbase_match_stats
764872,2018-10-10,Italy,Ukraine,cached_from_soccerbase_match_stats
765282,2018-10-10,Albania,Jordan,cached_from_soccerbase_match_stats
780447,2018-10-10,Indonesia,Myanmar,cached_from_soccerbase_match_stats
765465,2018-10-11,Wales,Spain,cached_from_soccerbase_match_stats
766631,2018-10-11,France,Iceland,cached_from_soccerbase_match_stats
779781,2018-10-11,Turkey,Bosnia-Hz.,cached_from_soccerbase_match_stats
780395,2018-10-11,Iraq,Argentina,cached_from_soccerbase_match_stats
780473,2018-10-11,Lithuania,Romania,cached_from_soccerbase_match_stats
780474,2018-10-11,Montenegro,Serbia,cached_from_soccerbase_match_stats
780475,2018-10-11,Faroe Islands,Azerbaijan,cached_from_soccerbase_match_stats
780476,2018-10-11,Kosovo,Malta,cached_from_soccerbase_match_stats
780477,2018-10-11,Poland,Portugal,cached_from_soccerbase_match_stats
780478,2018-10-11,Russia,Sweden,cached_from_soccerbase_match_stats
780479,2018-10-11,Israel,Scotland,cached_from_soccerbase_match_stats
780529,2018-10-11,UAE,Honduras,cached_from_soccerbase_match_stats
780531,2018-10-11,Kuwait,Lebanon,cached_from_soccerbase_match_stats
765709,2018-10-12,Japan,Panama,cached_from_soccerbase_match_stats
779274,2018-10-12,USA,Colombia,cached_from_soccerbase_match_stats
780113,2018-10-12,Qatar,Ecuador,cached_from_soccerbase_match_stats
780163,2018-10-12,South Korea,Uruguay,cached_from_soccerbase_match_stats
780195,2018-10-12,Saudi Arabia,Brazil,cached_from_soccerbase_match_stats
780368,2018-10-12,Mexico,Costa Rica,cached_from_soccerbase_match_stats
780480,2018-10-12,Estonia,Finland,cached_from_soccerbase_match_stats
780481,2018-10-12,Greece,Hungary,cached_from_soccerbase_match_stats
780482,2018-10-12,Belarus,Luxembourg,cached_from_soccerbase_match_stats
780483,2018-10-12,Moldova,San Marino,cached_from_soccerbase_match_stats
780484,2018-10-12,Belgium,Switzerland,cached_from_soccerbase_match_stats
780485,2018-10-12,Croatia,England,cached_from_soccerbase_match_stats
780486,2018-10-12,Austria,N Ireland,cached_from_soccerbase_match_stats
784911,2018-10-12,Virgin Isl. (US),Curacao,cached_from_soccerbase_match_stats
784925,2018-10-12,Bermuda,Sint Maarten,cached_from_soccerbase_match_stats
779275,2018-10-13,China,India,cached_from_soccerbase_match_stats
779590,2018-10-13,Peru,Chile,cached_from_soccerbase_match_stats
780402,2018-10-13,Myanmar,Bolivia,cached_from_soccerbase_match_stats
780487,2018-10-13,Netherlands,Germany,cached_from_soccerbase_match_stats
780488,2018-10-13,Norway,Slovenia,cached_from_soccerbase_match_stats
780489,2018-10-13,Bulgaria,Cyprus,cached_from_soccerbase_match_stats
780490,2018-10-13,Georgia,Andorra,cached_from_soccerbase_match_stats
780491,2018-10-13,Latvia,Kazakhstan,cached_from_soccerbase_match_stats
780492,2018-10-13,Armenia,Gibraltar,cached_from_soccerbase_match_stats
780493,2018-10-13,N Macedonia,Liechtenstein,cached_from_soccerbase_match_stats
780494,2018-10-13,Slovakia,Czech Rep,cached_from_soccerbase_match_stats
780495,2018-10-13,Ireland,Denmark,cached_from_soccerbase_match_stats
781091,2018-10-13,Uganda,Lesotho,cached_from_soccerbase_match_stats
784908,2018-10-13,Puerto Rico,Martinique,cached_from_soccerbase_match_stats
784929,2018-10-13,Grenada,Cuba,cached_from_soccerbase_match_stats
784944,2018-10-13,Turks & Caicos,Guyana,cached_from_soccerbase_match_stats
765486,2018-10-14,Scotland,Portugal,cached_from_soccerbase_match_stats
780496,2018-10-14,Romania,Serbia,cached_from_soccerbase_match_stats
780497,2018-10-14,Lithuania,Montenegro,cached_from_soccerbase_match_stats
780498,2018-10-14,Azerbaijan,Malta,cached_from_soccerbase_match_stats
780499,2018-10-14,Faroe Islands,Kosovo,cached_from_soccerbase_match_stats
780500,2018-10-14,Poland,Italy,cached_from_soccerbase_match_stats
780501,2018-10-14,Russia,Turkey,cached_from_soccerbase_match_stats
780502,2018-10-14,Israel,Albania,cached_from_soccerbase_match_stats
784023,2018-10-14,Trinidad,Thailand,cached_from_soccerbase_match_stats
784953,2018-10-14,Bonaire,Jamaica,cached_from_soccerbase_match_stats
766135,2018-10-15,Croatia,Jordan,cached_from_soccerbase_match_stats
780260,2018-10-15,Kuwait,Australia,cached_from_soccerbase_match_stats
780448,2018-10-15,Saudi Arabia,Iraq,cached_from_soccerbase_match_stats
780503,2018-10-15,Estonia,Hungary,cached_from_soccerbase_match_stats
780504,2018-10-15,Finland,Greece,cached_from_soccerbase_match_stats
780505,2018-10-15,Belarus,Moldova,cached_from_soccerbase_match_stats
780506,2018-10-15,Luxembourg,San Marino,cached_from_soccerbase_match_stats
780507,2018-10-15,Iceland,Switzerland,cached_from_soccerbase_match_stats
780508,2018-10-15,Spain,England,cached_from_soccerbase_match_stats
780509,2018-10-15,Bosnia-Hz.,N Ireland,cached_from_soccerbase_match_stats
785004,2018-10-15,Nicaragua,Anguilla,cached_from_soccerbase_match_stats
764414,2018-10-16,Sweden,Slovakia,cached_from_soccerbase_match_stats
764428,2018-10-16,Belgium,Netherlands,cached_from_soccerbase_match_stats
779841,2018-10-16,Uzbekistan,Qatar,cached_from_soccerbase_match_stats
779867,2018-10-16,Japan,Uruguay,cached_from_soccerbase_match_stats
780164,2018-10-16,South Korea,Panama,cached_from_soccerbase_match_stats
780196,2018-10-16,Argentina,Brazil,cached_from_soccerbase_match_stats
780212,2018-10-16,UAE,Venezuela,cached_from_soccerbase_match_stats
780398,2018-10-16,Oman,Ecuador,cached_from_soccerbase_match_stats
780403,2018-10-16,Iran,Bolivia,cached_from_soccerbase_match_stats
780449,2018-10-16,Indonesia,Hong Kong,cached_from_soccerbase_match_stats
780463,2018-10-16,China,Syria,cached_from_soccerbase_match_stats
780510,2018-10-16,France,Germany,cached_from_soccerbase_match_stats
780511,2018-10-16,Norway,Bulgaria,cached_from_soccerbase_match_stats
780512,2018-10-16,Slovenia,Cyprus,cached_from_soccerbase_match_stats
780513,2018-10-16,Kazakhstan,Andorra,cached_from_soccerbase_match_stats
780514,2018-10-16,Latvia,Georgia,cached_from_soccerbase_match_stats
780515,2018-10-16,Armenia,N Macedonia,cached_from_soccerbase_match_stats
780516,2018-10-16,Gibraltar,Liechtenstein,cached_from_soccerbase_match_stats
780517,2018-10-16,Ukraine,Czech Rep,cached_from_soccerbase_match_stats
780518,2018-10-16,Ireland,Wales,cached_from_soccerbase_match_stats
781090,2018-10-16,Lesotho,Uganda,cached_from_soccerbase_match_stats
784027,2018-10-16,Denmark,Austria,cached_from_soccerbase_match_stats
784875,2018-10-16,St Lucia,Haiti,cached_from_soccerbase_match_stats
784907,2018-10-16,Martinique,Virgin Isl. (UK),cached_from_soccerbase_match_stats
779159,2018-10-17,Colombia,Costa Rica,cached_from_soccerbase_match_stats
780211,2018-10-17,USA,Peru,cached_from_soccerbase_match_stats
780369,2018-10-17,Mexico,Chile,cached_from_soccerbase_match_stats
765487,2018-11-14,Switzerland,Qatar,cached_from_soccerbase_match_stats
763771,2018-11-15,Poland,Czech Rep,cached_from_soccerbase_match_stats
763772,2018-11-15,Ireland,N Ireland,cached_from_soccerbase_match_stats
764427,2018-11-15,Germany,Russia,cached_from_soccerbase_match_stats
765488,2018-11-15,England,USA,cached_from_soccerbase_match_stats
780625,2018-11-15,Iran,Trinidad,cached_from_soccerbase_match_stats
780837,2018-11-15,Israel,Guatemala,cached_from_soccerbase_match_stats
780905,2018-11-15,Kazakhstan,Latvia,cached_from_soccerbase_match_stats
780906,2018-11-15,Andorra,Georgia,cached_from_soccerbase_match_stats
780909,2018-11-15,Belgium,Iceland,cached_from_soccerbase_match_stats
780911,2018-11-15,Croatia,Spain,cached_from_soccerbase_match_stats
780913,2018-11-15,Hungary,Estonia,cached_from_soccerbase_match_stats
780914,2018-11-15,Greece,Finland,cached_from_soccerbase_match_stats
780917,2018-11-15,Austria,Bosnia-Hz.,cached_from_soccerbase_match_stats
780918,2018-11-15,San Marino,Moldova,cached_from_soccerbase_match_stats
780919,2018-11-15,Luxembourg,Belarus,cached_from_soccerbase_match_stats
780450,2018-11-16,Japan,Venezuela,cached_from_soccerbase_match_stats
780530,2018-11-16,Brazil,Uruguay,cached_from_soccerbase_match_stats
780833,2018-11-16,Peru,Ecuador,cached_from_soccerbase_match_stats
780881,2018-11-16,Saudi Arabia,Yemen,cached_from_soccerbase_match_stats
780923,2018-11-16,Netherlands,France,cached_from_soccerbase_match_stats
780924,2018-11-16,Slovakia,Ukraine,cached_from_soccerbase_match_stats
780927,2018-11-16,Wales,Denmark,cached_from_soccerbase_match_stats
780928,2018-11-16,Cyprus,Bulgaria,cached_from_soccerbase_match_stats
780929,2018-11-16,Slovenia,Norway,cached_from_soccerbase_match_stats
780930,2018-11-16,Gibraltar,Armenia,cached_from_soccerbase_match_stats
780931,2018-11-16,Liechtenstein,N Macedonia,cached_from_soccerbase_match_stats
780987,2018-11-16,UAE,Bolivia,cached_from_soccerbase_match_stats
784924,2018-11-16,Bermuda,El Salvador,cached_from_soccerbase_match_stats
779733,2018-11-17,Australia,South Korea,cached_from_soccerbase_match_stats
780464,2018-11-17,Chile,Costa Rica,cached_from_soccerbase_match_stats
780532,2018-11-17,Argentina,Mexico,cached_from_soccerbase_match_stats
780937,2018-11-17,Serbia,Montenegro,cached_from_soccerbase_match_stats
780938,2018-11-17,Turkey,Sweden,cached_from_soccerbase_match_stats
780939,2018-11-17,Azerbaijan,Faroe Islands,cached_from_soccerbase_match_stats
780940,2018-11-17,Malta,Kosovo,cached_from_soccerbase_match_stats
780941,2018-11-17,Romania,Lithuania,cached_from_soccerbase_match_stats
780947,2018-11-17,Italy,Portugal,cached_from_soccerbase_match_stats
780948,2018-11-17,Albania,Scotland,cached_from_soccerbase_match_stats
780988,2018-11-17,Honduras,Panama,cached_from_soccerbase_match_stats
781089,2018-11-17,Uganda,Cape Verde Is.,cached_from_soccerbase_match_stats
781099,2018-11-17,Jordan,India,cached_from_soccerbase_match_stats
784874,2018-11-17,Nicaragua,Haiti,cached_from_soccerbase_match_stats
784927,2018-11-17,Cuba,Dominican Rep,cached_from_soccerbase_match_stats
785017,2018-11-17,Comoros,Malawi,cached_from_soccerbase_match_stats
779782,2018-11-18,Spain,Bosnia-Hz.,cached_from_soccerbase_match_stats
780910,2018-11-18,Switzerland,Belgium,cached_from_soccerbase_match_stats
780912,2018-11-18,England,Croatia,cached_from_soccerbase_match_stats
780915,2018-11-18,Hungary,Finland,cached_from_soccerbase_match_stats
780916,2018-11-18,Greece,Estonia,cached_from_soccerbase_match_stats
780920,2018-11-18,N Ireland,Austria,cached_from_soccerbase_match_stats
780921,2018-11-18,Moldova,Luxembourg,cached_from_soccerbase_match_stats
780922,2018-11-18,San Marino,Belarus,cached_from_soccerbase_match_stats
784952,2018-11-18,Jamaica,Surinam,cached_from_soccerbase_match_stats
780465,2018-11-19,Qatar,Iceland,cached_from_soccerbase_match_stats
780907,2018-11-19,Andorra,Latvia,cached_from_soccerbase_match_stats
780908,2018-11-19,Georgia,Kazakhstan,cached_from_soccerbase_match_stats
780925,2018-11-19,Germany,Netherlands,cached_from_soccerbase_match_stats
780926,2018-11-19,Czech Rep,Slovakia,cached_from_soccerbase_match_stats
780932,2018-11-19,Denmark,Ireland,cached_from_soccerbase_match_stats
780933,2018-11-19,Bulgaria,Slovenia,cached_from_soccerbase_match_stats
780934,2018-11-19,Cyprus,Norway,cached_from_soccerbase_match_stats
780935,2018-11-19,N Macedonia,Gibraltar,cached_from_soccerbase_match_stats
780936,2018-11-19,Liechtenstein,Armenia,cached_from_soccerbase_match_stats
784906,2018-11-19,Martinique,Antigua & Barb,cached_from_soccerbase_match_stats
784910,2018-11-19,Curacao,Guadeloupe,cached_from_soccerbase_match_stats
765466,2018-11-20,Albania,Wales,cached_from_soccerbase_match_stats
765480,2018-11-20,Italy,USA,cached_from_soccerbase_match_stats
775326,2018-11-20,Turkey,Ukraine,cached_from_soccerbase_match_stats
778068,2018-11-20,Tunisia,Morocco,cached_from_soccerbase_match_stats
779842,2018-11-20,Uzbekistan,South Korea,cached_from_soccerbase_match_stats
779866,2018-11-20,Australia,Lebanon,cached_from_soccerbase_match_stats
780165,2018-11-20,France,Uruguay,cached_from_soccerbase_match_stats
780401,2018-11-20,Japan,Kyrgyzstan,cached_from_soccerbase_match_stats
780466,2018-11-20,Iran,Venezuela,cached_from_soccerbase_match_stats
780803,2018-11-20,China,Palestine,cached_from_soccerbase_match_stats
780835,2018-11-20,Nigeria,Uganda,cached_from_soccerbase_match_stats
780836,2018-11-20,Brazil,Cameroon,cached_from_soccerbase_match_stats
780882,2018-11-20,Jordan,Saudi Arabia,cached_from_soccerbase_match_stats
780942,2018-11-20,Sweden,Russia,cached_from_soccerbase_match_stats
780943,2018-11-20,Serbia,Lithuania,cached_from_soccerbase_match_stats
780944,2018-11-20,Montenegro,Romania,cached_from_soccerbase_match_stats
780945,2018-11-20,Kosovo,Azerbaijan,cached_from_soccerbase_match_stats
780946,2018-11-20,Malta,Faroe Islands,cached_from_soccerbase_match_stats
780949,2018-11-20,Portugal,Poland,cached_from_soccerbase_match_stats
780950,2018-11-20,Scotland,Israel,cached_from_soccerbase_match_stats
780989,2018-11-20,South Africa,Paraguay,cached_from_soccerbase_match_stats
781088,2018-11-20,Iraq,Bolivia,cached_from_soccerbase_match_stats
784873,2018-11-20,El Salvador,Haiti,cached_from_soccerbase_match_stats
784943,2018-11-20,French Guiana,Guyana,cached_from_soccerbase_match_stats
780370,2018-11-21,Chile,Honduras,cached_from_soccerbase_match_stats
780467,2018-11-21,Peru,Costa Rica,cached_from_soccerbase_match_stats
780533,2018-11-21,Argentina,Mexico,cached_from_soccerbase_match_stats
780838,2018-11-21,Panama,Ecuador,cached_from_soccerbase_match_stats
787980,2018-11-30,Cameroon Women,Mali Women,cached_from_soccerbase_match_stats
785011,2018-12-02,Philippines,Vietnam,cached_from_soccerbase_match_stats
785010,2018-12-06,Vietnam,Philippines,cached_from_soccerbase_match_stats
781655,2018-12-24,Iraq,China,cached_from_soccerbase_match_stats
781731,2018-12-28,Jordan,China,cached_from_soccerbase_match_stats
781737,2018-12-30,Australia,Oman,cached_from_soccerbase_match_stats
781191,2018-12-31,South Korea,Saudi Arabia,cached_from_soccerbase_match_stats
785009,2018-12-31,Philippines,Vietnam,cached_from_soccerbase_match_stats
784036,2019-01-11,Finland,Estonia,cached_from_soccerbase_match_stats
784037,2019-01-15,Iceland,Estonia,cached_from_soccerbase_match_stats
781599,2019-01-28,USA,Panama,cached_from_soccerbase_match_stats
781110,2019-02-02,USA,Costa Rica,cached_from_soccerbase_match_stats
782181,2019-02-21,Kazakhstan,Moldova,cached_from_soccerbase_match_stats
784928,2019-02-27,Cuba,Bermuda,cached_from_soccerbase_match_stats
787412,2019-03-01,China Women,Norway Women,cached_from_soccerbase_match_stats
783795,2019-03-03,Bolivia,Nicaragua,cached_from_soccerbase_match_stats
787999,2019-03-04,Italy Women,Thailand Women,cached_from_soccerbase_match_stats
790756,2019-03-05,USA Women,Brazil Women,cached_from_soccerbase_match_stats
787408,2019-03-06,South Korea Women,New Zealand Women,cached_from_soccerbase_match_stats
787411,2019-03-06,Poland Women,Norway Women,cached_from_soccerbase_match_stats
787793,2019-03-06,Scotland Women,Denmark Women,cached_from_soccerbase_match_stats
787987,2019-03-06,China Women,Netherlands Women,cached_from_soccerbase_match_stats
787993,2019-03-06,Canada Women,Sweden Women,cached_from_soccerbase_match_stats
787998,2019-03-06,Nigeria Women,Thailand Women,cached_from_soccerbase_match_stats
784031,2019-03-07,El Salvador,Guatemala,cached_from_soccerbase_match_stats
781730,2019-03-20,Wales,Trinidad,cached_from_soccerbase_match_stats
781735,2019-03-20,Germany,Serbia,cached_from_soccerbase_match_stats
784303,2019-03-20,Oman,Afghanistan,cached_from_soccerbase_match_stats
784304,2019-03-20,Malaysia,Singapore,cached_from_soccerbase_match_stats
784305,2019-03-20,Iraq,Syria,cached_from_soccerbase_match_stats
781291,2019-03-21,Netherlands,Belarus,cached_from_soccerbase_match_stats
781292,2019-03-21,N Ireland,Estonia,cached_from_soccerbase_match_stats
781295,2019-03-21,Slovakia,Hungary,cached_from_soccerbase_match_stats
781296,2019-03-21,Croatia,Azerbaijan,cached_from_soccerbase_match_stats
781300,2019-03-21,Israel,Slovenia,cached_from_soccerbase_match_stats
781301,2019-03-21,N Macedonia,Latvia,cached_from_soccerbase_match_stats
781302,2019-03-21,Austria,Poland,cached_from_soccerbase_match_stats
781306,2019-03-21,Cyprus,San Marino,cached_from_soccerbase_match_stats
781307,2019-03-21,Belgium,Russia,cached_from_soccerbase_match_stats
781308,2019-03-21,Kazakhstan,Scotland,cached_from_soccerbase_match_stats
782067,2019-03-21,Kosovo,Denmark,cached_from_soccerbase_match_stats
783967,2019-03-21,UAE,Saudi Arabia,cached_from_soccerbase_match_stats
781287,2019-03-22,England,Czech Rep,cached_from_soccerbase_match_stats
781288,2019-03-22,Bulgaria,Montenegro,cached_from_soccerbase_match_stats
781289,2019-03-22,Portugal,Ukraine,cached_from_soccerbase_match_stats
781290,2019-03-22,Luxembourg,Lithuania,cached_from_soccerbase_match_stats
781303,2019-03-22,Moldova,France,cached_from_soccerbase_match_stats
781304,2019-03-22,Andorra,Iceland,cached_from_soccerbase_match_stats
781305,2019-03-22,Albania,Turkey,cached_from_soccerbase_match_stats
781776,2019-03-22,Argentina,Venezuela,cached_from_soccerbase_match_stats
782007,2019-03-22,Japan,Colombia,cached_from_soccerbase_match_stats
782079,2019-03-22,USA,Ecuador,cached_from_soccerbase_match_stats
783764,2019-03-22,South Korea,Bolivia,cached_from_soccerbase_match_stats
781192,2019-03-23,Peru,Paraguay,cached_from_soccerbase_match_stats
781293,2019-03-23,Georgia,Switzerland,cached_from_soccerbase_match_stats
781294,2019-03-23,Gibraltar,Ireland,cached_from_soccerbase_match_stats
781297,2019-03-23,Sweden,Romania,cached_from_soccerbase_match_stats
781298,2019-03-23,Malta,Faroe Islands,cached_from_soccerbase_match_stats
781299,2019-03-23,Spain,Norway,cached_from_soccerbase_match_stats
781507,2019-03-23,Liechtenstein,Greece,cached_from_soccerbase_match_stats
781508,2019-03-23,Italy,Finland,cached_from_soccerbase_match_stats
781509,2019-03-23,Bosnia-Hz.,Armenia,cached_from_soccerbase_match_stats
781740,2019-03-23,Mexico,Chile,cached_from_soccerbase_match_stats
782006,2019-03-23,Guatemala,Costa Rica,cached_from_soccerbase_match_stats
783757,2019-03-23,Brazil,Panama,cached_from_soccerbase_match_stats
784905,2019-03-23,Guadeloupe,Martinique,cached_from_soccerbase_match_stats
784909,2019-03-23,Antigua & Barb,Curacao,cached_from_soccerbase_match_stats
784942,2019-03-23,Guyana,Belize,cached_from_soccerbase_match_stats
784955,2019-03-23,Niger,Egypt,cached_from_soccerbase_match_stats
785016,2019-03-23,Cameroon,Comoros,cached_from_soccerbase_match_stats
785033,2019-03-23,Jordan,Syria,cached_from_soccerbase_match_stats
781345,2019-03-24,N Ireland,Belarus,cached_from_soccerbase_match_stats
781346,2019-03-24,Netherlands,Germany,cached_from_soccerbase_match_stats
781381,2019-03-24,Wales,Slovakia,cached_from_soccerbase_match_stats
781382,2019-03-24,Hungary,Croatia,cached_from_soccerbase_match_stats
781426,2019-03-24,Israel,Austria,cached_from_soccerbase_match_stats
781427,2019-03-24,Slovenia,N Macedonia,cached_from_soccerbase_match_stats
781428,2019-03-24,Poland,Latvia,cached_from_soccerbase_match_stats
781480,2019-03-24,Kazakhstan,Russia,cached_from_soccerbase_match_stats
781481,2019-03-24,San Marino,Scotland,cached_from_soccerbase_match_stats
781482,2019-03-24,Cyprus,Belgium,cached_from_soccerbase_match_stats
784872,2019-03-24,Haiti,Cuba,cached_from_soccerbase_match_stats
784923,2019-03-24,Dominican Rep,Bermuda,cached_from_soccerbase_match_stats
784951,2019-03-24,El Salvador,Jamaica,cached_from_soccerbase_match_stats
762611,2019-03-25,Azerbaijan,Lithuania,cached_from_soccerbase_match_stats
781309,2019-03-25,Montenegro,England,cached_from_soccerbase_match_stats
781310,2019-03-25,Kosovo,Bulgaria,cached_from_soccerbase_match_stats
781327,2019-03-25,Portugal,Serbia,cached_from_soccerbase_match_stats
781328,2019-03-25,Luxembourg,Ukraine,cached_from_soccerbase_match_stats
781453,2019-03-25,Turkey,Moldova,cached_from_soccerbase_match_stats
781454,2019-03-25,France,Iceland,cached_from_soccerbase_match_stats
781455,2019-03-25,Andorra,Albania,cached_from_soccerbase_match_stats
783786,2019-03-25,Myanmar,Indonesia,cached_from_soccerbase_match_stats
783968,2019-03-25,Saudi Arabia,Eq Guinea,cached_from_soccerbase_match_stats
785003,2019-03-25,Barbados,Nicaragua,cached_from_soccerbase_match_stats
781363,2019-03-26,Switzerland,Denmark,cached_from_soccerbase_match_stats
781364,2019-03-26,Ireland,Georgia,cached_from_soccerbase_match_stats
781399,2019-03-26,Romania,Faroe Islands,cached_from_soccerbase_match_stats
781400,2019-03-26,Norway,Sweden,cached_from_soccerbase_match_stats
781401,2019-03-26,Malta,Spain,cached_from_soccerbase_match_stats
781510,2019-03-26,Armenia,Finland,cached_from_soccerbase_match_stats
781511,2019-03-26,Italy,Liechtenstein,cached_from_soccerbase_match_stats
781512,2019-03-26,Bosnia-Hz.,Greece,cached_from_soccerbase_match_stats
781736,2019-03-26,Nigeria,Egypt,cached_from_soccerbase_match_stats
781739,2019-03-26,Algeria,Tunisia,cached_from_soccerbase_match_stats
781909,2019-03-26,Czech Rep,Brazil,cached_from_soccerbase_match_stats
781999,2019-03-26,Gibraltar,Estonia,cached_from_soccerbase_match_stats
782040,2019-03-26,USA,Chile,cached_from_soccerbase_match_stats
782056,2019-03-26,Morocco,Argentina,cached_from_soccerbase_match_stats
782068,2019-03-26,Japan,Bolivia,cached_from_soccerbase_match_stats
783763,2019-03-26,South Korea,Colombia,cached_from_soccerbase_match_stats
783799,2019-03-26,Senegal,Mali,cached_from_soccerbase_match_stats
784377,2019-03-26,Ivory Coast,Liberia,cached_from_soccerbase_match_stats
785034,2019-03-26,Iraq,Jordan,cached_from_soccerbase_match_stats
785804,2019-03-26,Ghana,Mauritania,cached_from_soccerbase_match_stats
781738,2019-03-27,Mexico,Paraguay,cached_from_soccerbase_match_stats
781742,2019-03-27,Peru,El Salvador,cached_from_soccerbase_match_stats
782005,2019-03-27,Honduras,Ecuador,cached_from_soccerbase_match_stats
782008,2019-03-27,Costa Rica,Jamaica,cached_from_soccerbase_match_stats
787420,2019-04-04,France Women,Japan Women,cached_from_soccerbase_match_stats
787979,2019-04-04,Cameroon Women,Croatia Women,cached_from_soccerbase_match_stats
789879,2019-04-04,USA Women,Australia Women,cached_from_soccerbase_match_stats
787986,2019-04-05,Netherlands Women,Mexico Women,cached_from_soccerbase_match_stats
788003,2019-04-05,Chile Women,Scotland Women,cached_from_soccerbase_match_stats
790755,2019-04-05,Spain Women,Brazil Women,cached_from_soccerbase_match_stats
790759,2019-04-05,Poland Women,Italy Women,cached_from_soccerbase_match_stats
787407,2019-04-06,South Korea Women,Iceland Women,cached_from_soccerbase_match_stats
787992,2019-04-06,Sweden Women,Germany Women,cached_from_soccerbase_match_stats
787978,2019-04-07,China Women,Cameroon Women,cached_from_soccerbase_match_stats
787996,2019-04-07,USA Women,Belgium Women,cached_from_soccerbase_match_stats
787791,2019-04-08,Brazil Women,Scotland Women,cached_from_soccerbase_match_stats
787990,2019-04-08,Nigeria Women,Canada Women,cached_from_soccerbase_match_stats
787406,2019-04-09,South Korea Women,Iceland Women,cached_from_soccerbase_match_stats
787410,2019-04-09,Norway Women,New Zealand Women,cached_from_soccerbase_match_stats
787789,2019-04-09,Germany Women,Japan Women,cached_from_soccerbase_match_stats
787985,2019-04-09,Netherlands Women,Chile Women,cached_from_soccerbase_match_stats
787991,2019-04-09,Austria Women,Sweden Women,cached_from_soccerbase_match_stats
790758,2019-04-09,Italy Women,Ireland Women,cached_from_soccerbase_match_stats
787416,2019-05-11,Nigeria Women,Niger Women,cached_from_soccerbase_match_stats
787995,2019-05-12,USA Women,South Africa Women,cached_from_soccerbase_match_stats
787415,2019-05-14,Nigeria Women,Mali Women,cached_from_soccerbase_match_stats
787414,2019-05-16,Nigeria Women,Ghana Women,cached_from_soccerbase_match_stats
787983,2019-05-16,USA Women,New Zealand Women,cached_from_soccerbase_match_stats
788002,2019-05-16,Chile Women,Colombia Women,cached_from_soccerbase_match_stats
787977,2019-05-17,Spain Women,Cameroon Women,cached_from_soccerbase_match_stats
787413,2019-05-18,Ivory Coast Women,Nigeria Women,cached_from_soccerbase_match_stats
787989,2019-05-18,Canada Women,Mexico Women,cached_from_soccerbase_match_stats
788001,2019-05-19,Chile Women,Colombia Women,cached_from_soccerbase_match_stats
787982,2019-05-22,Mexico Women,New Zealand Women,cached_from_soccerbase_match_stats
787988,2019-05-24,Spain Women,Canada Women,cached_from_soccerbase_match_stats
787418,2019-05-25,France Women,Thailand Women,cached_from_soccerbase_match_stats
787994,2019-05-26,USA Women,Mexico Women,cached_from_soccerbase_match_stats
785015,2019-05-27,Eswatini,Comoros,cached_from_soccerbase_match_stats
787790,2019-05-28,Scotland Women,Jamaica Women,cached_from_soccerbase_match_stats
785014,2019-05-29,Comoros,Mauritius,cached_from_soccerbase_match_stats
790757,2019-05-29,Italy Women,Switzerland Women,cached_from_soccerbase_match_stats
784867,2019-05-30,Turkey,Greece,cached_from_soccerbase_match_stats
788000,2019-05-30,Germany Women,Chile Women,cached_from_soccerbase_match_stats
787417,2019-05-31,France Women,China Women,cached_from_soccerbase_match_stats
785013,2019-06-01,Zimbabwe,Comoros,cached_from_soccerbase_match_stats
787405,2019-06-01,Sweden Women,South Korea Women,cached_from_soccerbase_match_stats
787984,2019-06-01,Netherlands Women,Australia Women,cached_from_soccerbase_match_stats
787997,2019-06-01,Belgium Women,Thailand Women,cached_from_soccerbase_match_stats
783821,2019-06-02,Luxembourg,Madagascar,cached_from_soccerbase_match_stats
784393,2019-06-02,Venezuela,Ecuador,cached_from_soccerbase_match_stats
784395,2019-06-02,France,Bolivia,cached_from_soccerbase_match_stats
784839,2019-06-02,Turkey,Uzbekistan,cached_from_soccerbase_match_stats
785095,2019-06-02,El Salvador,Haiti,cached_from_soccerbase_match_stats
787409,2019-06-02,Norway Women,South Africa Women,cached_from_soccerbase_match_stats
787788,2019-06-02,Japan Women,Spain Women,cached_from_soccerbase_match_stats
784516,2019-06-03,Colombia,Panama,cached_from_soccerbase_match_stats
789878,2019-06-03,Netherlands Women,Australia Women,cached_from_soccerbase_match_stats
785012,2019-06-04,Comoros,Malawi,cached_from_soccerbase_match_stats
787981,2019-06-04,Wales Women,New Zealand Women,cached_from_soccerbase_match_stats
784453,2019-06-05,Japan,Trinidad,cached_from_soccerbase_match_stats
784913,2019-06-05,Curacao,India,cached_from_soccerbase_match_stats
782103,2019-06-06,Mexico,Venezuela,cached_from_soccerbase_match_stats
784511,2019-06-06,Peru,Costa Rica,cached_from_soccerbase_match_stats
784658,2019-06-06,Brazil,Qatar,cached_from_soccerbase_match_stats
784668,2019-06-06,USA,Jamaica,cached_from_soccerbase_match_stats
784840,2019-06-06,Bhutan,Guam,cached_from_soccerbase_match_stats
784854,2019-06-06,Paraguay,Honduras,cached_from_soccerbase_match_stats
784959,2019-06-06,Cambodia,Pakistan,cached_from_soccerbase_match_stats
784960,2019-06-06,Laos,Bangladesh,cached_from_soccerbase_match_stats
784961,2019-06-06,Macau,Sri Lanka,cached_from_soccerbase_match_stats
784962,2019-06-06,Mongolia,Brunei,cached_from_soccerbase_match_stats
785002,2019-06-06,Iran,Syria,cached_from_soccerbase_match_stats
786262,2019-06-06,Bermuda,Guyana,cached_from_soccerbase_match_stats
781311,2019-06-07,Montenegro,Kosovo,cached_from_soccerbase_match_stats
781312,2019-06-07,Czech Rep,Bulgaria,cached_from_soccerbase_match_stats
781329,2019-06-07,Ukraine,Serbia,cached_from_soccerbase_match_stats
781330,2019-06-07,Lithuania,Luxembourg,cached_from_soccerbase_match_stats
781365,2019-06-07,Georgia,Gibraltar,cached_from_soccerbase_match_stats
781366,2019-06-07,Denmark,Ireland,cached_from_soccerbase_match_stats
781402,2019-06-07,Sweden,Malta,cached_from_soccerbase_match_stats
781403,2019-06-07,Norway,Romania,cached_from_soccerbase_match_stats
781404,2019-06-07,Faroe Islands,Spain,cached_from_soccerbase_match_stats
781429,2019-06-07,Latvia,Israel,cached_from_soccerbase_match_stats
781430,2019-06-07,N Macedonia,Poland,cached_from_soccerbase_match_stats
781431,2019-06-07,Austria,Slovenia,cached_from_soccerbase_match_stats
784454,2019-06-07,Chile,Haiti,cached_from_soccerbase_match_stats
784517,2019-06-07,Tunisia,Iraq,cached_from_soccerbase_match_stats
784743,2019-06-07,South Korea,Australia,cached_from_soccerbase_match_stats
784868,2019-06-07,Slovakia,Jordan,cached_from_soccerbase_match_stats
784920,2019-06-07,China,Philippines,cached_from_soccerbase_match_stats
784963,2019-06-07,Malaysia,Timor-Leste,cached_from_soccerbase_match_stats
784983,2019-06-07,Ivory Coast,Comoros,cached_from_soccerbase_match_stats
784985,2019-06-07,Kenya,Madagascar,cached_from_soccerbase_match_stats
785110,2019-06-07,Guinea,Gambia,cached_from_soccerbase_match_stats
781347,2019-06-08,Estonia,N Ireland,cached_from_soccerbase_match_stats
781348,2019-06-08,Belarus,Germany,cached_from_soccerbase_match_stats
781383,2019-06-08,Croatia,Wales,cached_from_soccerbase_match_stats
781384,2019-06-08,Azerbaijan,Hungary,cached_from_soccerbase_match_stats
781456,2019-06-08,Iceland,Albania,cached_from_soccerbase_match_stats
781457,2019-06-08,Moldova,Andorra,cached_from_soccerbase_match_stats
781458,2019-06-08,Turkey,France,cached_from_soccerbase_match_stats
781483,2019-06-08,Russia,San Marino,cached_from_soccerbase_match_stats
781484,2019-06-08,Scotland,Cyprus,cached_from_soccerbase_match_stats
781485,2019-06-08,Belgium,Kazakhstan,cached_from_soccerbase_match_stats
781513,2019-06-08,Finland,Bosnia-Hz.,cached_from_soccerbase_match_stats
781514,2019-06-08,Armenia,Liechtenstein,cached_from_soccerbase_match_stats
781536,2019-06-08,Greece,Italy,cached_from_soccerbase_match_stats
784914,2019-06-08,Argentina,Nicaragua,cached_from_soccerbase_match_stats
784973,2019-06-08,Nigeria,Zimbabwe,cached_from_soccerbase_match_stats
784986,2019-06-08,Uruguay,Panama,cached_from_soccerbase_match_stats
785806,2019-06-08,Angola,Guinea-Bissau,cached_from_soccerbase_match_stats
791316,2019-06-08,Curacao,Vietnam,cached_from_soccerbase_match_stats
784394,2019-06-09,USA,Venezuela,cached_from_soccerbase_match_stats
784518,2019-06-09,Peru,Colombia,cached_from_soccerbase_match_stats
784519,2019-06-09,Japan,El Salvador,cached_from_soccerbase_match_stats
784781,2019-06-09,Brazil,Honduras,cached_from_soccerbase_match_stats
784940,2019-06-09,Paraguay,Guatemala,cached_from_soccerbase_match_stats
784941,2019-06-09,Trinidad,Canada,cached_from_soccerbase_match_stats
784969,2019-06-09,Cameroon,Zambia,cached_from_soccerbase_match_stats
785100,2019-06-09,Turkmenistan,Uganda,cached_from_soccerbase_match_stats
785820,2019-06-09,Ghana,Namibia,cached_from_soccerbase_match_stats
785829,2019-06-09,DR Congo,Burkina Faso,cached_from_soccerbase_match_stats
781313,2019-06-10,Czech Rep,Montenegro,cached_from_soccerbase_match_stats
781314,2019-06-10,Bulgaria,Kosovo,cached_from_soccerbase_match_stats
781331,2019-06-10,Ukraine,Luxembourg,cached_from_soccerbase_match_stats
781332,2019-06-10,Serbia,Lithuania,cached_from_soccerbase_match_stats
781367,2019-06-10,Ireland,Gibraltar,cached_from_soccerbase_match_stats
781368,2019-06-10,Denmark,Georgia,cached_from_soccerbase_match_stats
781405,2019-06-10,Spain,Sweden,cached_from_soccerbase_match_stats
781406,2019-06-10,Malta,Romania,cached_from_soccerbase_match_stats
781407,2019-06-10,Faroe Islands,Norway,cached_from_soccerbase_match_stats
781432,2019-06-10,Poland,Israel,cached_from_soccerbase_match_stats
781433,2019-06-10,Latvia,Slovenia,cached_from_soccerbase_match_stats
781434,2019-06-10,N Macedonia,Austria,cached_from_soccerbase_match_stats
784302,2019-06-10,Mexico,Ecuador,cached_from_soccerbase_match_stats
781349,2019-06-11,Germany,Estonia,cached_from_soccerbase_match_stats
781350,2019-06-11,Belarus,N Ireland,cached_from_soccerbase_match_stats
781385,2019-06-11,Azerbaijan,Slovakia,cached_from_soccerbase_match_stats
781386,2019-06-11,Hungary,Wales,cached_from_soccerbase_match_stats
781459,2019-06-11,Iceland,Turkey,cached_from_soccerbase_match_stats
781460,2019-06-11,Andorra,France,cached_from_soccerbase_match_stats
781461,2019-06-11,Albania,Moldova,cached_from_soccerbase_match_stats
781486,2019-06-11,Kazakhstan,San Marino,cached_from_soccerbase_match_stats
781487,2019-06-11,Russia,Cyprus,cached_from_soccerbase_match_stats
781488,2019-06-11,Belgium,Scotland,cached_from_soccerbase_match_stats
781515,2019-06-11,Liechtenstein,Finland,cached_from_soccerbase_match_stats
781516,2019-06-11,Italy,Bosnia-Hz.,cached_from_soccerbase_match_stats
781517,2019-06-11,Greece,Armenia,cached_from_soccerbase_match_stats
782104,2019-06-11,Croatia,Tunisia,cached_from_soccerbase_match_stats
784744,2019-06-11,South Korea,Iran,cached_from_soccerbase_match_stats
784747,2019-06-11,Jordan,Indonesia,cached_from_soccerbase_match_stats
784841,2019-06-11,Bangladesh,Laos,cached_from_soccerbase_match_stats
784869,2019-06-11,China,Tajikistan,cached_from_soccerbase_match_stats
784964,2019-06-11,Brunei,Mongolia,cached_from_soccerbase_match_stats
784965,2019-06-11,Guam,Bhutan,cached_from_soccerbase_match_stats
784966,2019-06-11,Pakistan,Cambodia,cached_from_soccerbase_match_stats
784967,2019-06-11,Sri Lanka,Macau,cached_from_soccerbase_match_stats
784968,2019-06-11,Timor-Leste,Malaysia,cached_from_soccerbase_match_stats
785795,2019-06-11,Algeria,Burundi,cached_from_soccerbase_match_stats
785837,2019-06-11,Benin,Guinea,cached_from_soccerbase_match_stats
786261,2019-06-11,Guyana,Haiti,cached_from_soccerbase_match_stats
784970,2019-06-12,Morocco,Gambia,cached_from_soccerbase_match_stats
784717,2019-06-13,Egypt,Tanzania,cached_from_soccerbase_match_stats
784987,2019-06-14,Cameroon,Mali,cached_from_soccerbase_match_stats
789877,2019-06-14,Madagascar,Mauritania,cached_from_soccerbase_match_stats
782018,2019-06-15,Brazil,Bolivia,cached_from_soccerbase_match_stats
782019,2019-06-15,Venezuela,Peru,cached_from_soccerbase_match_stats
782024,2019-06-15,Argentina,Colombia,cached_from_soccerbase_match_stats
784921,2019-06-15,Indonesia,Vanuatu,cached_from_soccerbase_match_stats
784971,2019-06-15,Ivory Coast,Uganda,cached_from_soccerbase_match_stats
784988,2019-06-15,Kenya,DR Congo,cached_from_soccerbase_match_stats
785865,2019-06-15,Ghana,South Africa,cached_from_soccerbase_match_stats
782025,2019-06-16,Paraguay,Qatar,cached_from_soccerbase_match_stats
782030,2019-06-16,Uruguay,Ecuador,cached_from_soccerbase_match_stats
784520,2019-06-16,Canada,Martinique,cached_from_soccerbase_match_stats
784521,2019-06-16,Mexico,Cuba,cached_from_soccerbase_match_stats
784522,2019-06-16,Haiti,Bermuda,cached_from_soccerbase_match_stats
784718,2019-06-16,Egypt,Guinea,cached_from_soccerbase_match_stats
784972,2019-06-16,Morocco,Zambia,cached_from_soccerbase_match_stats
785104,2019-06-16,Algeria,Mali,cached_from_soccerbase_match_stats
785866,2019-06-16,Tanzania,Zimbabwe,cached_from_soccerbase_match_stats
784523,2019-06-17,Costa Rica,Nicaragua,cached_from_soccerbase_match_stats
784881,2019-06-17,Tunisia,Burundi,cached_from_soccerbase_match_stats
790760,2019-06-17,Benin,Mauritania,cached_from_soccerbase_match_stats
782020,2019-06-18,Bolivia,Peru,cached_from_soccerbase_match_stats
782031,2019-06-18,Japan,Chile,cached_from_soccerbase_match_stats
784524,2019-06-18,Curacao,El Salvador,cached_from_soccerbase_match_stats
784525,2019-06-18,Jamaica,Honduras,cached_from_soccerbase_match_stats
785123,2019-06-18,Ivory Coast,Ethiopia,cached_from_soccerbase_match_stats
782021,2019-06-19,Brazil,Venezuela,cached_from_soccerbase_match_stats
782026,2019-06-19,Colombia,Qatar,cached_from_soccerbase_match_stats
785864,2019-06-19,Ivory Coast,Zambia,cached_from_soccerbase_match_stats
785867,2019-06-19,South Africa,Angola,cached_from_soccerbase_match_stats
782027,2019-06-20,Argentina,Paraguay,cached_from_soccerbase_match_stats
784526,2019-06-20,Cuba,Martinique,cached_from_soccerbase_match_stats
784527,2019-06-20,Mexico,Canada,cached_from_soccerbase_match_stats
782033,2019-06-21,Uruguay,Japan,cached_from_soccerbase_match_stats
784528,2019-06-21,Nicaragua,Haiti,cached_from_soccerbase_match_stats
784529,2019-06-21,Costa Rica,Bermuda,cached_from_soccerbase_match_stats
784553,2019-06-21,Egypt,Zimbabwe,cached_from_soccerbase_match_stats
782022,2019-06-22,Peru,Brazil,cached_from_soccerbase_match_stats
782023,2019-06-22,Bolivia,Venezuela,cached_from_soccerbase_match_stats
782032,2019-06-22,Ecuador,Chile,cached_from_soccerbase_match_stats
784530,2019-06-22,El Salvador,Jamaica,cached_from_soccerbase_match_stats
784531,2019-06-22,Honduras,Curacao,cached_from_soccerbase_match_stats
784554,2019-06-22,DR Congo,Uganda,cached_from_soccerbase_match_stats
784555,2019-06-22,Nigeria,Burundi,cached_from_soccerbase_match_stats
784556,2019-06-22,Guinea,Madagascar,cached_from_soccerbase_match_stats
782028,2019-06-23,Qatar,Argentina,cached_from_soccerbase_match_stats
782029,2019-06-23,Colombia,Paraguay,cached_from_soccerbase_match_stats
784532,2019-06-23,Canada,Cuba,cached_from_soccerbase_match_stats
784557,2019-06-23,Senegal,Tanzania,cached_from_soccerbase_match_stats
784558,2019-06-23,Algeria,Kenya,cached_from_soccerbase_match_stats
784559,2019-06-23,Morocco,Namibia,cached_from_soccerbase_match_stats
784533,2019-06-24,Martinique,Mexico,cached_from_soccerbase_match_stats
784534,2019-06-24,Bermuda,Nicaragua,cached_from_soccerbase_match_stats
784560,2019-06-24,Ivory Coast,South Africa,cached_from_soccerbase_match_stats
784577,2019-06-24,Tunisia,Angola,cached_from_soccerbase_match_stats
784578,2019-06-24,Mali,Mauritania,cached_from_soccerbase_match_stats
782034,2019-06-25,Chile,Uruguay,cached_from_soccerbase_match_stats
782035,2019-06-25,Ecuador,Japan,cached_from_soccerbase_match_stats
784535,2019-06-25,Haiti,Costa Rica,cached_from_soccerbase_match_stats
784583,2019-06-25,Cameroon,Guinea-Bissau,cached_from_soccerbase_match_stats
784584,2019-06-25,Ghana,Benin,cached_from_soccerbase_match_stats
784536,2019-06-26,Jamaica,Curacao,cached_from_soccerbase_match_stats
784537,2019-06-26,Honduras,El Salvador,cached_from_soccerbase_match_stats
784561,2019-06-26,Egypt,DR Congo,cached_from_soccerbase_match_stats
784562,2019-06-26,Uganda,Zimbabwe,cached_from_soccerbase_match_stats
784563,2019-06-26,Nigeria,Guinea,cached_from_soccerbase_match_stats
784564,2019-06-27,Madagascar,Burundi,cached_from_soccerbase_match_stats
784565,2019-06-27,Senegal,Algeria,cached_from_soccerbase_match_stats
784566,2019-06-27,Kenya,Tanzania,cached_from_soccerbase_match_stats
782036,2019-06-28,Venezuela,Argentina,cached_from_soccerbase_match_stats
784567,2019-06-28,Morocco,Ivory Coast,cached_from_soccerbase_match_stats
784568,2019-06-28,South Africa,Namibia,cached_from_soccerbase_match_stats
784579,2019-06-28,Tunisia,Mali,cached_from_soccerbase_match_stats
791354,2019-06-28,Brazil,Paraguay,cached_from_soccerbase_match_stats
782037,2019-06-29,Colombia,Chile,cached_from_soccerbase_match_stats
784580,2019-06-29,Mauritania,Angola,cached_from_soccerbase_match_stats
784585,2019-06-29,Cameroon,Ghana,cached_from_soccerbase_match_stats
784586,2019-06-29,Benin,Guinea-Bissau,cached_from_soccerbase_match_stats
791152,2019-06-29,Uruguay,Peru,cached_from_soccerbase_match_stats
784538,2019-06-30,Haiti,Canada,cached_from_soccerbase_match_stats
784539,2019-06-30,Mexico,Costa Rica,cached_from_soccerbase_match_stats
784540,2019-06-30,Jamaica,Panama,cached_from_soccerbase_match_stats
784569,2019-06-30,Uganda,Egypt,cached_from_soccerbase_match_stats
784570,2019-06-30,Zimbabwe,DR Congo,cached_from_soccerbase_match_stats
784571,2019-06-30,Madagascar,Nigeria,cached_from_soccerbase_match_stats
784572,2019-06-30,Burundi,Guinea,cached_from_soccerbase_match_stats
784541,2019-07-01,USA,Curacao,cached_from_soccerbase_match_stats
784573,2019-07-01,Kenya,Senegal,cached_from_soccerbase_match_stats
784574,2019-07-01,Tanzania,Algeria,cached_from_soccerbase_match_stats
784575,2019-07-01,South Africa,Morocco,cached_from_soccerbase_match_stats
784576,2019-07-01,Namibia,Ivory Coast,cached_from_soccerbase_match_stats
784581,2019-07-02,Mauritania,Tunisia,cached_from_soccerbase_match_stats
784582,2019-07-02,Angola,Mali,cached_from_soccerbase_match_stats
784587,2019-07-02,Benin,Cameroon,cached_from_soccerbase_match_stats
784588,2019-07-02,Guinea-Bissau,Ghana,cached_from_soccerbase_match_stats
784542,2019-07-03,Haiti,Mexico,cached_from_soccerbase_match_stats
782038,2019-07-04,Brazil,Argentina,cached_from_soccerbase_match_stats
784543,2019-07-04,Jamaica,USA,cached_from_soccerbase_match_stats
792742,2019-07-04,Chile,Peru,cached_from_soccerbase_match_stats
784589,2019-07-05,Morocco,Benin,cached_from_soccerbase_match_stats
784590,2019-07-05,Uganda,Senegal,cached_from_soccerbase_match_stats
784591,2019-07-06,Nigeria,Cameroon,cached_from_soccerbase_match_stats
784592,2019-07-06,Egypt,South Africa,cached_from_soccerbase_match_stats
793588,2019-07-06,Argentina,Chile,cached_from_soccerbase_match_stats
784593,2019-07-07,Madagascar,DR Congo,cached_from_soccerbase_match_stats
784594,2019-07-07,Algeria,Guinea,cached_from_soccerbase_match_stats
793589,2019-07-07,Brazil,Peru,cached_from_soccerbase_match_stats
784544,2019-07-08,Mexico,USA,cached_from_soccerbase_match_stats
784595,2019-07-08,Mali,Ivory Coast,cached_from_soccerbase_match_stats
784596,2019-07-08,Ghana,Tunisia,cached_from_soccerbase_match_stats
796488,2019-07-10,Senegal,Benin,cached_from_soccerbase_match_stats
796560,2019-07-10,Nigeria,South Africa,cached_from_soccerbase_match_stats
796627,2019-07-11,Ivory Coast,Algeria,cached_from_soccerbase_match_stats
796628,2019-07-11,Madagascar,Tunisia,cached_from_soccerbase_match_stats
784597,2019-07-14,Senegal,Tunisia,cached_from_soccerbase_match_stats
784598,2019-07-14,Algeria,Nigeria,cached_from_soccerbase_match_stats
784599,2019-07-17,Tunisia,Nigeria,cached_from_soccerbase_match_stats
784600,2019-07-19,Senegal,Algeria,cached_from_soccerbase_match_stats
800896,2019-08-30,UAE,Dominican Rep,cached_from_soccerbase_match_stats
799653,2019-09-04,Burundi,Tanzania,cached_from_soccerbase_match_stats
799654,2019-09-04,Djibouti,Swaziland,cached_from_soccerbase_match_stats
799655,2019-09-04,Eritrea,Namibia,cached_from_soccerbase_match_stats
799656,2019-09-04,Ethiopia,Lesotho,cached_from_soccerbase_match_stats
799657,2019-09-04,Liberia,Sierra Leone,cached_from_soccerbase_match_stats
799658,2019-09-04,Mauritius,Mozambique,cached_from_soccerbase_match_stats
799659,2019-09-04,South Sudan,Eq Guinea,cached_from_soccerbase_match_stats
799660,2019-09-04,Sao Tome & P,Guinea-Bissau,cached_from_soccerbase_match_stats
781369,2019-09-05,Ireland,Switzerland,cached_from_soccerbase_match_stats
781370,2019-09-05,Gibraltar,Denmark,cached_from_soccerbase_match_stats
781408,2019-09-05,Romania,Spain,cached_from_soccerbase_match_stats
781409,2019-09-05,Norway,Malta,cached_from_soccerbase_match_stats
781410,2019-09-05,Faroe Islands,Sweden,cached_from_soccerbase_match_stats
781435,2019-09-05,Israel,N Macedonia,cached_from_soccerbase_match_stats
781518,2019-09-05,Armenia,Italy,cached_from_soccerbase_match_stats
781519,2019-09-05,Finland,Greece,cached_from_soccerbase_match_stats
781520,2019-09-05,Bosnia-Hz.,Liechtenstein,cached_from_soccerbase_match_stats
781695,2019-09-05,N Ireland,Luxembourg,cached_from_soccerbase_match_stats
781705,2019-09-05,Montenegro,Hungary,cached_from_soccerbase_match_stats
796991,2019-09-05,Japan,Paraguay,cached_from_soccerbase_match_stats
799585,2019-09-05,South Korea,Georgia,cached_from_soccerbase_match_stats
799611,2019-09-05,Saudi Arabia,Mali,cached_from_soccerbase_match_stats
799632,2019-09-05,Somalia,Zimbabwe,cached_from_soccerbase_match_stats
799661,2019-09-05,Chad,Sudan,cached_from_soccerbase_match_stats
799662,2019-09-05,Seychelles,Rwanda,cached_from_soccerbase_match_stats
800892,2019-09-05,Bermuda,Panama,cached_from_soccerbase_match_stats
781351,2019-09-06,Germany,Netherlands,cached_from_soccerbase_match_stats
781352,2019-09-06,Estonia,Belarus,cached_from_soccerbase_match_stats
781387,2019-09-06,Wales,Azerbaijan,cached_from_soccerbase_match_stats
781388,2019-09-06,Slovakia,Croatia,cached_from_soccerbase_match_stats
781436,2019-09-06,Slovenia,Poland,cached_from_soccerbase_match_stats
781437,2019-09-06,Austria,Latvia,cached_from_soccerbase_match_stats
781489,2019-09-06,Scotland,Russia,cached_from_soccerbase_match_stats
781490,2019-09-06,San Marino,Belgium,cached_from_soccerbase_match_stats
781491,2019-09-06,Cyprus,Kazakhstan,cached_from_soccerbase_match_stats
790753,2019-09-06,Chile,Argentina,cached_from_soccerbase_match_stats
799383,2019-09-06,Honduras,Puerto Rico,cached_from_soccerbase_match_stats
799613,2019-09-06,Peru,Ecuador,cached_from_soccerbase_match_stats
799622,2019-09-06,Tunisia,Mauritania,cached_from_soccerbase_match_stats
799633,2019-09-06,Gambia,Angola,cached_from_soccerbase_match_stats
799663,2019-09-06,Comoros,Togo,cached_from_soccerbase_match_stats
799934,2019-09-06,Morocco,Burkina Faso,cached_from_soccerbase_match_stats
799983,2019-09-06,Ivory Coast,Benin,cached_from_soccerbase_match_stats
781315,2019-09-07,Kosovo,Czech Rep,cached_from_soccerbase_match_stats
781316,2019-09-07,England,Bulgaria,cached_from_soccerbase_match_stats
781333,2019-09-07,Lithuania,Ukraine,cached_from_soccerbase_match_stats
781334,2019-09-07,Serbia,Portugal,cached_from_soccerbase_match_stats
781462,2019-09-07,Iceland,Moldova,cached_from_soccerbase_match_stats
781463,2019-09-07,Turkey,Andorra,cached_from_soccerbase_match_stats
781464,2019-09-07,France,Albania,cached_from_soccerbase_match_stats
784413,2019-09-07,Brazil,Colombia,cached_from_soccerbase_match_stats
796632,2019-09-07,USA,Mexico,cached_from_soccerbase_match_stats
799612,2019-09-07,South Africa,Madagascar,cached_from_soccerbase_match_stats
799664,2019-09-07,Botswana,Malawi,cached_from_soccerbase_match_stats
870257,2019-09-07,Costa Rica,Uruguay,cached_from_soccerbase_match_stats
781371,2019-09-08,Switzerland,Gibraltar,cached_from_soccerbase_match_stats
781372,2019-09-08,Georgia,Denmark,cached_from_soccerbase_match_stats
781411,2019-09-08,Spain,Faroe Islands,cached_from_soccerbase_match_stats
781412,2019-09-08,Romania,Malta,cached_from_soccerbase_match_stats
781413,2019-09-08,Sweden,Norway,cached_from_soccerbase_match_stats
781521,2019-09-08,Armenia,Bosnia-Hz.,cached_from_soccerbase_match_stats
781522,2019-09-08,Greece,Liechtenstein,cached_from_soccerbase_match_stats
781523,2019-09-08,Finland,Italy,cached_from_soccerbase_match_stats
799620,2019-09-08,Kenya,Uganda,cached_from_soccerbase_match_stats
799635,2019-09-08,Tanzania,Burundi,cached_from_soccerbase_match_stats
799665,2019-09-08,Eq Guinea,South Sudan,cached_from_soccerbase_match_stats
799666,2019-09-08,Lesotho,Ethiopia,cached_from_soccerbase_match_stats
799670,2019-09-08,Sierra Leone,Liberia,cached_from_soccerbase_match_stats
800893,2019-09-08,Panama,Bermuda,cached_from_soccerbase_match_stats
781353,2019-09-09,N Ireland,Germany,cached_from_soccerbase_match_stats
781354,2019-09-09,Estonia,Netherlands,cached_from_soccerbase_match_stats
781389,2019-09-09,Azerbaijan,Croatia,cached_from_soccerbase_match_stats
781390,2019-09-09,Hungary,Slovakia,cached_from_soccerbase_match_stats
781438,2019-09-09,Slovenia,Israel,cached_from_soccerbase_match_stats
781439,2019-09-09,Poland,Austria,cached_from_soccerbase_match_stats
781440,2019-09-09,Latvia,N Macedonia,cached_from_soccerbase_match_stats
781492,2019-09-09,Scotland,Belgium,cached_from_soccerbase_match_stats
781493,2019-09-09,San Marino,Cyprus,cached_from_soccerbase_match_stats
781494,2019-09-09,Russia,Kazakhstan,cached_from_soccerbase_match_stats
782001,2019-09-09,Wales,Belarus,cached_from_soccerbase_match_stats
799985,2019-09-09,Algeria,Benin,cached_from_soccerbase_match_stats
781317,2019-09-10,Montenegro,Czech Rep,cached_from_soccerbase_match_stats
781318,2019-09-10,England,Kosovo,cached_from_soccerbase_match_stats
781335,2019-09-10,Luxembourg,Serbia,cached_from_soccerbase_match_stats
781336,2019-09-10,Lithuania,Portugal,cached_from_soccerbase_match_stats
781465,2019-09-10,Moldova,Turkey,cached_from_soccerbase_match_stats
781466,2019-09-10,France,Andorra,cached_from_soccerbase_match_stats
781467,2019-09-10,Albania,Iceland,cached_from_soccerbase_match_stats
782000,2019-09-10,Costa Rica,Uruguay,cached_from_soccerbase_match_stats
799480,2019-09-10,Ukraine,Nigeria,cached_from_soccerbase_match_stats
799634,2019-09-10,Zimbabwe,Somalia,cached_from_soccerbase_match_stats
799636,2019-09-10,Jordan,Paraguay,cached_from_soccerbase_match_stats
799637,2019-09-10,Angola,Gambia,cached_from_soccerbase_match_stats
799638,2019-09-10,Swaziland,Djibouti,cached_from_soccerbase_match_stats
799639,2019-09-10,Namibia,Eritrea,cached_from_soccerbase_match_stats
799640,2019-09-10,Rwanda,Seychelles,cached_from_soccerbase_match_stats
799667,2019-09-10,Guinea-Bissau,Sao Tome & P,cached_from_soccerbase_match_stats
799668,2019-09-10,Malawi,Botswana,cached_from_soccerbase_match_stats
799669,2019-09-10,Mozambique,Mauritius,cached_from_soccerbase_match_stats
799671,2019-09-10,Sudan,Chad,cached_from_soccerbase_match_stats
799672,2019-09-10,Togo,Comoros,cached_from_soccerbase_match_stats
799933,2019-09-10,Tunisia,Ivory Coast,cached_from_soccerbase_match_stats
799984,2019-09-10,Morocco,Niger,cached_from_soccerbase_match_stats
799989,2019-09-10,Ireland,Bulgaria,cached_from_soccerbase_match_stats
784982,2019-09-11,Colombia,Venezuela,cached_from_soccerbase_match_stats
790754,2019-09-11,Brazil,Peru,cached_from_soccerbase_match_stats
796112,2019-09-11,Argentina,Mexico,cached_from_soccerbase_match_stats
798725,2019-09-11,USA,Uruguay,cached_from_soccerbase_match_stats
799384,2019-09-11,Honduras,Chile,cached_from_soccerbase_match_stats
799614,2019-09-11,Ecuador,Bolivia,cached_from_soccerbase_match_stats
800187,2019-09-18,DR Congo,Rwanda,cached_from_soccerbase_match_stats
799992,2019-10-03,Mexico,Trinidad,cached_from_soccerbase_match_stats
784336,2019-10-09,Germany,Argentina,cached_from_soccerbase_match_stats
799520,2019-10-09,Bahrain,Azerbaijan,cached_from_soccerbase_match_stats
781355,2019-10-10,Netherlands,N Ireland,cached_from_soccerbase_match_stats
781356,2019-10-10,Belarus,Estonia,cached_from_soccerbase_match_stats
781391,2019-10-10,Slovakia,Wales,cached_from_soccerbase_match_stats
781392,2019-10-10,Croatia,Hungary,cached_from_soccerbase_match_stats
781441,2019-10-10,Latvia,Poland,cached_from_soccerbase_match_stats
781442,2019-10-10,N Macedonia,Slovenia,cached_from_soccerbase_match_stats
781443,2019-10-10,Austria,Israel,cached_from_soccerbase_match_stats
781495,2019-10-10,Kazakhstan,Cyprus,cached_from_soccerbase_match_stats
781496,2019-10-10,Russia,Scotland,cached_from_soccerbase_match_stats
781497,2019-10-10,Belgium,San Marino,cached_from_soccerbase_match_stats
782066,2019-10-10,Kosovo,Gibraltar,cached_from_soccerbase_match_stats
799987,2019-10-10,Panama,Curacao,cached_from_soccerbase_match_stats
800014,2019-10-10,Venezuela,Bolivia,cached_from_soccerbase_match_stats
800024,2019-10-10,Brazil,Senegal,cached_from_soccerbase_match_stats
800170,2019-10-10,Serbia,Paraguay,cached_from_soccerbase_match_stats
800177,2019-10-10,Algeria,DR Congo,cached_from_soccerbase_match_stats
781319,2019-10-11,Montenegro,Bulgaria,cached_from_soccerbase_match_stats
781320,2019-10-11,Czech Rep,England,cached_from_soccerbase_match_stats
781337,2019-10-11,Ukraine,Lithuania,cached_from_soccerbase_match_stats
781338,2019-10-11,Portugal,Luxembourg,cached_from_soccerbase_match_stats
781468,2019-10-11,Turkey,Albania,cached_from_soccerbase_match_stats
781469,2019-10-11,Iceland,France,cached_from_soccerbase_match_stats
781470,2019-10-11,Andorra,Moldova,cached_from_soccerbase_match_stats
800071,2019-10-11,Morocco,Libya,cached_from_soccerbase_match_stats
781373,2019-10-12,Georgia,Ireland,cached_from_soccerbase_match_stats
781374,2019-10-12,Denmark,Switzerland,cached_from_soccerbase_match_stats
781414,2019-10-12,Faroe Islands,Romania,cached_from_soccerbase_match_stats
781415,2019-10-12,Norway,Spain,cached_from_soccerbase_match_stats
781416,2019-10-12,Malta,Sweden,cached_from_soccerbase_match_stats
781524,2019-10-12,Bosnia-Hz.,Finland,cached_from_soccerbase_match_stats
781525,2019-10-12,Liechtenstein,Armenia,cached_from_soccerbase_match_stats
781526,2019-10-12,Italy,Greece,cached_from_soccerbase_match_stats
791988,2019-10-12,Uruguay,Peru,cached_from_soccerbase_match_stats
800073,2019-10-12,Colombia,Chile,cached_from_soccerbase_match_stats
800092,2019-10-12,Tunisia,Cameroon,cached_from_soccerbase_match_stats
781357,2019-10-13,Belarus,Netherlands,cached_from_soccerbase_match_stats
781358,2019-10-13,Estonia,Germany,cached_from_soccerbase_match_stats
781393,2019-10-13,Hungary,Azerbaijan,cached_from_soccerbase_match_stats
781394,2019-10-13,Wales,Croatia,cached_from_soccerbase_match_stats
781444,2019-10-13,Slovenia,Austria,cached_from_soccerbase_match_stats
781445,2019-10-13,Poland,N Macedonia,cached_from_soccerbase_match_stats
781498,2019-10-13,Kazakhstan,Belgium,cached_from_soccerbase_match_stats
781499,2019-10-13,Cyprus,Russia,cached_from_soccerbase_match_stats
781500,2019-10-13,Scotland,San Marino,cached_from_soccerbase_match_stats
799621,2019-10-13,Slovakia,Paraguay,cached_from_soccerbase_match_stats
800025,2019-10-13,Brazil,Nigeria,cached_from_soccerbase_match_stats
800026,2019-10-13,Ecuador,Argentina,cached_from_soccerbase_match_stats
800174,2019-10-13,South Africa,Mali,cached_from_soccerbase_match_stats
800179,2019-10-13,Kenya,Mozambique,cached_from_soccerbase_match_stats
800195,2019-10-13,Ivory Coast,DR Congo,cached_from_soccerbase_match_stats
781321,2019-10-14,Kosovo,Montenegro,cached_from_soccerbase_match_stats
781322,2019-10-14,Bulgaria,England,cached_from_soccerbase_match_stats
781339,2019-10-14,Ukraine,Portugal,cached_from_soccerbase_match_stats
781340,2019-10-14,Lithuania,Serbia,cached_from_soccerbase_match_stats
781471,2019-10-14,Moldova,Albania,cached_from_soccerbase_match_stats
781472,2019-10-14,Iceland,Andorra,cached_from_soccerbase_match_stats
781473,2019-10-14,France,Turkey,cached_from_soccerbase_match_stats
785868,2019-10-14,Czech Rep,N Ireland,cached_from_soccerbase_match_stats
800171,2019-10-14,Venezuela,Trinidad,cached_from_soccerbase_match_stats
800186,2019-10-14,Rwanda,Tanzania,cached_from_soccerbase_match_stats
800196,2019-10-14,Egypt,Botswana,cached_from_soccerbase_match_stats
781375,2019-10-15,Switzerland,Ireland,cached_from_soccerbase_match_stats
781376,2019-10-15,Gibraltar,Georgia,cached_from_soccerbase_match_stats
781417,2019-10-15,Sweden,Spain,cached_from_soccerbase_match_stats
781418,2019-10-15,Romania,Norway,cached_from_soccerbase_match_stats
781419,2019-10-15,Faroe Islands,Malta,cached_from_soccerbase_match_stats
781446,2019-10-15,Israel,Latvia,cached_from_soccerbase_match_stats
781527,2019-10-15,Liechtenstein,Italy,cached_from_soccerbase_match_stats
781528,2019-10-15,Greece,Bosnia-Hz.,cached_from_soccerbase_match_stats
781529,2019-10-15,Finland,Armenia,cached_from_soccerbase_match_stats
782090,2019-10-15,Denmark,Luxembourg,cached_from_soccerbase_match_stats
800072,2019-10-15,Morocco,Gabon,cached_from_soccerbase_match_stats
800074,2019-10-15,Algeria,Colombia,cached_from_soccerbase_match_stats
800169,2019-10-15,Chile,Guinea,cached_from_soccerbase_match_stats
791989,2019-10-16,Peru,Uruguay,cached_from_soccerbase_match_stats
800175,2019-10-16,Bolivia,Haiti,cached_from_soccerbase_match_stats
787064,2019-11-07,Vietnam,Belarus,cached_from_soccerbase_match_stats
800642,2019-11-07,Egypt,Liberia,cached_from_soccerbase_match_stats
781323,2019-11-14,England,Montenegro,cached_from_soccerbase_match_stats
781324,2019-11-14,Czech Rep,Kosovo,cached_from_soccerbase_match_stats
781341,2019-11-14,Serbia,Luxembourg,cached_from_soccerbase_match_stats
781342,2019-11-14,Portugal,Lithuania,cached_from_soccerbase_match_stats
781474,2019-11-14,Turkey,Iceland,cached_from_soccerbase_match_stats
781475,2019-11-14,France,Moldova,cached_from_soccerbase_match_stats
781476,2019-11-14,Albania,Andorra,cached_from_soccerbase_match_stats
782002,2019-11-14,Ireland,New Zealand,cached_from_soccerbase_match_stats
782102,2019-11-14,Ukraine,Estonia,cached_from_soccerbase_match_stats
800586,2019-11-14,Bulgaria,Paraguay,cached_from_soccerbase_match_stats
800737,2019-11-14,Qatar,Singapore,cached_from_soccerbase_match_stats
781377,2019-11-15,Switzerland,Georgia,cached_from_soccerbase_match_stats
781378,2019-11-15,Denmark,Gibraltar,cached_from_soccerbase_match_stats
781420,2019-11-15,Spain,Malta,cached_from_soccerbase_match_stats
781421,2019-11-15,Romania,Sweden,cached_from_soccerbase_match_stats
781422,2019-11-15,Norway,Faroe Islands,cached_from_soccerbase_match_stats
781530,2019-11-15,Finland,Liechtenstein,cached_from_soccerbase_match_stats
781531,2019-11-15,Armenia,Greece,cached_from_soccerbase_match_stats
781532,2019-11-15,Bosnia-Hz.,Italy,cached_from_soccerbase_match_stats
787065,2019-11-15,Hungary,Uruguay,cached_from_soccerbase_match_stats
800192,2019-11-15,Chile,Bolivia,cached_from_soccerbase_match_stats
800403,2019-11-15,Brazil,Argentina,cached_from_soccerbase_match_stats
800736,2019-11-15,Ecuador,Trinidad,cached_from_soccerbase_match_stats
781359,2019-11-16,N Ireland,Netherlands,cached_from_soccerbase_match_stats
781360,2019-11-16,Germany,Belarus,cached_from_soccerbase_match_stats
781395,2019-11-16,Azerbaijan,Wales,cached_from_soccerbase_match_stats
781396,2019-11-16,Croatia,Slovakia,cached_from_soccerbase_match_stats
781447,2019-11-16,Slovenia,Latvia,cached_from_soccerbase_match_stats
781448,2019-11-16,Israel,Poland,cached_from_soccerbase_match_stats
781449,2019-11-16,Austria,N Macedonia,cached_from_soccerbase_match_stats
781501,2019-11-16,Cyprus,Scotland,cached_from_soccerbase_match_stats
781502,2019-11-16,San Marino,Kazakhstan,cached_from_soccerbase_match_stats
781503,2019-11-16,Russia,Belgium,cached_from_soccerbase_match_stats
800180,2019-11-16,Colombia,Peru,cached_from_soccerbase_match_stats
781325,2019-11-17,Kosovo,England,cached_from_soccerbase_match_stats
781326,2019-11-17,Bulgaria,Czech Rep,cached_from_soccerbase_match_stats
781343,2019-11-17,Serbia,Ukraine,cached_from_soccerbase_match_stats
781344,2019-11-17,Luxembourg,Portugal,cached_from_soccerbase_match_stats
781477,2019-11-17,Moldova,Iceland,cached_from_soccerbase_match_stats
781478,2019-11-17,Andorra,Turkey,cached_from_soccerbase_match_stats
781479,2019-11-17,Albania,France,cached_from_soccerbase_match_stats
796626,2019-11-17,Lithuania,New Zealand,cached_from_soccerbase_match_stats
781379,2019-11-18,Ireland,Denmark,cached_from_soccerbase_match_stats
781380,2019-11-18,Gibraltar,Switzerland,cached_from_soccerbase_match_stats
781423,2019-11-18,Sweden,Faroe Islands,cached_from_soccerbase_match_stats
781424,2019-11-18,Spain,Romania,cached_from_soccerbase_match_stats
781425,2019-11-18,Malta,Norway,cached_from_soccerbase_match_stats
781533,2019-11-18,Liechtenstein,Bosnia-Hz.,cached_from_soccerbase_match_stats
781534,2019-11-18,Italy,Armenia,cached_from_soccerbase_match_stats
781535,2019-11-18,Greece,Finland,cached_from_soccerbase_match_stats
800641,2019-11-18,Argentina,Uruguay,cached_from_soccerbase_match_stats
781361,2019-11-19,Netherlands,Estonia,cached_from_soccerbase_match_stats
781362,2019-11-19,Germany,N Ireland,cached_from_soccerbase_match_stats
781397,2019-11-19,Wales,Hungary,cached_from_soccerbase_match_stats
781398,2019-11-19,Slovakia,Azerbaijan,cached_from_soccerbase_match_stats
781450,2019-11-19,Poland,Slovenia,cached_from_soccerbase_match_stats
781451,2019-11-19,Latvia,Austria,cached_from_soccerbase_match_stats
781452,2019-11-19,N Macedonia,Israel,cached_from_soccerbase_match_stats
781504,2019-11-19,Belgium,Cyprus,cached_from_soccerbase_match_stats
781505,2019-11-19,San Marino,Russia,cached_from_soccerbase_match_stats
781506,2019-11-19,Scotland,Kazakhstan,cached_from_soccerbase_match_stats
781910,2019-11-19,Montenegro,Belarus,cached_from_soccerbase_match_stats
782180,2019-11-19,Croatia,Georgia,cached_from_soccerbase_match_stats
799988,2019-11-19,Panama,UAE,cached_from_soccerbase_match_stats
800023,2019-11-19,Japan,Venezuela,cached_from_soccerbase_match_stats
800404,2019-11-19,Brazil,South Korea,cached_from_soccerbase_match_stats
800592,2019-11-19,Saudi Arabia,Paraguay,cached_from_soccerbase_match_stats
800634,2019-11-19,Panama,Bolivia,cached_from_soccerbase_match_stats
800405,2019-11-20,Ecuador,Colombia,cached_from_soccerbase_match_stats
819716,2019-11-20,Peru,Chile,cached_from_soccerbase_match_stats
801582,2020-01-08,Barbados,Canada,cached_from_soccerbase_match_stats
801317,2020-01-09,Sweden,Moldova,cached_from_soccerbase_match_stats
801583,2020-01-11,Barbados,Canada,cached_from_soccerbase_match_stats
801290,2020-01-12,Sweden,Kosovo,cached_from_soccerbase_match_stats
801538,2020-01-16,Iceland,Canada,cached_from_soccerbase_match_stats
801540,2020-01-20,Iceland,El Salvador,cached_from_soccerbase_match_stats
801316,2020-02-01,USA,Costa Rica,cached_from_soccerbase_match_stats
801884,2020-02-16,DR Congo,Cameroon,cached_from_soccerbase_match_stats
801883,2020-02-20,Congo,Cameroon,cached_from_soccerbase_match_stats
801313,2020-02-23,Uzbekistan,Belarus,cached_from_soccerbase_match_stats
801864,2020-02-24,Cameroon,Rwanda,cached_from_soccerbase_match_stats
801314,2020-02-26,Bulgaria,Belarus,cached_from_soccerbase_match_stats
801654,2020-02-26,Nicaragua,Panama,cached_from_soccerbase_match_stats
803570,2020-09-03,Germany,Spain,cached_from_soccerbase_match_stats
803571,2020-09-03,Ukraine,Switzerland,cached_from_soccerbase_match_stats
803618,2020-09-03,Russia,Serbia,cached_from_soccerbase_match_stats
803619,2020-09-03,Turkey,Hungary,cached_from_soccerbase_match_stats
803620,2020-09-03,Bulgaria,Ireland,cached_from_soccerbase_match_stats
803621,2020-09-03,Finland,Wales,cached_from_soccerbase_match_stats
803666,2020-09-03,Moldova,Kosovo,cached_from_soccerbase_match_stats
803667,2020-09-03,Slovenia,Greece,cached_from_soccerbase_match_stats
803714,2020-09-03,Faroe Islands,Malta,cached_from_soccerbase_match_stats
803715,2020-09-03,Latvia,Andorra,cached_from_soccerbase_match_stats
803572,2020-09-04,Italy,Bosnia-Hz.,cached_from_soccerbase_match_stats
803573,2020-09-04,Netherlands,Poland,cached_from_soccerbase_match_stats
803622,2020-09-04,Norway,Austria,cached_from_soccerbase_match_stats
803623,2020-09-04,Romania,N Ireland,cached_from_soccerbase_match_stats
803624,2020-09-04,Scotland,Israel,cached_from_soccerbase_match_stats
803625,2020-09-04,Slovakia,Czech Rep,cached_from_soccerbase_match_stats
803668,2020-09-04,Belarus,Albania,cached_from_soccerbase_match_stats
803669,2020-09-04,Lithuania,Kazakhstan,cached_from_soccerbase_match_stats
803574,2020-09-05,Iceland,England,cached_from_soccerbase_match_stats
803575,2020-09-05,Denmark,Belgium,cached_from_soccerbase_match_stats
803576,2020-09-05,Portugal,Croatia,cached_from_soccerbase_match_stats
803577,2020-09-05,Sweden,France,cached_from_soccerbase_match_stats
803670,2020-09-05,N Macedonia,Armenia,cached_from_soccerbase_match_stats
803671,2020-09-05,Azerbaijan,Luxembourg,cached_from_soccerbase_match_stats
803672,2020-09-05,Cyprus,Montenegro,cached_from_soccerbase_match_stats
803673,2020-09-05,Estonia,Georgia,cached_from_soccerbase_match_stats
803716,2020-09-05,Gibraltar,San Marino,cached_from_soccerbase_match_stats
803578,2020-09-06,Spain,Ukraine,cached_from_soccerbase_match_stats
803579,2020-09-06,Switzerland,Germany,cached_from_soccerbase_match_stats
803626,2020-09-06,Wales,Bulgaria,cached_from_soccerbase_match_stats
803627,2020-09-06,Hungary,Russia,cached_from_soccerbase_match_stats
803628,2020-09-06,Ireland,Finland,cached_from_soccerbase_match_stats
803629,2020-09-06,Serbia,Turkey,cached_from_soccerbase_match_stats
803674,2020-09-06,Slovenia,Moldova,cached_from_soccerbase_match_stats
803675,2020-09-06,Kosovo,Greece,cached_from_soccerbase_match_stats
803717,2020-09-06,Andorra,Faroe Islands,cached_from_soccerbase_match_stats
803718,2020-09-06,Malta,Latvia,cached_from_soccerbase_match_stats
803580,2020-09-07,Bosnia-Hz.,Poland,cached_from_soccerbase_match_stats
803581,2020-09-07,Netherlands,Italy,cached_from_soccerbase_match_stats
803630,2020-09-07,Austria,Romania,cached_from_soccerbase_match_stats
803631,2020-09-07,N Ireland,Norway,cached_from_soccerbase_match_stats
803632,2020-09-07,Czech Rep,Scotland,cached_from_soccerbase_match_stats
803633,2020-09-07,Israel,Slovakia,cached_from_soccerbase_match_stats
803676,2020-09-07,Kazakhstan,Belarus,cached_from_soccerbase_match_stats
803677,2020-09-07,Albania,Lithuania,cached_from_soccerbase_match_stats
803582,2020-09-08,Belgium,Iceland,cached_from_soccerbase_match_stats
803583,2020-09-08,Denmark,England,cached_from_soccerbase_match_stats
803584,2020-09-08,France,Croatia,cached_from_soccerbase_match_stats
803585,2020-09-08,Sweden,Portugal,cached_from_soccerbase_match_stats
803678,2020-09-08,Armenia,Estonia,cached_from_soccerbase_match_stats
803679,2020-09-08,Georgia,N Macedonia,cached_from_soccerbase_match_stats
803680,2020-09-08,Cyprus,Azerbaijan,cached_from_soccerbase_match_stats
803681,2020-09-08,Luxembourg,Montenegro,cached_from_soccerbase_match_stats
803719,2020-09-08,San Marino,Liechtenstein,cached_from_soccerbase_match_stats
818839,2020-10-01,Mexico,Guatemala,cached_from_soccerbase_match_stats
804831,2020-10-07,Denmark,Faroe Islands,cached_from_soccerbase_match_stats
805050,2020-10-07,Estonia,Lithuania,cached_from_soccerbase_match_stats
805051,2020-10-07,Montenegro,Latvia,cached_from_soccerbase_match_stats
805061,2020-10-07,Poland,Finland,cached_from_soccerbase_match_stats
805696,2020-10-07,Italy,Moldova,cached_from_soccerbase_match_stats
805697,2020-10-07,Switzerland,Croatia,cached_from_soccerbase_match_stats
806097,2020-10-07,Germany,Turkey,cached_from_soccerbase_match_stats
806098,2020-10-07,Luxembourg,Liechtenstein,cached_from_soccerbase_match_stats
806104,2020-10-07,Malta,Gibraltar,cached_from_soccerbase_match_stats
806332,2020-10-07,Austria,Greece,cached_from_soccerbase_match_stats
806333,2020-10-07,Cyprus,Czech Rep,cached_from_soccerbase_match_stats
806334,2020-10-07,Slovenia,San Marino,cached_from_soccerbase_match_stats
806351,2020-10-07,Netherlands,Mexico,cached_from_soccerbase_match_stats
809483,2020-10-07,Portugal,Spain,cached_from_soccerbase_match_stats
811397,2020-10-07,Andorra,Cape Verde Is.,cached_from_soccerbase_match_stats
818368,2020-10-07,France,Ukraine,cached_from_soccerbase_match_stats
839033,2020-10-07,Armenia,Albania,cached_from_soccerbase_match_stats
800958,2020-10-08,Bulgaria,Hungary,cached_from_soccerbase_match_stats
800959,2020-10-08,Bosnia-Hz.,N Ireland,cached_from_soccerbase_match_stats
800960,2020-10-08,Norway,Serbia,cached_from_soccerbase_match_stats
800962,2020-10-08,Georgia,Belarus,cached_from_soccerbase_match_stats
801387,2020-10-08,Uruguay,Chile,cached_from_soccerbase_match_stats
801390,2020-10-08,Paraguay,Peru,cached_from_soccerbase_match_stats
801832,2020-10-08,Iceland,Romania,cached_from_soccerbase_match_stats
801833,2020-10-08,N Macedonia,Kosovo,cached_from_soccerbase_match_stats
801834,2020-10-08,Scotland,Israel,cached_from_soccerbase_match_stats
801835,2020-10-08,Slovakia,Ireland,cached_from_soccerbase_match_stats
805695,2020-10-08,Uzbekistan,Iran,cached_from_soccerbase_match_stats
805698,2020-10-08,Russia,Sweden,cached_from_soccerbase_match_stats
806336,2020-10-08,England,Wales,cached_from_soccerbase_match_stats
818877,2020-10-08,Belgium,Ivory Coast,cached_from_soccerbase_match_stats
819163,2020-10-08,South Africa,Namibia,cached_from_soccerbase_match_stats
801391,2020-10-09,Argentina,Ecuador,cached_from_soccerbase_match_stats
815804,2020-10-09,Nigeria,Algeria,cached_from_soccerbase_match_stats
816635,2020-10-09,Morocco,Senegal,cached_from_soccerbase_match_stats
818355,2020-10-09,Japan,Cameroon,cached_from_soccerbase_match_stats
818868,2020-10-09,Mali,Ghana,cached_from_soccerbase_match_stats
818909,2020-10-09,Kenya,Zambia,cached_from_soccerbase_match_stats
819173,2020-10-09,Tunisia,Sudan,cached_from_soccerbase_match_stats
801388,2020-10-10,Colombia,Venezuela,cached_from_soccerbase_match_stats
801389,2020-10-10,Brazil,Bolivia,cached_from_soccerbase_match_stats
803592,2020-10-10,Spain,Switzerland,cached_from_soccerbase_match_stats
803593,2020-10-10,Ukraine,Germany,cached_from_soccerbase_match_stats
803684,2020-10-10,Luxembourg,Cyprus,cached_from_soccerbase_match_stats
803685,2020-10-10,Montenegro,Azerbaijan,cached_from_soccerbase_match_stats
803720,2020-10-10,Liechtenstein,Gibraltar,cached_from_soccerbase_match_stats
803721,2020-10-10,Andorra,Malta,cached_from_soccerbase_match_stats
803722,2020-10-10,Faroe Islands,Latvia,cached_from_soccerbase_match_stats
815802,2020-10-10,Cameroon,Sudan,cached_from_soccerbase_match_stats
818837,2020-10-10,Honduras,Nicaragua,cached_from_soccerbase_match_stats
803586,2020-10-11,Bosnia-Hz.,Netherlands,cached_from_soccerbase_match_stats
803587,2020-10-11,Poland,Italy,cached_from_soccerbase_match_stats
803588,2020-10-11,England,Belgium,cached_from_soccerbase_match_stats
803589,2020-10-11,Iceland,Denmark,cached_from_soccerbase_match_stats
803590,2020-10-11,Croatia,Sweden,cached_from_soccerbase_match_stats
803591,2020-10-11,France,Portugal,cached_from_soccerbase_match_stats
803634,2020-10-11,N Ireland,Austria,cached_from_soccerbase_match_stats
803635,2020-10-11,Norway,Romania,cached_from_soccerbase_match_stats
803636,2020-10-11,Israel,Czech Rep,cached_from_soccerbase_match_stats
803637,2020-10-11,Scotland,Slovakia,cached_from_soccerbase_match_stats
803638,2020-10-11,Russia,Turkey,cached_from_soccerbase_match_stats
803639,2020-10-11,Serbia,Hungary,cached_from_soccerbase_match_stats
803640,2020-10-11,Ireland,Wales,cached_from_soccerbase_match_stats
803641,2020-10-11,Finland,Bulgaria,cached_from_soccerbase_match_stats
803682,2020-10-11,Armenia,Georgia,cached_from_soccerbase_match_stats
803683,2020-10-11,Estonia,N Macedonia,cached_from_soccerbase_match_stats
803686,2020-10-11,Kazakhstan,Albania,cached_from_soccerbase_match_stats
803687,2020-10-11,Lithuania,Belarus,cached_from_soccerbase_match_stats
803688,2020-10-11,Greece,Moldova,cached_from_soccerbase_match_stats
803689,2020-10-11,Kosovo,Slovenia,cached_from_soccerbase_match_stats
818910,2020-10-11,Tanzania,Burundi,cached_from_soccerbase_match_stats
819162,2020-10-11,South Africa,Zambia,cached_from_soccerbase_match_stats
819177,2020-10-11,Costa Rica,Panama,cached_from_soccerbase_match_stats
818913,2020-10-12,Ghana,Qatar,cached_from_soccerbase_match_stats
801393,2020-10-13,Venezuela,Paraguay,cached_from_soccerbase_match_stats
801394,2020-10-13,Bolivia,Argentina,cached_from_soccerbase_match_stats
801396,2020-10-13,Ecuador,Uruguay,cached_from_soccerbase_match_stats
803600,2020-10-13,Germany,Switzerland,cached_from_soccerbase_match_stats
803601,2020-10-13,Ukraine,Spain,cached_from_soccerbase_match_stats
803692,2020-10-13,Azerbaijan,Cyprus,cached_from_soccerbase_match_stats
803693,2020-10-13,Montenegro,Luxembourg,cached_from_soccerbase_match_stats
803723,2020-10-13,Liechtenstein,San Marino,cached_from_soccerbase_match_stats
803724,2020-10-13,Faroe Islands,Andorra,cached_from_soccerbase_match_stats
803725,2020-10-13,Latvia,Malta,cached_from_soccerbase_match_stats
815805,2020-10-13,Nigeria,Tunisia,cached_from_soccerbase_match_stats
816636,2020-10-13,Morocco,DR Congo,cached_from_soccerbase_match_stats
818696,2020-10-13,Japan,Ivory Coast,cached_from_soccerbase_match_stats
818879,2020-10-13,Mexico,Algeria,cached_from_soccerbase_match_stats
801392,2020-10-14,Peru,Brazil,cached_from_soccerbase_match_stats
801395,2020-10-14,Chile,Colombia,cached_from_soccerbase_match_stats
803594,2020-10-14,Italy,Netherlands,cached_from_soccerbase_match_stats
803595,2020-10-14,Poland,Bosnia-Hz.,cached_from_soccerbase_match_stats
803596,2020-10-14,England,Denmark,cached_from_soccerbase_match_stats
803597,2020-10-14,Iceland,Belgium,cached_from_soccerbase_match_stats
803598,2020-10-14,Croatia,France,cached_from_soccerbase_match_stats
803599,2020-10-14,Portugal,Sweden,cached_from_soccerbase_match_stats
803642,2020-10-14,Scotland,Czech Rep,cached_from_soccerbase_match_stats
803643,2020-10-14,Norway,N Ireland,cached_from_soccerbase_match_stats
803644,2020-10-14,Romania,Austria,cached_from_soccerbase_match_stats
803645,2020-10-14,Slovakia,Israel,cached_from_soccerbase_match_stats
803646,2020-10-14,Russia,Hungary,cached_from_soccerbase_match_stats
803647,2020-10-14,Turkey,Serbia,cached_from_soccerbase_match_stats
803648,2020-10-14,Bulgaria,Wales,cached_from_soccerbase_match_stats
803649,2020-10-14,Finland,Ireland,cached_from_soccerbase_match_stats
803690,2020-10-14,Estonia,Armenia,cached_from_soccerbase_match_stats
803691,2020-10-14,N Macedonia,Georgia,cached_from_soccerbase_match_stats
803694,2020-10-14,Greece,Kosovo,cached_from_soccerbase_match_stats
803695,2020-10-14,Moldova,Slovenia,cached_from_soccerbase_match_stats
803696,2020-10-14,Belarus,Kazakhstan,cached_from_soccerbase_match_stats
803697,2020-10-14,Lithuania,Albania,cached_from_soccerbase_match_stats
819178,2020-10-14,Costa Rica,Panama,cached_from_soccerbase_match_stats
805062,2020-11-11,Netherlands,Spain,cached_from_soccerbase_match_stats
805699,2020-11-11,Belgium,Switzerland,cached_from_soccerbase_match_stats
805700,2020-11-11,Denmark,Sweden,cached_from_soccerbase_match_stats
805701,2020-11-11,Italy,Estonia,cached_from_soccerbase_match_stats
806099,2020-11-11,Germany,Czech Rep,cached_from_soccerbase_match_stats
806100,2020-11-11,Luxembourg,Austria,cached_from_soccerbase_match_stats
806105,2020-11-11,Malta,Liechtenstein,cached_from_soccerbase_match_stats
806341,2020-11-11,San Marino,Latvia,cached_from_soccerbase_match_stats
806345,2020-11-11,Greece,Cyprus,cached_from_soccerbase_match_stats
809484,2020-11-11,Portugal,Andorra,cached_from_soccerbase_match_stats
810108,2020-11-11,Montenegro,Kazakhstan,cached_from_soccerbase_match_stats
811478,2020-11-11,Slovenia,Azerbaijan,cached_from_soccerbase_match_stats
813244,2020-11-11,Turkey,Croatia,cached_from_soccerbase_match_stats
814794,2020-11-11,Poland,Ukraine,cached_from_soccerbase_match_stats
818878,2020-11-11,Lithuania,Faroe Islands,cached_from_soccerbase_match_stats
819161,2020-11-11,France,Finland,cached_from_soccerbase_match_stats
819715,2020-11-11,Romania,Belarus,cached_from_soccerbase_match_stats
819877,2020-11-11,Albania,Kosovo,cached_from_soccerbase_match_stats
819878,2020-11-11,Bulgaria,Gibraltar,cached_from_soccerbase_match_stats
823999,2020-11-11,Norway,Israel,cached_from_soccerbase_match_stats
839035,2020-11-11,Albania,Gibraltar,cached_from_soccerbase_match_stats
839036,2020-11-11,Armenia,Kuwait,cached_from_soccerbase_match_stats
800961,2020-11-12,Hungary,Iceland,cached_from_soccerbase_match_stats
800963,2020-11-12,Georgia,N Macedonia,cached_from_soccerbase_match_stats
801399,2020-11-12,Bolivia,Ecuador,cached_from_soccerbase_match_stats
805702,2020-11-12,Moldova,Russia,cached_from_soccerbase_match_stats
819822,2020-11-12,England,Ireland,cached_from_soccerbase_match_stats
819826,2020-11-12,Bosnia-Hz.,Iran,cached_from_soccerbase_match_stats
819827,2020-11-12,Wales,USA,cached_from_soccerbase_match_stats
820127,2020-11-12,N Ireland,Slovakia,cached_from_soccerbase_match_stats
820128,2020-11-12,Serbia,Scotland,cached_from_soccerbase_match_stats
839037,2020-11-12,England,New Zealand,cached_from_soccerbase_match_stats
801397,2020-11-13,Colombia,Uruguay,cached_from_soccerbase_match_stats
801400,2020-11-13,Argentina,Paraguay,cached_from_soccerbase_match_stats
801401,2020-11-13,Chile,Peru,cached_from_soccerbase_match_stats
819825,2020-11-13,Japan,Panama,cached_from_soccerbase_match_stats
819876,2020-11-13,Costa Rica,Qatar,cached_from_soccerbase_match_stats
801398,2020-11-14,Brazil,Venezuela,cached_from_soccerbase_match_stats
803604,2020-11-14,Portugal,France,cached_from_soccerbase_match_stats
803605,2020-11-14,Sweden,Croatia,cached_from_soccerbase_match_stats
803606,2020-11-14,Germany,Ukraine,cached_from_soccerbase_match_stats
803607,2020-11-14,Switzerland,Spain,cached_from_soccerbase_match_stats
803698,2020-11-14,Azerbaijan,Montenegro,cached_from_soccerbase_match_stats
803700,2020-11-14,Cyprus,Luxembourg,cached_from_soccerbase_match_stats
803726,2020-11-14,San Marino,Gibraltar,cached_from_soccerbase_match_stats
803727,2020-11-14,Malta,Andorra,cached_from_soccerbase_match_stats
803728,2020-11-14,Latvia,Faroe Islands,cached_from_soccerbase_match_stats
819217,2020-11-14,Mexico,South Korea,cached_from_soccerbase_match_stats
819741,2020-11-14,Saudi Arabia,Jamaica,cached_from_soccerbase_match_stats
803602,2020-11-15,Belgium,England,cached_from_soccerbase_match_stats
803603,2020-11-15,Denmark,Iceland,cached_from_soccerbase_match_stats
803608,2020-11-15,Italy,Poland,cached_from_soccerbase_match_stats
803609,2020-11-15,Netherlands,Bosnia-Hz.,cached_from_soccerbase_match_stats
803650,2020-11-15,Bulgaria,Finland,cached_from_soccerbase_match_stats
803651,2020-11-15,Wales,Ireland,cached_from_soccerbase_match_stats
803652,2020-11-15,Czech Rep,Israel,cached_from_soccerbase_match_stats
803653,2020-11-15,Romania,Norway,cached_from_soccerbase_match_stats
803654,2020-11-15,Slovakia,Scotland,cached_from_soccerbase_match_stats
803655,2020-11-15,Turkey,Russia,cached_from_soccerbase_match_stats
803656,2020-11-15,Austria,N Ireland,cached_from_soccerbase_match_stats
803657,2020-11-15,Hungary,Serbia,cached_from_soccerbase_match_stats
803699,2020-11-15,Belarus,Lithuania,cached_from_soccerbase_match_stats
803701,2020-11-15,Albania,Kazakhstan,cached_from_soccerbase_match_stats
803702,2020-11-15,Georgia,Armenia,cached_from_soccerbase_match_stats
803703,2020-11-15,N Macedonia,Estonia,cached_from_soccerbase_match_stats
803704,2020-11-15,Moldova,Greece,cached_from_soccerbase_match_stats
803705,2020-11-15,Slovenia,Kosovo,cached_from_soccerbase_match_stats
819823,2020-11-15,Guatemala,Honduras,cached_from_soccerbase_match_stats
820001,2020-11-16,USA,Panama,cached_from_soccerbase_match_stats
801402,2020-11-17,Uruguay,Brazil,cached_from_soccerbase_match_stats
801404,2020-11-17,Venezuela,Chile,cached_from_soccerbase_match_stats
801405,2020-11-17,Paraguay,Bolivia,cached_from_soccerbase_match_stats
801406,2020-11-17,Ecuador,Colombia,cached_from_soccerbase_match_stats
803612,2020-11-17,Croatia,Portugal,cached_from_soccerbase_match_stats
803613,2020-11-17,France,Sweden,cached_from_soccerbase_match_stats
803614,2020-11-17,Spain,Germany,cached_from_soccerbase_match_stats
803615,2020-11-17,Switzerland,Ukraine,cached_from_soccerbase_match_stats
803708,2020-11-17,Luxembourg,Azerbaijan,cached_from_soccerbase_match_stats
803709,2020-11-17,Montenegro,Cyprus,cached_from_soccerbase_match_stats
803729,2020-11-17,Gibraltar,Liechtenstein,cached_from_soccerbase_match_stats
803730,2020-11-17,Andorra,Latvia,cached_from_soccerbase_match_stats
803731,2020-11-17,Malta,Faroe Islands,cached_from_soccerbase_match_stats
819663,2020-11-17,Japan,Mexico,cached_from_soccerbase_match_stats
819664,2020-11-17,South Korea,Qatar,cached_from_soccerbase_match_stats
819742,2020-11-17,Saudi Arabia,Jamaica,cached_from_soccerbase_match_stats
801403,2020-11-18,Peru,Argentina,cached_from_soccerbase_match_stats
803610,2020-11-18,Belgium,Denmark,cached_from_soccerbase_match_stats
803611,2020-11-18,England,Iceland,cached_from_soccerbase_match_stats
803616,2020-11-18,Bosnia-Hz.,Italy,cached_from_soccerbase_match_stats
803617,2020-11-18,Poland,Netherlands,cached_from_soccerbase_match_stats
803658,2020-11-18,Ireland,Bulgaria,cached_from_soccerbase_match_stats
803659,2020-11-18,Wales,Finland,cached_from_soccerbase_match_stats
803660,2020-11-18,Austria,Norway,cached_from_soccerbase_match_stats
803661,2020-11-18,N Ireland,Romania,cached_from_soccerbase_match_stats
803662,2020-11-18,Czech Rep,Slovakia,cached_from_soccerbase_match_stats
803663,2020-11-18,Israel,Scotland,cached_from_soccerbase_match_stats
803664,2020-11-18,Hungary,Turkey,cached_from_soccerbase_match_stats
803665,2020-11-18,Serbia,Russia,cached_from_soccerbase_match_stats
803706,2020-11-18,Albania,Belarus,cached_from_soccerbase_match_stats
803707,2020-11-18,Kazakhstan,Lithuania,cached_from_soccerbase_match_stats
803710,2020-11-18,Armenia,N Macedonia,cached_from_soccerbase_match_stats
803711,2020-11-18,Georgia,Estonia,cached_from_soccerbase_match_stats
803712,2020-11-18,Greece,Slovenia,cached_from_soccerbase_match_stats
803713,2020-11-18,Kosovo,Moldova,cached_from_soccerbase_match_stats
820555,2020-12-10,USA,El Salvador,cached_from_soccerbase_match_stats
821261,2021-01-25,Dominican Rep,Serbia,cached_from_soccerbase_match_stats
821518,2021-01-29,Panama,Serbia,cached_from_soccerbase_match_stats
821485,2021-02-01,USA,Trinidad,cached_from_soccerbase_match_stats
823040,2021-03-13,Kenya,South Sudan,cached_from_soccerbase_match_stats
823041,2021-03-15,Kenya,Tanzania,cached_from_soccerbase_match_stats
839038,2021-03-18,Kenya,Tanzania,cached_from_soccerbase_match_stats
820632,2021-03-24,Portugal,Azerbaijan,cached_from_soccerbase_match_stats
820633,2021-03-24,Serbia,Ireland,cached_from_soccerbase_match_stats
820634,2021-03-24,Finland,Bosnia-Hz.,cached_from_soccerbase_match_stats
820635,2021-03-24,France,Ukraine,cached_from_soccerbase_match_stats
820636,2021-03-24,Belgium,Wales,cached_from_soccerbase_match_stats
820637,2021-03-24,Estonia,Czech Rep,cached_from_soccerbase_match_stats
820638,2021-03-24,Gibraltar,Norway,cached_from_soccerbase_match_stats
820639,2021-03-24,Latvia,Montenegro,cached_from_soccerbase_match_stats
820640,2021-03-24,Turkey,Netherlands,cached_from_soccerbase_match_stats
820641,2021-03-24,Cyprus,Slovakia,cached_from_soccerbase_match_stats
820642,2021-03-24,Malta,Russia,cached_from_soccerbase_match_stats
820643,2021-03-24,Slovenia,Croatia,cached_from_soccerbase_match_stats
821061,2021-03-24,Qatar,Luxembourg,cached_from_soccerbase_match_stats
821544,2021-03-24,Kosovo,Lithuania,cached_from_soccerbase_match_stats
821572,2021-03-24,Belarus,Honduras,cached_from_soccerbase_match_stats
820644,2021-03-25,Spain,Greece,cached_from_soccerbase_match_stats
820645,2021-03-25,Sweden,Georgia,cached_from_soccerbase_match_stats
820646,2021-03-25,Bulgaria,Switzerland,cached_from_soccerbase_match_stats
820647,2021-03-25,Italy,N Ireland,cached_from_soccerbase_match_stats
820648,2021-03-25,Israel,Denmark,cached_from_soccerbase_match_stats
820649,2021-03-25,Moldova,Faroe Islands,cached_from_soccerbase_match_stats
820650,2021-03-25,Scotland,Austria,cached_from_soccerbase_match_stats
820651,2021-03-25,Andorra,Albania,cached_from_soccerbase_match_stats
820652,2021-03-25,England,San Marino,cached_from_soccerbase_match_stats
820653,2021-03-25,Hungary,Poland,cached_from_soccerbase_match_stats
820654,2021-03-25,Germany,Iceland,cached_from_soccerbase_match_stats
820655,2021-03-25,Liechtenstein,Armenia,cached_from_soccerbase_match_stats
820656,2021-03-25,Romania,N Macedonia,cached_from_soccerbase_match_stats
821810,2021-03-25,Saudi Arabia,Kuwait,cached_from_soccerbase_match_stats
821811,2021-03-25,USA,Jamaica,cached_from_soccerbase_match_stats
823004,2021-03-25,Japan,South Korea,cached_from_soccerbase_match_stats
841728,2021-03-25,Kazakhstan,Kyrgyzstan,cached_from_soccerbase_match_stats
820657,2021-03-27,Montenegro,Gibraltar,cached_from_soccerbase_match_stats
820658,2021-03-27,Russia,Slovenia,cached_from_soccerbase_match_stats
820659,2021-03-27,Belarus,Estonia,cached_from_soccerbase_match_stats
820660,2021-03-27,Norway,Turkey,cached_from_soccerbase_match_stats
820661,2021-03-27,Croatia,Cyprus,cached_from_soccerbase_match_stats
820662,2021-03-27,Ireland,Luxembourg,cached_from_soccerbase_match_stats
820663,2021-03-27,Serbia,Portugal,cached_from_soccerbase_match_stats
820664,2021-03-27,Czech Rep,Belgium,cached_from_soccerbase_match_stats
820665,2021-03-27,Netherlands,Latvia,cached_from_soccerbase_match_stats
820666,2021-03-27,Slovakia,Malta,cached_from_soccerbase_match_stats
821237,2021-03-27,Wales,Mexico,cached_from_soccerbase_match_stats
821500,2021-03-27,Bosnia-Hz.,Costa Rica,cached_from_soccerbase_match_stats
821561,2021-03-27,Qatar,Azerbaijan,cached_from_soccerbase_match_stats
823047,2021-03-27,Chile,Bolivia,cached_from_soccerbase_match_stats
820668,2021-03-28,Kazakhstan,France,cached_from_soccerbase_match_stats
820669,2021-03-28,Georgia,Spain,cached_from_soccerbase_match_stats
820671,2021-03-28,Denmark,Moldova,cached_from_soccerbase_match_stats
820672,2021-03-28,Albania,England,cached_from_soccerbase_match_stats
820674,2021-03-28,Armenia,Iceland,cached_from_soccerbase_match_stats
820676,2021-03-28,Kosovo,Sweden,cached_from_soccerbase_match_stats
820678,2021-03-28,Bulgaria,Italy,cached_from_soccerbase_match_stats
820680,2021-03-28,Switzerland,Lithuania,cached_from_soccerbase_match_stats
820682,2021-03-28,Ukraine,Finland,cached_from_soccerbase_match_stats
820684,2021-03-28,Austria,Faroe Islands,cached_from_soccerbase_match_stats
820685,2021-03-28,Israel,Scotland,cached_from_soccerbase_match_stats
820687,2021-03-28,Poland,Andorra,cached_from_soccerbase_match_stats
820689,2021-03-28,San Marino,Hungary,cached_from_soccerbase_match_stats
820690,2021-03-28,N Macedonia,Liechtenstein,cached_from_soccerbase_match_stats
820691,2021-03-28,Romania,Germany,cached_from_soccerbase_match_stats
821573,2021-03-28,Greece,Honduras,cached_from_soccerbase_match_stats
821593,2021-03-28,N Ireland,USA,cached_from_soccerbase_match_stats
823048,2021-03-29,Ecuador,Bolivia,cached_from_soccerbase_match_stats
820667,2021-03-30,Azerbaijan,Serbia,cached_from_soccerbase_match_stats
820670,2021-03-30,Luxembourg,Portugal,cached_from_soccerbase_match_stats
820673,2021-03-30,Belgium,Belarus,cached_from_soccerbase_match_stats
820675,2021-03-30,Wales,Czech Rep,cached_from_soccerbase_match_stats
820677,2021-03-30,Gibraltar,Netherlands,cached_from_soccerbase_match_stats
820679,2021-03-30,Montenegro,Norway,cached_from_soccerbase_match_stats
820681,2021-03-30,Turkey,Latvia,cached_from_soccerbase_match_stats
820683,2021-03-30,Croatia,Malta,cached_from_soccerbase_match_stats
820686,2021-03-30,Cyprus,Slovenia,cached_from_soccerbase_match_stats
820688,2021-03-30,Slovakia,Russia,cached_from_soccerbase_match_stats
821501,2021-03-30,Costa Rica,Mexico,cached_from_soccerbase_match_stats
823010,2021-03-30,Qatar,Ireland,cached_from_soccerbase_match_stats
823800,2021-03-30,Iran,Syria,cached_from_soccerbase_match_stats
820692,2021-03-31,Armenia,Romania,cached_from_soccerbase_match_stats
820694,2021-03-31,Greece,Georgia,cached_from_soccerbase_match_stats
820696,2021-03-31,Spain,Kosovo,cached_from_soccerbase_match_stats
820697,2021-03-31,Lithuania,Italy,cached_from_soccerbase_match_stats
820699,2021-03-31,N Ireland,Bulgaria,cached_from_soccerbase_match_stats
820702,2021-03-31,Bosnia-Hz.,France,cached_from_soccerbase_match_stats
820704,2021-03-31,Ukraine,Kazakhstan,cached_from_soccerbase_match_stats
820706,2021-03-31,Austria,Denmark,cached_from_soccerbase_match_stats
820708,2021-03-31,Moldova,Israel,cached_from_soccerbase_match_stats
820710,2021-03-31,Scotland,Faroe Islands,cached_from_soccerbase_match_stats
820712,2021-03-31,Andorra,Hungary,cached_from_soccerbase_match_stats
820715,2021-03-31,England,Poland,cached_from_soccerbase_match_stats
820717,2021-03-31,San Marino,Albania,cached_from_soccerbase_match_stats
820718,2021-03-31,Germany,N Macedonia,cached_from_soccerbase_match_stats
820720,2021-03-31,Liechtenstein,Iceland,cached_from_soccerbase_match_stats
821497,2021-03-31,Switzerland,Finland,cached_from_soccerbase_match_stats
821539,2021-03-31,Sweden,Estonia,cached_from_soccerbase_match_stats
821569,2021-05-23,Ukraine,Bahrain,cached_from_soccerbase_match_stats
823989,2021-05-25,Indonesia,Afghanistan,cached_from_soccerbase_match_stats
824679,2021-05-25,Thailand,Oman,cached_from_soccerbase_match_stats
821818,2021-05-27,Turkey,Azerbaijan,cached_from_soccerbase_match_stats
823797,2021-05-28,Italy,San Marino,cached_from_soccerbase_match_stats
823056,2021-05-29,Sweden,Finland,cached_from_soccerbase_match_stats
824203,2021-05-29,Indonesia,Oman,cached_from_soccerbase_match_stats
824204,2021-05-29,Thailand,Tajikistan,cached_from_soccerbase_match_stats
823137,2021-05-30,Switzerland,USA,cached_from_soccerbase_match_stats
823979,2021-05-30,Mexico,Iceland,cached_from_soccerbase_match_stats
824678,2021-05-30,Malta,N Ireland,cached_from_soccerbase_match_stats
824682,2021-05-31,Turkey,Guinea,cached_from_soccerbase_match_stats
821191,2021-06-01,Croatia,Armenia,cached_from_soccerbase_match_stats
821558,2021-06-01,Lithuania,Estonia,cached_from_soccerbase_match_stats
823807,2021-06-01,Slovakia,Bulgaria,cached_from_soccerbase_match_stats
823968,2021-06-01,Poland,Russia,cached_from_soccerbase_match_stats
823987,2021-06-01,N Macedonia,Slovenia,cached_from_soccerbase_match_stats
824314,2021-06-01,Kosovo,San Marino,cached_from_soccerbase_match_stats
821538,2021-06-02,Bosnia-Hz.,Montenegro,cached_from_soccerbase_match_stats
821564,2021-06-02,England,Austria,cached_from_soccerbase_match_stats
821565,2021-06-02,Romania,Georgia,cached_from_soccerbase_match_stats
821853,2021-06-02,Belarus,Azerbaijan,cached_from_soccerbase_match_stats
823806,2021-06-02,Germany,Denmark,cached_from_soccerbase_match_stats
823969,2021-06-02,Netherlands,Scotland,cached_from_soccerbase_match_stats
823980,2021-06-02,Norway,Luxembourg,cached_from_soccerbase_match_stats
824312,2021-06-02,France,Wales,cached_from_soccerbase_match_stats
801417,2021-06-03,Uruguay,Paraguay,cached_from_soccerbase_match_stats
801420,2021-06-03,Bolivia,Venezuela,cached_from_soccerbase_match_stats
821570,2021-06-03,Ukraine,N Ireland,cached_from_soccerbase_match_stats
821588,2021-06-03,Switzerland,Liechtenstein,cached_from_soccerbase_match_stats
823809,2021-06-03,Andorra,Ireland,cached_from_soccerbase_match_stats
823893,2021-06-03,Belgium,Greece,cached_from_soccerbase_match_stats
824307,2021-06-03,Turkey,Moldova,cached_from_soccerbase_match_stats
824579,2021-06-03,Algeria,Mauritania,cached_from_soccerbase_match_stats
871012,2021-06-03,Japan,Jamaica,cached_from_soccerbase_match_stats
801418,2021-06-04,Peru,Colombia,cached_from_soccerbase_match_stats
801421,2021-06-04,Argentina,Chile,cached_from_soccerbase_match_stats
821170,2021-06-04,Faroe Islands,Iceland,cached_from_soccerbase_match_stats
821536,2021-06-04,Spain,Portugal,cached_from_soccerbase_match_stats
821559,2021-06-04,Latvia,Lithuania,cached_from_soccerbase_match_stats
821852,2021-06-04,Finland,Estonia,cached_from_soccerbase_match_stats
823798,2021-06-04,Italy,Czech Rep,cached_from_soccerbase_match_stats
823810,2021-06-04,Hungary,Cyprus,cached_from_soccerbase_match_stats
823985,2021-06-04,Slovenia,Gibraltar,cached_from_soccerbase_match_stats
824652,2021-06-04,Malta,Kosovo,cached_from_soccerbase_match_stats
824669,2021-06-04,N Macedonia,Kazakhstan,cached_from_soccerbase_match_stats
824693,2021-06-04,Nigeria,Cameroon,cached_from_soccerbase_match_stats
871013,2021-06-04,Kosovo,Kazakhstan,cached_from_soccerbase_match_stats
801419,2021-06-05,Brazil,Ecuador,cached_from_soccerbase_match_stats
821535,2021-06-05,Montenegro,Israel,cached_from_soccerbase_match_stats
821563,2021-06-05,Wales,Albania,cached_from_soccerbase_match_stats
823057,2021-06-05,Sweden,Armenia,cached_from_soccerbase_match_stats
823992,2021-06-05,Russia,Bulgaria,cached_from_soccerbase_match_stats
824607,2021-06-05,Ivory Coast,Burkina Faso,cached_from_soccerbase_match_stats
824646,2021-06-05,Senegal,Zambia,cached_from_soccerbase_match_stats
824666,2021-06-05,Tunisia,DR Congo,cached_from_soccerbase_match_stats
843496,2021-06-05,Niger,Gambia,cached_from_soccerbase_match_stats
821190,2021-06-06,Belgium,Croatia,cached_from_soccerbase_match_stats
821566,2021-06-06,Austria,Slovakia,cached_from_soccerbase_match_stats
821567,2021-06-06,England,Romania,cached_from_soccerbase_match_stats
823003,2021-06-06,Denmark,Bosnia-Hz.,cached_from_soccerbase_match_stats
823109,2021-06-06,Moldova,Azerbaijan,cached_from_soccerbase_match_stats
823970,2021-06-06,Netherlands,Georgia,cached_from_soccerbase_match_stats
823971,2021-06-06,Luxembourg,Scotland,cached_from_soccerbase_match_stats
824003,2021-06-06,Norway,Greece,cached_from_soccerbase_match_stats
824595,2021-06-06,Algeria,Mali,cached_from_soccerbase_match_stats
821568,2021-06-07,Faroe Islands,Liechtenstein,cached_from_soccerbase_match_stats
821571,2021-06-07,Ukraine,Cyprus,cached_from_soccerbase_match_stats
823044,2021-06-07,Germany,Latvia,cached_from_soccerbase_match_stats
823986,2021-06-07,Andorra,Gibraltar,cached_from_soccerbase_match_stats
824609,2021-06-07,Serbia,Jamaica,cached_from_soccerbase_match_stats
841731,2021-06-07,Malta,Kazakhstan,cached_from_soccerbase_match_stats
871014,2021-06-07,Belarus,Sierra Leone,cached_from_soccerbase_match_stats
801423,2021-06-08,Venezuela,Uruguay,cached_from_soccerbase_match_stats
801426,2021-06-08,Ecuador,Peru,cached_from_soccerbase_match_stats
821171,2021-06-08,Poland,Iceland,cached_from_soccerbase_match_stats
823043,2021-06-08,Czech Rep,Albania,cached_from_soccerbase_match_stats
823811,2021-06-08,Hungary,Ireland,cached_from_soccerbase_match_stats
824313,2021-06-08,France,Bulgaria,cached_from_soccerbase_match_stats
824551,2021-06-08,Spain,Lithuania,cached_from_soccerbase_match_stats
824605,2021-06-08,Morocco,Ghana,cached_from_soccerbase_match_stats
824647,2021-06-08,Senegal,Cape Verde Is.,cached_from_soccerbase_match_stats
824653,2021-06-08,Kosovo,Guinea,cached_from_soccerbase_match_stats
824694,2021-06-08,Benin,Zambia,cached_from_soccerbase_match_stats
824720,2021-06-08,Cameroon,Nigeria,cached_from_soccerbase_match_stats
843495,2021-06-08,Gambia,Togo,cached_from_soccerbase_match_stats
801422,2021-06-09,Colombia,Argentina,cached_from_soccerbase_match_stats
801424,2021-06-09,Paraguay,Brazil,cached_from_soccerbase_match_stats
801425,2021-06-09,Chile,Bolivia,cached_from_soccerbase_match_stats
821537,2021-06-09,Portugal,Israel,cached_from_soccerbase_match_stats
821560,2021-06-10,Estonia,Latvia,cached_from_soccerbase_match_stats
824562,2021-06-10,USA,Costa Rica,cached_from_soccerbase_match_stats
824696,2021-06-10,South Africa,Uganda,cached_from_soccerbase_match_stats
801050,2021-06-11,Turkey,Italy,cached_from_soccerbase_match_stats
824596,2021-06-11,Tunisia,Algeria,cached_from_soccerbase_match_stats
824654,2021-06-11,Kosovo,Gambia,cached_from_soccerbase_match_stats
824704,2021-06-11,Japan,Serbia,cached_from_soccerbase_match_stats
801051,2021-06-12,Wales,Switzerland,cached_from_soccerbase_match_stats
801052,2021-06-12,Denmark,Finland,cached_from_soccerbase_match_stats
801053,2021-06-12,Belgium,Russia,cached_from_soccerbase_match_stats
824606,2021-06-12,Ghana,Ivory Coast,cached_from_soccerbase_match_stats
824608,2021-06-12,Morocco,Burkina Faso,cached_from_soccerbase_match_stats
801054,2021-06-13,Netherlands,Ukraine,cached_from_soccerbase_match_stats
801055,2021-06-13,England,Croatia,cached_from_soccerbase_match_stats
801192,2021-06-13,Brazil,Venezuela,cached_from_soccerbase_match_stats
820129,2021-06-13,Austria,N Macedonia,cached_from_soccerbase_match_stats
824409,2021-06-13,Mexico,Honduras,cached_from_soccerbase_match_stats
824695,2021-06-13,Sudan,Zambia,cached_from_soccerbase_match_stats
824702,2021-06-13,Tanzania,Malawi,cached_from_soccerbase_match_stats
801056,2021-06-14,Spain,Sweden,cached_from_soccerbase_match_stats
801177,2021-06-14,Argentina,Chile,cached_from_soccerbase_match_stats
801178,2021-06-14,Colombia,Ecuador,cached_from_soccerbase_match_stats
820130,2021-06-14,Scotland,Czech Rep,cached_from_soccerbase_match_stats
820131,2021-06-14,Poland,Slovakia,cached_from_soccerbase_match_stats
801057,2021-06-15,France,Germany,cached_from_soccerbase_match_stats
801181,2021-06-15,Paraguay,Bolivia,cached_from_soccerbase_match_stats
820132,2021-06-15,Hungary,Portugal,cached_from_soccerbase_match_stats
824667,2021-06-15,Tunisia,Mali,cached_from_soccerbase_match_stats
801058,2021-06-16,Turkey,Wales,cached_from_soccerbase_match_stats
801059,2021-06-16,Italy,Switzerland,cached_from_soccerbase_match_stats
801060,2021-06-16,Finland,Russia,cached_from_soccerbase_match_stats
801061,2021-06-17,Denmark,Belgium,cached_from_soccerbase_match_stats
801062,2021-06-17,Netherlands,Austria,cached_from_soccerbase_match_stats
801179,2021-06-17,Colombia,Venezuela,cached_from_soccerbase_match_stats
820133,2021-06-17,Ukraine,N Macedonia,cached_from_soccerbase_match_stats
825745,2021-06-17,Algeria,Liberia,cached_from_soccerbase_match_stats
801063,2021-06-18,Croatia,Czech Rep,cached_from_soccerbase_match_stats
801194,2021-06-18,Chile,Bolivia,cached_from_soccerbase_match_stats
801199,2021-06-18,Brazil,Peru,cached_from_soccerbase_match_stats
820134,2021-06-18,England,Scotland,cached_from_soccerbase_match_stats
820135,2021-06-18,Sweden,Slovakia,cached_from_soccerbase_match_stats
801064,2021-06-19,Spain,Poland,cached_from_soccerbase_match_stats
801065,2021-06-19,Portugal,Germany,cached_from_soccerbase_match_stats
801188,2021-06-19,Argentina,Uruguay,cached_from_soccerbase_match_stats
820136,2021-06-19,Hungary,France,cached_from_soccerbase_match_stats
801066,2021-06-20,Switzerland,Turkey,cached_from_soccerbase_match_stats
801067,2021-06-20,Italy,Wales,cached_from_soccerbase_match_stats
801203,2021-06-20,Venezuela,Ecuador,cached_from_soccerbase_match_stats
801068,2021-06-21,Russia,Denmark,cached_from_soccerbase_match_stats
801069,2021-06-21,Finland,Belgium,cached_from_soccerbase_match_stats
801070,2021-06-21,Ukraine,Austria,cached_from_soccerbase_match_stats
801180,2021-06-21,Colombia,Peru,cached_from_soccerbase_match_stats
801195,2021-06-21,Uruguay,Chile,cached_from_soccerbase_match_stats
820137,2021-06-21,N Macedonia,Netherlands,cached_from_soccerbase_match_stats
801071,2021-06-22,Czech Rep,England,cached_from_soccerbase_match_stats
801183,2021-06-22,Argentina,Paraguay,cached_from_soccerbase_match_stats
820138,2021-06-22,Croatia,Scotland,cached_from_soccerbase_match_stats
801072,2021-06-23,Sweden,Poland,cached_from_soccerbase_match_stats
801073,2021-06-23,Portugal,France,cached_from_soccerbase_match_stats
801200,2021-06-23,Ecuador,Peru,cached_from_soccerbase_match_stats
820139,2021-06-23,Slovakia,Spain,cached_from_soccerbase_match_stats
820140,2021-06-23,Germany,Hungary,cached_from_soccerbase_match_stats
801186,2021-06-24,Brazil,Colombia,cached_from_soccerbase_match_stats
801197,2021-06-24,Bolivia,Uruguay,cached_from_soccerbase_match_stats
801184,2021-06-25,Chile,Paraguay,cached_from_soccerbase_match_stats
801074,2021-06-26,Italy,Austria,cached_from_soccerbase_match_stats
801075,2021-06-26,Wales,Denmark,cached_from_soccerbase_match_stats
801201,2021-06-27,Venezuela,Peru,cached_from_soccerbase_match_stats
801206,2021-06-27,Brazil,Ecuador,cached_from_soccerbase_match_stats
828940,2021-06-27,Netherlands,Czech Rep,cached_from_soccerbase_match_stats
828941,2021-06-27,Belgium,Portugal,cached_from_soccerbase_match_stats
801076,2021-06-28,Croatia,Spain,cached_from_soccerbase_match_stats
828942,2021-06-28,France,Switzerland,cached_from_soccerbase_match_stats
801077,2021-06-29,England,Germany,cached_from_soccerbase_match_stats
801185,2021-06-29,Uruguay,Paraguay,cached_from_soccerbase_match_stats
801190,2021-06-29,Bolivia,Argentina,cached_from_soccerbase_match_stats
828943,2021-06-29,Sweden,Ukraine,cached_from_soccerbase_match_stats
824602,2021-07-01,Mexico,Panama,cached_from_soccerbase_match_stats
801078,2021-07-02,Switzerland,Spain,cached_from_soccerbase_match_stats
801079,2021-07-02,Belgium,Italy,cached_from_soccerbase_match_stats
823791,2021-07-02,Peru,Paraguay,cached_from_soccerbase_match_stats
801080,2021-07-03,Czech Rep,Denmark,cached_from_soccerbase_match_stats
801081,2021-07-03,Ukraine,England,cached_from_soccerbase_match_stats
823790,2021-07-03,Uruguay,Colombia,cached_from_soccerbase_match_stats
823792,2021-07-03,Brazil,Chile,cached_from_soccerbase_match_stats
824655,2021-07-04,Mexico,Nigeria,cached_from_soccerbase_match_stats
828559,2021-07-04,El Salvador,Qatar,cached_from_soccerbase_match_stats
832113,2021-07-04,Argentina,Ecuador,cached_from_soccerbase_match_stats
801082,2021-07-06,Italy,Spain,cached_from_soccerbase_match_stats
823793,2021-07-06,Brazil,Peru,cached_from_soccerbase_match_stats
801083,2021-07-07,England,Denmark,cached_from_soccerbase_match_stats
823794,2021-07-07,Argentina,Colombia,cached_from_soccerbase_match_stats
823795,2021-07-10,Colombia,Peru,cached_from_soccerbase_match_stats
801084,2021-07-11,Italy,England,cached_from_soccerbase_match_stats
823796,2021-07-11,Argentina,Brazil,cached_from_soccerbase_match_stats
838749,2021-08-22,El Salvador,Costa Rica,cached_from_soccerbase_match_stats
820693,2021-09-01,Kazakhstan,Ukraine,cached_from_soccerbase_match_stats
820695,2021-09-01,Luxembourg,Azerbaijan,cached_from_soccerbase_match_stats
820698,2021-09-01,Portugal,Ireland,cached_from_soccerbase_match_stats
820700,2021-09-01,France,Bosnia-Hz.,cached_from_soccerbase_match_stats
820701,2021-09-01,Denmark,Scotland,cached_from_soccerbase_match_stats
820703,2021-09-01,Faroe Islands,Israel,cached_from_soccerbase_match_stats
820705,2021-09-01,Moldova,Austria,cached_from_soccerbase_match_stats
820707,2021-09-01,Latvia,Gibraltar,cached_from_soccerbase_match_stats
820709,2021-09-01,Norway,Netherlands,cached_from_soccerbase_match_stats
820711,2021-09-01,Turkey,Montenegro,cached_from_soccerbase_match_stats
820713,2021-09-01,Malta,Cyprus,cached_from_soccerbase_match_stats
820714,2021-09-01,Russia,Croatia,cached_from_soccerbase_match_stats
820716,2021-09-01,Slovenia,Slovakia,cached_from_soccerbase_match_stats
823005,2021-09-01,Switzerland,Greece,cached_from_soccerbase_match_stats
828560,2021-09-01,Qatar,Serbia,cached_from_soccerbase_match_stats
833349,2021-09-01,Finland,Wales,cached_from_soccerbase_match_stats
843468,2021-09-01,Comoros,Seychelles,cached_from_soccerbase_match_stats
801429,2021-09-02,Bolivia,Colombia,cached_from_soccerbase_match_stats
801431,2021-09-02,Ecuador,Paraguay,cached_from_soccerbase_match_stats
820719,2021-09-02,Georgia,Kosovo,cached_from_soccerbase_match_stats
820721,2021-09-02,Sweden,Spain,cached_from_soccerbase_match_stats
820722,2021-09-02,Italy,Bulgaria,cached_from_soccerbase_match_stats
820723,2021-09-02,Lithuania,N Ireland,cached_from_soccerbase_match_stats
820724,2021-09-02,Czech Rep,Belarus,cached_from_soccerbase_match_stats
820725,2021-09-02,Estonia,Belgium,cached_from_soccerbase_match_stats
820726,2021-09-02,Andorra,San Marino,cached_from_soccerbase_match_stats
820727,2021-09-02,Hungary,England,cached_from_soccerbase_match_stats
820728,2021-09-02,Poland,Albania,cached_from_soccerbase_match_stats
820729,2021-09-02,Iceland,Romania,cached_from_soccerbase_match_stats
820730,2021-09-02,Liechtenstein,Germany,cached_from_soccerbase_match_stats
820731,2021-09-02,N Macedonia,Armenia,cached_from_soccerbase_match_stats
832581,2021-09-02,Iran,Syria,cached_from_soccerbase_match_stats
832582,2021-09-02,South Korea,Iraq,cached_from_soccerbase_match_stats
832583,2021-09-02,UAE,Lebanon,cached_from_soccerbase_match_stats
832591,2021-09-02,Japan,Oman,cached_from_soccerbase_match_stats
832592,2021-09-02,Australia,China,cached_from_soccerbase_match_stats
832594,2021-09-02,Saudi Arabia,Vietnam,cached_from_soccerbase_match_stats
801427,2021-09-03,Peru,Uruguay,cached_from_soccerbase_match_stats
801428,2021-09-03,Venezuela,Argentina,cached_from_soccerbase_match_stats
801430,2021-09-03,Chile,Brazil,cached_from_soccerbase_match_stats
820736,2021-09-04,Cyprus,Russia,cached_from_soccerbase_match_stats
820739,2021-09-04,Ireland,Azerbaijan,cached_from_soccerbase_match_stats
820742,2021-09-04,Serbia,Luxembourg,cached_from_soccerbase_match_stats
820745,2021-09-04,Finland,Kazakhstan,cached_from_soccerbase_match_stats
820747,2021-09-04,Latvia,Norway,cached_from_soccerbase_match_stats
820750,2021-09-04,Slovenia,Malta,cached_from_soccerbase_match_stats
820752,2021-09-04,Ukraine,France,cached_from_soccerbase_match_stats
820754,2021-09-04,Faroe Islands,Denmark,cached_from_soccerbase_match_stats
820756,2021-09-04,Israel,Austria,cached_from_soccerbase_match_stats
820758,2021-09-04,Scotland,Moldova,cached_from_soccerbase_match_stats
820760,2021-09-04,Gibraltar,Turkey,cached_from_soccerbase_match_stats
820762,2021-09-04,Netherlands,Montenegro,cached_from_soccerbase_match_stats
820764,2021-09-04,Slovakia,Croatia,cached_from_soccerbase_match_stats
823006,2021-09-04,Qatar,Portugal,cached_from_soccerbase_match_stats
839344,2021-09-04,Bosnia-Hz.,Kuwait,cached_from_soccerbase_match_stats
801412,2021-09-05,Uruguay,Bolivia,cached_from_soccerbase_match_stats
801415,2021-09-05,Paraguay,Colombia,cached_from_soccerbase_match_stats
801416,2021-09-05,Ecuador,Chile,cached_from_soccerbase_match_stats
820770,2021-09-05,Belarus,Wales,cached_from_soccerbase_match_stats
820771,2021-09-05,Bulgaria,Lithuania,cached_from_soccerbase_match_stats
820772,2021-09-05,Albania,Hungary,cached_from_soccerbase_match_stats
820773,2021-09-05,England,Andorra,cached_from_soccerbase_match_stats
820774,2021-09-05,Iceland,N Macedonia,cached_from_soccerbase_match_stats
820776,2021-09-05,Kosovo,Greece,cached_from_soccerbase_match_stats
820778,2021-09-05,Spain,Georgia,cached_from_soccerbase_match_stats
820780,2021-09-05,Switzerland,Italy,cached_from_soccerbase_match_stats
820782,2021-09-05,Belgium,Czech Rep,cached_from_soccerbase_match_stats
820784,2021-09-05,San Marino,Poland,cached_from_soccerbase_match_stats
820786,2021-09-05,Germany,Armenia,cached_from_soccerbase_match_stats
820789,2021-09-05,Romania,Liechtenstein,cached_from_soccerbase_match_stats
823007,2021-09-05,Estonia,N Ireland,cached_from_soccerbase_match_stats
839342,2021-09-05,Sweden,Uzbekistan,cached_from_soccerbase_match_stats
875003,2021-09-05,Brazil,Argentina,cached_from_soccerbase_match_stats
801413,2021-09-06,Peru,Venezuela,cached_from_soccerbase_match_stats
820732,2021-09-07,Azerbaijan,Portugal,cached_from_soccerbase_match_stats
820733,2021-09-07,Ireland,Serbia,cached_from_soccerbase_match_stats
820734,2021-09-07,Bosnia-Hz.,Kazakhstan,cached_from_soccerbase_match_stats
820735,2021-09-07,France,Finland,cached_from_soccerbase_match_stats
820737,2021-09-07,Austria,Scotland,cached_from_soccerbase_match_stats
820738,2021-09-07,Denmark,Israel,cached_from_soccerbase_match_stats
820740,2021-09-07,Faroe Islands,Moldova,cached_from_soccerbase_match_stats
820741,2021-09-07,Montenegro,Latvia,cached_from_soccerbase_match_stats
820743,2021-09-07,Netherlands,Turkey,cached_from_soccerbase_match_stats
820744,2021-09-07,Norway,Gibraltar,cached_from_soccerbase_match_stats
820746,2021-09-07,Croatia,Slovenia,cached_from_soccerbase_match_stats
820748,2021-09-07,Russia,Malta,cached_from_soccerbase_match_stats
820749,2021-09-07,Slovakia,Cyprus,cached_from_soccerbase_match_stats
823008,2021-09-07,Luxembourg,Qatar,cached_from_soccerbase_match_stats
832584,2021-09-07,Syria,UAE,cached_from_soccerbase_match_stats
832586,2021-09-07,Iraq,Iran,cached_from_soccerbase_match_stats
832597,2021-09-07,Oman,Saudi Arabia,cached_from_soccerbase_match_stats
832600,2021-09-07,Vietnam,Australia,cached_from_soccerbase_match_stats
832601,2021-09-07,China,Japan,cached_from_soccerbase_match_stats
832609,2021-09-07,South Korea,Lebanon,cached_from_soccerbase_match_stats
843467,2021-09-07,Comoros,Burundi,cached_from_soccerbase_match_stats
820751,2021-09-08,Armenia,Liechtenstein,cached_from_soccerbase_match_stats
820753,2021-09-08,Greece,Sweden,cached_from_soccerbase_match_stats
820755,2021-09-08,Kosovo,Spain,cached_from_soccerbase_match_stats
820757,2021-09-08,Italy,Lithuania,cached_from_soccerbase_match_stats
820759,2021-09-08,N Ireland,Switzerland,cached_from_soccerbase_match_stats
820761,2021-09-08,Belarus,Belgium,cached_from_soccerbase_match_stats
820763,2021-09-08,Wales,Estonia,cached_from_soccerbase_match_stats
820765,2021-09-08,Albania,San Marino,cached_from_soccerbase_match_stats
820766,2021-09-08,Hungary,Andorra,cached_from_soccerbase_match_stats
820767,2021-09-08,Poland,England,cached_from_soccerbase_match_stats
820768,2021-09-08,Iceland,Germany,cached_from_soccerbase_match_stats
820769,2021-09-08,N Macedonia,Romania,cached_from_soccerbase_match_stats
823009,2021-09-08,Czech Rep,Ukraine,cached_from_soccerbase_match_stats
837573,2021-09-08,Bulgaria,Georgia,cached_from_soccerbase_match_stats
801432,2021-09-09,Uruguay,Ecuador,cached_from_soccerbase_match_stats
801435,2021-09-09,Paraguay,Venezuela,cached_from_soccerbase_match_stats
801433,2021-09-10,Colombia,Chile,cached_from_soccerbase_match_stats
801434,2021-09-10,Brazil,Peru,cached_from_soccerbase_match_stats
801436,2021-09-10,Argentina,Bolivia,cached_from_soccerbase_match_stats
839975,2021-09-30,Egypt,Liberia,cached_from_soccerbase_match_stats
832587,2021-10-07,UAE,Iran,cached_from_soccerbase_match_stats
832588,2021-10-07,Iraq,Lebanon,cached_from_soccerbase_match_stats
832589,2021-10-07,South Korea,Syria,cached_from_soccerbase_match_stats
832603,2021-10-07,Saudi Arabia,Japan,cached_from_soccerbase_match_stats
832605,2021-10-07,China,Vietnam,cached_from_soccerbase_match_stats
832606,2021-10-07,Australia,Oman,cached_from_soccerbase_match_stats
801437,2021-10-08,Uruguay,Colombia,cached_from_soccerbase_match_stats
801438,2021-10-08,Peru,Chile,cached_from_soccerbase_match_stats
801439,2021-10-08,Venezuela,Brazil,cached_from_soccerbase_match_stats
801440,2021-10-08,Ecuador,Bolivia,cached_from_soccerbase_match_stats
801441,2021-10-08,Paraguay,Argentina,cached_from_soccerbase_match_stats
820798,2021-10-08,Czech Rep,Wales,cached_from_soccerbase_match_stats
820801,2021-10-08,Estonia,Belarus,cached_from_soccerbase_match_stats
820803,2021-10-08,Gibraltar,Montenegro,cached_from_soccerbase_match_stats
820807,2021-10-08,Latvia,Netherlands,cached_from_soccerbase_match_stats
820809,2021-10-08,Turkey,Norway,cached_from_soccerbase_match_stats
820812,2021-10-08,Cyprus,Croatia,cached_from_soccerbase_match_stats
820813,2021-10-08,Malta,Slovenia,cached_from_soccerbase_match_stats
820815,2021-10-08,Russia,Slovakia,cached_from_soccerbase_match_stats
820816,2021-10-08,Germany,Romania,cached_from_soccerbase_match_stats
820820,2021-10-08,Iceland,Armenia,cached_from_soccerbase_match_stats
820821,2021-10-08,Liechtenstein,N Macedonia,cached_from_soccerbase_match_stats
820824,2021-10-09,Lithuania,Bulgaria,cached_from_soccerbase_match_stats
820827,2021-10-09,Kazakhstan,Bosnia-Hz.,cached_from_soccerbase_match_stats
820831,2021-10-09,Azerbaijan,Ireland,cached_from_soccerbase_match_stats
820833,2021-10-09,Georgia,Greece,cached_from_soccerbase_match_stats
820835,2021-10-09,Sweden,Kosovo,cached_from_soccerbase_match_stats
820837,2021-10-09,Finland,Ukraine,cached_from_soccerbase_match_stats
820839,2021-10-09,Scotland,Israel,cached_from_soccerbase_match_stats
820841,2021-10-09,Luxembourg,Serbia,cached_from_soccerbase_match_stats
820843,2021-10-09,Switzerland,N Ireland,cached_from_soccerbase_match_stats
820845,2021-10-09,Faroe Islands,Austria,cached_from_soccerbase_match_stats
820847,2021-10-09,Moldova,Denmark,cached_from_soccerbase_match_stats
820849,2021-10-09,Andorra,England,cached_from_soccerbase_match_stats
820850,2021-10-09,Hungary,Albania,cached_from_soccerbase_match_stats
820852,2021-10-09,Poland,San Marino,cached_from_soccerbase_match_stats
821284,2021-10-09,Portugal,Qatar,cached_from_soccerbase_match_stats
843493,2021-10-09,Gambia,Sierra Leone,cached_from_soccerbase_match_stats
801407,2021-10-10,Colombia,Brazil,cached_from_soccerbase_match_stats
801408,2021-10-10,Venezuela,Ecuador,cached_from_soccerbase_match_stats
801409,2021-10-10,Bolivia,Peru,cached_from_soccerbase_match_stats
801410,2021-10-11,Argentina,Uruguay,cached_from_soccerbase_match_stats
801411,2021-10-11,Chile,Paraguay,cached_from_soccerbase_match_stats
820775,2021-10-11,Belarus,Czech Rep,cached_from_soccerbase_match_stats
820777,2021-10-11,Estonia,Wales,cached_from_soccerbase_match_stats
820779,2021-10-11,Latvia,Turkey,cached_from_soccerbase_match_stats
820781,2021-10-11,Netherlands,Gibraltar,cached_from_soccerbase_match_stats
820783,2021-10-11,Norway,Montenegro,cached_from_soccerbase_match_stats
820785,2021-10-11,Croatia,Slovakia,cached_from_soccerbase_match_stats
820787,2021-10-11,Cyprus,Malta,cached_from_soccerbase_match_stats
820788,2021-10-11,Slovenia,Russia,cached_from_soccerbase_match_stats
820790,2021-10-11,Iceland,Liechtenstein,cached_from_soccerbase_match_stats
820791,2021-10-11,N Macedonia,Germany,cached_from_soccerbase_match_stats
820792,2021-10-11,Romania,Armenia,cached_from_soccerbase_match_stats
820793,2021-10-12,Kazakhstan,Finland,cached_from_soccerbase_match_stats
820794,2021-10-12,Portugal,Luxembourg,cached_from_soccerbase_match_stats
820795,2021-10-12,Serbia,Azerbaijan,cached_from_soccerbase_match_stats
820796,2021-10-12,Kosovo,Georgia,cached_from_soccerbase_match_stats
820797,2021-10-12,Sweden,Greece,cached_from_soccerbase_match_stats
820799,2021-10-12,Bulgaria,N Ireland,cached_from_soccerbase_match_stats
820800,2021-10-12,Lithuania,Switzerland,cached_from_soccerbase_match_stats
820802,2021-10-12,Ukraine,Bosnia-Hz.,cached_from_soccerbase_match_stats
820804,2021-10-12,Denmark,Austria,cached_from_soccerbase_match_stats
820805,2021-10-12,Faroe Islands,Scotland,cached_from_soccerbase_match_stats
820806,2021-10-12,Israel,Moldova,cached_from_soccerbase_match_stats
820808,2021-10-12,Albania,Poland,cached_from_soccerbase_match_stats
820810,2021-10-12,England,Hungary,cached_from_soccerbase_match_stats
820811,2021-10-12,San Marino,Andorra,cached_from_soccerbase_match_stats
821322,2021-10-12,Ireland,Qatar,cached_from_soccerbase_match_stats
832590,2021-10-12,Syria,Lebanon,cached_from_soccerbase_match_stats
832593,2021-10-12,UAE,Iraq,cached_from_soccerbase_match_stats
832595,2021-10-12,Iran,South Korea,cached_from_soccerbase_match_stats
832611,2021-10-12,Oman,Vietnam,cached_from_soccerbase_match_stats
832613,2021-10-12,Saudi Arabia,China,cached_from_soccerbase_match_stats
832615,2021-10-12,Japan,Australia,cached_from_soccerbase_match_stats
843494,2021-10-12,Gambia,South Sudan,cached_from_soccerbase_match_stats
801442,2021-10-14,Colombia,Ecuador,cached_from_soccerbase_match_stats
801446,2021-10-14,Bolivia,Paraguay,cached_from_soccerbase_match_stats
801443,2021-10-15,Brazil,Uruguay,cached_from_soccerbase_match_stats
801444,2021-10-15,Argentina,Peru,cached_from_soccerbase_match_stats
801445,2021-10-15,Chile,Venezuela,cached_from_soccerbase_match_stats
839394,2021-10-28,Mexico,Ecuador,cached_from_soccerbase_match_stats
840315,2021-11-06,El Salvador,Bolivia,cached_from_soccerbase_match_stats
840225,2021-11-10,Kosovo,Jordan,cached_from_soccerbase_match_stats
801450,2021-11-11,Ecuador,Venezuela,cached_from_soccerbase_match_stats
801451,2021-11-11,Paraguay,Chile,cached_from_soccerbase_match_stats
820814,2021-11-11,Azerbaijan,Luxembourg,cached_from_soccerbase_match_stats
820817,2021-11-11,Georgia,Sweden,cached_from_soccerbase_match_stats
820818,2021-11-11,Russia,Cyprus,cached_from_soccerbase_match_stats
820819,2021-11-11,Armenia,N Macedonia,cached_from_soccerbase_match_stats
820822,2021-11-11,Ireland,Portugal,cached_from_soccerbase_match_stats
820823,2021-11-11,Greece,Spain,cached_from_soccerbase_match_stats
820825,2021-11-11,Malta,Croatia,cached_from_soccerbase_match_stats
820826,2021-11-11,Slovakia,Slovenia,cached_from_soccerbase_match_stats
820828,2021-11-11,Germany,Liechtenstein,cached_from_soccerbase_match_stats
820829,2021-11-11,Romania,Iceland,cached_from_soccerbase_match_stats
823011,2021-11-11,Ukraine,Bulgaria,cached_from_soccerbase_match_stats
832596,2021-11-11,Iraq,Syria,cached_from_soccerbase_match_stats
832598,2021-11-11,Lebanon,Iran,cached_from_soccerbase_match_stats
832599,2021-11-11,South Korea,UAE,cached_from_soccerbase_match_stats
832617,2021-11-11,China,Oman,cached_from_soccerbase_match_stats
832618,2021-11-11,Vietnam,Japan,cached_from_soccerbase_match_stats
832621,2021-11-11,Australia,Saudi Arabia,cached_from_soccerbase_match_stats
839740,2021-11-11,Serbia,Qatar,cached_from_soccerbase_match_stats
840200,2021-11-11,Czech Rep,Kuwait,cached_from_soccerbase_match_stats
801447,2021-11-12,Uruguay,Argentina,cached_from_soccerbase_match_stats
801448,2021-11-12,Peru,Bolivia,cached_from_soccerbase_match_stats
801449,2021-11-12,Brazil,Colombia,cached_from_soccerbase_match_stats
820830,2021-11-12,Italy,Switzerland,cached_from_soccerbase_match_stats
820832,2021-11-12,N Ireland,Lithuania,cached_from_soccerbase_match_stats
820834,2021-11-12,Austria,Israel,cached_from_soccerbase_match_stats
820836,2021-11-12,Denmark,Faroe Islands,cached_from_soccerbase_match_stats
820838,2021-11-12,Moldova,Scotland,cached_from_soccerbase_match_stats
820840,2021-11-12,Andorra,Poland,cached_from_soccerbase_match_stats
820842,2021-11-12,England,Albania,cached_from_soccerbase_match_stats
820844,2021-11-12,Hungary,San Marino,cached_from_soccerbase_match_stats
820846,2021-11-13,Bosnia-Hz.,Finland,cached_from_soccerbase_match_stats
820848,2021-11-13,Norway,Latvia,cached_from_soccerbase_match_stats
820851,2021-11-13,Turkey,Gibraltar,cached_from_soccerbase_match_stats
820853,2021-11-13,France,Kazakhstan,cached_from_soccerbase_match_stats
820855,2021-11-13,Belgium,Estonia,cached_from_soccerbase_match_stats
820857,2021-11-13,Wales,Belarus,cached_from_soccerbase_match_stats
820859,2021-11-13,Montenegro,Netherlands,cached_from_soccerbase_match_stats
843466,2021-11-13,Sierra Leone,Comoros,cached_from_soccerbase_match_stats
820854,2021-11-14,Croatia,Russia,cached_from_soccerbase_match_stats
820856,2021-11-14,Malta,Slovakia,cached_from_soccerbase_match_stats
820858,2021-11-14,Slovenia,Cyprus,cached_from_soccerbase_match_stats
820860,2021-11-14,Armenia,Germany,cached_from_soccerbase_match_stats
820861,2021-11-14,Liechtenstein,Romania,cached_from_soccerbase_match_stats
820862,2021-11-14,N Macedonia,Iceland,cached_from_soccerbase_match_stats
820863,2021-11-14,Luxembourg,Ireland,cached_from_soccerbase_match_stats
820864,2021-11-14,Portugal,Serbia,cached_from_soccerbase_match_stats
820865,2021-11-14,Greece,Kosovo,cached_from_soccerbase_match_stats
820866,2021-11-14,Spain,Sweden,cached_from_soccerbase_match_stats
839741,2021-11-14,Azerbaijan,Qatar,cached_from_soccerbase_match_stats
820867,2021-11-15,N Ireland,Italy,cached_from_soccerbase_match_stats
820868,2021-11-15,Switzerland,Bulgaria,cached_from_soccerbase_match_stats
820869,2021-11-15,Austria,Moldova,cached_from_soccerbase_match_stats
820870,2021-11-15,Israel,Faroe Islands,cached_from_soccerbase_match_stats
820871,2021-11-15,Scotland,Denmark,cached_from_soccerbase_match_stats
820872,2021-11-15,Albania,Andorra,cached_from_soccerbase_match_stats
820873,2021-11-15,Poland,Hungary,cached_from_soccerbase_match_stats
820874,2021-11-15,San Marino,England,cached_from_soccerbase_match_stats
840006,2021-11-15,Lithuania,Kuwait,cached_from_soccerbase_match_stats
840224,2021-11-15,Georgia,Uzbekistan,cached_from_soccerbase_match_stats
801452,2021-11-16,Colombia,Paraguay,cached_from_soccerbase_match_stats
801453,2021-11-16,Venezuela,Peru,cached_from_soccerbase_match_stats
801454,2021-11-16,Bolivia,Uruguay,cached_from_soccerbase_match_stats
801455,2021-11-16,Argentina,Brazil,cached_from_soccerbase_match_stats
820875,2021-11-16,Bosnia-Hz.,Ukraine,cached_from_soccerbase_match_stats
820876,2021-11-16,Finland,France,cached_from_soccerbase_match_stats
820877,2021-11-16,Czech Rep,Estonia,cached_from_soccerbase_match_stats
820878,2021-11-16,Wales,Belgium,cached_from_soccerbase_match_stats
820879,2021-11-16,Gibraltar,Latvia,cached_from_soccerbase_match_stats
820880,2021-11-16,Montenegro,Turkey,cached_from_soccerbase_match_stats
820881,2021-11-16,Netherlands,Norway,cached_from_soccerbase_match_stats
832602,2021-11-16,Syria,Iran,cached_from_soccerbase_match_stats
832604,2021-11-16,Iraq,South Korea,cached_from_soccerbase_match_stats
832607,2021-11-16,Lebanon,UAE,cached_from_soccerbase_match_stats
832623,2021-11-16,Oman,Japan,cached_from_soccerbase_match_stats
832624,2021-11-16,China,Australia,cached_from_soccerbase_match_stats
832627,2021-11-16,Vietnam,Saudi Arabia,cached_from_soccerbase_match_stats
839345,2021-11-16,Belarus,Jordan,cached_from_soccerbase_match_stats
840226,2021-11-16,Kazakhstan,Tajikistan,cached_from_soccerbase_match_stats
840648,2021-11-16,Afghanistan,Indonesia,cached_from_soccerbase_match_stats
843492,2021-11-16,New Zealand,Gambia,cached_from_soccerbase_match_stats
869987,2021-11-16,Belarus,Lithuania,cached_from_soccerbase_match_stats
801456,2021-11-17,Chile,Ecuador,cached_from_soccerbase_match_stats
840658,2021-11-25,Indonesia,Myanmar,cached_from_soccerbase_match_stats
840695,2021-12-05,El Salvador,Ecuador,cached_from_soccerbase_match_stats
840647,2021-12-09,Mexico,Chile,cached_from_soccerbase_match_stats
843184,2021-12-09,Tanzania,Uganda,cached_from_soccerbase_match_stats
840649,2021-12-12,El Salvador,Chile,cached_from_soccerbase_match_stats
840646,2021-12-19,USA,Bosnia-Hz.,cached_from_soccerbase_match_stats
843456,2021-12-30,Mauritania,Burkina Faso,cached_from_soccerbase_match_stats
843458,2021-12-30,Sudan,Ethiopia,cached_from_soccerbase_match_stats
843461,2021-12-31,Comoros,Malawi,cached_from_soccerbase_match_stats
851827,2022-01-01,Algeria,Gambia,cached_from_soccerbase_match_stats
843457,2022-01-02,Burkina Faso,Gabon,cached_from_soccerbase_match_stats
843459,2022-01-02,Zimbabwe,Sudan,cached_from_soccerbase_match_stats
843460,2022-01-03,Rwanda,Guinea,cached_from_soccerbase_match_stats
843471,2022-01-04,Mauritania,Gabon,cached_from_soccerbase_match_stats
843193,2022-01-05,Algeria,Ghana,cached_from_soccerbase_match_stats
839388,2022-01-09,Cameroon,Burkina Faso,cached_from_soccerbase_match_stats
839389,2022-01-09,Ethiopia,Cape Verde Is.,cached_from_soccerbase_match_stats
869988,2022-01-09,Sweden,Finland,cached_from_soccerbase_match_stats
839346,2022-01-10,Senegal,Zimbabwe,cached_from_soccerbase_match_stats
839347,2022-01-10,Guinea,Malawi,cached_from_soccerbase_match_stats
839352,2022-01-10,Morocco,Ghana,cached_from_soccerbase_match_stats
839353,2022-01-10,Comoros,Gabon,cached_from_soccerbase_match_stats
839358,2022-01-11,Nigeria,Egypt,cached_from_soccerbase_match_stats
839359,2022-01-11,Sudan,Guinea-Bissau,cached_from_soccerbase_match_stats
839364,2022-01-11,Algeria,Sierra Leone,cached_from_soccerbase_match_stats
839365,2022-01-12,Eq Guinea,Ivory Coast,cached_from_soccerbase_match_stats
839370,2022-01-12,Tunisia,Mali,cached_from_soccerbase_match_stats
839371,2022-01-12,Mauritania,Gambia,cached_from_soccerbase_match_stats
843409,2022-01-12,Iceland,Uganda,cached_from_soccerbase_match_stats
869989,2022-01-12,Sweden,Finland,cached_from_soccerbase_match_stats
839390,2022-01-13,Cameroon,Ethiopia,cached_from_soccerbase_match_stats
839391,2022-01-13,Cape Verde Is.,Burkina Faso,cached_from_soccerbase_match_stats
839348,2022-01-14,Senegal,Guinea,cached_from_soccerbase_match_stats
839349,2022-01-14,Malawi,Zimbabwe,cached_from_soccerbase_match_stats
839354,2022-01-14,Morocco,Comoros,cached_from_soccerbase_match_stats
839355,2022-01-14,Gabon,Ghana,cached_from_soccerbase_match_stats
839360,2022-01-15,Nigeria,Sudan,cached_from_soccerbase_match_stats
839361,2022-01-15,Guinea-Bissau,Egypt,cached_from_soccerbase_match_stats
843410,2022-01-15,Iceland,South Korea,cached_from_soccerbase_match_stats
839366,2022-01-16,Ivory Coast,Sierra Leone,cached_from_soccerbase_match_stats
839367,2022-01-16,Algeria,Eq Guinea,cached_from_soccerbase_match_stats
839372,2022-01-16,Tunisia,Mauritania,cached_from_soccerbase_match_stats
839373,2022-01-16,Gambia,Mali,cached_from_soccerbase_match_stats
842955,2022-01-16,Peru,Panama,cached_from_soccerbase_match_stats
843194,2022-01-16,Colombia,Honduras,cached_from_soccerbase_match_stats
839392,2022-01-17,Burkina Faso,Ethiopia,cached_from_soccerbase_match_stats
839393,2022-01-17,Cape Verde Is.,Cameroon,cached_from_soccerbase_match_stats
839350,2022-01-18,Zimbabwe,Guinea,cached_from_soccerbase_match_stats
839351,2022-01-18,Malawi,Senegal,cached_from_soccerbase_match_stats
839356,2022-01-18,Gabon,Morocco,cached_from_soccerbase_match_stats
839357,2022-01-18,Ghana,Comoros,cached_from_soccerbase_match_stats
843407,2022-01-18,Moldova,Uganda,cached_from_soccerbase_match_stats
839362,2022-01-19,Guinea-Bissau,Nigeria,cached_from_soccerbase_match_stats
839363,2022-01-19,Egypt,Sudan,cached_from_soccerbase_match_stats
839368,2022-01-20,Ivory Coast,Algeria,cached_from_soccerbase_match_stats
839369,2022-01-20,Sierra Leone,Eq Guinea,cached_from_soccerbase_match_stats
839374,2022-01-20,Gambia,Tunisia,cached_from_soccerbase_match_stats
839375,2022-01-20,Mali,Mauritania,cached_from_soccerbase_match_stats
843195,2022-01-21,Peru,Jamaica,cached_from_soccerbase_match_stats
843408,2022-01-21,South Korea,Moldova,cached_from_soccerbase_match_stats
844229,2022-01-21,Bolivia,Trinidad,cached_from_soccerbase_match_stats
848722,2022-01-21,Iraq,Uganda,cached_from_soccerbase_match_stats
839376,2022-01-23,Burkina Faso,Gabon,cached_from_soccerbase_match_stats
839377,2022-01-23,Nigeria,Tunisia,cached_from_soccerbase_match_stats
839378,2022-01-24,Cameroon,Comoros,cached_from_soccerbase_match_stats
839379,2022-01-24,Guinea,Gambia,cached_from_soccerbase_match_stats
843521,2022-01-24,Indonesia,Bangladesh,cached_from_soccerbase_match_stats
839380,2022-01-25,Senegal,Cape Verde Is.,cached_from_soccerbase_match_stats
839381,2022-01-25,Morocco,Malawi,cached_from_soccerbase_match_stats
839382,2022-01-26,Ivory Coast,Egypt,cached_from_soccerbase_match_stats
839383,2022-01-26,Mali,Eq Guinea,cached_from_soccerbase_match_stats
801459,2022-01-27,Paraguay,Uruguay,cached_from_soccerbase_match_stats
801461,2022-01-27,Ecuador,Brazil,cached_from_soccerbase_match_stats
832585,2022-01-27,Lebanon,South Korea,cached_from_soccerbase_match_stats
832608,2022-01-27,UAE,Syria,cached_from_soccerbase_match_stats
832610,2022-01-27,Iran,Iraq,cached_from_soccerbase_match_stats
832629,2022-01-27,Saudi Arabia,Oman,cached_from_soccerbase_match_stats
832630,2022-01-27,Australia,Vietnam,cached_from_soccerbase_match_stats
832631,2022-01-27,Japan,China,cached_from_soccerbase_match_stats
847788,2022-01-27,Indonesia,Timor-Leste,cached_from_soccerbase_match_stats
848736,2022-01-27,Indonesia,Bangladesh,cached_from_soccerbase_match_stats
801457,2022-01-28,Colombia,Peru,cached_from_soccerbase_match_stats
801458,2022-01-28,Venezuela,Bolivia,cached_from_soccerbase_match_stats
801460,2022-01-28,Chile,Argentina,cached_from_soccerbase_match_stats
847546,2022-01-29,Burkina Faso,Tunisia,cached_from_soccerbase_match_stats
847787,2022-01-29,Gambia,Cameroon,cached_from_soccerbase_match_stats
847789,2022-01-30,Indonesia,Timor-Leste,cached_from_soccerbase_match_stats
848146,2022-01-30,Egypt,Morocco,cached_from_soccerbase_match_stats
848147,2022-01-30,Senegal,Eq Guinea,cached_from_soccerbase_match_stats
801462,2022-02-01,Uruguay,Venezuela,cached_from_soccerbase_match_stats
801465,2022-02-01,Bolivia,Chile,cached_from_soccerbase_match_stats
801466,2022-02-01,Argentina,Colombia,cached_from_soccerbase_match_stats
832612,2022-02-01,Iran,UAE,cached_from_soccerbase_match_stats
832614,2022-02-01,Lebanon,Iraq,cached_from_soccerbase_match_stats
832616,2022-02-01,Syria,South Korea,cached_from_soccerbase_match_stats
832632,2022-02-01,Japan,Saudi Arabia,cached_from_soccerbase_match_stats
832633,2022-02-01,Vietnam,China,cached_from_soccerbase_match_stats
832634,2022-02-01,Oman,Australia,cached_from_soccerbase_match_stats
850608,2022-02-01,Bahrain,DR Congo,cached_from_soccerbase_match_stats
801463,2022-02-02,Peru,Ecuador,cached_from_soccerbase_match_stats
801464,2022-02-02,Brazil,Paraguay,cached_from_soccerbase_match_stats
839384,2022-02-02,Burkina Faso,Senegal,cached_from_soccerbase_match_stats
839385,2022-02-03,Cameroon,Egypt,cached_from_soccerbase_match_stats
839386,2022-02-05,Burkina Faso,Cameroon,cached_from_soccerbase_match_stats
839387,2022-02-06,Senegal,Egypt,cached_from_soccerbase_match_stats
850233,2022-03-18,Iraq,Zambia,cached_from_soccerbase_match_stats
848148,2022-03-23,Gibraltar,Grenada,cached_from_soccerbase_match_stats
850452,2022-03-23,Tanzania,Cen Af Rep,cached_from_soccerbase_match_stats
878515,2022-03-23,Laos,Mongolia,cached_from_soccerbase_match_stats
801467,2022-03-24,Uruguay,Peru,cached_from_soccerbase_match_stats
801468,2022-03-24,Colombia,Bolivia,cached_from_soccerbase_match_stats
801469,2022-03-24,Brazil,Chile,cached_from_soccerbase_match_stats
801470,2022-03-24,Paraguay,Ecuador,cached_from_soccerbase_match_stats
832619,2022-03-24,Lebanon,Syria,cached_from_soccerbase_match_stats
832620,2022-03-24,Iraq,UAE,cached_from_soccerbase_match_stats
832622,2022-03-24,South Korea,Iran,cached_from_soccerbase_match_stats
832635,2022-03-24,Vietnam,Oman,cached_from_soccerbase_match_stats
832636,2022-03-24,China,Saudi Arabia,cached_from_soccerbase_match_stats
832637,2022-03-24,Australia,Japan,cached_from_soccerbase_match_stats
845309,2022-03-24,Hungary,Serbia,cached_from_soccerbase_match_stats
846207,2022-03-24,Armenia,Montenegro,cached_from_soccerbase_match_stats
849848,2022-03-24,Kosovo,Burkina Faso,cached_from_soccerbase_match_stats
850185,2022-03-24,Thailand,Nepal,cached_from_soccerbase_match_stats
850450,2022-03-24,Scotland,Poland,cached_from_soccerbase_match_stats
801471,2022-03-25,Argentina,Venezuela,cached_from_soccerbase_match_stats
843394,2022-03-25,San Marino,Lithuania,cached_from_soccerbase_match_stats
843405,2022-03-25,Norway,Slovakia,cached_from_soccerbase_match_stats
843523,2022-03-25,Bosnia-Hz.,Georgia,cached_from_soccerbase_match_stats
845305,2022-03-25,Luxembourg,N Ireland,cached_from_soccerbase_match_stats
845311,2022-03-25,Romania,Greece,cached_from_soccerbase_match_stats
848741,2022-03-25,Liechtenstein,Cape Verde Is.,cached_from_soccerbase_match_stats
849044,2022-03-25,France,Ivory Coast,cached_from_soccerbase_match_stats
849086,2022-03-25,Malta,Azerbaijan,cached_from_soccerbase_match_stats
849089,2022-03-25,Latvia,Kuwait,cached_from_soccerbase_match_stats
849207,2022-03-25,Andorra,St Kitts and Nev,cached_from_soccerbase_match_stats
850188,2022-03-25,South Africa,Guinea,cached_from_soccerbase_match_stats
850630,2022-03-25,Zambia,Congo,cached_from_soccerbase_match_stats
843395,2022-03-26,Germany,Israel,cached_from_soccerbase_match_stats
843411,2022-03-26,Spain,Albania,cached_from_soccerbase_match_stats
843434,2022-03-26,Finland,Iceland,cached_from_soccerbase_match_stats
845307,2022-03-26,Netherlands,Denmark,cached_from_soccerbase_match_stats
846225,2022-03-26,England,Switzerland,cached_from_soccerbase_match_stats
847790,2022-03-26,Ireland,Belgium,cached_from_soccerbase_match_stats
847793,2022-03-26,Qatar,Bulgaria,cached_from_soccerbase_match_stats
848149,2022-03-26,Gibraltar,Faroe Islands,cached_from_soccerbase_match_stats
848750,2022-03-26,Croatia,Slovenia,cached_from_soccerbase_match_stats
849088,2022-03-26,India,Belarus,cached_from_soccerbase_match_stats
878525,2022-03-26,Bahrain,Burundi,cached_from_soccerbase_match_stats
850186,2022-03-27,Thailand,Surinam,cached_from_soccerbase_match_stats
850639,2022-03-27,Zambia,Benin,cached_from_soccerbase_match_stats
845312,2022-03-28,Montenegro,Greece,cached_from_soccerbase_match_stats
848751,2022-03-28,Andorra,Grenada,cached_from_soccerbase_match_stats
832625,2022-03-29,Syria,Iraq,cached_from_soccerbase_match_stats
832626,2022-03-29,Iran,Lebanon,cached_from_soccerbase_match_stats
832628,2022-03-29,UAE,South Korea,cached_from_soccerbase_match_stats
832638,2022-03-29,Oman,China,cached_from_soccerbase_match_stats
832639,2022-03-29,Japan,Vietnam,cached_from_soccerbase_match_stats
832640,2022-03-29,Saudi Arabia,Australia,cached_from_soccerbase_match_stats
843396,2022-03-29,Israel,Romania,cached_from_soccerbase_match_stats
843398,2022-03-29,Qatar,Slovenia,cached_from_soccerbase_match_stats
843404,2022-03-29,Norway,Armenia,cached_from_soccerbase_match_stats
843406,2022-03-29,Finland,Slovakia,cached_from_soccerbase_match_stats
843412,2022-03-29,Spain,Iceland,cached_from_soccerbase_match_stats
843524,2022-03-29,Bosnia-Hz.,Luxembourg,cached_from_soccerbase_match_stats
843525,2022-03-29,Albania,Georgia,cached_from_soccerbase_match_stats
845308,2022-03-29,Netherlands,Germany,cached_from_soccerbase_match_stats
845310,2022-03-29,Denmark,Serbia,cached_from_soccerbase_match_stats
845313,2022-03-29,N Ireland,Hungary,cached_from_soccerbase_match_stats
846224,2022-03-29,Switzerland,Kosovo,cached_from_soccerbase_match_stats
846776,2022-03-29,England,Ivory Coast,cached_from_soccerbase_match_stats
847791,2022-03-29,Ireland,Lithuania,cached_from_soccerbase_match_stats
847792,2022-03-29,Croatia,Bulgaria,cached_from_soccerbase_match_stats
848707,2022-03-29,Liechtenstein,Faroe Islands,cached_from_soccerbase_match_stats
848752,2022-03-29,Bahrain,Belarus,cached_from_soccerbase_match_stats
849045,2022-03-29,France,South Africa,cached_from_soccerbase_match_stats
849087,2022-03-29,Azerbaijan,Latvia,cached_from_soccerbase_match_stats
849090,2022-03-29,Malta,Kuwait,cached_from_soccerbase_match_stats
849212,2022-03-29,Belgium,Burkina Faso,cached_from_soccerbase_match_stats
850453,2022-03-29,Tanzania,Sudan,cached_from_soccerbase_match_stats
850636,2022-03-29,Austria,Scotland,cached_from_soccerbase_match_stats
850637,2022-03-29,Turkey,Italy,cached_from_soccerbase_match_stats
850638,2022-03-29,Wales,Czech Rep,cached_from_soccerbase_match_stats
878514,2022-03-29,Bangladesh,Mongolia,cached_from_soccerbase_match_stats
878524,2022-03-29,Liberia,Burundi,cached_from_soccerbase_match_stats
801472,2022-03-30,Peru,Paraguay,cached_from_soccerbase_match_stats
801473,2022-03-30,Venezuela,Colombia,cached_from_soccerbase_match_stats
801474,2022-03-30,Bolivia,Brazil,cached_from_soccerbase_match_stats
801475,2022-03-30,Chile,Uruguay,cached_from_soccerbase_match_stats
801476,2022-03-30,Ecuador,Argentina,cached_from_soccerbase_match_stats
850035,2022-04-28,Mexico,Guatemala,cached_from_soccerbase_match_stats
851125,2022-05-01,El Salvador,Panama,cached_from_soccerbase_match_stats
852978,2022-05-24,Thailand,Bahrain,cached_from_soccerbase_match_stats
852497,2022-05-27,Thailand,Turkmenistan,cached_from_soccerbase_match_stats
851438,2022-05-29,Mexico,Nigeria,cached_from_soccerbase_match_stats
852496,2022-05-31,Thailand,Bahrain,cached_from_soccerbase_match_stats
843260,2022-06-01,Italy,Argentina,cached_from_soccerbase_match_stats
853004,2022-06-01,Australia,Jordan,cached_from_soccerbase_match_stats
853307,2022-06-01,Indonesia,Bangladesh,cached_from_soccerbase_match_stats
853368,2022-06-01,Malta,Venezuela,cached_from_soccerbase_match_stats
852142,2022-06-02,USA,Morocco,cached_from_soccerbase_match_stats
852511,2022-06-02,South Korea,Brazil,cached_from_soccerbase_match_stats
851437,2022-06-03,Mexico,Uruguay,cached_from_soccerbase_match_stats
851832,2022-06-03,Ecuador,Nigeria,cached_from_soccerbase_match_stats
871329,2022-06-03,Nepal,Oman,cached_from_soccerbase_match_stats
852144,2022-06-05,Peru,New Zealand,cached_from_soccerbase_match_stats
852487,2022-06-05,USA,Uruguay,cached_from_soccerbase_match_stats
852993,2022-06-05,Saudi Arabia,Colombia,cached_from_soccerbase_match_stats
853512,2022-06-05,Argentina,Estonia,cached_from_soccerbase_match_stats
851439,2022-06-06,Mexico,Ecuador,cached_from_soccerbase_match_stats
852512,2022-06-06,South Korea,Chile,cached_from_soccerbase_match_stats
852994,2022-06-09,Saudi Arabia,Venezuela,cached_from_soccerbase_match_stats
853012,2022-06-09,San Marino,Iceland,cached_from_soccerbase_match_stats
871330,2022-06-09,Oman,New Zealand,cached_from_soccerbase_match_stats
852513,2022-06-10,South Korea,Paraguay,cached_from_soccerbase_match_stats
854884,2022-06-11,Uruguay,Panama,cached_from_soccerbase_match_stats
852498,2022-06-12,Ecuador,Cape Verde Is.,cached_from_soccerbase_match_stats
855075,2022-06-12,Iran,Algeria,cached_from_soccerbase_match_stats
853051,2022-06-13,Albania,Estonia,cached_from_soccerbase_match_stats
853375,2022-06-14,South Korea,Egypt,cached_from_soccerbase_match_stats
869441,2022-08-26,Qatar,Jamaica,cached_from_soccerbase_match_stats
851440,2022-09-01,Mexico,Paraguay,cached_from_soccerbase_match_stats
897578,2022-09-20,Qatar,Bolivia,cached_from_soccerbase_match_stats
878498,2022-09-21,San Marino,Seychelles,cached_from_soccerbase_match_stats
863919,2022-09-22,Australia,New Zealand,cached_from_soccerbase_match_stats
869980,2022-09-22,Venezuela,Iceland,cached_from_soccerbase_match_stats
870051,2022-09-22,Comoros,Tunisia,cached_from_soccerbase_match_stats
852995,2022-09-23,Saudi Arabia,Ecuador,cached_from_soccerbase_match_stats
863807,2022-09-23,Iran,Uruguay,cached_from_soccerbase_match_stats
866844,2022-09-23,Qatar,Canada,cached_from_soccerbase_match_stats
868297,2022-09-23,Paraguay,UAE,cached_from_soccerbase_match_stats
868300,2022-09-23,Morocco,Chile,cached_from_soccerbase_match_stats
869447,2022-09-23,Brazil,Ghana,cached_from_soccerbase_match_stats
869458,2022-09-23,Algeria,Guinea,cached_from_soccerbase_match_stats
869476,2022-09-23,Cameroon,Uzbekistan,cached_from_soccerbase_match_stats
869480,2022-09-23,South Korea,Costa Rica,cached_from_soccerbase_match_stats
869483,2022-09-23,Mali,Zambia,cached_from_soccerbase_match_stats
869808,2022-09-23,Egypt,Niger,cached_from_soccerbase_match_stats
871328,2022-09-23,Iraq,Oman,cached_from_soccerbase_match_stats
878533,2022-09-23,Jordan,Syria,cached_from_soccerbase_match_stats
869457,2022-09-24,Argentina,Honduras,cached_from_soccerbase_match_stats
869477,2022-09-24,Bolivia,Senegal,cached_from_soccerbase_match_stats
869876,2022-09-24,Kyrgyzstan,Russia,cached_from_soccerbase_match_stats
869877,2022-09-24,Indonesia,Curacao,cached_from_soccerbase_match_stats
869906,2022-09-24,Ivory Coast,Togo,cached_from_soccerbase_match_stats
869983,2022-09-24,South Africa,Sierra Leone,cached_from_soccerbase_match_stats
870018,2022-09-24,Tanzania,Uganda,cached_from_soccerbase_match_stats
858377,2022-09-25,New Zealand,Australia,cached_from_soccerbase_match_stats
863319,2022-09-25,Mexico,Peru,cached_from_soccerbase_match_stats
863806,2022-09-25,Colombia,Guatemala,cached_from_soccerbase_match_stats
871327,2022-09-26,Jordan,Oman,cached_from_soccerbase_match_stats
858378,2022-09-27,Saudi Arabia,USA,cached_from_soccerbase_match_stats
866845,2022-09-27,Canada,Uruguay,cached_from_soccerbase_match_stats
867321,2022-09-27,Qatar,Chile,cached_from_soccerbase_match_stats
868298,2022-09-27,Paraguay,Morocco,cached_from_soccerbase_match_stats
869448,2022-09-27,Brazil,Tunisia,cached_from_soccerbase_match_stats
869459,2022-09-27,Algeria,Nigeria,cached_from_soccerbase_match_stats
869478,2022-09-27,Bahrain,Panama,cached_from_soccerbase_match_stats
869479,2022-09-27,Uzbekistan,Costa Rica,cached_from_soccerbase_match_stats
869481,2022-09-27,South Korea,Cameroon,cached_from_soccerbase_match_stats
869482,2022-09-27,Nicaragua,Ghana,cached_from_soccerbase_match_stats
869484,2022-09-27,Malta,Israel,cached_from_soccerbase_match_stats
869809,2022-09-27,Egypt,Liberia,cached_from_soccerbase_match_stats
869811,2022-09-27,Ivory Coast,Guinea,cached_from_soccerbase_match_stats
869878,2022-09-27,Indonesia,Curacao,cached_from_soccerbase_match_stats
869879,2022-09-27,UAE,Venezuela,cached_from_soccerbase_match_stats
869937,2022-09-27,Senegal,Iran,cached_from_soccerbase_match_stats
869990,2022-09-27,South Africa,Botswana,cached_from_soccerbase_match_stats
870019,2022-09-27,Libya,Tanzania,cached_from_soccerbase_match_stats
863320,2022-09-28,Mexico,Colombia,cached_from_soccerbase_match_stats
868296,2022-09-28,Honduras,Guatemala,cached_from_soccerbase_match_stats
869798,2022-09-28,Argentina,Jamaica,cached_from_soccerbase_match_stats
869810,2022-09-28,El Salvador,Peru,cached_from_soccerbase_match_stats
870227,2022-10-22,Saudi Arabia,N Macedonia,cached_from_soccerbase_match_stats
870412,2022-10-23,Qatar,Guatemala,cached_from_soccerbase_match_stats
869984,2022-10-26,Saudi Arabia,Albania,cached_from_soccerbase_match_stats
870734,2022-10-27,Qatar,Honduras,cached_from_soccerbase_match_stats
868294,2022-10-30,Saudi Arabia,Honduras,cached_from_soccerbase_match_stats
870731,2022-11-05,Qatar,Panama,cached_from_soccerbase_match_stats
858379,2022-11-06,Saudi Arabia,Iceland,cached_from_soccerbase_match_stats
863808,2022-11-09,Mexico,Iraq,cached_from_soccerbase_match_stats
870442,2022-11-09,Cameroon,Jamaica,cached_from_soccerbase_match_stats
871205,2022-11-09,Qatar,Albania,cached_from_soccerbase_match_stats
863321,2022-11-10,Panama,Saudi Arabia,cached_from_soccerbase_match_stats
870425,2022-11-10,Costa Rica,Nigeria,cached_from_soccerbase_match_stats
871019,2022-11-10,Iran,Nicaragua,cached_from_soccerbase_match_stats
870756,2022-11-11,Bahrain,Canada,cached_from_soccerbase_match_stats
871018,2022-11-11,South Korea,Iceland,cached_from_soccerbase_match_stats
870426,2022-11-12,Ecuador,Iraq,cached_from_soccerbase_match_stats
871324,2022-11-15,Venezuela,Panama,cached_from_soccerbase_match_stats
881725,2022-11-15,Dominican Rep,Cuba,cached_from_soccerbase_match_stats
853472,2022-11-16,Saudi Arabia,Croatia,cached_from_soccerbase_match_stats
863322,2022-11-16,Mexico,Sweden,cached_from_soccerbase_match_stats
869442,2022-11-16,Latvia,Estonia,cached_from_soccerbase_match_stats
869443,2022-11-16,Lithuania,Iceland,cached_from_soccerbase_match_stats
869803,2022-11-16,Cyprus,Bulgaria,cached_from_soccerbase_match_stats
869875,2022-11-16,Czech Rep,Faroe Islands,cached_from_soccerbase_match_stats
869880,2022-11-16,UAE,Argentina,cached_from_soccerbase_match_stats
869986,2022-11-16,Oman,Germany,cached_from_soccerbase_match_stats
869993,2022-11-16,Albania,Italy,cached_from_soccerbase_match_stats
869994,2022-11-16,Andorra,Austria,cached_from_soccerbase_match_stats
869996,2022-11-16,Moldova,Azerbaijan,cached_from_soccerbase_match_stats
870339,2022-11-16,Poland,Chile,cached_from_soccerbase_match_stats
870448,2022-11-16,Turkey,Scotland,cached_from_soccerbase_match_stats
870721,2022-11-16,Uzbekistan,Kazakhstan,cached_from_soccerbase_match_stats
870762,2022-11-16,Kosovo,Armenia,cached_from_soccerbase_match_stats
871016,2022-11-16,Gibraltar,Liechtenstein,cached_from_soccerbase_match_stats
871201,2022-11-16,Ivory Coast,Burundi,cached_from_soccerbase_match_stats
871296,2022-11-16,Algeria,Mali,cached_from_soccerbase_match_stats
878499,2022-11-16,Nicaragua,El Salvador,cached_from_soccerbase_match_stats
868550,2022-11-17,Ghana,Switzerland,cached_from_soccerbase_match_stats
868551,2022-11-17,Romania,Slovenia,cached_from_soccerbase_match_stats
869806,2022-11-17,Luxembourg,Hungary,cached_from_soccerbase_match_stats
869882,2022-11-17,Japan,Canada,cached_from_soccerbase_match_stats
869884,2022-11-17,Portugal,Nigeria,cached_from_soccerbase_match_stats
869985,2022-11-17,Montenegro,Slovakia,cached_from_soccerbase_match_stats
869991,2022-11-17,N Macedonia,Finland,cached_from_soccerbase_match_stats
869992,2022-11-17,Jordan,Spain,cached_from_soccerbase_match_stats
870052,2022-11-17,Ireland,Norway,cached_from_soccerbase_match_stats
870443,2022-11-17,Peru,Paraguay,cached_from_soccerbase_match_stats
870750,2022-11-17,Israel,Zambia,cached_from_soccerbase_match_stats
871017,2022-11-17,Malta,Greece,cached_from_soccerbase_match_stats
871021,2022-11-17,Syria,Belarus,cached_from_soccerbase_match_stats
871104,2022-11-17,Tajikistan,Russia,cached_from_soccerbase_match_stats
871180,2022-11-17,Morocco,Georgia,cached_from_soccerbase_match_stats
871203,2022-11-17,South Africa,Mozambique,cached_from_soccerbase_match_stats
878497,2022-11-17,St Lucia,San Marino,cached_from_soccerbase_match_stats
869446,2022-11-18,Bahrain,Serbia,cached_from_soccerbase_match_stats
869807,2022-11-18,Belgium,Egypt,cached_from_soccerbase_match_stats
870433,2022-11-18,Cameroon,Panama,cached_from_soccerbase_match_stats
881724,2022-11-18,Dominican Rep,Cuba,cached_from_soccerbase_match_stats
869881,2022-11-19,UAE,Kazakhstan,cached_from_soccerbase_match_stats
870430,2022-11-19,Turkey,Czech Rep,cached_from_soccerbase_match_stats
870754,2022-11-19,Kosovo,Faroe Islands,cached_from_soccerbase_match_stats
870763,2022-11-19,Albania,Armenia,cached_from_soccerbase_match_stats
871015,2022-11-19,Gibraltar,Andorra,cached_from_soccerbase_match_stats
871027,2022-11-19,Sweden,Algeria,cached_from_soccerbase_match_stats
871202,2022-11-19,Burkina Faso,Ivory Coast,cached_from_soccerbase_match_stats
851144,2022-11-20,Qatar,Ecuador,cached_from_soccerbase_match_stats
868552,2022-11-20,Moldova,Romania,cached_from_soccerbase_match_stats
869022,2022-11-20,Slovenia,Montenegro,cached_from_soccerbase_match_stats
869804,2022-11-20,Luxembourg,Bulgaria,cached_from_soccerbase_match_stats
869805,2022-11-20,Hungary,Greece,cached_from_soccerbase_match_stats
869995,2022-11-20,Austria,Italy,cached_from_soccerbase_match_stats
869997,2022-11-20,N Macedonia,Azerbaijan,cached_from_soccerbase_match_stats
870050,2022-11-20,Norway,Finland,cached_from_soccerbase_match_stats
870053,2022-11-20,Malta,Ireland,cached_from_soccerbase_match_stats
870444,2022-11-20,Peru,Bolivia,cached_from_soccerbase_match_stats
870729,2022-11-20,Israel,Cyprus,cached_from_soccerbase_match_stats
870742,2022-11-20,Slovakia,Chile,cached_from_soccerbase_match_stats
870749,2022-11-20,Colombia,Paraguay,cached_from_soccerbase_match_stats
871204,2022-11-20,South Africa,Angola,cached_from_soccerbase_match_stats
871271,2022-11-20,Oman,Belarus,cached_from_soccerbase_match_stats
871297,2022-11-20,Uzbekistan,Russia,cached_from_soccerbase_match_stats
871325,2022-11-20,Syria,Venezuela,cached_from_soccerbase_match_stats
878496,2022-11-20,St Lucia,San Marino,cached_from_soccerbase_match_stats
849164,2022-11-21,Senegal,Netherlands,cached_from_soccerbase_match_stats
849165,2022-11-21,England,Iran,cached_from_soccerbase_match_stats
849166,2022-11-21,USA,Wales,cached_from_soccerbase_match_stats
849167,2022-11-22,Argentina,Saudi Arabia,cached_from_soccerbase_match_stats
849168,2022-11-22,Mexico,Poland,cached_from_soccerbase_match_stats
849169,2022-11-22,France,Australia,cached_from_soccerbase_match_stats
849170,2022-11-22,Denmark,Tunisia,cached_from_soccerbase_match_stats
849171,2022-11-23,Spain,Costa Rica,cached_from_soccerbase_match_stats
849172,2022-11-23,Germany,Japan,cached_from_soccerbase_match_stats
849173,2022-11-23,Belgium,Canada,cached_from_soccerbase_match_stats
849174,2022-11-23,Morocco,Croatia,cached_from_soccerbase_match_stats
851149,2022-11-24,Brazil,Serbia,cached_from_soccerbase_match_stats
851151,2022-11-24,Uruguay,South Korea,cached_from_soccerbase_match_stats
851153,2022-11-24,Switzerland,Cameroon,cached_from_soccerbase_match_stats
851156,2022-11-24,Portugal,Ghana,cached_from_soccerbase_match_stats
849175,2022-11-25,Netherlands,Ecuador,cached_from_soccerbase_match_stats
849176,2022-11-25,England,USA,cached_from_soccerbase_match_stats
849177,2022-11-25,Wales,Iran,cached_from_soccerbase_match_stats
851145,2022-11-25,Qatar,Senegal,cached_from_soccerbase_match_stats
849178,2022-11-26,Argentina,Mexico,cached_from_soccerbase_match_stats
849179,2022-11-26,Poland,Saudi Arabia,cached_from_soccerbase_match_stats
849180,2022-11-26,France,Denmark,cached_from_soccerbase_match_stats
849181,2022-11-26,Tunisia,Australia,cached_from_soccerbase_match_stats
849182,2022-11-27,Spain,Germany,cached_from_soccerbase_match_stats
849183,2022-11-27,Japan,Costa Rica,cached_from_soccerbase_match_stats
849184,2022-11-27,Belgium,Morocco,cached_from_soccerbase_match_stats
849185,2022-11-27,Croatia,Canada,cached_from_soccerbase_match_stats
851147,2022-11-28,Portugal,Uruguay,cached_from_soccerbase_match_stats
851148,2022-11-28,Brazil,Switzerland,cached_from_soccerbase_match_stats
851154,2022-11-28,Cameroon,Serbia,cached_from_soccerbase_match_stats
851157,2022-11-28,South Korea,Ghana,cached_from_soccerbase_match_stats
849186,2022-11-29,Ecuador,Senegal,cached_from_soccerbase_match_stats
849187,2022-11-29,Wales,England,cached_from_soccerbase_match_stats
849188,2022-11-29,Iran,USA,cached_from_soccerbase_match_stats
851146,2022-11-29,Netherlands,Qatar,cached_from_soccerbase_match_stats
849189,2022-11-30,Poland,Argentina,cached_from_soccerbase_match_stats
849190,2022-11-30,Saudi Arabia,Mexico,cached_from_soccerbase_match_stats
849191,2022-11-30,Tunisia,France,cached_from_soccerbase_match_stats
849192,2022-11-30,Australia,Denmark,cached_from_soccerbase_match_stats
849193,2022-12-01,Japan,Spain,cached_from_soccerbase_match_stats
849194,2022-12-01,Costa Rica,Germany,cached_from_soccerbase_match_stats
849195,2022-12-01,Croatia,Belgium,cached_from_soccerbase_match_stats
849196,2022-12-01,Canada,Morocco,cached_from_soccerbase_match_stats
851150,2022-12-02,Serbia,Switzerland,cached_from_soccerbase_match_stats
851152,2022-12-02,South Korea,Portugal,cached_from_soccerbase_match_stats
851155,2022-12-02,Cameroon,Brazil,cached_from_soccerbase_match_stats
851158,2022-12-02,Ghana,Uruguay,cached_from_soccerbase_match_stats
849197,2022-12-03,Netherlands,USA,cached_from_soccerbase_match_stats
849198,2022-12-03,Argentina,Australia,cached_from_soccerbase_match_stats
849199,2022-12-04,England,Senegal,cached_from_soccerbase_match_stats
849200,2022-12-04,France,Poland,cached_from_soccerbase_match_stats
849201,2022-12-05,Japan,Croatia,cached_from_soccerbase_match_stats
849202,2022-12-05,Brazil,South Korea,cached_from_soccerbase_match_stats
849203,2022-12-06,Morocco,Spain,cached_from_soccerbase_match_stats
849204,2022-12-06,Portugal,Switzerland,cached_from_soccerbase_match_stats
871577,2022-12-09,Netherlands,Argentina,cached_from_soccerbase_match_stats
871595,2022-12-09,Croatia,Brazil,cached_from_soccerbase_match_stats
871578,2022-12-10,England,France,cached_from_soccerbase_match_stats
871596,2022-12-10,Morocco,Portugal,cached_from_soccerbase_match_stats
871306,2022-12-11,Thailand,Myanmar,cached_from_soccerbase_match_stats
849208,2022-12-13,Argentina,Croatia,cached_from_soccerbase_match_stats
849209,2022-12-14,France,Morocco,cached_from_soccerbase_match_stats
871307,2022-12-14,Thailand,Chinese Taipei,cached_from_soccerbase_match_stats
849210,2022-12-17,Croatia,Morocco,cached_from_soccerbase_match_stats
849211,2022-12-18,Argentina,France,cached_from_soccerbase_match_stats
878532,2022-12-23,Oman,Syria,cached_from_soccerbase_match_stats
878531,2022-12-30,Syria,Oman,cached_from_soccerbase_match_stats
878538,2022-12-30,Iraq,Kuwait,cached_from_soccerbase_match_stats
870451,2023-03-23,Italy,England,cached_from_soccerbase_match_stats
870452,2023-03-23,N Macedonia,Malta,cached_from_soccerbase_match_stats
870511,2023-03-23,Bosnia-Hz.,Iceland,cached_from_soccerbase_match_stats
870512,2023-03-23,Denmark,Finland,cached_from_soccerbase_match_stats
870513,2023-03-23,Kazakhstan,Slovenia,cached_from_soccerbase_match_stats
870514,2023-03-23,Portugal,Liechtenstein,cached_from_soccerbase_match_stats
870515,2023-03-23,San Marino,N Ireland,cached_from_soccerbase_match_stats
870516,2023-03-23,Slovakia,Luxembourg,cached_from_soccerbase_match_stats
870517,2023-03-24,Austria,Azerbaijan,cached_from_soccerbase_match_stats
870518,2023-03-24,Bulgaria,Montenegro,cached_from_soccerbase_match_stats
870519,2023-03-24,Czech Rep,Poland,cached_from_soccerbase_match_stats
870520,2023-03-24,France,Netherlands,cached_from_soccerbase_match_stats
870521,2023-03-24,Gibraltar,Greece,cached_from_soccerbase_match_stats
870522,2023-03-24,Moldova,Faroe Islands,cached_from_soccerbase_match_stats
870523,2023-03-24,Serbia,Lithuania,cached_from_soccerbase_match_stats
870524,2023-03-24,Sweden,Belgium,cached_from_soccerbase_match_stats
870525,2023-03-25,Andorra,Romania,cached_from_soccerbase_match_stats
870526,2023-03-25,Armenia,Turkey,cached_from_soccerbase_match_stats
870527,2023-03-25,Belarus,Switzerland,cached_from_soccerbase_match_stats
870528,2023-03-25,Croatia,Wales,cached_from_soccerbase_match_stats
870529,2023-03-25,Israel,Kosovo,cached_from_soccerbase_match_stats
870530,2023-03-25,Scotland,Cyprus,cached_from_soccerbase_match_stats
870531,2023-03-25,Spain,Norway,cached_from_soccerbase_match_stats
870453,2023-03-26,England,Ukraine,cached_from_soccerbase_match_stats
870454,2023-03-26,Malta,Italy,cached_from_soccerbase_match_stats
870532,2023-03-26,Kazakhstan,Denmark,cached_from_soccerbase_match_stats
870533,2023-03-26,Liechtenstein,Iceland,cached_from_soccerbase_match_stats
870534,2023-03-26,Luxembourg,Portugal,cached_from_soccerbase_match_stats
870535,2023-03-26,N Ireland,Finland,cached_from_soccerbase_match_stats
870536,2023-03-26,Slovakia,Bosnia-Hz.,cached_from_soccerbase_match_stats
870537,2023-03-26,Slovenia,San Marino,cached_from_soccerbase_match_stats
870538,2023-03-27,Austria,Estonia,cached_from_soccerbase_match_stats
870539,2023-03-27,Hungary,Bulgaria,cached_from_soccerbase_match_stats
870540,2023-03-27,Moldova,Czech Rep,cached_from_soccerbase_match_stats
870541,2023-03-27,Montenegro,Serbia,cached_from_soccerbase_match_stats
870542,2023-03-27,Netherlands,Gibraltar,cached_from_soccerbase_match_stats
870543,2023-03-27,Poland,Albania,cached_from_soccerbase_match_stats
870544,2023-03-27,Ireland,France,cached_from_soccerbase_match_stats
870545,2023-03-27,Sweden,Azerbaijan,cached_from_soccerbase_match_stats
870546,2023-03-28,Georgia,Norway,cached_from_soccerbase_match_stats
870547,2023-03-28,Kosovo,Andorra,cached_from_soccerbase_match_stats
870548,2023-03-28,Romania,Belarus,cached_from_soccerbase_match_stats
870549,2023-03-28,Scotland,Spain,cached_from_soccerbase_match_stats
870550,2023-03-28,Switzerland,Israel,cached_from_soccerbase_match_stats
870551,2023-03-28,Turkey,Croatia,cached_from_soccerbase_match_stats
870552,2023-03-28,Wales,Latvia,cached_from_soccerbase_match_stats
870455,2023-06-16,Malta,England,cached_from_soccerbase_match_stats
870456,2023-06-16,N Macedonia,Ukraine,cached_from_soccerbase_match_stats
870553,2023-06-16,Andorra,Switzerland,cached_from_soccerbase_match_stats
870554,2023-06-16,Belarus,Israel,cached_from_soccerbase_match_stats
870555,2023-06-16,Denmark,N Ireland,cached_from_soccerbase_match_stats
870556,2023-06-16,Finland,Slovenia,cached_from_soccerbase_match_stats
870557,2023-06-16,Gibraltar,France,cached_from_soccerbase_match_stats
870558,2023-06-16,Greece,Ireland,cached_from_soccerbase_match_stats
870559,2023-06-16,Kosovo,Romania,cached_from_soccerbase_match_stats
870560,2023-06-16,Latvia,Turkey,cached_from_soccerbase_match_stats
870561,2023-06-16,San Marino,Kazakhstan,cached_from_soccerbase_match_stats
870562,2023-06-16,Wales,Armenia,cached_from_soccerbase_match_stats
870563,2023-06-17,Albania,Moldova,cached_from_soccerbase_match_stats
870564,2023-06-17,Azerbaijan,Estonia,cached_from_soccerbase_match_stats
870565,2023-06-17,Belgium,Austria,cached_from_soccerbase_match_stats
870566,2023-06-17,Cyprus,Georgia,cached_from_soccerbase_match_stats
870567,2023-06-17,Faroe Islands,Czech Rep,cached_from_soccerbase_match_stats
870568,2023-06-17,Iceland,Slovakia,cached_from_soccerbase_match_stats
870569,2023-06-17,Lithuania,Bulgaria,cached_from_soccerbase_match_stats
870570,2023-06-17,Luxembourg,Liechtenstein,cached_from_soccerbase_match_stats
870571,2023-06-17,Montenegro,Hungary,cached_from_soccerbase_match_stats
870572,2023-06-17,Norway,Scotland,cached_from_soccerbase_match_stats
870573,2023-06-17,Portugal,Bosnia-Hz.,cached_from_soccerbase_match_stats
870457,2023-06-19,England,N Macedonia,cached_from_soccerbase_match_stats
870458,2023-06-19,Ukraine,Malta,cached_from_soccerbase_match_stats
870574,2023-06-19,Armenia,Latvia,cached_from_soccerbase_match_stats
870575,2023-06-19,Belarus,Kosovo,cached_from_soccerbase_match_stats
870576,2023-06-19,Finland,San Marino,cached_from_soccerbase_match_stats
870577,2023-06-19,France,Greece,cached_from_soccerbase_match_stats
870578,2023-06-19,Israel,Andorra,cached_from_soccerbase_match_stats
870579,2023-06-19,N Ireland,Kazakhstan,cached_from_soccerbase_match_stats
870580,2023-06-19,Ireland,Gibraltar,cached_from_soccerbase_match_stats
870581,2023-06-19,Slovenia,Denmark,cached_from_soccerbase_match_stats
870582,2023-06-19,Switzerland,Romania,cached_from_soccerbase_match_stats
870583,2023-06-19,Turkey,Wales,cached_from_soccerbase_match_stats
870584,2023-06-20,Austria,Sweden,cached_from_soccerbase_match_stats
870585,2023-06-20,Bosnia-Hz.,Luxembourg,cached_from_soccerbase_match_stats
870586,2023-06-20,Bulgaria,Serbia,cached_from_soccerbase_match_stats
870587,2023-06-20,Estonia,Belgium,cached_from_soccerbase_match_stats
870588,2023-06-20,Faroe Islands,Albania,cached_from_soccerbase_match_stats
870589,2023-06-20,Hungary,Lithuania,cached_from_soccerbase_match_stats
870590,2023-06-20,Iceland,Portugal,cached_from_soccerbase_match_stats
870591,2023-06-20,Liechtenstein,Slovakia,cached_from_soccerbase_match_stats
870592,2023-06-20,Moldova,Poland,cached_from_soccerbase_match_stats
870593,2023-06-20,Norway,Cyprus,cached_from_soccerbase_match_stats
870594,2023-06-20,Scotland,Georgia,cached_from_soccerbase_match_stats
878852,2023-06-25,USA,Jamaica,cached_from_soccerbase_match_stats
878853,2023-06-25,Trinidad,St Kitts and Nev,cached_from_soccerbase_match_stats
878858,2023-06-25,Haiti,Qatar,cached_from_soccerbase_match_stats
878859,2023-06-26,Mexico,Honduras,cached_from_soccerbase_match_stats
878864,2023-06-26,El Salvador,Martinique,cached_from_soccerbase_match_stats
878865,2023-06-27,Costa Rica,Panama,cached_from_soccerbase_match_stats
878854,2023-06-29,Jamaica,Trinidad,cached_from_soccerbase_match_stats
878855,2023-06-29,St Kitts and Nev,USA,cached_from_soccerbase_match_stats
878860,2023-06-30,Qatar,Honduras,cached_from_soccerbase_match_stats
878861,2023-06-30,Haiti,Mexico,cached_from_soccerbase_match_stats
878866,2023-06-30,Martinique,Panama,cached_from_soccerbase_match_stats
878867,2023-07-01,El Salvador,Costa Rica,cached_from_soccerbase_match_stats
878856,2023-07-03,USA,Trinidad,cached_from_soccerbase_match_stats
878857,2023-07-03,Jamaica,St Kitts and Nev,cached_from_soccerbase_match_stats
878862,2023-07-03,Honduras,Haiti,cached_from_soccerbase_match_stats
878863,2023-07-03,Mexico,Qatar,cached_from_soccerbase_match_stats
878868,2023-07-05,Costa Rica,Martinique,cached_from_soccerbase_match_stats
878869,2023-07-05,Panama,El Salvador,cached_from_soccerbase_match_stats
878876,2023-07-09,Panama,Qatar,cached_from_soccerbase_match_stats
878877,2023-07-09,Mexico,Costa Rica,cached_from_soccerbase_match_stats
878878,2023-07-09,Guatemala,Jamaica,cached_from_soccerbase_match_stats
878879,2023-07-10,USA,Canada,cached_from_soccerbase_match_stats
878880,2023-07-13,Jamaica,Mexico,cached_from_soccerbase_match_stats
878881,2023-07-13,USA,Panama,cached_from_soccerbase_match_stats
878882,2023-07-17,Mexico,Panama,cached_from_soccerbase_match_stats
894695,2023-08-27,Bolivia,Panama,cached_from_soccerbase_match_stats
894614,2023-09-03,Guatemala,Honduras,cached_from_soccerbase_match_stats
905125,2023-09-03,Bangladesh,Afghanistan,cached_from_soccerbase_match_stats
894803,2023-09-06,Malta,Gibraltar,cached_from_soccerbase_match_stats
870595,2023-09-07,Czech Rep,Albania,cached_from_soccerbase_match_stats
870596,2023-09-07,Denmark,San Marino,cached_from_soccerbase_match_stats
870597,2023-09-07,France,Ireland,cached_from_soccerbase_match_stats
870598,2023-09-07,Kazakhstan,Finland,cached_from_soccerbase_match_stats
870599,2023-09-07,Lithuania,Montenegro,cached_from_soccerbase_match_stats
870600,2023-09-07,Netherlands,Greece,cached_from_soccerbase_match_stats
870601,2023-09-07,Poland,Faroe Islands,cached_from_soccerbase_match_stats
870602,2023-09-07,Serbia,Hungary,cached_from_soccerbase_match_stats
870603,2023-09-07,Slovenia,N Ireland,cached_from_soccerbase_match_stats
877344,2023-09-07,Norway,Jordan,cached_from_soccerbase_match_stats
879670,2023-09-07,Wales,South Korea,cached_from_soccerbase_match_stats
891777,2023-09-07,Austria,Moldova,cached_from_soccerbase_match_stats
893203,2023-09-07,Bulgaria,Iran,cached_from_soccerbase_match_stats
894987,2023-09-07,Qatar,Kenya,cached_from_soccerbase_match_stats
905124,2023-09-07,Bangladesh,Afghanistan,cached_from_soccerbase_match_stats
870604,2023-09-08,Bosnia-Hz.,Liechtenstein,cached_from_soccerbase_match_stats
870605,2023-09-08,Croatia,Latvia,cached_from_soccerbase_match_stats
870606,2023-09-08,Cyprus,Scotland,cached_from_soccerbase_match_stats
870607,2023-09-08,Georgia,Spain,cached_from_soccerbase_match_stats
870608,2023-09-08,Luxembourg,Iceland,cached_from_soccerbase_match_stats
870609,2023-09-08,Slovakia,Portugal,cached_from_soccerbase_match_stats
870610,2023-09-08,Turkey,Armenia,cached_from_soccerbase_match_stats
894897,2023-09-08,Saudi Arabia,Costa Rica,cached_from_soccerbase_match_stats
895739,2023-09-08,Indonesia,Turkmenistan,cached_from_soccerbase_match_stats
870459,2023-09-09,Ukraine,England,cached_from_soccerbase_match_stats
870460,2023-09-09,N Macedonia,Italy,cached_from_soccerbase_match_stats
870611,2023-09-09,Andorra,Belarus,cached_from_soccerbase_match_stats
870612,2023-09-09,Azerbaijan,Belgium,cached_from_soccerbase_match_stats
870613,2023-09-09,Estonia,Sweden,cached_from_soccerbase_match_stats
870614,2023-09-09,Kosovo,Switzerland,cached_from_soccerbase_match_stats
870615,2023-09-09,Romania,Israel,cached_from_soccerbase_match_stats
879671,2023-09-09,Germany,Japan,cached_from_soccerbase_match_stats
887247,2023-09-09,USA,Uzbekistan,cached_from_soccerbase_match_stats
894615,2023-09-09,China,Malaysia,cached_from_soccerbase_match_stats
894884,2023-09-09,South Africa,Namibia,cached_from_soccerbase_match_stats
870616,2023-09-10,Albania,Poland,cached_from_soccerbase_match_stats
870617,2023-09-10,Faroe Islands,Moldova,cached_from_soccerbase_match_stats
870618,2023-09-10,Finland,Denmark,cached_from_soccerbase_match_stats
870619,2023-09-10,Greece,Gibraltar,cached_from_soccerbase_match_stats
870620,2023-09-10,Kazakhstan,N Ireland,cached_from_soccerbase_match_stats
870621,2023-09-10,Lithuania,Serbia,cached_from_soccerbase_match_stats
870622,2023-09-10,Montenegro,Bulgaria,cached_from_soccerbase_match_stats
870623,2023-09-10,Ireland,Netherlands,cached_from_soccerbase_match_stats
870624,2023-09-10,San Marino,Slovenia,cached_from_soccerbase_match_stats
876851,2023-09-10,Hungary,Czech Rep,cached_from_soccerbase_match_stats
893177,2023-09-10,Mexico,Australia,cached_from_soccerbase_match_stats
870625,2023-09-11,Armenia,Croatia,cached_from_soccerbase_match_stats
870626,2023-09-11,Iceland,Bosnia-Hz.,cached_from_soccerbase_match_stats
870627,2023-09-11,Latvia,Wales,cached_from_soccerbase_match_stats
870629,2023-09-11,Portugal,Luxembourg,cached_from_soccerbase_match_stats
870630,2023-09-11,Slovakia,Liechtenstein,cached_from_soccerbase_match_stats
870461,2023-09-12,Italy,Ukraine,cached_from_soccerbase_match_stats
870462,2023-09-12,Malta,N Macedonia,cached_from_soccerbase_match_stats
870628,2023-09-12,Norway,Georgia,cached_from_soccerbase_match_stats
870631,2023-09-12,Spain,Cyprus,cached_from_soccerbase_match_stats
870632,2023-09-12,Belgium,Estonia,cached_from_soccerbase_match_stats
870633,2023-09-12,Israel,Belarus,cached_from_soccerbase_match_stats
870634,2023-09-12,Romania,Kosovo,cached_from_soccerbase_match_stats
870635,2023-09-12,Sweden,Austria,cached_from_soccerbase_match_stats
870636,2023-09-12,Switzerland,Andorra,cached_from_soccerbase_match_stats
874175,2023-09-12,Scotland,England,cached_from_soccerbase_match_stats
877517,2023-09-12,Azerbaijan,Jordan,cached_from_soccerbase_match_stats
879672,2023-09-12,Germany,France,cached_from_soccerbase_match_stats
885410,2023-09-12,Egypt,Tunisia,cached_from_soccerbase_match_stats
886940,2023-09-12,Japan,Turkey,cached_from_soccerbase_match_stats
891358,2023-09-12,Senegal,Algeria,cached_from_soccerbase_match_stats
891665,2023-09-12,Morocco,Burkina Faso,cached_from_soccerbase_match_stats
894684,2023-09-12,China,Syria,cached_from_soccerbase_match_stats
894885,2023-09-12,South Africa,DR Congo,cached_from_soccerbase_match_stats
894898,2023-09-12,Saudi Arabia,South Korea,cached_from_soccerbase_match_stats
894988,2023-09-12,Kenya,South Sudan,cached_from_soccerbase_match_stats
895446,2023-09-12,Costa Rica,UAE,cached_from_soccerbase_match_stats
895447,2023-09-12,Qatar,Russia,cached_from_soccerbase_match_stats
895448,2023-09-12,Ghana,Liberia,cached_from_soccerbase_match_stats
895809,2023-09-12,Iran,Angola,cached_from_soccerbase_match_stats
887248,2023-09-13,USA,Oman,cached_from_soccerbase_match_stats
893178,2023-09-13,Mexico,Uzbekistan,cached_from_soccerbase_match_stats
896152,2023-10-10,China,Vietnam,cached_from_soccerbase_match_stats
877372,2023-10-11,Wales,Gibraltar,cached_from_soccerbase_match_stats
870637,2023-10-12,Albania,Czech Rep,cached_from_soccerbase_match_stats
870638,2023-10-12,Andorra,Kosovo,cached_from_soccerbase_match_stats
870639,2023-10-12,Belarus,Romania,cached_from_soccerbase_match_stats
870640,2023-10-12,Croatia,Turkey,cached_from_soccerbase_match_stats
870641,2023-10-12,Cyprus,Norway,cached_from_soccerbase_match_stats
870642,2023-10-12,Faroe Islands,Poland,cached_from_soccerbase_match_stats
870644,2023-10-12,Latvia,Armenia,cached_from_soccerbase_match_stats
870645,2023-10-12,Spain,Scotland,cached_from_soccerbase_match_stats
877492,2023-10-12,Georgia,Thailand,cached_from_soccerbase_match_stats
878389,2023-10-12,Sweden,Moldova,cached_from_soccerbase_match_stats
895026,2023-10-12,Montenegro,Lebanon,cached_from_soccerbase_match_stats
895961,2023-10-12,Algeria,Cape Verde Is.,cached_from_soccerbase_match_stats
895965,2023-10-12,Egypt,Zambia,cached_from_soccerbase_match_stats
896191,2023-10-12,Russia,Cameroon,cached_from_soccerbase_match_stats
870646,2023-10-13,Austria,Belgium,cached_from_soccerbase_match_stats
870647,2023-10-13,Estonia,Azerbaijan,cached_from_soccerbase_match_stats
870648,2023-10-13,Iceland,Luxembourg,cached_from_soccerbase_match_stats
870649,2023-10-13,Liechtenstein,Bosnia-Hz.,cached_from_soccerbase_match_stats
870650,2023-10-13,Netherlands,France,cached_from_soccerbase_match_stats
870651,2023-10-13,Portugal,Slovakia,cached_from_soccerbase_match_stats
870652,2023-10-13,Ireland,Greece,cached_from_soccerbase_match_stats
877904,2023-10-13,England,Australia,cached_from_soccerbase_match_stats
894791,2023-10-13,Japan,Canada,cached_from_soccerbase_match_stats
894886,2023-10-13,South Africa,Swaziland,cached_from_soccerbase_match_stats
894899,2023-10-13,South Korea,Tunisia,cached_from_soccerbase_match_stats
895865,2023-10-13,Saudi Arabia,Nigeria,cached_from_soccerbase_match_stats
897019,2023-10-13,New Zealand,DR Congo,cached_from_soccerbase_match_stats
870463,2023-10-14,Ukraine,N Macedonia,cached_from_soccerbase_match_stats
870464,2023-10-14,Italy,Malta,cached_from_soccerbase_match_stats
870653,2023-10-14,Bulgaria,Lithuania,cached_from_soccerbase_match_stats
870654,2023-10-14,Denmark,Kazakhstan,cached_from_soccerbase_match_stats
870655,2023-10-14,Hungary,Serbia,cached_from_soccerbase_match_stats
870656,2023-10-14,N Ireland,San Marino,cached_from_soccerbase_match_stats
870657,2023-10-14,Slovenia,Finland,cached_from_soccerbase_match_stats
879673,2023-10-14,USA,Germany,cached_from_soccerbase_match_stats
895986,2023-10-14,Ivory Coast,Morocco,cached_from_soccerbase_match_stats
870658,2023-10-15,Czech Rep,Faroe Islands,cached_from_soccerbase_match_stats
870659,2023-10-15,Georgia,Cyprus,cached_from_soccerbase_match_stats
870661,2023-10-15,Norway,Spain,cached_from_soccerbase_match_stats
870662,2023-10-15,Poland,Moldova,cached_from_soccerbase_match_stats
870663,2023-10-15,Romania,Andorra,cached_from_soccerbase_match_stats
870664,2023-10-15,Switzerland,Belarus,cached_from_soccerbase_match_stats
870665,2023-10-15,Turkey,Latvia,cached_from_soccerbase_match_stats
870666,2023-10-15,Wales,Croatia,cached_from_soccerbase_match_stats
893179,2023-10-15,Mexico,Ghana,cached_from_soccerbase_match_stats
896326,2023-10-15,Sudan,Tanzania,cached_from_soccerbase_match_stats
870667,2023-10-16,Azerbaijan,Austria,cached_from_soccerbase_match_stats
870668,2023-10-16,Belgium,Sweden,cached_from_soccerbase_match_stats
870669,2023-10-16,Bosnia-Hz.,Portugal,cached_from_soccerbase_match_stats
870670,2023-10-16,Gibraltar,Ireland,cached_from_soccerbase_match_stats
870671,2023-10-16,Greece,Netherlands,cached_from_soccerbase_match_stats
870672,2023-10-16,Iceland,Liechtenstein,cached_from_soccerbase_match_stats
870673,2023-10-16,Luxembourg,Slovakia,cached_from_soccerbase_match_stats
894989,2023-10-16,China,Uzbekistan,cached_from_soccerbase_match_stats
895894,2023-10-16,Senegal,Cameroon,cached_from_soccerbase_match_stats
895962,2023-10-16,Egypt,Algeria,cached_from_soccerbase_match_stats
896153,2023-10-16,Mozambique,Nigeria,cached_from_soccerbase_match_stats
896164,2023-10-16,Kenya,Russia,cached_from_soccerbase_match_stats
870465,2023-10-17,England,Italy,cached_from_soccerbase_match_stats
870466,2023-10-17,Malta,Ukraine,cached_from_soccerbase_match_stats
870674,2023-10-17,Finland,Kazakhstan,cached_from_soccerbase_match_stats
870675,2023-10-17,Lithuania,Hungary,cached_from_soccerbase_match_stats
870676,2023-10-17,N Ireland,Slovenia,cached_from_soccerbase_match_stats
870677,2023-10-17,San Marino,Denmark,cached_from_soccerbase_match_stats
870678,2023-10-17,Serbia,Montenegro,cached_from_soccerbase_match_stats
877493,2023-10-17,Estonia,Thailand,cached_from_soccerbase_match_stats
879155,2023-10-17,France,Scotland,cached_from_soccerbase_match_stats
893204,2023-10-17,Albania,Bulgaria,cached_from_soccerbase_match_stats
894799,2023-10-17,N Macedonia,Armenia,cached_from_soccerbase_match_stats
894887,2023-10-17,Ivory Coast,South Africa,cached_from_soccerbase_match_stats
895565,2023-10-17,Saudi Arabia,Mali,cached_from_soccerbase_match_stats
895866,2023-10-17,South Korea,Vietnam,cached_from_soccerbase_match_stats
896246,2023-10-17,Zambia,Uganda,cached_from_soccerbase_match_stats
879674,2023-10-18,USA,Ghana,cached_from_soccerbase_match_stats
893180,2023-10-18,Mexico,Germany,cached_from_soccerbase_match_stats
870660,2023-11-12,Kosovo,Israel,cached_from_soccerbase_match_stats
870643,2023-11-15,Israel,Switzerland,cached_from_soccerbase_match_stats
879146,2023-11-15,Belgium,Serbia,cached_from_soccerbase_match_stats
870679,2023-11-16,Azerbaijan,Sweden,cached_from_soccerbase_match_stats
870680,2023-11-16,Bulgaria,Hungary,cached_from_soccerbase_match_stats
870681,2023-11-16,Cyprus,Spain,cached_from_soccerbase_match_stats
870682,2023-11-16,Estonia,Austria,cached_from_soccerbase_match_stats
870683,2023-11-16,Georgia,Scotland,cached_from_soccerbase_match_stats
870684,2023-11-16,Liechtenstein,Portugal,cached_from_soccerbase_match_stats
870685,2023-11-16,Luxembourg,Bosnia-Hz.,cached_from_soccerbase_match_stats
870686,2023-11-16,Montenegro,Lithuania,cached_from_soccerbase_match_stats
870687,2023-11-16,Slovakia,Iceland,cached_from_soccerbase_match_stats
877345,2023-11-16,Norway,Faroe Islands,cached_from_soccerbase_match_stats
870467,2023-11-17,England,Malta,cached_from_soccerbase_match_stats
870468,2023-11-17,Italy,N Macedonia,cached_from_soccerbase_match_stats
870688,2023-11-17,Denmark,Slovenia,cached_from_soccerbase_match_stats
870689,2023-11-17,Finland,N Ireland,cached_from_soccerbase_match_stats
870690,2023-11-17,Kazakhstan,San Marino,cached_from_soccerbase_match_stats
870691,2023-11-17,Moldova,Albania,cached_from_soccerbase_match_stats
870692,2023-11-17,Poland,Czech Rep,cached_from_soccerbase_match_stats
895875,2023-11-17,Greece,New Zealand,cached_from_soccerbase_match_stats
870693,2023-11-18,Armenia,Wales,cached_from_soccerbase_match_stats
870694,2023-11-18,Belarus,Andorra,cached_from_soccerbase_match_stats
870695,2023-11-18,France,Gibraltar,cached_from_soccerbase_match_stats
870696,2023-11-18,Israel,Romania,cached_from_soccerbase_match_stats
870697,2023-11-18,Latvia,Croatia,cached_from_soccerbase_match_stats
870698,2023-11-18,Netherlands,Ireland,cached_from_soccerbase_match_stats
870699,2023-11-18,Switzerland,Kosovo,cached_from_soccerbase_match_stats
896227,2023-11-18,Germany,Turkey,cached_from_soccerbase_match_stats
870700,2023-11-19,Belgium,Azerbaijan,cached_from_soccerbase_match_stats
870701,2023-11-19,Bosnia-Hz.,Slovakia,cached_from_soccerbase_match_stats
870702,2023-11-19,Hungary,Montenegro,cached_from_soccerbase_match_stats
870703,2023-11-19,Liechtenstein,Luxembourg,cached_from_soccerbase_match_stats
870704,2023-11-19,Portugal,Iceland,cached_from_soccerbase_match_stats
870705,2023-11-19,Scotland,Norway,cached_from_soccerbase_match_stats
870706,2023-11-19,Serbia,Bulgaria,cached_from_soccerbase_match_stats
870707,2023-11-19,Spain,Georgia,cached_from_soccerbase_match_stats
870708,2023-11-19,Sweden,Estonia,cached_from_soccerbase_match_stats
876475,2023-11-19,Cyprus,Lithuania,cached_from_soccerbase_match_stats
870469,2023-11-20,N Macedonia,England,cached_from_soccerbase_match_stats
870470,2023-11-20,Ukraine,Italy,cached_from_soccerbase_match_stats
870709,2023-11-20,Albania,Faroe Islands,cached_from_soccerbase_match_stats
870710,2023-11-20,Czech Rep,Moldova,cached_from_soccerbase_match_stats
870711,2023-11-20,N Ireland,Denmark,cached_from_soccerbase_match_stats
870712,2023-11-20,San Marino,Finland,cached_from_soccerbase_match_stats
870713,2023-11-20,Slovenia,Kazakhstan,cached_from_soccerbase_match_stats
896745,2023-11-20,Russia,Cuba,cached_from_soccerbase_match_stats
870714,2023-11-21,Andorra,Israel,cached_from_soccerbase_match_stats
870715,2023-11-21,Croatia,Armenia,cached_from_soccerbase_match_stats
870716,2023-11-21,Gibraltar,Netherlands,cached_from_soccerbase_match_stats
870717,2023-11-21,Greece,France,cached_from_soccerbase_match_stats
870718,2023-11-21,Kosovo,Belarus,cached_from_soccerbase_match_stats
870719,2023-11-21,Romania,Switzerland,cached_from_soccerbase_match_stats
870720,2023-11-21,Wales,Turkey,cached_from_soccerbase_match_stats
885413,2023-11-21,Poland,Latvia,cached_from_soccerbase_match_stats
894867,2023-11-21,Austria,Germany,cached_from_soccerbase_match_stats
895027,2023-11-21,Ireland,New Zealand,cached_from_soccerbase_match_stats
905122,2023-11-21,Bangladesh,Lebanon,cached_from_soccerbase_match_stats
897084,2023-12-10,Colombia,Venezuela,cached_from_soccerbase_match_stats
895964,2023-12-17,Mexico,Colombia,cached_from_soccerbase_match_stats
905121,2023-12-28,Lebanon,Jordan,cached_from_soccerbase_match_stats
898600,2023-12-29,China,Oman,cached_from_soccerbase_match_stats
896731,2023-12-31,Qatar,Cambodia,cached_from_soccerbase_match_stats
896460,2024-01-01,Japan,Thailand,cached_from_soccerbase_match_stats
899595,2024-01-01,China,Hong Kong,cached_from_soccerbase_match_stats
899345,2024-01-02,Indonesia,Libya,cached_from_soccerbase_match_stats
897373,2024-01-04,Saudi Arabia,Lebanon,cached_from_soccerbase_match_stats
898501,2024-01-05,Qatar,Jordan,cached_from_soccerbase_match_stats
899346,2024-01-05,Indonesia,Libya,cached_from_soccerbase_match_stats
899593,2024-01-05,Togo,Algeria,cached_from_soccerbase_match_stats
899596,2024-01-05,Iran,Burkina Faso,cached_from_soccerbase_match_stats
895963,2024-01-06,Bahrain,Australia,cached_from_soccerbase_match_stats
899349,2024-01-06,Ivory Coast,Sierra Leone,cached_from_soccerbase_match_stats
899350,2024-01-06,Iraq,South Korea,cached_from_soccerbase_match_stats
899592,2024-01-06,Tunisia,Mauritania,cached_from_soccerbase_match_stats
899347,2024-01-07,Egypt,Tanzania,cached_from_soccerbase_match_stats
905123,2024-01-07,Palestine,Uzbekistan,cached_from_soccerbase_match_stats
899590,2024-01-08,Senegal,Niger,cached_from_soccerbase_match_stats
899597,2024-01-08,Ghana,Namibia,cached_from_soccerbase_match_stats
900176,2024-01-08,Guinea,Nigeria,cached_from_soccerbase_match_stats
897490,2024-01-09,Saudi Arabia,Palestine,cached_from_soccerbase_match_stats
898502,2024-01-09,Japan,Jordan,cached_from_soccerbase_match_stats
899348,2024-01-09,Indonesia,Iran,cached_from_soccerbase_match_stats
899434,2024-01-09,Zambia,Cameroon,cached_from_soccerbase_match_stats
899594,2024-01-09,Burundi,Algeria,cached_from_soccerbase_match_stats
897491,2024-01-10,Saudi Arabia,Hong Kong,cached_from_soccerbase_match_stats
899591,2024-01-10,Tunisia,Cape Verde Is.,cached_from_soccerbase_match_stats
899601,2024-01-10,South Africa,Lesotho,cached_from_soccerbase_match_stats
900178,2024-01-11,Morocco,Sierra Leone,cached_from_soccerbase_match_stats
897370,2024-01-12,Sweden,Estonia,cached_from_soccerbase_match_stats
896313,2024-01-13,Ivory Coast,Guinea-Bissau,cached_from_soccerbase_match_stats
896315,2024-01-14,Egypt,Mozambique,cached_from_soccerbase_match_stats
896367,2024-01-14,Ghana,Cape Verde Is.,cached_from_soccerbase_match_stats
896368,2024-01-14,Nigeria,Eq Guinea,cached_from_soccerbase_match_stats
897369,2024-01-14,Guatemala,Iceland,cached_from_soccerbase_match_stats
896318,2024-01-15,Algeria,Angola,cached_from_soccerbase_match_stats
896369,2024-01-15,Cameroon,Guinea,cached_from_soccerbase_match_stats
896370,2024-01-15,Senegal,Gambia,cached_from_soccerbase_match_stats
896319,2024-01-16,Burkina Faso,Mauritania,cached_from_soccerbase_match_stats
896371,2024-01-16,Mali,South Africa,cached_from_soccerbase_match_stats
896372,2024-01-16,Tunisia,Namibia,cached_from_soccerbase_match_stats
896323,2024-01-17,DR Congo,Zambia,cached_from_soccerbase_match_stats
896373,2024-01-17,Morocco,Tanzania,cached_from_soccerbase_match_stats
896314,2024-01-18,Ivory Coast,Nigeria,cached_from_soccerbase_match_stats
896374,2024-01-18,Egypt,Ghana,cached_from_soccerbase_match_stats
896375,2024-01-18,Eq Guinea,Guinea-Bissau,cached_from_soccerbase_match_stats
897188,2024-01-18,Honduras,Iceland,cached_from_soccerbase_match_stats
896316,2024-01-19,Cape Verde Is.,Mozambique,cached_from_soccerbase_match_stats
896376,2024-01-19,Guinea,Gambia,cached_from_soccerbase_match_stats
896377,2024-01-19,Senegal,Cameroon,cached_from_soccerbase_match_stats
896320,2024-01-20,Algeria,Burkina Faso,cached_from_soccerbase_match_stats
896378,2024-01-20,Mauritania,Angola,cached_from_soccerbase_match_stats
896379,2024-01-20,Tunisia,Mali,cached_from_soccerbase_match_stats
897123,2024-01-20,USA,Slovenia,cached_from_soccerbase_match_stats
896324,2024-01-21,Morocco,DR Congo,cached_from_soccerbase_match_stats
896380,2024-01-21,South Africa,Namibia,cached_from_soccerbase_match_stats
896381,2024-01-21,Zambia,Tanzania,cached_from_soccerbase_match_stats
896317,2024-01-22,Cape Verde Is.,Egypt,cached_from_soccerbase_match_stats
896382,2024-01-22,Eq Guinea,Ivory Coast,cached_from_soccerbase_match_stats
896383,2024-01-22,Guinea-Bissau,Nigeria,cached_from_soccerbase_match_stats
896384,2024-01-22,Mozambique,Ghana,cached_from_soccerbase_match_stats
896321,2024-01-23,Angola,Burkina Faso,cached_from_soccerbase_match_stats
896385,2024-01-23,Gambia,Cameroon,cached_from_soccerbase_match_stats
896386,2024-01-23,Guinea,Senegal,cached_from_soccerbase_match_stats
896387,2024-01-23,Mauritania,Algeria,cached_from_soccerbase_match_stats
896322,2024-01-24,Namibia,Mali,cached_from_soccerbase_match_stats
896388,2024-01-24,South Africa,Tunisia,cached_from_soccerbase_match_stats
896389,2024-01-24,Tanzania,DR Congo,cached_from_soccerbase_match_stats
896390,2024-01-24,Zambia,Morocco,cached_from_soccerbase_match_stats
897176,2024-01-27,Nigeria,Cameroon,cached_from_soccerbase_match_stats
897177,2024-01-27,Angola,Namibia,cached_from_soccerbase_match_stats
897178,2024-01-28,Eq Guinea,Guinea,cached_from_soccerbase_match_stats
897179,2024-01-28,Egypt,DR Congo,cached_from_soccerbase_match_stats
897180,2024-01-29,Cape Verde Is.,Mauritania,cached_from_soccerbase_match_stats
897181,2024-01-29,Senegal,Ivory Coast,cached_from_soccerbase_match_stats
897182,2024-01-30,Mali,Burkina Faso,cached_from_soccerbase_match_stats
897183,2024-01-30,Morocco,South Africa,cached_from_soccerbase_match_stats
903208,2024-02-02,Nigeria,Angola,cached_from_soccerbase_match_stats
903221,2024-02-02,DR Congo,Guinea,cached_from_soccerbase_match_stats
897575,2024-02-03,Costa Rica,El Salvador,cached_from_soccerbase_match_stats
903290,2024-02-03,Mali,Ivory Coast,cached_from_soccerbase_match_stats
903291,2024-02-03,Cape Verde Is.,South Africa,cached_from_soccerbase_match_stats
897184,2024-02-07,Nigeria,South Africa,cached_from_soccerbase_match_stats
897185,2024-02-07,Ivory Coast,DR Congo,cached_from_soccerbase_match_stats
897186,2024-02-10,South Africa,DR Congo,cached_from_soccerbase_match_stats
897187,2024-02-11,Nigeria,Ivory Coast,cached_from_soccerbase_match_stats
903312,2024-03-14,Kazakhstan,Turkmenistan,cached_from_soccerbase_match_stats
906570,2024-03-20,San Marino,St Kitts and Nev,cached_from_soccerbase_match_stats
897078,2024-03-21,Portugal,Sweden,cached_from_soccerbase_match_stats
898607,2024-03-21,Russia,Serbia,cached_from_soccerbase_match_stats
899587,2024-03-21,Cyprus,Latvia,cached_from_soccerbase_match_stats
900205,2024-03-21,Georgia,Luxembourg,cached_from_soccerbase_match_stats
900206,2024-03-21,Greece,Kazakhstan,cached_from_soccerbase_match_stats
900207,2024-03-21,Poland,Estonia,cached_from_soccerbase_match_stats
900208,2024-03-21,Wales,Finland,cached_from_soccerbase_match_stats
900209,2024-03-21,Israel,Iceland,cached_from_soccerbase_match_stats
900210,2024-03-21,Bosnia-Hz.,Ukraine,cached_from_soccerbase_match_stats
903191,2024-03-21,Malta,Slovenia,cached_from_soccerbase_match_stats
903313,2024-03-21,Belarus,Montenegro,cached_from_soccerbase_match_stats
903317,2024-03-21,Andorra,South Africa,cached_from_soccerbase_match_stats
903324,2024-03-21,Italy,Venezuela,cached_from_soccerbase_match_stats
897571,2024-03-22,Netherlands,Scotland,cached_from_soccerbase_match_stats
897573,2024-03-22,Romania,N Ireland,cached_from_soccerbase_match_stats
900211,2024-03-22,Norway,Czech Rep,cached_from_soccerbase_match_stats
903149,2024-03-22,Tanzania,Bulgaria,cached_from_soccerbase_match_stats
903209,2024-03-22,Spain,Colombia,cached_from_soccerbase_match_stats
903225,2024-03-22,Liechtenstein,Faroe Islands,cached_from_soccerbase_match_stats
903318,2024-03-22,Algeria,Bolivia,cached_from_soccerbase_match_stats
903326,2024-03-22,Ecuador,Guatemala,cached_from_soccerbase_match_stats
903466,2024-03-22,Armenia,Kosovo,cached_from_soccerbase_match_stats
903469,2024-03-22,Hungary,Turkey,cached_from_soccerbase_match_stats
903756,2024-03-22,N Macedonia,Moldova,cached_from_soccerbase_match_stats
903790,2024-03-22,Albania,Chile,cached_from_soccerbase_match_stats
903792,2024-03-22,Egypt,New Zealand,cached_from_soccerbase_match_stats
903814,2024-03-22,Morocco,Angola,cached_from_soccerbase_match_stats
903823,2024-03-22,Azerbaijan,Mongolia,cached_from_soccerbase_match_stats
904728,2024-03-22,Senegal,Gabon,cached_from_soccerbase_match_stats
904786,2024-03-22,Nigeria,Ghana,cached_from_soccerbase_match_stats
896804,2024-03-23,England,Brazil,cached_from_soccerbase_match_stats
897505,2024-03-23,France,Germany,cached_from_soccerbase_match_stats
897576,2024-03-23,Denmark,Switzerland,cached_from_soccerbase_match_stats
898605,2024-03-23,Ireland,Belgium,cached_from_soccerbase_match_stats
899344,2024-03-23,Slovakia,Austria,cached_from_soccerbase_match_stats
902158,2024-03-23,Peru,Nicaragua,cached_from_soccerbase_match_stats
903791,2024-03-23,Tunisia,Croatia,cached_from_soccerbase_match_stats
903827,2024-03-23,Argentina,El Salvador,cached_from_soccerbase_match_stats
904715,2024-03-23,Ivory Coast,Benin,cached_from_soccerbase_match_stats
904984,2024-03-23,Zambia,Zimbabwe,cached_from_soccerbase_match_stats
904985,2024-03-23,Malawi,Kenya,cached_from_soccerbase_match_stats
903325,2024-03-24,Ecuador,Italy,cached_from_soccerbase_match_stats
903447,2024-03-24,Guatemala,Venezuela,cached_from_soccerbase_match_stats
906569,2024-03-24,San Marino,St Kitts and Nev,cached_from_soccerbase_match_stats
898608,2024-03-25,Cyprus,Serbia,cached_from_soccerbase_match_stats
903150,2024-03-25,Azerbaijan,Bulgaria,cached_from_soccerbase_match_stats
903210,2024-03-25,Sweden,Albania,cached_from_soccerbase_match_stats
903314,2024-03-25,Montenegro,N Macedonia,cached_from_soccerbase_match_stats
903319,2024-03-25,Bolivia,Andorra,cached_from_soccerbase_match_stats
903787,2024-03-25,Russia,Paraguay,cached_from_soccerbase_match_stats
903819,2024-03-25,Tanzania,Mongolia,cached_from_soccerbase_match_stats
896805,2024-03-26,England,Belgium,cached_from_soccerbase_match_stats
897554,2024-03-26,Germany,Netherlands,cached_from_soccerbase_match_stats
897574,2024-03-26,Scotland,N Ireland,cached_from_soccerbase_match_stats
897577,2024-03-26,Denmark,Faroe Islands,cached_from_soccerbase_match_stats
898503,2024-03-26,Colombia,Romania,cached_from_soccerbase_match_stats
898606,2024-03-26,Ireland,Switzerland,cached_from_soccerbase_match_stats
900212,2024-03-26,Czech Rep,Armenia,cached_from_soccerbase_match_stats
900213,2024-03-26,Norway,Slovakia,cached_from_soccerbase_match_stats
900994,2024-03-26,Spain,Brazil,cached_from_soccerbase_match_stats
901711,2024-03-26,Slovenia,Portugal,cached_from_soccerbase_match_stats
903171,2024-03-26,Malta,Belarus,cached_from_soccerbase_match_stats
903192,2024-03-26,France,Chile,cached_from_soccerbase_match_stats
903320,2024-03-26,Algeria,South Africa,cached_from_soccerbase_match_stats
903464,2024-03-26,Hungary,Kosovo,cached_from_soccerbase_match_stats
903470,2024-03-26,Austria,Turkey,cached_from_soccerbase_match_stats
903552,2024-03-26,Latvia,Liechtenstein,cached_from_soccerbase_match_stats
903815,2024-03-26,Morocco,Mauritania,cached_from_soccerbase_match_stats
904326,2024-03-26,Ivory Coast,Uruguay,cached_from_soccerbase_match_stats
904729,2024-03-26,Senegal,Benin,cached_from_soccerbase_match_stats
904783,2024-03-26,Uganda,Ghana,cached_from_soccerbase_match_stats
904787,2024-03-26,Mali,Nigeria,cached_from_soccerbase_match_stats
905304,2024-03-26,Cayman Islands,Moldova,cached_from_soccerbase_match_stats
905339,2024-03-26,Georgia,Greece,cached_from_soccerbase_match_stats
905351,2024-03-26,Finland,Estonia,cached_from_soccerbase_match_stats
905352,2024-03-26,Luxembourg,Kazakhstan,cached_from_soccerbase_match_stats
905355,2024-03-26,Egypt,Croatia,cached_from_soccerbase_match_stats
905356,2024-03-26,New Zealand,Tunisia,cached_from_soccerbase_match_stats
905364,2024-03-26,Kenya,Zimbabwe,cached_from_soccerbase_match_stats
905365,2024-03-26,Zambia,Malawi,cached_from_soccerbase_match_stats
902159,2024-03-27,Peru,Dominican Rep,cached_from_soccerbase_match_stats
903559,2024-03-27,El Salvador,Honduras,cached_from_soccerbase_match_stats
903828,2024-03-27,Argentina,Costa Rica,cached_from_soccerbase_match_stats
905807,2024-05-15,Sudan,Tanzania,cached_from_soccerbase_match_stats
905816,2024-05-19,Sudan,Tanzania,cached_from_soccerbase_match_stats
904980,2024-06-01,Mexico,Bolivia,cached_from_soccerbase_match_stats
905770,2024-06-01,Costa Rica,Uruguay,cached_from_soccerbase_match_stats
905818,2024-06-02,Indonesia,Tanzania,cached_from_soccerbase_match_stats
899588,2024-06-03,Croatia,N Macedonia,cached_from_soccerbase_match_stats
902537,2024-06-03,Gibraltar,Scotland,cached_from_soccerbase_match_stats
903323,2024-06-03,England,Bosnia-Hz.,cached_from_soccerbase_match_stats
903553,2024-06-03,Albania,Liechtenstein,cached_from_soccerbase_match_stats
905126,2024-06-03,Germany,Ukraine,cached_from_soccerbase_match_stats
900971,2024-06-04,Romania,Bulgaria,cached_from_soccerbase_match_stats
903321,2024-06-04,Slovenia,Armenia,cached_from_soccerbase_match_stats
903471,2024-06-04,Portugal,Finland,cached_from_soccerbase_match_stats
903472,2024-06-04,Ireland,Hungary,cached_from_soccerbase_match_stats
903558,2024-06-04,Italy,Turkey,cached_from_soccerbase_match_stats
903746,2024-06-04,Austria,Serbia,cached_from_soccerbase_match_stats
903785,2024-06-04,Switzerland,Estonia,cached_from_soccerbase_match_stats
903316,2024-06-05,Belgium,Montenegro,cached_from_soccerbase_match_stats
903456,2024-06-05,Denmark,Sweden,cached_from_soccerbase_match_stats
903465,2024-06-05,Norway,Kosovo,cached_from_soccerbase_match_stats
903825,2024-06-05,Slovakia,San Marino,cached_from_soccerbase_match_stats
904750,2024-06-05,Spain,Andorra,cached_from_soccerbase_match_stats
905553,2024-06-05,France,Luxembourg,cached_from_soccerbase_match_stats
898916,2024-06-06,Mexico,Uruguay,cached_from_soccerbase_match_stats
904779,2024-06-06,Netherlands,Canada,cached_from_soccerbase_match_stats
905652,2024-06-06,Gibraltar,Wales,cached_from_soccerbase_match_stats
900972,2024-06-07,Romania,Liechtenstein,cached_from_soccerbase_match_stats
902538,2024-06-07,Scotland,Finland,cached_from_soccerbase_match_stats
903455,2024-06-07,England,Iceland,cached_from_soccerbase_match_stats
903467,2024-06-07,Armenia,Kazakhstan,cached_from_soccerbase_match_stats
904749,2024-06-07,Albania,Azerbaijan,cached_from_soccerbase_match_stats
904983,2024-06-07,Poland,Ukraine,cached_from_soccerbase_match_stats
905127,2024-06-07,Germany,Greece,cached_from_soccerbase_match_stats
905418,2024-06-07,Czech Rep,Malta,cached_from_soccerbase_match_stats
905749,2024-06-07,Belarus,Russia,cached_from_soccerbase_match_stats
903193,2024-06-08,Portugal,Croatia,cached_from_soccerbase_match_stats
903194,2024-06-08,Belgium,Luxembourg,cached_from_soccerbase_match_stats
903322,2024-06-08,Slovenia,Bulgaria,cached_from_soccerbase_match_stats
903463,2024-06-08,Denmark,Norway,cached_from_soccerbase_match_stats
903747,2024-06-08,Switzerland,Austria,cached_from_soccerbase_match_stats
903757,2024-06-08,USA,Colombia,cached_from_soccerbase_match_stats
903786,2024-06-08,Sweden,Serbia,cached_from_soccerbase_match_stats
903820,2024-06-08,Moldova,Cyprus,cached_from_soccerbase_match_stats
903822,2024-06-08,Hungary,Israel,cached_from_soccerbase_match_stats
905459,2024-06-08,Peru,Paraguay,cached_from_soccerbase_match_stats
905461,2024-06-08,Spain,N Ireland,cached_from_soccerbase_match_stats
898917,2024-06-09,Mexico,Brazil,cached_from_soccerbase_match_stats
903315,2024-06-09,Montenegro,Georgia,cached_from_soccerbase_match_stats
903748,2024-06-09,Italy,Bosnia-Hz.,cached_from_soccerbase_match_stats
903826,2024-06-09,Slovakia,Wales,cached_from_soccerbase_match_stats
905552,2024-06-09,France,Canada,cached_from_soccerbase_match_stats
903292,2024-06-10,Czech Rep,N Macedonia,cached_from_soccerbase_match_stats
904780,2024-06-10,Netherlands,Iceland,cached_from_soccerbase_match_stats
904982,2024-06-10,Poland,Turkey,cached_from_soccerbase_match_stats
905450,2024-06-10,Argentina,Ecuador,cached_from_soccerbase_match_stats
903473,2024-06-11,Portugal,Ireland,cached_from_soccerbase_match_stats
903821,2024-06-11,San Marino,Cyprus,cached_from_soccerbase_match_stats
904778,2024-06-11,Moldova,Ukraine,cached_from_soccerbase_match_stats
905741,2024-06-11,N Ireland,Andorra,cached_from_soccerbase_match_stats
905743,2024-06-11,Belarus,Israel,cached_from_soccerbase_match_stats
905771,2024-06-11,Azerbaijan,Kazakhstan,cached_from_soccerbase_match_stats
905804,2024-06-11,Malta,Greece,cached_from_soccerbase_match_stats
905460,2024-06-12,Chile,Paraguay,cached_from_soccerbase_match_stats
904069,2024-06-13,USA,Brazil,cached_from_soccerbase_match_stats
905750,2024-06-13,Ecuador,Bolivia,cached_from_soccerbase_match_stats
896833,2024-06-14,Germany,Scotland,cached_from_soccerbase_match_stats
896834,2024-06-15,Hungary,Switzerland,cached_from_soccerbase_match_stats
896839,2024-06-15,Spain,Croatia,cached_from_soccerbase_match_stats
896840,2024-06-15,Italy,Albania,cached_from_soccerbase_match_stats
904068,2024-06-15,Argentina,Guatemala,cached_from_soccerbase_match_stats
905649,2024-06-15,El Salvador,Peru,cached_from_soccerbase_match_stats
905673,2024-06-15,Colombia,Bolivia,cached_from_soccerbase_match_stats
896845,2024-06-16,Slovenia,Denmark,cached_from_soccerbase_match_stats
896846,2024-06-16,Serbia,England,cached_from_soccerbase_match_stats
896851,2024-06-16,Poland,Netherlands,cached_from_soccerbase_match_stats
905449,2024-06-16,Panama,Paraguay,cached_from_soccerbase_match_stats
905727,2024-06-16,Ecuador,Honduras,cached_from_soccerbase_match_stats
896852,2024-06-17,Austria,France,cached_from_soccerbase_match_stats
896857,2024-06-17,Belgium,Slovakia,cached_from_soccerbase_match_stats
896858,2024-06-17,Romania,Ukraine,cached_from_soccerbase_match_stats
896863,2024-06-18,Turkey,Georgia,cached_from_soccerbase_match_stats
896864,2024-06-18,Portugal,Czech Rep,cached_from_soccerbase_match_stats
896835,2024-06-19,Scotland,Switzerland,cached_from_soccerbase_match_stats
896836,2024-06-19,Germany,Hungary,cached_from_soccerbase_match_stats
896841,2024-06-19,Croatia,Albania,cached_from_soccerbase_match_stats
896842,2024-06-20,Spain,Italy,cached_from_soccerbase_match_stats
896847,2024-06-20,Denmark,England,cached_from_soccerbase_match_stats
896848,2024-06-20,Slovenia,Serbia,cached_from_soccerbase_match_stats
896853,2024-06-21,Poland,Austria,cached_from_soccerbase_match_stats
896854,2024-06-21,Netherlands,France,cached_from_soccerbase_match_stats
896859,2024-06-21,Slovakia,Ukraine,cached_from_soccerbase_match_stats
896860,2024-06-22,Belgium,Romania,cached_from_soccerbase_match_stats
896865,2024-06-22,Turkey,Portugal,cached_from_soccerbase_match_stats
896866,2024-06-22,Georgia,Czech Rep,cached_from_soccerbase_match_stats
896837,2024-06-23,Switzerland,Germany,cached_from_soccerbase_match_stats
896838,2024-06-23,Scotland,Hungary,cached_from_soccerbase_match_stats
896843,2024-06-24,Albania,Spain,cached_from_soccerbase_match_stats
896844,2024-06-24,Croatia,Italy,cached_from_soccerbase_match_stats
896849,2024-06-25,England,Slovenia,cached_from_soccerbase_match_stats
896850,2024-06-25,Denmark,Serbia,cached_from_soccerbase_match_stats
896855,2024-06-25,Netherlands,Austria,cached_from_soccerbase_match_stats
896856,2024-06-25,France,Poland,cached_from_soccerbase_match_stats
896861,2024-06-26,Slovakia,Romania,cached_from_soccerbase_match_stats
896862,2024-06-26,Ukraine,Belgium,cached_from_soccerbase_match_stats
896867,2024-06-26,Georgia,Portugal,cached_from_soccerbase_match_stats
896868,2024-06-26,Czech Rep,Turkey,cached_from_soccerbase_match_stats
896869,2024-06-29,Germany,Denmark,cached_from_soccerbase_match_stats
896870,2024-06-29,Switzerland,Italy,cached_from_soccerbase_match_stats
912410,2024-06-30,England,Slovakia,cached_from_soccerbase_match_stats
912411,2024-06-30,Spain,Georgia,cached_from_soccerbase_match_stats
896871,2024-07-01,France,Belgium,cached_from_soccerbase_match_stats
912412,2024-07-01,Portugal,Slovenia,cached_from_soccerbase_match_stats
896872,2024-07-02,Austria,Turkey,cached_from_soccerbase_match_stats
912413,2024-07-02,Romania,Netherlands,cached_from_soccerbase_match_stats
896873,2024-07-05,Spain,Germany,cached_from_soccerbase_match_stats
896874,2024-07-05,Portugal,France,cached_from_soccerbase_match_stats
896875,2024-07-06,Netherlands,Turkey,cached_from_soccerbase_match_stats
896876,2024-07-06,England,Switzerland,cached_from_soccerbase_match_stats
896877,2024-07-09,Spain,France,cached_from_soccerbase_match_stats
896878,2024-07-10,Netherlands,England,cached_from_soccerbase_match_stats
896879,2024-07-14,Spain,England,cached_from_soccerbase_match_stats
920234,2024-09-02,Uruguay,Guatemala,cached_from_soccerbase_match_stats
921124,2024-09-04,Gibraltar,Andorra,cached_from_soccerbase_match_stats
903560,2024-09-05,Portugal,Croatia,cached_from_soccerbase_match_stats
903561,2024-09-05,Scotland,Poland,cached_from_soccerbase_match_stats
903562,2024-09-05,Denmark,Switzerland,cached_from_soccerbase_match_stats
903563,2024-09-05,Serbia,Spain,cached_from_soccerbase_match_stats
903656,2024-09-05,Azerbaijan,Sweden,cached_from_soccerbase_match_stats
903657,2024-09-05,Estonia,Slovakia,cached_from_soccerbase_match_stats
903658,2024-09-05,Belarus,Bulgaria,cached_from_soccerbase_match_stats
903659,2024-09-05,N Ireland,Luxembourg,cached_from_soccerbase_match_stats
903704,2024-09-05,San Marino,Liechtenstein,cached_from_soccerbase_match_stats
921269,2024-09-05,Vietnam,Russia,cached_from_soccerbase_match_stats
903564,2024-09-06,Belgium,Israel,cached_from_soccerbase_match_stats
903565,2024-09-06,France,Italy,cached_from_soccerbase_match_stats
903608,2024-09-06,Kazakhstan,Norway,cached_from_soccerbase_match_stats
903609,2024-09-06,Slovenia,Austria,cached_from_soccerbase_match_stats
903610,2024-09-06,Iceland,Montenegro,cached_from_soccerbase_match_stats
903611,2024-09-06,Wales,Turkey,cached_from_soccerbase_match_stats
903660,2024-09-06,Kosovo,Romania,cached_from_soccerbase_match_stats
903661,2024-09-06,Lithuania,Cyprus,cached_from_soccerbase_match_stats
903566,2024-09-07,Germany,Hungary,cached_from_soccerbase_match_stats
903567,2024-09-07,Netherlands,Bosnia-Hz.,cached_from_soccerbase_match_stats
903612,2024-09-07,Georgia,Czech Rep,cached_from_soccerbase_match_stats
903613,2024-09-07,Ireland,England,cached_from_soccerbase_match_stats
903614,2024-09-07,Ukraine,Albania,cached_from_soccerbase_match_stats
903615,2024-09-07,Greece,Finland,cached_from_soccerbase_match_stats
903662,2024-09-07,Faroe Islands,N Macedonia,cached_from_soccerbase_match_stats
903663,2024-09-07,Armenia,Latvia,cached_from_soccerbase_match_stats
903705,2024-09-07,Moldova,Malta,cached_from_soccerbase_match_stats
910370,2024-09-07,USA,Canada,cached_from_soccerbase_match_stats
903568,2024-09-08,Denmark,Serbia,cached_from_soccerbase_match_stats
903569,2024-09-08,Croatia,Poland,cached_from_soccerbase_match_stats
903570,2024-09-08,Portugal,Scotland,cached_from_soccerbase_match_stats
903571,2024-09-08,Switzerland,Spain,cached_from_soccerbase_match_stats
903664,2024-09-08,Luxembourg,Belarus,cached_from_soccerbase_match_stats
903665,2024-09-08,Slovakia,Azerbaijan,cached_from_soccerbase_match_stats
903666,2024-09-08,Bulgaria,N Ireland,cached_from_soccerbase_match_stats
903667,2024-09-08,Sweden,Estonia,cached_from_soccerbase_match_stats
903706,2024-09-08,Gibraltar,Liechtenstein,cached_from_soccerbase_match_stats
905353,2024-09-08,Mexico,New Zealand,cached_from_soccerbase_match_stats
903572,2024-09-09,France,Belgium,cached_from_soccerbase_match_stats
903573,2024-09-09,Israel,Italy,cached_from_soccerbase_match_stats
903616,2024-09-09,Norway,Austria,cached_from_soccerbase_match_stats
903617,2024-09-09,Slovenia,Kazakhstan,cached_from_soccerbase_match_stats
903618,2024-09-09,Montenegro,Wales,cached_from_soccerbase_match_stats
903619,2024-09-09,Turkey,Iceland,cached_from_soccerbase_match_stats
903668,2024-09-09,Cyprus,Kosovo,cached_from_soccerbase_match_stats
903669,2024-09-09,Romania,Lithuania,cached_from_soccerbase_match_stats
903574,2024-09-10,Hungary,Bosnia-Hz.,cached_from_soccerbase_match_stats
903575,2024-09-10,Netherlands,Germany,cached_from_soccerbase_match_stats
903620,2024-09-10,Albania,Georgia,cached_from_soccerbase_match_stats
903621,2024-09-10,Czech Rep,Ukraine,cached_from_soccerbase_match_stats
903622,2024-09-10,England,Finland,cached_from_soccerbase_match_stats
903623,2024-09-10,Ireland,Greece,cached_from_soccerbase_match_stats
903670,2024-09-10,Latvia,Faroe Islands,cached_from_soccerbase_match_stats
903671,2024-09-10,N Macedonia,Armenia,cached_from_soccerbase_match_stats
903707,2024-09-10,Andorra,Malta,cached_from_soccerbase_match_stats
904781,2024-09-10,Moldova,San Marino,cached_from_soccerbase_match_stats
921271,2024-09-10,Vietnam,Thailand,cached_from_soccerbase_match_stats
905354,2024-09-11,Mexico,Canada,cached_from_soccerbase_match_stats
910371,2024-09-11,USA,New Zealand,cached_from_soccerbase_match_stats
903576,2024-10-10,Israel,France,cached_from_soccerbase_match_stats
903577,2024-10-10,Italy,Belgium,cached_from_soccerbase_match_stats
903624,2024-10-10,England,Greece,cached_from_soccerbase_match_stats
903625,2024-10-10,Finland,Ireland,cached_from_soccerbase_match_stats
903626,2024-10-10,Austria,Kazakhstan,cached_from_soccerbase_match_stats
903627,2024-10-10,Norway,Slovenia,cached_from_soccerbase_match_stats
903672,2024-10-10,Faroe Islands,Armenia,cached_from_soccerbase_match_stats
903673,2024-10-10,Latvia,N Macedonia,cached_from_soccerbase_match_stats
903708,2024-10-10,Gibraltar,San Marino,cached_from_soccerbase_match_stats
903709,2024-10-10,Moldova,Andorra,cached_from_soccerbase_match_stats
905802,2024-10-10,Liechtenstein,Hong Kong,cached_from_soccerbase_match_stats
903578,2024-10-11,Bosnia-Hz.,Germany,cached_from_soccerbase_match_stats
903579,2024-10-11,Hungary,Netherlands,cached_from_soccerbase_match_stats
903628,2024-10-11,Czech Rep,Albania,cached_from_soccerbase_match_stats
903629,2024-10-11,Ukraine,Georgia,cached_from_soccerbase_match_stats
903630,2024-10-11,Iceland,Wales,cached_from_soccerbase_match_stats
903631,2024-10-11,Turkey,Montenegro,cached_from_soccerbase_match_stats
903674,2024-10-11,Estonia,Azerbaijan,cached_from_soccerbase_match_stats
903675,2024-10-11,Slovakia,Sweden,cached_from_soccerbase_match_stats
903580,2024-10-12,Croatia,Scotland,cached_from_soccerbase_match_stats
903581,2024-10-12,Poland,Portugal,cached_from_soccerbase_match_stats
903582,2024-10-12,Serbia,Switzerland,cached_from_soccerbase_match_stats
903583,2024-10-12,Spain,Denmark,cached_from_soccerbase_match_stats
903676,2024-10-12,Lithuania,Kosovo,cached_from_soccerbase_match_stats
903677,2024-10-12,Bulgaria,Luxembourg,cached_from_soccerbase_match_stats
903678,2024-10-12,Cyprus,Romania,cached_from_soccerbase_match_stats
903679,2024-10-12,Belarus,N Ireland,cached_from_soccerbase_match_stats
903632,2024-10-13,Kazakhstan,Slovenia,cached_from_soccerbase_match_stats
903633,2024-10-13,Finland,England,cached_from_soccerbase_match_stats
903634,2024-10-13,Greece,Ireland,cached_from_soccerbase_match_stats
903635,2024-10-13,Austria,Norway,cached_from_soccerbase_match_stats
903680,2024-10-13,Armenia,N Macedonia,cached_from_soccerbase_match_stats
903681,2024-10-13,Faroe Islands,Latvia,cached_from_soccerbase_match_stats
903710,2024-10-13,Liechtenstein,Gibraltar,cached_from_soccerbase_match_stats
903711,2024-10-13,Malta,Moldova,cached_from_soccerbase_match_stats
910372,2024-10-13,USA,Panama,cached_from_soccerbase_match_stats
921320,2024-10-13,Andorra,San Marino,cached_from_soccerbase_match_stats
903584,2024-10-14,Belgium,France,cached_from_soccerbase_match_stats
903585,2024-10-14,Italy,Israel,cached_from_soccerbase_match_stats
903586,2024-10-14,Bosnia-Hz.,Hungary,cached_from_soccerbase_match_stats
903587,2024-10-14,Germany,Netherlands,cached_from_soccerbase_match_stats
903636,2024-10-14,Georgia,Albania,cached_from_soccerbase_match_stats
903637,2024-10-14,Ukraine,Czech Rep,cached_from_soccerbase_match_stats
903638,2024-10-14,Iceland,Turkey,cached_from_soccerbase_match_stats
903639,2024-10-14,Wales,Montenegro,cached_from_soccerbase_match_stats
903682,2024-10-14,Azerbaijan,Slovakia,cached_from_soccerbase_match_stats
903683,2024-10-14,Estonia,Sweden,cached_from_soccerbase_match_stats
903588,2024-10-15,Poland,Croatia,cached_from_soccerbase_match_stats
903589,2024-10-15,Scotland,Portugal,cached_from_soccerbase_match_stats
903590,2024-10-15,Spain,Serbia,cached_from_soccerbase_match_stats
903591,2024-10-15,Switzerland,Denmark,cached_from_soccerbase_match_stats
903684,2024-10-15,Kosovo,Cyprus,cached_from_soccerbase_match_stats
903685,2024-10-15,Lithuania,Romania,cached_from_soccerbase_match_stats
903686,2024-10-15,Belarus,Luxembourg,cached_from_soccerbase_match_stats
903687,2024-10-15,N Ireland,Bulgaria,cached_from_soccerbase_match_stats
921284,2024-10-16,Mexico,USA,cached_from_soccerbase_match_stats
921290,2024-10-16,Canada,Panama,cached_from_soccerbase_match_stats
903592,2024-11-14,Belgium,Italy,cached_from_soccerbase_match_stats
903593,2024-11-14,France,Israel,cached_from_soccerbase_match_stats
903640,2024-11-14,Kazakhstan,Austria,cached_from_soccerbase_match_stats
903641,2024-11-14,Greece,England,cached_from_soccerbase_match_stats
903642,2024-11-14,Ireland,Finland,cached_from_soccerbase_match_stats
903643,2024-11-14,Slovenia,Norway,cached_from_soccerbase_match_stats
903688,2024-11-14,Armenia,Faroe Islands,cached_from_soccerbase_match_stats
903689,2024-11-14,N Macedonia,Latvia,cached_from_soccerbase_match_stats
905803,2024-11-14,Malta,Liechtenstein,cached_from_soccerbase_match_stats
922324,2024-11-14,Thailand,Lebanon,cached_from_soccerbase_match_stats
903594,2024-11-15,Portugal,Poland,cached_from_soccerbase_match_stats
903595,2024-11-15,Scotland,Croatia,cached_from_soccerbase_match_stats
903596,2024-11-15,Denmark,Spain,cached_from_soccerbase_match_stats
903597,2024-11-15,Switzerland,Serbia,cached_from_soccerbase_match_stats
903690,2024-11-15,Cyprus,Lithuania,cached_from_soccerbase_match_stats
903691,2024-11-15,Romania,Kosovo,cached_from_soccerbase_match_stats
903692,2024-11-15,Luxembourg,Bulgaria,cached_from_soccerbase_match_stats
903693,2024-11-15,N Ireland,Belarus,cached_from_soccerbase_match_stats
903712,2024-11-15,San Marino,Gibraltar,cached_from_soccerbase_match_stats
922465,2024-11-15,Russia,Brunei,cached_from_soccerbase_match_stats
903598,2024-11-16,Germany,Bosnia-Hz.,cached_from_soccerbase_match_stats
903599,2024-11-16,Netherlands,Hungary,cached_from_soccerbase_match_stats
903644,2024-11-16,Georgia,Ukraine,cached_from_soccerbase_match_stats
903645,2024-11-16,Montenegro,Iceland,cached_from_soccerbase_match_stats
903646,2024-11-16,Turkey,Wales,cached_from_soccerbase_match_stats
903647,2024-11-16,Albania,Czech Rep,cached_from_soccerbase_match_stats
903694,2024-11-16,Azerbaijan,Estonia,cached_from_soccerbase_match_stats
903695,2024-11-16,Sweden,Slovakia,cached_from_soccerbase_match_stats
903713,2024-11-16,Andorra,Moldova,cached_from_soccerbase_match_stats
903600,2024-11-17,Israel,Belgium,cached_from_soccerbase_match_stats
903601,2024-11-17,Italy,France,cached_from_soccerbase_match_stats
903648,2024-11-17,England,Ireland,cached_from_soccerbase_match_stats
903649,2024-11-17,Finland,Greece,cached_from_soccerbase_match_stats
903650,2024-11-17,Austria,Slovenia,cached_from_soccerbase_match_stats
903651,2024-11-17,Norway,Kazakhstan,cached_from_soccerbase_match_stats
903696,2024-11-17,Latvia,Armenia,cached_from_soccerbase_match_stats
903697,2024-11-17,N Macedonia,Faroe Islands,cached_from_soccerbase_match_stats
922464,2024-11-17,Thailand,Laos,cached_from_soccerbase_match_stats
903602,2024-11-18,Croatia,Portugal,cached_from_soccerbase_match_stats
903603,2024-11-18,Poland,Scotland,cached_from_soccerbase_match_stats
903604,2024-11-18,Serbia,Denmark,cached_from_soccerbase_match_stats
903605,2024-11-18,Spain,Switzerland,cached_from_soccerbase_match_stats
903698,2024-11-18,Kosovo,Lithuania,cached_from_soccerbase_match_stats
903699,2024-11-18,Romania,Cyprus,cached_from_soccerbase_match_stats
903700,2024-11-18,Bulgaria,Belarus,cached_from_soccerbase_match_stats
903701,2024-11-18,Luxembourg,N Ireland,cached_from_soccerbase_match_stats
903714,2024-11-18,Liechtenstein,San Marino,cached_from_soccerbase_match_stats
903606,2024-11-19,Bosnia-Hz.,Netherlands,cached_from_soccerbase_match_stats
903607,2024-11-19,Hungary,Germany,cached_from_soccerbase_match_stats
903652,2024-11-19,Albania,Ukraine,cached_from_soccerbase_match_stats
903653,2024-11-19,Czech Rep,Georgia,cached_from_soccerbase_match_stats
903654,2024-11-19,Montenegro,Turkey,cached_from_soccerbase_match_stats
903655,2024-11-19,Wales,Iceland,cached_from_soccerbase_match_stats
903702,2024-11-19,Slovakia,Estonia,cached_from_soccerbase_match_stats
903703,2024-11-19,Sweden,Azerbaijan,cached_from_soccerbase_match_stats
903715,2024-11-19,Malta,Andorra,cached_from_soccerbase_match_stats
921125,2024-11-19,Gibraltar,Moldova,cached_from_soccerbase_match_stats
922466,2024-11-19,Russia,Syria,cached_from_soccerbase_match_stats
932043,2024-11-19,Senegal,Burundi,cached_from_soccerbase_match_stats
923314,2024-12-17,Saudi Arabia,Trinidad,cached_from_soccerbase_match_stats
926042,2025-01-04,Burkina Faso,Kenya,cached_from_soccerbase_match_stats
926043,2025-01-07,Tanzania,Kenya,cached_from_soccerbase_match_stats
926044,2025-01-09,Tanzania,Burkina Faso,cached_from_soccerbase_match_stats
922843,2025-01-18,USA,Venezuela,cached_from_soccerbase_match_stats
923315,2025-01-23,USA,Costa Rica,cached_from_soccerbase_match_stats
927042,2025-02-08,Chile,Panama,cached_from_soccerbase_match_stats
929980,2025-02-17,Kazakhstan,North Korea,cached_from_soccerbase_match_stats
928401,2025-03-16,Honduras,Guatemala,cached_from_soccerbase_match_stats
930538,2025-03-19,Russia,Grenada,cached_from_soccerbase_match_stats
930992,2025-03-19,Kazakhstan,Curacao,cached_from_soccerbase_match_stats
925303,2025-03-20,Tajikistan,Belarus,cached_from_soccerbase_match_stats
929530,2025-03-21,N Ireland,Switzerland,cached_from_soccerbase_match_stats
930356,2025-03-21,Thailand,Afghanistan,cached_from_soccerbase_match_stats
926664,2025-03-22,Luxembourg,Sweden,cached_from_soccerbase_match_stats
930510,2025-03-22,Azerbaijan,Haiti,cached_from_soccerbase_match_stats
926887,2025-03-25,Azerbaijan,Belarus,cached_from_soccerbase_match_stats
927047,2025-03-25,Sweden,N Ireland,cached_from_soccerbase_match_stats
928035,2025-03-25,Switzerland,Luxembourg,cached_from_soccerbase_match_stats
930539,2025-03-25,Russia,Zambia,cached_from_soccerbase_match_stats
931223,2025-05-28,Ghana,Nigeria,cached_from_soccerbase_match_stats
931494,2025-05-30,Saudi Arabia,Jordan,cached_from_soccerbase_match_stats
931615,2025-05-31,Jamaica,Nigeria,cached_from_soccerbase_match_stats
931616,2025-05-31,Trinidad,Ghana,cached_from_soccerbase_match_stats
931518,2025-06-02,Tunisia,Burkina Faso,cached_from_soccerbase_match_stats
931425,2025-06-04,Thailand,India,cached_from_soccerbase_match_stats
931090,2025-06-05,Georgia,Faroe Islands,cached_from_soccerbase_match_stats
931392,2025-06-05,Algeria,Rwanda,cached_from_soccerbase_match_stats
931406,2025-06-05,Belarus,Kazakhstan,cached_from_soccerbase_match_stats
928400,2025-06-06,Scotland,Iceland,cached_from_soccerbase_match_stats
928413,2025-06-06,Hungary,Sweden,cached_from_soccerbase_match_stats
928415,2025-06-06,Bulgaria,Cyprus,cached_from_soccerbase_match_stats
928942,2025-06-06,Luxembourg,Slovenia,cached_from_soccerbase_match_stats
929970,2025-06-06,Russia,Nigeria,cached_from_soccerbase_match_stats
930236,2025-06-06,Morocco,Tunisia,cached_from_soccerbase_match_stats
930380,2025-06-06,Kosovo,Armenia,cached_from_soccerbase_match_stats
930991,2025-06-06,Poland,Moldova,cached_from_soccerbase_match_stats
930994,2025-06-06,Ireland,Senegal,cached_from_soccerbase_match_stats
931583,2025-06-06,South Africa,Tanzania,cached_from_soccerbase_match_stats
931624,2025-06-06,Cameroon,Uganda,cached_from_soccerbase_match_stats
929528,2025-06-07,Greece,Slovakia,cached_from_soccerbase_match_stats
930343,2025-06-07,Latvia,Azerbaijan,cached_from_soccerbase_match_stats
930528,2025-06-07,Mexico,Switzerland,cached_from_soccerbase_match_stats
930540,2025-06-07,USA,Turkey,cached_from_soccerbase_match_stats
931055,2025-06-07,Canada,Ukraine,cached_from_soccerbase_match_stats
931091,2025-06-07,Denmark,N Ireland,cached_from_soccerbase_match_stats
931617,2025-06-07,Chad,Kenya,cached_from_soccerbase_match_stats
931056,2025-06-08,Ivory Coast,New Zealand,cached_from_soccerbase_match_stats
931407,2025-06-08,Georgia,Cape Verde Is.,cached_from_soccerbase_match_stats
928142,2025-06-09,Montenegro,Armenia,cached_from_soccerbase_match_stats
928143,2025-06-09,Liechtenstein,Scotland,cached_from_soccerbase_match_stats
930237,2025-06-09,Morocco,Benin,cached_from_soccerbase_match_stats
931481,2025-06-09,Eq Guinea,Cameroon,cached_from_soccerbase_match_stats
931623,2025-06-09,Kosovo,Comoros,cached_from_soccerbase_match_stats
928414,2025-06-10,Azerbaijan,Hungary,cached_from_soccerbase_match_stats
929502,2025-06-10,Slovenia,Bosnia-Hz.,cached_from_soccerbase_match_stats
929529,2025-06-10,Greece,Bulgaria,cached_from_soccerbase_match_stats
929531,2025-06-10,N Ireland,Iceland,cached_from_soccerbase_match_stats
929971,2025-06-10,Belarus,Russia,cached_from_soccerbase_match_stats
930233,2025-06-10,England,Senegal,cached_from_soccerbase_match_stats
930993,2025-06-10,Luxembourg,Ireland,cached_from_soccerbase_match_stats
931057,2025-06-10,New Zealand,Ukraine,cached_from_soccerbase_match_stats
931092,2025-06-10,Denmark,Lithuania,cached_from_soccerbase_match_stats
931100,2025-06-10,Sweden,Algeria,cached_from_soccerbase_match_stats
931394,2025-06-10,Israel,Slovakia,cached_from_soccerbase_match_stats
931614,2025-06-10,South Africa,Mozambique,cached_from_soccerbase_match_stats
931618,2025-06-10,Kenya,Chad,cached_from_soccerbase_match_stats
930527,2025-06-11,Mexico,Turkey,cached_from_soccerbase_match_stats
930541,2025-06-11,USA,Switzerland,cached_from_soccerbase_match_stats
931058,2025-06-11,Canada,Ivory Coast,cached_from_soccerbase_match_stats
946192,2025-07-22,Tanzania,Uganda,cached_from_soccerbase_match_stats
946193,2025-07-24,Uganda,Senegal,cached_from_soccerbase_match_stats
946171,2025-07-27,Tanzania,Senegal,cached_from_soccerbase_match_stats
946651,2025-08-24,Qatar,Lebanon,cached_from_soccerbase_match_stats
946607,2025-09-03,Qatar,Bahrain,cached_from_soccerbase_match_stats
929990,2025-09-04,Norway,Finland,cached_from_soccerbase_match_stats
946194,2025-09-04,Gibraltar,Albania,cached_from_soccerbase_match_stats
946578,2025-09-04,Russia,Jordan,cached_from_soccerbase_match_stats
946674,2025-09-04,Saudi Arabia,N Macedonia,cached_from_soccerbase_match_stats
929989,2025-09-05,Romania,Canada,cached_from_soccerbase_match_stats
946846,2025-09-05,Indonesia,Chinese Taipei,cached_from_soccerbase_match_stats
931495,2025-09-06,USA,South Korea,cached_from_soccerbase_match_stats
931501,2025-09-07,Mexico,Japan,cached_from_soccerbase_match_stats
946608,2025-09-07,Qatar,Russia,cached_from_soccerbase_match_stats
941500,2025-09-08,Czech Rep,Saudi Arabia,cached_from_soccerbase_match_stats
946779,2025-09-08,Indonesia,Lebanon,cached_from_soccerbase_match_stats
930239,2025-09-09,Wales,Canada,cached_from_soccerbase_match_stats
931099,2025-09-09,Estonia,Andorra,cached_from_soccerbase_match_stats
946835,2025-09-09,Malta,San Marino,cached_from_soccerbase_match_stats
931496,2025-09-10,USA,Japan,cached_from_soccerbase_match_stats
931502,2025-09-10,Mexico,South Korea,cached_from_soccerbase_match_stats
947589,2025-10-08,Gibraltar,New Caledonia,cached_from_soccerbase_match_stats
927789,2025-10-09,Romania,Moldova,cached_from_soccerbase_match_stats
930232,2025-10-09,England,Wales,cached_from_soccerbase_match_stats
946700,2025-10-09,Poland,New Zealand,cached_from_soccerbase_match_stats
947827,2025-10-09,Morocco,Bahrain,cached_from_soccerbase_match_stats
931093,2025-10-10,Russia,Iran,cached_from_soccerbase_match_stats
946841,2025-10-10,South Korea,Brazil,cached_from_soccerbase_match_stats
947666,2025-10-10,Uruguay,Dominican Rep,cached_from_soccerbase_match_stats
947777,2025-10-10,Jordan,Bolivia,cached_from_soccerbase_match_stats
941481,2025-10-11,Canada,Australia,cached_from_soccerbase_match_stats
944649,2025-10-11,USA,Ecuador,cached_from_soccerbase_match_stats
947588,2025-10-11,Argentina,Venezuela,cached_from_soccerbase_match_stats
948354,2025-10-11,Chile,Peru,cached_from_soccerbase_match_stats
929969,2025-10-12,Malta,Bosnia-Hz.,cached_from_soccerbase_match_stats
942620,2025-10-12,Mexico,Colombia,cached_from_soccerbase_match_stats
928141,2025-10-13,Montenegro,Liechtenstein,cached_from_soccerbase_match_stats
947676,2025-10-13,Uzbekistan,Uruguay,cached_from_soccerbase_match_stats
929991,2025-10-14,Norway,New Zealand,cached_from_soccerbase_match_stats
933368,2025-10-14,South Korea,Paraguay,cached_from_soccerbase_match_stats
946644,2025-10-14,Russia,Bolivia,cached_from_soccerbase_match_stats
947677,2025-10-14,Albania,Jordan,cached_from_soccerbase_match_stats
948063,2025-10-14,Venezuela,Belize,cached_from_soccerbase_match_stats
948353,2025-10-14,Iran,Tanzania,cached_from_soccerbase_match_stats
938996,2025-10-15,Colombia,Canada,cached_from_soccerbase_match_stats
944650,2025-10-15,USA,Australia,cached_from_soccerbase_match_stats
946666,2025-10-15,Mexico,Ecuador,cached_from_soccerbase_match_stats
947583,2025-10-15,Puerto Rico,Argentina,cached_from_soccerbase_match_stats
946669,2025-11-12,Russia,Peru,cached_from_soccerbase_match_stats
948814,2025-11-12,Tunisia,Mauritania,cached_from_soccerbase_match_stats
946377,2025-11-13,Lithuania,Israel,cached_from_soccerbase_match_stats
946840,2025-11-13,N Macedonia,Latvia,cached_from_soccerbase_match_stats
946847,2025-11-13,Czech Rep,San Marino,cached_from_soccerbase_match_stats
948516,2025-11-13,Iran,Cape Verde Is.,cached_from_soccerbase_match_stats
948743,2025-11-13,Thailand,Singapore,cached_from_soccerbase_match_stats
948891,2025-11-13,Algeria,Zimbabwe,cached_from_soccerbase_match_stats
947565,2025-11-14,Canada,Ecuador,cached_from_soccerbase_match_stats
947778,2025-11-14,South Korea,Bolivia,cached_from_soccerbase_match_stats
948352,2025-11-14,Nigeria,Venezuela,cached_from_soccerbase_match_stats
948517,2025-11-14,Egypt,Uzbekistan,cached_from_soccerbase_match_stats
948815,2025-11-14,Tunisia,Jordan,cached_from_soccerbase_match_stats
948879,2025-11-14,Angola,Argentina,cached_from_soccerbase_match_stats
948887,2025-11-14,Morocco,Mozambique,cached_from_soccerbase_match_stats
948889,2025-11-14,Saudi Arabia,Ivory Coast,cached_from_soccerbase_match_stats
949042,2025-11-14,Kenya,Eq Guinea,cached_from_soccerbase_match_stats
946667,2025-11-15,Russia,Chile,cached_from_soccerbase_match_stats
947584,2025-11-15,USA,Paraguay,cached_from_soccerbase_match_stats
948579,2025-11-15,Brazil,Senegal,cached_from_soccerbase_match_stats
948838,2025-11-15,Venezuela,Australia,cached_from_soccerbase_match_stats
948880,2025-11-15,South Africa,Zambia,cached_from_soccerbase_match_stats
949038,2025-11-15,Kuwait,Tanzania,cached_from_soccerbase_match_stats
947773,2025-11-16,Colombia,New Zealand,cached_from_soccerbase_match_stats
947776,2025-11-16,Mexico,Uruguay,cached_from_soccerbase_match_stats
930238,2025-11-17,Finland,Andorra,cached_from_soccerbase_match_stats
949046,2025-11-17,Qatar,Zimbabwe,cached_from_soccerbase_match_stats
949162,2025-11-17,Egypt,Cape Verde Is.,cached_from_soccerbase_match_stats
928416,2025-11-18,Cyprus,Estonia,cached_from_soccerbase_match_stats
946668,2025-11-18,Chile,Peru,cached_from_soccerbase_match_stats
948577,2025-11-18,Faroe Islands,Kazakhstan,cached_from_soccerbase_match_stats
948580,2025-11-18,Brazil,Tunisia,cached_from_soccerbase_match_stats
948581,2025-11-18,South Korea,Ghana,cached_from_soccerbase_match_stats
948888,2025-11-18,Morocco,Uganda,cached_from_soccerbase_match_stats
948890,2025-11-18,Saudi Arabia,Algeria,cached_from_soccerbase_match_stats
948932,2025-11-18,Oman,Ivory Coast,cached_from_soccerbase_match_stats
948958,2025-11-18,Burundi,Zambia,cached_from_soccerbase_match_stats
949040,2025-11-18,Senegal,Kenya,cached_from_soccerbase_match_stats
949163,2025-11-18,Uzbekistan,Iran,cached_from_soccerbase_match_stats
949164,2025-11-18,Angola,Zambia,cached_from_soccerbase_match_stats
947585,2025-11-19,USA,Uruguay,cached_from_soccerbase_match_stats
947774,2025-11-19,Ecuador,New Zealand,cached_from_soccerbase_match_stats
947775,2025-11-19,Venezuela,Canada,cached_from_soccerbase_match_stats
947828,2025-11-19,Mexico,Paraguay,cached_from_soccerbase_match_stats
948837,2025-11-19,Colombia,Australia,cached_from_soccerbase_match_stats
949429,2025-12-16,Egypt,Nigeria,cached_from_soccerbase_match_stats
949562,2025-12-16,Zambia,DR Congo,cached_from_soccerbase_match_stats
949650,2025-12-18,Tunisia,Botswana,cached_from_soccerbase_match_stats
949651,2025-12-21,Peru,Bolivia,cached_from_soccerbase_match_stats
929485,2026-01-03,Mali,Tunisia,cached_from_soccerbase_match_stats
939011,2026-01-03,Senegal,Sudan,cached_from_soccerbase_match_stats
929486,2026-01-04,Morocco,Tanzania,cached_from_soccerbase_match_stats
939012,2026-01-04,South Africa,Cameroon,cached_from_soccerbase_match_stats
929487,2026-01-05,Egypt,Benin,cached_from_soccerbase_match_stats
939013,2026-01-05,Nigeria,Mozambique,cached_from_soccerbase_match_stats
929488,2026-01-06,Algeria,DR Congo,cached_from_soccerbase_match_stats
939014,2026-01-06,Ivory Coast,Burkina Faso,cached_from_soccerbase_match_stats
952715,2026-01-09,Mali,Senegal,cached_from_soccerbase_match_stats
952716,2026-01-09,Cameroon,Morocco,cached_from_soccerbase_match_stats
952781,2026-01-10,Algeria,Nigeria,cached_from_soccerbase_match_stats
952782,2026-01-10,Egypt,Ivory Coast,cached_from_soccerbase_match_stats
929489,2026-01-14,Senegal,Egypt,cached_from_soccerbase_match_stats
939015,2026-01-14,Nigeria,Morocco,cached_from_soccerbase_match_stats
929490,2026-01-17,Egypt,Nigeria,cached_from_soccerbase_match_stats
929491,2026-01-18,Senegal,Morocco,cached_from_soccerbase_match_stats
949559,2026-01-18,Bolivia,Panama,cached_from_soccerbase_match_stats
949735,2026-01-18,Canada,Guatemala,cached_from_soccerbase_match_stats
949643,2026-01-23,Panama,Mexico,cached_from_soccerbase_match_stats
949644,2026-01-25,Bolivia,Mexico,cached_from_soccerbase_match_stats
955043,2026-01-26,Uzbekistan,China,cached_from_soccerbase_match_stats
949645,2026-02-26,Mexico,Iceland,cached_from_soccerbase_match_stats
956335,2026-03-15,Bolivia,Trinidad,cached_from_soccerbase_match_stats
956943,2026-03-25,Kazakhstan,Namibia,cached_from_soccerbase_match_stats
949381,2026-03-26,Brazil,France,cached_from_soccerbase_match_stats
949633,2026-03-26,Georgia,Israel,cached_from_soccerbase_match_stats
952917,2026-03-26,Colombia,Croatia,cached_from_soccerbase_match_stats
953524,2026-03-26,Cyprus,Belarus,cached_from_soccerbase_match_stats
953549,2026-03-26,Moldova,Lithuania,cached_from_soccerbase_match_stats
956334,2026-03-26,Tanzania,Liechtenstein,cached_from_soccerbase_match_stats
949553,2026-03-27,Netherlands,Norway,cached_from_soccerbase_match_stats
949554,2026-03-27,Switzerland,Germany,cached_from_soccerbase_match_stats
949557,2026-03-27,England,Uruguay,cached_from_soccerbase_match_stats
953759,2026-03-27,Saudi Arabia,Egypt,cached_from_soccerbase_match_stats
954542,2026-03-27,Chile,Cape Verde Is.,cached_from_soccerbase_match_stats
954552,2026-03-27,New Zealand,Finland,cached_from_soccerbase_match_stats
954573,2026-03-27,Australia,Cameroon,cached_from_soccerbase_match_stats
954574,2026-03-27,Austria,Ghana,cached_from_soccerbase_match_stats
954575,2026-03-27,China,Curacao,cached_from_soccerbase_match_stats
955128,2026-03-27,Montenegro,Andorra,cached_from_soccerbase_match_stats
955700,2026-03-27,South Africa,Panama,cached_from_soccerbase_match_stats
955737,2026-03-27,Morocco,Ecuador,cached_from_soccerbase_match_stats
955748,2026-03-27,Venezuela,Trinidad,cached_from_soccerbase_match_stats
955924,2026-03-27,Greece,Paraguay,cached_from_soccerbase_match_stats
955925,2026-03-27,Indonesia,St Kitts and Nev,cached_from_soccerbase_match_stats
955926,2026-03-27,Soloman Islands,Bulgaria,cached_from_soccerbase_match_stats
956069,2026-03-27,Azerbaijan,St Lucia,cached_from_soccerbase_match_stats
956313,2026-03-27,Jordan,Costa Rica,cached_from_soccerbase_match_stats
956321,2026-03-27,Algeria,Guatemala,cached_from_soccerbase_match_stats
956327,2026-03-27,Kenya,Estonia,cached_from_soccerbase_match_stats
956394,2026-03-27,Russia,Nicaragua,cached_from_soccerbase_match_stats
956776,2026-03-27,Spain,Serbia,cached_from_soccerbase_match_stats
956911,2026-03-27,Argentina,Mauritania,cached_from_soccerbase_match_stats
957234,2026-03-27,Uzbekistan,Gabon,cached_from_soccerbase_match_stats
949315,2026-03-28,USA,Belgium,cached_from_soccerbase_match_stats
954580,2026-03-28,Scotland,Japan,cached_from_soccerbase_match_stats
954586,2026-03-28,Canada,Iceland,cached_from_soccerbase_match_stats
955044,2026-03-28,Hungary,Slovenia,cached_from_soccerbase_match_stats
955709,2026-03-28,South Korea,Ivory Coast,cached_from_soccerbase_match_stats
956311,2026-03-28,Senegal,Peru,cached_from_soccerbase_match_stats
956780,2026-03-28,San Marino,Faroe Islands,cached_from_soccerbase_match_stats
957019,2026-03-28,Zambia,Malawi,cached_from_soccerbase_match_stats
949319,2026-03-29,Mexico,Portugal,cached_from_soccerbase_match_stats
949382,2026-03-29,Colombia,France,cached_from_soccerbase_match_stats
949634,2026-03-29,Lithuania,Georgia,cached_from_soccerbase_match_stats
954588,2026-03-29,Haiti,Tunisia,cached_from_soccerbase_match_stats
955048,2026-03-29,Armenia,Belarus,cached_from_soccerbase_match_stats
957075,2026-03-29,Aruba,Liechtenstein,cached_from_soccerbase_match_stats
957076,2026-03-29,Macau,Tanzania,cached_from_soccerbase_match_stats
949563,2026-03-30,Germany,Ghana,cached_from_soccerbase_match_stats
953525,2026-03-30,Cyprus,Moldova,cached_from_soccerbase_match_stats
954543,2026-03-30,New Zealand,Chile,cached_from_soccerbase_match_stats
954553,2026-03-30,Cape Verde Is.,Finland,cached_from_soccerbase_match_stats
955749,2026-03-30,Uzbekistan,Venezuela,cached_from_soccerbase_match_stats
956068,2026-03-30,UAE,Faroe Islands,cached_from_soccerbase_match_stats
957020,2026-03-30,Azerbaijan,Sierra Leone,cached_from_soccerbase_match_stats
957086,2026-03-30,Indonesia,Bulgaria,cached_from_soccerbase_match_stats
957088,2026-03-30,Rwanda,Estonia,cached_from_soccerbase_match_stats
957089,2026-03-30,Grenada,Kenya,cached_from_soccerbase_match_stats
949555,2026-03-31,Netherlands,Ecuador,cached_from_soccerbase_match_stats
949556,2026-03-31,Norway,Switzerland,cached_from_soccerbase_match_stats
949558,2026-03-31,England,Japan,cached_from_soccerbase_match_stats
953757,2026-03-31,Spain,Egypt,cached_from_soccerbase_match_stats
954576,2026-03-31,Australia,Curacao,cached_from_soccerbase_match_stats
954577,2026-03-31,Austria,South Korea,cached_from_soccerbase_match_stats
954578,2026-03-31,Cameroon,China,cached_from_soccerbase_match_stats
954581,2026-03-31,Serbia,Saudi Arabia,cached_from_soccerbase_match_stats
954582,2026-03-31,Montenegro,Slovenia,cached_from_soccerbase_match_stats
954589,2026-03-31,Haiti,Iceland,cached_from_soccerbase_match_stats
954591,2026-03-31,Qatar,Argentina,cached_from_soccerbase_match_stats
955045,2026-03-31,Hungary,Greece,cached_from_soccerbase_match_stats
955116,2026-03-31,Kazakhstan,Comoros,cached_from_soccerbase_match_stats
955126,2026-03-31,Ivory Coast,Scotland,cached_from_soccerbase_match_stats
955701,2026-03-31,South Africa,Panama,cached_from_soccerbase_match_stats
955738,2026-03-31,Morocco,Paraguay,cached_from_soccerbase_match_stats
955739,2026-03-31,San Marino,Andorra,cached_from_soccerbase_match_stats
956312,2026-03-31,Senegal,Gambia,cached_from_soccerbase_match_stats
956314,2026-03-31,Jordan,Nigeria,cached_from_soccerbase_match_stats
956324,2026-03-31,Algeria,Uruguay,cached_from_soccerbase_match_stats
956328,2026-03-31,Peru,Honduras,cached_from_soccerbase_match_stats
956406,2026-03-31,Russia,Mali,cached_from_soccerbase_match_stats
957077,2026-03-31,Ukraine,Albania,cached_from_soccerbase_match_stats
957078,2026-03-31,Slovakia,Romania,cached_from_soccerbase_match_stats
957085,2026-03-31,Wales,N Ireland,cached_from_soccerbase_match_stats
957087,2026-03-31,Ireland,N Macedonia,cached_from_soccerbase_match_stats
957090,2026-03-31,Zimbabwe,Zambia,cached_from_soccerbase_match_stats
949316,2026-04-01,USA,Portugal,cached_from_soccerbase_match_stats
949320,2026-04-01,Mexico,Belgium,cached_from_soccerbase_match_stats
949718,2026-04-01,Brazil,Croatia,cached_from_soccerbase_match_stats
954587,2026-04-01,Canada,Tunisia,cached_from_soccerbase_match_stats
956912,2026-04-01,Argentina,Zambia,cached_from_soccerbase_match_stats
956910,2026-05-16,Ireland,Grenada,cached_from_soccerbase_match_stats
955969,2026-05-23,Mexico,Ghana,cached_from_soccerbase_match_stats
957166,2026-05-26,Nigeria,Zimbabwe,cached_from_soccerbase_match_stats
957725,2026-05-26,Morocco,Burundi,cached_from_soccerbase_match_stats
955711,2026-05-28,Ireland,Qatar,cached_from_soccerbase_match_stats
957435,2026-05-28,Egypt,Russia,cached_from_soccerbase_match_stats
956944,2026-05-29,Colombia,Costa Rica,cached_from_soccerbase_match_stats
957236,2026-05-29,Bosnia-Hz.,N Macedonia,cached_from_soccerbase_match_stats
957467,2026-05-29,South Africa,Nicaragua,cached_from_soccerbase_match_stats
957524,2026-05-29,Andorra,Iraq,cached_from_soccerbase_match_stats
957697,2026-05-29,Iran,Gambia,cached_from_soccerbase_match_stats
954583,2026-05-30,Scotland,Curacao,cached_from_soccerbase_match_stats
947587,2026-05-31,Germany,Finland,cached_from_soccerbase_match_stats
949560,2026-05-31,USA,Senegal,cached_from_soccerbase_match_stats
955970,2026-05-31,Mexico,Australia,cached_from_soccerbase_match_stats
956322,2026-05-31,Switzerland,Jordan,cached_from_soccerbase_match_stats
956561,2026-05-31,Brazil,Panama,cached_from_soccerbase_match_stats
957131,2026-05-31,Japan,Iceland,cached_from_soccerbase_match_stats
957289,2026-05-31,Ecuador,Saudi Arabia,cached_from_soccerbase_match_stats
957466,2026-05-31,Cape Verde Is.,Serbia,cached_from_soccerbase_match_stats
957698,2026-05-31,Poland,Ukraine,cached_from_soccerbase_match_stats
957720,2026-05-31,Czech Rep,Kosovo,cached_from_soccerbase_match_stats
957726,2026-05-31,South Korea,Trinidad,cached_from_soccerbase_match_stats
954579,2026-06-01,Austria,Tunisia,cached_from_soccerbase_match_stats
956608,2026-06-01,Norway,Sweden,cached_from_soccerbase_match_stats
957291,2026-06-01,Bulgaria,Montenegro,cached_from_soccerbase_match_stats
957292,2026-06-01,Slovakia,Malta,cached_from_soccerbase_match_stats
957483,2026-06-01,Turkey,N Macedonia,cached_from_soccerbase_match_stats
953758,2026-06-02,Canada,Uzbekistan,cached_from_soccerbase_match_stats
954296,2026-06-02,Croatia,Belgium,cached_from_soccerbase_match_stats
956432,2026-06-02,Wales,Ghana,cached_from_soccerbase_match_stats
956777,2026-06-02,Georgia,Romania,cached_from_soccerbase_match_stats
957727,2026-06-02,Morocco,Madagascar,cached_from_soccerbase_match_stats
956428,2026-06-03,Netherlands,Algeria,cached_from_soccerbase_match_stats
957129,2026-06-03,Poland,Nigeria,cached_from_soccerbase_match_stats
957235,2026-06-03,Luxembourg,Italy,cached_from_soccerbase_match_stats
957463,2026-06-03,Denmark,DR Congo,cached_from_soccerbase_match_stats
957523,2026-06-03,Albania,Israel,cached_from_soccerbase_match_stats
957639,2026-06-03,Haiti,New Zealand,cached_from_soccerbase_match_stats
957723,2026-06-03,Gibraltar,Virgin Isl. (UK),cached_from_soccerbase_match_stats
956774,2026-06-04,France,Ivory Coast,cached_from_soccerbase_match_stats
957128,2026-06-04,Slovenia,Cyprus,cached_from_soccerbase_match_stats
957361,2026-06-04,Andorra,Liechtenstein,cached_from_soccerbase_match_stats
957362,2026-06-04,Sweden,Greece,cached_from_soccerbase_match_stats
957365,2026-06-04,Panama,Dominican Rep,cached_from_soccerbase_match_stats
957484,2026-06-04,N Ireland,Guinea,cached_from_soccerbase_match_stats
957508,2026-06-04,Spain,Iraq,cached_from_soccerbase_match_stats
957556,2026-06-04,South Korea,El Salvador,cached_from_soccerbase_match_stats
955971,2026-06-05,Mexico,Serbia,cached_from_soccerbase_match_stats
955974,2026-06-05,Hungary,Finland,cached_from_soccerbase_match_stats
957167,2026-06-05,Moldova,Bulgaria,cached_from_soccerbase_match_stats
957293,2026-06-05,Slovakia,Montenegro,cached_from_soccerbase_match_stats
957358,2026-06-05,Georgia,Bahrain,cached_from_soccerbase_match_stats
957366,2026-06-05,Guatemala,Czech Rep,cached_from_soccerbase_match_stats
957427,2026-06-05,Indonesia,Oman,cached_from_soccerbase_match_stats
957436,2026-06-05,Russia,Burkina Faso,cached_from_soccerbase_match_stats
957462,2026-06-05,Belarus,Syria,cached_from_soccerbase_match_stats
957468,2026-06-05,Paraguay,Nicaragua,cached_from_soccerbase_match_stats
957636,2026-06-05,Azerbaijan,Malta,cached_from_soccerbase_match_stats
957638,2026-06-05,Singapore,China,cached_from_soccerbase_match_stats
957641,2026-06-05,Thailand,Kuwait,cached_from_soccerbase_match_stats
949317,2026-06-06,USA,Germany,cached_from_soccerbase_match_stats
954584,2026-06-06,Belgium,Tunisia,cached_from_soccerbase_match_stats
955710,2026-06-06,Canada,Ireland,cached_from_soccerbase_match_stats
955713,2026-06-06,England,New Zealand,cached_from_soccerbase_match_stats
956070,2026-06-06,Brazil,Egypt,cached_from_soccerbase_match_stats
956395,2026-06-06,Portugal,Chile,cached_from_soccerbase_match_stats
956945,2026-06-06,Armenia,Kazakhstan,cached_from_soccerbase_match_stats
957226,2026-06-06,Bolivia,Scotland,cached_from_soccerbase_match_stats
957237,2026-06-06,Romania,Wales,cached_from_soccerbase_match_stats
957294,2026-06-06,Australia,Switzerland,cached_from_soccerbase_match_stats
957367,2026-06-06,Albania,Luxembourg,cached_from_soccerbase_match_stats
957369,2026-06-06,Qatar,El Salvador,cached_from_soccerbase_match_stats
957522,2026-06-06,Panama,Bosnia-Hz.,cached_from_soccerbase_match_stats
957573,2026-06-06,Haiti,Peru,cached_from_soccerbase_match_stats
957722,2026-06-06,Gibraltar,Cayman Islands,cached_from_soccerbase_match_stats
954585,2026-06-07,Croatia,Slovenia,cached_from_soccerbase_match_stats
957225,2026-06-07,Argentina,Honduras,cached_from_soccerbase_match_stats
957290,2026-06-07,Morocco,Norway,cached_from_soccerbase_match_stats
957357,2026-06-07,Ecuador,Guatemala,cached_from_soccerbase_match_stats
957434,2026-06-07,Greece,Italy,cached_from_soccerbase_match_stats
957464,2026-06-07,Denmark,Ukraine,cached_from_soccerbase_match_stats
957485,2026-06-07,Venezuela,Turkey,cached_from_soccerbase_match_stats
957521,2026-06-07,Liechtenstein,Cyprus,cached_from_soccerbase_match_stats
957721,2026-06-07,Kosovo,Andorra,cached_from_soccerbase_match_stats
956323,2026-06-08,Colombia,Jordan,cached_from_soccerbase_match_stats
957296,2026-06-08,France,N Ireland,cached_from_soccerbase_match_stats
957640,2026-06-08,Netherlands,Uzbekistan,cached_from_soccerbase_match_stats
955962,2026-06-09,Kazakhstan,Hungary,cached_from_soccerbase_match_stats
956946,2026-06-09,Armenia,Moldova,cached_from_soccerbase_match_stats
957165,2026-06-09,Peru,Spain,cached_from_soccerbase_match_stats
957224,2026-06-09,Iceland,Argentina,cached_from_soccerbase_match_stats
957437,2026-06-09,Russia,Trinidad,cached_from_soccerbase_match_stats
957465,2026-06-09,DR Congo,Chile,cached_from_soccerbase_match_stats
957525,2026-06-09,Belarus,Burkina Faso,cached_from_soccerbase_match_stats
957570,2026-06-09,San Marino,Azerbaijan,cached_from_soccerbase_match_stats
955714,2026-06-10,England,Costa Rica,cached_from_soccerbase_match_stats
957130,2026-06-10,Portugal,Nigeria,cached_from_soccerbase_match_stats
957486,2026-06-10,Saudi Arabia,Senegal,cached_from_soccerbase_match_stats
957295,2026-06-11,Austria,Guatemala,cached_from_soccerbase_match_stats
955750,2026-09-24,Netherlands,Germany,cached_from_soccerbase_match_stats
955751,2026-09-24,Serbia,Greece,cached_from_soccerbase_match_stats
955752,2026-09-24,Norway,Denmark,cached_from_soccerbase_match_stats
955753,2026-09-24,Portugal,Wales,cached_from_soccerbase_match_stats
955754,2026-09-24,Austria,Israel,cached_from_soccerbase_match_stats
955755,2026-09-24,Kosovo,Ireland,cached_from_soccerbase_match_stats
955756,2026-09-24,Andorra,Malta,cached_from_soccerbase_match_stats
955757,2026-09-24,Liechtenstein,Lithuania,cached_from_soccerbase_match_stats
955758,2026-09-25,Georgia,N Ireland,cached_from_soccerbase_match_stats
955759,2026-09-25,Armenia,Latvia,cached_from_soccerbase_match_stats
955760,2026-09-25,Italy,Belgium,cached_from_soccerbase_match_stats
955761,2026-09-25,Turkey,France,cached_from_soccerbase_match_stats
955762,2026-09-25,Hungary,Ukraine,cached_from_soccerbase_match_stats
955763,2026-09-25,Poland,Bosnia-Hz.,cached_from_soccerbase_match_stats
955764,2026-09-25,Sweden,Romania,cached_from_soccerbase_match_stats
955765,2026-09-25,Montenegro,Cyprus,cached_from_soccerbase_match_stats
955766,2026-09-26,Slovenia,Scotland,cached_from_soccerbase_match_stats
955767,2026-09-26,San Marino,Finland,cached_from_soccerbase_match_stats
955768,2026-09-26,Faroe Islands,Kazakhstan,cached_from_soccerbase_match_stats
955769,2026-09-26,Bulgaria,Luxembourg,cached_from_soccerbase_match_stats
955770,2026-09-26,Iceland,Estonia,cached_from_soccerbase_match_stats
955771,2026-09-26,Czech Rep,Croatia,cached_from_soccerbase_match_stats
955772,2026-09-26,England,Spain,cached_from_soccerbase_match_stats
955773,2026-09-26,N Macedonia,Switzerland,cached_from_soccerbase_match_stats
955774,2026-09-26,Albania,Belarus,cached_from_soccerbase_match_stats
955775,2026-09-26,Slovakia,Moldova,cached_from_soccerbase_match_stats
955776,2026-09-27,Lithuania,Azerbaijan,cached_from_soccerbase_match_stats
955777,2026-09-27,Serbia,Netherlands,cached_from_soccerbase_match_stats
955778,2026-09-27,Denmark,Wales,cached_from_soccerbase_match_stats
955779,2026-09-27,Austria,Kosovo,cached_from_soccerbase_match_stats
955780,2026-09-27,Gibraltar,Andorra,cached_from_soccerbase_match_stats
955781,2026-09-27,Germany,Greece,cached_from_soccerbase_match_stats
955782,2026-09-27,Norway,Portugal,cached_from_soccerbase_match_stats
955783,2026-09-27,Israel,Ireland,cached_from_soccerbase_match_stats
955784,2026-09-28,Georgia,Ukraine,cached_from_soccerbase_match_stats
955785,2026-09-28,Armenia,Montenegro,cached_from_soccerbase_match_stats
955786,2026-09-28,Belgium,France,cached_from_soccerbase_match_stats
955787,2026-09-28,Turkey,Italy,cached_from_soccerbase_match_stats
955788,2026-09-28,N Ireland,Hungary,cached_from_soccerbase_match_stats
955789,2026-09-28,Romania,Bosnia-Hz.,cached_from_soccerbase_match_stats
955790,2026-09-28,Sweden,Poland,cached_from_soccerbase_match_stats
955791,2026-09-28,Latvia,Cyprus,cached_from_soccerbase_match_stats
955792,2026-09-29,Czech Rep,England,cached_from_soccerbase_match_stats
955793,2026-09-29,Spain,Croatia,cached_from_soccerbase_match_stats
955794,2026-09-29,Scotland,Switzerland,cached_from_soccerbase_match_stats
955795,2026-09-29,Slovenia,N Macedonia,cached_from_soccerbase_match_stats
955796,2026-09-29,Finland,Belarus,cached_from_soccerbase_match_stats
955797,2026-09-29,San Marino,Albania,cached_from_soccerbase_match_stats
955798,2026-09-29,Moldova,Faroe Islands,cached_from_soccerbase_match_stats
955799,2026-09-29,Slovakia,Kazakhstan,cached_from_soccerbase_match_stats
955800,2026-09-29,Bulgaria,Estonia,cached_from_soccerbase_match_stats
955801,2026-09-29,Luxembourg,Iceland,cached_from_soccerbase_match_stats
955802,2026-10-01,Azerbaijan,Liechtenstein,cached_from_soccerbase_match_stats
955803,2026-10-01,Germany,Serbia,cached_from_soccerbase_match_stats
955804,2026-10-01,Greece,Netherlands,cached_from_soccerbase_match_stats
955805,2026-10-01,Denmark,Portugal,cached_from_soccerbase_match_stats
955806,2026-10-01,Wales,Norway,cached_from_soccerbase_match_stats
955807,2026-10-01,Israel,Kosovo,cached_from_soccerbase_match_stats
955808,2026-10-01,Ireland,Austria,cached_from_soccerbase_match_stats
955904,2026-10-01,Malta,Gibraltar,cached_from_soccerbase_match_stats
948896,2026-06-12,South Korea,Czech Rep,lineup_fetched
948897,2026-06-11,Mexico,South Africa,lineup_fetched
957949,2026-06-11,Bolivia,Algeria,lineup_fetched
957892,2026-06-10,Iraq,Venezuela,lineup_fetched
957889,2026-06-09,China,Thailand,lineup_fetched
957896,2026-06-09,Indonesia,Mozambique,lineup_fetched
957951,2026-06-07,Kenya,Lesotho,lineup_fetched
958310,2026-06-06,Jamaica,South Africa,lineup_fetched
957897,2026-06-06,Puerto Rico,Saudi Arabia,lineup_fetched
958011,2026-06-04,Iran,Mali,lineup_fetched
957950,2026-06-04,Lesotho,Kenya,lineup_fetched
957946,2026-05-30,Jamaica,Nigeria,lineup_fetched
948898,2026-06-12,Canada,Bosnia-HZ.,lineup_fetched
948899,2026-06-13,USA,Paraguay,lineup_fetched
948900,2026-06-13,Qatar,Switzerland,lineup_fetched
948902,2026-06-14,Haiti,Scotland,lineup_fetched
948901,2026-06-13,Brazil,Morocco,lineup_fetched
948903,2026-06-14,Australia,Turkey,lineup_fetched
948905,2026-06-15,Ivory Coast,Ecuador,lineup_fetched
948904,2026-06-14,Germany,Curacao,lineup_fetched
948907,2026-06-15,Sweden,Tunisia,lineup_fetched
948906,2026-06-14,Netherlands,Japan,lineup_fetched
949378,2026-06-16,Iran,New Zealand,lineup_fetched
949371,2026-06-15,Belgium,Egypt,lineup_fetched
949372,2026-06-15,Saudi Arabia,Uruguay,lineup_fetched
949375,2026-06-15,Spain,Cape Verde Is.,lineup_fetched
949430,2026-06-16,France,Senegal,lineup_fetched
957125,2026-06-16,Iraq,Norway,lineup_fetched
949433,2026-06-17,Argentina,Algeria,lineup_fetched
949434,2026-06-17,Austria,Jordan,lineup_fetched
949439,2026-06-18,Uzbekistan,Colombia,lineup_fetched
957122,2026-06-17,Portugal,DR Congo,lineup_fetched
949443,2026-06-18,Ghana,Panama,lineup_fetched
949442,2026-06-17,England,Croatia,lineup_fetched
948911,2026-06-19,Mexico,South Korea,lineup_fetched
948908,2026-06-18,Czech Rep,South Africa,lineup_fetched
948910,2026-06-18,Canada,Qatar,lineup_fetched
948909,2026-06-18,Switzerland,Bosnia-HZ.,lineup_fetched
948912,2026-06-20,Brazil,Haiti,lineup_fetched
948913,2026-06-19,Scotland,Morocco,lineup_fetched
948914,2026-06-20,Turkey,Paraguay,lineup_fetched
948915,2026-06-19,USA,Australia,lineup_fetched
948917,2026-06-21,Ecuador,Curacao,lineup_fetched
948916,2026-06-20,Germany,Ivory Coast,lineup_fetched
948919,2026-06-21,Tunisia,Japan,lineup_fetched
948918,2026-06-20,Netherlands,Sweden,lineup_fetched
949379,2026-06-22,New Zealand,Egypt,lineup_fetched
949369,2026-06-21,Belgium,Iran,lineup_fetched
949373,2026-06-21,Spain,Saudi Arabia,lineup_fetched
949376,2026-06-21,Uruguay,Cape Verde Is.,lineup_fetched
949431,2026-06-23,Norway,Senegal,lineup_fetched
957126,2026-06-22,France,Iraq,lineup_fetched
949436,2026-06-23,Jordan,Algeria,lineup_fetched
949435,2026-06-22,Argentina,Austria,lineup_fetched
957123,2026-06-24,Colombia,DR Congo,lineup_fetched
949440,2026-06-23,Portugal,Uzbekistan,lineup_fetched
949445,2026-06-24,Panama,Croatia,lineup_fetched
949444,2026-06-23,England,Ghana,lineup_fetched
948921,2026-06-25,Czech Rep,Mexico,lineup_fetched
948920,2026-06-25,South Africa,South Korea,lineup_fetched
948922,2026-06-24,Bosnia-HZ.,Qatar,lineup_fetched
948923,2026-06-24,Switzerland,Canada,lineup_fetched
948924,2026-06-24,Morocco,Haiti,lineup_fetched
948925,2026-06-24,Scotland,Brazil,lineup_fetched
948929,2026-06-25,Ecuador,Germany,lineup_fetched
948928,2026-06-25,Curacao,Ivory Coast,lineup_fetched
948931,2026-06-26,Tunisia,Netherlands,lineup_fetched
948930,2026-06-26,Japan,Sweden,lineup_fetched
948927,2026-06-26,Turkey,USA,lineup_fetched
948926,2026-06-26,Paraguay,Australia,lineup_fetched
949432,2026-06-26,Norway,France,lineup_fetched
957127,2026-06-26,Senegal,Iraq,lineup_fetched
923541,2025-11-17,Germany,Slovakia,lineup_fetched
923514,2025-11-17,N Ireland,Luxembourg,lineup_fetched
923551,2025-11-14,Luxembourg,Germany,lineup_fetched
923502,2025-11-14,Slovakia,N Ireland,lineup_fetched
923564,2025-10-13,N Ireland,Germany,lineup_fetched
923489,2025-10-13,Slovakia,Luxembourg,lineup_fetched
923555,2025-10-10,Germany,Luxembourg,lineup_fetched
923477,2025-10-10,N Ireland,Slovakia,lineup_fetched
923536,2025-09-07,Germany,N Ireland,lineup_fetched
923461,2025-09-07,Luxembourg,Slovakia,lineup_fetched
923448,2025-09-04,Luxembourg,N Ireland,lineup_fetched
923531,2025-09-04,Slovakia,Germany,lineup_fetched
923516,2025-11-18,Kosovo,Switzerland,lineup_fetched
923517,2025-11-18,Sweden,Slovenia,lineup_fetched
923507,2025-11-15,Slovenia,Kosovo,lineup_fetched
923508,2025-11-15,Switzerland,Sweden,lineup_fetched
923490,2025-10-13,Slovenia,Switzerland,lineup_fetched
923491,2025-10-13,Sweden,Kosovo,lineup_fetched
923478,2025-10-10,Kosovo,Slovenia,lineup_fetched
923479,2025-10-10,Sweden,Switzerland,lineup_fetched
923464,2025-09-08,Kosovo,Sweden,lineup_fetched
923465,2025-09-08,Switzerland,Slovenia,lineup_fetched
923451,2025-09-05,Slovenia,Sweden,lineup_fetched
923452,2025-09-05,Switzerland,Kosovo,lineup_fetched
923518,2025-11-18,Belarus,Greece,lineup_fetched
923569,2025-11-18,Scotland,Denmark,lineup_fetched
923554,2025-11-15,Denmark,Belarus,lineup_fetched
923509,2025-11-15,Greece,Scotland,lineup_fetched
923560,2025-10-12,Denmark,Greece,lineup_fetched
923486,2025-10-12,Scotland,Belarus,lineup_fetched
923559,2025-10-09,Belarus,Denmark,lineup_fetched
923472,2025-10-09,Scotland,Greece,lineup_fetched
923466,2025-09-08,Belarus,Scotland,lineup_fetched
923544,2025-09-08,Greece,Denmark,lineup_fetched
923529,2025-09-05,Denmark,Scotland,lineup_fetched
923453,2025-09-05,Greece,Belarus,lineup_fetched
923535,2025-11-16,Azerbaijan,France,lineup_fetched
923512,2025-11-16,Ukraine,Iceland,lineup_fetched
923498,2025-11-13,Azerbaijan,Iceland,lineup_fetched
923548,2025-11-13,France,Ukraine,lineup_fetched
923565,2025-10-13,Iceland,France,lineup_fetched
923492,2025-10-13,Ukraine,Azerbaijan,lineup_fetched
923556,2025-10-10,France,Azerbaijan,lineup_fetched
923480,2025-10-10,Iceland,Ukraine,lineup_fetched
923468,2025-09-09,Azerbaijan,Ukraine,lineup_fetched
923537,2025-09-09,France,Iceland,lineup_fetched
923454,2025-09-05,Iceland,Azerbaijan,lineup_fetched
923533,2025-09-05,Ukraine,France,lineup_fetched
923519,2025-11-18,Bulgaria,Georgia,lineup_fetched
923545,2025-11-18,Spain,Turkey,lineup_fetched
923553,2025-11-15,Georgia,Spain,lineup_fetched
923504,2025-11-15,Turkey,Bulgaria,lineup_fetched
923566,2025-10-14,Spain,Bulgaria,lineup_fetched
923495,2025-10-14,Turkey,Georgia,lineup_fetched
923484,2025-10-11,Bulgaria,Turkey,lineup_fetched
923557,2025-10-11,Spain,Georgia,lineup_fetched
923459,2025-09-07,Georgia,Bulgaria,lineup_fetched
923539,2025-09-07,Turkey,Spain,lineup_fetched
923532,2025-09-04,Bulgaria,Spain,lineup_fetched
923447,2025-09-04,Georgia,Turkey,lineup_fetched
923511,2025-11-16,Hungary,Ireland,lineup_fetched
923538,2025-11-16,Portugal,Armenia,lineup_fetched
923499,2025-11-13,Armenia,Hungary,lineup_fetched
923549,2025-11-13,Ireland,Portugal,lineup_fetched
923496,2025-10-14,Ireland,Armenia,lineup_fetched
923567,2025-10-14,Portugal,Hungary,lineup_fetched
923482,2025-10-11,Hungary,Armenia,lineup_fetched
923558,2025-10-11,Portugal,Ireland,lineup_fetched
923469,2025-09-09,Armenia,Ireland,lineup_fetched
923547,2025-09-09,Hungary,Portugal,lineup_fetched
923534,2025-09-06,Armenia,Portugal,lineup_fetched
923456,2025-09-06,Ireland,Hungary,lineup_fetched
923515,2025-11-17,Malta,Poland,lineup_fetched
923543,2025-11-17,Netherlands,Lithuania,lineup_fetched
923501,2025-11-14,Finland,Malta,lineup_fetched
923552,2025-11-14,Poland,Netherlands,lineup_fetched
923487,2025-10-12,Lithuania,Poland,lineup_fetched
923561,2025-10-12,Netherlands,Finland,lineup_fetched
923473,2025-10-09,Finland,Lithuania,lineup_fetched
923562,2025-10-09,Malta,Netherlands,lineup_fetched
923542,2025-09-07,Lithuania,Netherlands,lineup_fetched
923462,2025-09-07,Poland,Finland,lineup_fetched
923449,2025-09-04,Lithuania,Malta,lineup_fetched
923528,2025-09-04,Netherlands,Poland,lineup_fetched
923443,2025-06-10,Finland,Poland,lineup_fetched
923527,2025-06-10,Netherlands,Malta,lineup_fetched
923525,2025-06-07,Finland,Netherlands,lineup_fetched
923438,2025-06-07,Malta,Lithuania,lineup_fetched
923426,2025-03-24,Lithuania,Finland,lineup_fetched
923427,2025-03-24,Poland,Malta,lineup_fetched
923418,2025-03-21,Malta,Finland,lineup_fetched
923419,2025-03-21,Poland,Lithuania,lineup_fetched
923520,2025-11-18,Austria,Bosnia-HZ.,lineup_fetched
923521,2025-11-18,Romania,San Marino,lineup_fetched
923510,2025-11-15,Bosnia-HZ.,Romania,lineup_fetched
923505,2025-11-15,Cyprus,Austria,lineup_fetched
923488,2025-10-12,Romania,Austria,lineup_fetched
923485,2025-10-12,San Marino,Cyprus,lineup_fetched
923474,2025-10-09,Austria,San Marino,lineup_fetched
923475,2025-10-09,Cyprus,Bosnia-HZ.,lineup_fetched
923470,2025-09-09,Bosnia-HZ.,Austria,lineup_fetched
923471,2025-09-09,Cyprus,Romania,lineup_fetched
923457,2025-09-06,Austria,Cyprus,lineup_fetched
923458,2025-09-06,San Marino,Bosnia-HZ.,lineup_fetched
923444,2025-06-10,Romania,Cyprus,lineup_fetched
923445,2025-06-10,San Marino,Austria,lineup_fetched
923439,2025-06-07,Austria,Romania,lineup_fetched
923437,2025-06-07,Bosnia-HZ.,San Marino,lineup_fetched
923428,2025-03-24,Bosnia-HZ.,Cyprus,lineup_fetched
923429,2025-03-24,San Marino,Romania,lineup_fetched
923420,2025-03-21,Cyprus,San Marino,lineup_fetched
923421,2025-03-21,Romania,Bosnia-HZ.,lineup_fetched
923513,2025-11-16,Israel,Moldova,lineup_fetched
923540,2025-11-16,Italy,Norway,lineup_fetched
923550,2025-11-13,Moldova,Italy,lineup_fetched
923500,2025-11-13,Norway,Estonia,lineup_fetched
923497,2025-10-14,Estonia,Moldova,lineup_fetched
923568,2025-10-14,Italy,Israel,lineup_fetched
923563,2025-10-11,Estonia,Italy,lineup_fetched
923483,2025-10-11,Norway,Israel,lineup_fetched
923467,2025-09-09,Norway,Moldova,lineup_fetched
923546,2025-09-08,Israel,Italy,lineup_fetched
923530,2025-09-05,Italy,Estonia,lineup_fetched
923455,2025-09-05,Moldova,Israel,lineup_fetched
923441,2025-06-09,Estonia,Norway,lineup_fetched
923526,2025-06-09,Italy,Moldova,lineup_fetched
923434,2025-06-06,Estonia,Israel,lineup_fetched
923524,2025-06-06,Norway,Italy,lineup_fetched
923430,2025-03-25,Israel,Norway,lineup_fetched
923431,2025-03-25,Moldova,Estonia,lineup_fetched
923424,2025-03-22,Israel,Estonia,lineup_fetched
923423,2025-03-22,Moldova,Norway,lineup_fetched
923522,2025-11-18,Belgium,Liechtenstein,lineup_fetched
923523,2025-11-18,Wales,N Macedonia,lineup_fetched
923503,2025-11-15,Kazakhstan,Belgium,lineup_fetched
923506,2025-11-15,Liechtenstein,Wales,lineup_fetched
923493,2025-10-13,N Macedonia,Kazakhstan,lineup_fetched
923494,2025-10-13,Wales,Belgium,lineup_fetched
923481,2025-10-10,Belgium,N Macedonia,lineup_fetched
923476,2025-10-10,Kazakhstan,Liechtenstein,lineup_fetched
923463,2025-09-07,Belgium,Kazakhstan,lineup_fetched
923460,2025-09-07,N Macedonia,Liechtenstein,lineup_fetched
923446,2025-09-04,Kazakhstan,Wales,lineup_fetched
923450,2025-09-04,Liechtenstein,Belgium,lineup_fetched
923442,2025-06-09,Belgium,Wales,lineup_fetched
923440,2025-06-09,Kazakhstan,N Macedonia,lineup_fetched
923435,2025-06-06,N Macedonia,Belgium,lineup_fetched
923436,2025-06-06,Wales,Liechtenstein,lineup_fetched
923432,2025-03-25,Liechtenstein,Kazakhstan,lineup_fetched
923433,2025-03-25,N Macedonia,Wales,lineup_fetched
923422,2025-03-22,Liechtenstein,N Macedonia,lineup_fetched
923425,2025-03-22,Wales,Kazakhstan,lineup_fetched
923588,2025-11-16,Albania,England,lineup_fetched
923589,2025-11-16,Serbia,Latvia,lineup_fetched
923586,2025-11-13,Andorra,Albania,lineup_fetched
923587,2025-11-13,England,Serbia,lineup_fetched
923584,2025-10-14,Andorra,Serbia,lineup_fetched
923585,2025-10-14,Latvia,England,lineup_fetched
923582,2025-10-11,Latvia,Andorra,lineup_fetched
923583,2025-10-11,Serbia,Albania,lineup_fetched
923580,2025-09-09,Albania,Latvia,lineup_fetched
923581,2025-09-09,Serbia,England,lineup_fetched
923579,2025-09-06,England,Andorra,lineup_fetched
923578,2025-09-06,Latvia,Serbia,lineup_fetched
923576,2025-06-10,Latvia,Albania,lineup_fetched
923577,2025-06-10,Serbia,Andorra,lineup_fetched
923575,2025-06-07,Albania,Serbia,lineup_fetched
923574,2025-06-07,Andorra,England,lineup_fetched
923572,2025-03-24,Albania,Andorra,lineup_fetched
923573,2025-03-24,England,Latvia,lineup_fetched
923570,2025-03-21,Andorra,Latvia,lineup_fetched
923571,2025-03-21,England,Albania,lineup_fetched
923601,2025-11-17,Czech Rep,Gibraltar,lineup_fetched
923606,2025-11-17,Montenegro,Croatia,lineup_fetched
923607,2025-11-14,Croatia,Faroe Islands,lineup_fetched
923600,2025-11-14,Gibraltar,Montenegro,lineup_fetched
923609,2025-10-12,Croatia,Gibraltar,lineup_fetched
923599,2025-10-12,Faroe Islands,Czech Rep,lineup_fetched
923608,2025-10-09,Czech Rep,Croatia,lineup_fetched
923598,2025-10-09,Faroe Islands,Montenegro,lineup_fetched
923605,2025-09-08,Croatia,Montenegro,lineup_fetched
923597,2025-09-08,Gibraltar,Faroe Islands,lineup_fetched
923604,2025-09-05,Faroe Islands,Croatia,lineup_fetched
923596,2025-09-05,Montenegro,Czech Rep,lineup_fetched
923603,2025-06-09,Croatia,Czech Rep,lineup_fetched
923595,2025-06-09,Faroe Islands,Gibraltar,lineup_fetched
923594,2025-06-06,Czech Rep,Montenegro,lineup_fetched
923602,2025-06-06,Gibraltar,Croatia,lineup_fetched
923592,2025-03-25,Gibraltar,Czech Rep,lineup_fetched
923593,2025-03-25,Montenegro,Faroe Islands,lineup_fetched
923591,2025-03-22,Czech Rep,Faroe Islands,lineup_fetched
923590,2025-03-22,Montenegro,Gibraltar,lineup_fetched
893626,2025-09-10,Bolivia,Brazil,lineup_fetched
893851,2025-09-10,Chile,Uruguay,lineup_fetched
893852,2025-09-10,Ecuador,Argentina,lineup_fetched
893853,2025-09-10,Peru,Paraguay,lineup_fetched
893854,2025-09-10,Venezuela,Colombia,lineup_fetched
893625,2025-09-05,Argentina,Venezuela,lineup_fetched
893847,2025-09-05,Brazil,Chile,lineup_fetched
893848,2025-09-05,Colombia,Bolivia,lineup_fetched
893849,2025-09-05,Paraguay,Ecuador,lineup_fetched
893850,2025-09-05,Uruguay,Peru,lineup_fetched
893624,2025-06-11,Argentina,Colombia,lineup_fetched
893844,2025-06-11,Brazil,Paraguay,lineup_fetched
893845,2025-06-11,Peru,Ecuador,lineup_fetched
893846,2025-06-11,Uruguay,Venezuela,lineup_fetched
893843,2025-06-10,Bolivia,Chile,lineup_fetched
893623,2025-06-06,Chile,Argentina,lineup_fetched
893839,2025-06-06,Colombia,Peru,lineup_fetched
893840,2025-06-06,Ecuador,Brazil,lineup_fetched
893841,2025-06-06,Paraguay,Uruguay,lineup_fetched
893842,2025-06-06,Venezuela,Bolivia,lineup_fetched
893622,2025-03-26,Argentina,Brazil,lineup_fetched
893836,2025-03-26,Chile,Ecuador,lineup_fetched
893837,2025-03-26,Colombia,Paraguay,lineup_fetched
893838,2025-03-26,Venezuela,Peru,lineup_fetched
893835,2025-03-25,Bolivia,Uruguay,lineup_fetched
893621,2025-03-21,Brazil,Colombia,lineup_fetched
893831,2025-03-21,Ecuador,Venezuela,lineup_fetched
893833,2025-03-21,Peru,Bolivia,lineup_fetched
893834,2025-03-21,Uruguay,Argentina,lineup_fetched
893832,2025-03-20,Paraguay,Chile,lineup_fetched
893620,2024-11-20,Argentina,Peru,lineup_fetched
893828,2024-11-20,Brazil,Uruguay,lineup_fetched
893829,2024-11-20,Chile,Venezuela,lineup_fetched
893827,2024-11-19,Bolivia,Paraguay,lineup_fetched
893830,2024-11-19,Colombia,Ecuador,lineup_fetched
893824,2024-11-16,Peru,Chile,lineup_fetched
893825,2024-11-16,Uruguay,Colombia,lineup_fetched
893619,2024-11-15,Ecuador,Bolivia,lineup_fetched
893823,2024-11-14,Paraguay,Argentina,lineup_fetched
893826,2024-11-14,Venezuela,Brazil,lineup_fetched
893618,2024-10-16,Argentina,Bolivia,lineup_fetched
893819,2024-10-16,Brazil,Peru,lineup_fetched
893821,2024-10-16,Paraguay,Venezuela,lineup_fetched
893822,2024-10-16,Uruguay,Ecuador,lineup_fetched
893820,2024-10-15,Colombia,Chile,lineup_fetched
893817,2024-10-12,Peru,Uruguay,lineup_fetched
893815,2024-10-11,Chile,Brazil,lineup_fetched
893617,2024-10-10,Bolivia,Colombia,lineup_fetched
893816,2024-10-10,Ecuador,Paraguay,lineup_fetched
893818,2024-10-10,Venezuela,Argentina,lineup_fetched
893813,2024-09-11,Paraguay,Brazil,lineup_fetched
893616,2024-09-10,Chile,Bolivia,lineup_fetched
893811,2024-09-10,Colombia,Argentina,lineup_fetched
893812,2024-09-10,Ecuador,Peru,lineup_fetched
893814,2024-09-10,Venezuela,Uruguay,lineup_fetched
893808,2024-09-07,Brazil,Ecuador,lineup_fetched
893809,2024-09-07,Peru,Colombia,lineup_fetched
893810,2024-09-07,Uruguay,Paraguay,lineup_fetched
893615,2024-09-06,Argentina,Chile,lineup_fetched
893807,2024-09-05,Bolivia,Venezuela,lineup_fetched
893614,2023-11-22,Brazil,Argentina,lineup_fetched
893805,2023-11-22,Peru,Venezuela,lineup_fetched
893803,2023-11-21,Ecuador,Chile,lineup_fetched
893804,2023-11-21,Paraguay,Colombia,lineup_fetched
893806,2023-11-21,Uruguay,Bolivia,lineup_fetched
893613,2023-11-17,Argentina,Uruguay,lineup_fetched
893800,2023-11-17,Chile,Paraguay,lineup_fetched
893801,2023-11-17,Colombia,Brazil,lineup_fetched
893799,2023-11-16,Bolivia,Peru,lineup_fetched
893802,2023-11-16,Venezuela,Ecuador,lineup_fetched
893612,2023-10-18,Ecuador,Colombia,lineup_fetched
893796,2023-10-18,Peru,Argentina,lineup_fetched
893797,2023-10-18,Uruguay,Brazil,lineup_fetched
893795,2023-10-17,Paraguay,Bolivia,lineup_fetched
893798,2023-10-17,Venezuela,Chile,lineup_fetched
893611,2023-10-13,Argentina,Paraguay,lineup_fetched
893791,2023-10-13,Bolivia,Ecuador,lineup_fetched
893792,2023-10-13,Brazil,Venezuela,lineup_fetched
893793,2023-10-13,Chile,Peru,lineup_fetched
893794,2023-10-12,Colombia,Uruguay,lineup_fetched
893790,2023-09-13,Chile,Colombia,lineup_fetched
893610,2023-09-13,Peru,Brazil,lineup_fetched
893609,2023-09-12,Bolivia,Argentina,lineup_fetched
893788,2023-09-12,Ecuador,Uruguay,lineup_fetched
893789,2023-09-12,Venezuela,Paraguay,lineup_fetched
893786,2023-09-09,Brazil,Bolivia,lineup_fetched
893787,2023-09-09,Uruguay,Chile,lineup_fetched
893608,2023-09-08,Argentina,Ecuador,lineup_fetched
893785,2023-09-08,Colombia,Venezuela,lineup_fetched
893784,2023-09-07,Paraguay,Peru,lineup_fetched
901175,2024-03-26,Turks & Caicos,Anguilla,lineup_fetched
903227,2024-03-26,Virgin Isl. (UK),Virgin Isl. (US),lineup_fetched
901174,2024-03-22,Anguilla,Turks & Caicos,lineup_fetched
903226,2024-03-22,Virgin Isl. (US),Virgin Isl. (UK),lineup_fetched
920293,2025-06-10,Iran,North Korea,lineup_fetched
920297,2025-06-10,Kyrgyzstan,UAE,lineup_fetched
920300,2025-06-10,Uzbekistan,Qatar,lineup_fetched
920286,2025-06-05,North Korea,Kyrgyzstan,lineup_fetched
920291,2025-06-05,Qatar,Iran,lineup_fetched
920292,2025-06-05,UAE,Uzbekistan,lineup_fetched
920278,2025-03-25,Iran,Uzbekistan,lineup_fetched
920283,2025-03-25,Kyrgyzstan,Qatar,lineup_fetched
920277,2025-03-25,North Korea,UAE,lineup_fetched
920269,2025-03-20,Iran,UAE,lineup_fetched
920274,2025-03-20,Qatar,North Korea,lineup_fetched
920276,2025-03-20,Uzbekistan,Kyrgyzstan,lineup_fetched
920265,2024-11-19,Kyrgyzstan,Iran,lineup_fetched
920262,2024-11-19,North Korea,Uzbekistan,lineup_fetched
920268,2024-11-19,UAE,Qatar,lineup_fetched
920254,2024-11-14,North Korea,Iran,lineup_fetched
920259,2024-11-14,Qatar,Uzbekistan,lineup_fetched
920260,2024-11-14,UAE,Kyrgyzstan,lineup_fetched
920245,2024-10-15,Iran,Qatar,lineup_fetched
920249,2024-10-15,Kyrgyzstan,North Korea,lineup_fetched
920252,2024-10-15,Uzbekistan,UAE,lineup_fetched
920241,2024-10-10,Qatar,Kyrgyzstan,lineup_fetched
920243,2024-10-10,UAE,North Korea,lineup_fetched
920244,2024-10-10,Uzbekistan,Iran,lineup_fetched
919088,2024-09-10,Kyrgyzstan,Uzbekistan,lineup_fetched
920235,2024-09-10,North Korea,Qatar,lineup_fetched
919090,2024-09-10,UAE,Iran,lineup_fetched
919077,2024-09-05,Iran,Kyrgyzstan,lineup_fetched
919082,2024-09-05,Qatar,UAE,lineup_fetched
919084,2024-09-05,Uzbekistan,North Korea,lineup_fetched
920295,2025-06-10,Jordan,Iraq,lineup_fetched
920298,2025-06-10,Palestine,Oman,lineup_fetched
920296,2025-06-10,South Korea,Kuwait,lineup_fetched
920288,2025-06-05,Iraq,South Korea,lineup_fetched
920289,2025-06-05,Kuwait,Palestine,lineup_fetched
920290,2025-06-05,Oman,Jordan,lineup_fetched
920282,2025-03-25,Kuwait,Oman,lineup_fetched
920284,2025-03-25,Palestine,Iraq,lineup_fetched
920281,2025-03-25,South Korea,Jordan,lineup_fetched
920270,2025-03-20,Iraq,Kuwait,lineup_fetched
920272,2025-03-20,Jordan,Palestine,lineup_fetched
920273,2025-03-20,South Korea,Oman,lineup_fetched
920264,2024-11-19,Kuwait,Jordan,lineup_fetched
920266,2024-11-19,Oman,Iraq,lineup_fetched
920267,2024-11-19,Palestine,South Korea,lineup_fetched
920256,2024-11-14,Iraq,Jordan,lineup_fetched
920257,2024-11-14,Kuwait,South Korea,lineup_fetched
920258,2024-11-14,Oman,Palestine,lineup_fetched
920247,2024-10-15,Jordan,Oman,lineup_fetched
920250,2024-10-15,Palestine,Kuwait,lineup_fetched
920248,2024-10-15,South Korea,Iraq,lineup_fetched
920238,2024-10-10,Iraq,Palestine,lineup_fetched
920239,2024-10-10,Jordan,South Korea,lineup_fetched
920240,2024-10-10,Oman,Kuwait,lineup_fetched
919087,2024-09-10,Kuwait,Iraq,lineup_fetched
919089,2024-09-10,Oman,South Korea,lineup_fetched
920236,2024-09-10,Palestine,Jordan,lineup_fetched
919078,2024-09-05,Iraq,Oman,lineup_fetched
919080,2024-09-05,Jordan,Kuwait,lineup_fetched
919081,2024-09-05,South Korea,Palestine,lineup_fetched
893601,2023-10-17,Bangladesh,Maldives,lineup_fetched
893952,2023-10-17,Bhutan,Hong Kong,lineup_fetched
893953,2023-10-17,Brunei,Indonesia,lineup_fetched
893954,2023-10-17,Guam,Singapore,lineup_fetched
893955,2023-10-17,Laos,Nepal,lineup_fetched
893956,2023-10-17,Macau,Myanmar,lineup_fetched
893957,2023-10-17,Mongolia,Afghanistan,lineup_fetched
893958,2023-10-17,Pakistan,Cambodia,lineup_fetched
893959,2023-10-17,Sri Lanka,Yemen,lineup_fetched
893960,2023-10-17,Timor-Leste,Chinese Taipei,lineup_fetched
893600,2023-10-12,Afghanistan,Mongolia,lineup_fetched
893943,2023-10-12,Cambodia,Pakistan,lineup_fetched
893944,2023-10-12,Chinese Taipei,Timor-Leste,lineup_fetched
893945,2023-10-12,Hong Kong,Bhutan,lineup_fetched
893946,2023-10-12,Indonesia,Brunei,lineup_fetched
893947,2023-10-12,Maldives,Bangladesh,lineup_fetched
893948,2023-10-12,Myanmar,Macau,lineup_fetched
893949,2023-10-12,Nepal,Laos,lineup_fetched
893950,2023-10-12,Singapore,Guam,lineup_fetched
893951,2023-10-12,Yemen,Sri Lanka,lineup_fetched
949374,2026-06-27,Egypt,Iran,lineup_fetched
949380,2026-06-27,New Zealand,Belgium,lineup_fetched
949377,2026-06-27,Cape Verde Is.,Saudi Arabia,lineup_fetched
949370,2026-06-27,Uruguay,Spain,lineup_fetched
949438,2026-06-28,Algeria,Austria,lineup_fetched
949437,2026-06-28,Jordan,Argentina,lineup_fetched
949441,2026-06-28,Colombia,Portugal,lineup_fetched
957124,2026-06-28,DR Congo,Uzbekistan,lineup_fetched
949447,2026-06-27,Croatia,Ghana,lineup_fetched
949446,2026-06-27,Panama,England,lineup_fetched
949448,2026-06-28,South Africa,Canada,lineup_fetched
949449,2026-06-30,Netherlands,Morocco,lineup_fetched
949450,2026-06-29,Brazil,Japan,lineup_fetched
966308,2026-06-29,Germany,Paraguay,lineup_fetched
966310,2026-07-01,Mexico,Ecuador,lineup_fetched
966309,2026-06-30,France,Sweden,lineup_fetched
966307,2026-06-30,Ivory Coast,Norway,lineup_fetched
966154,2026-07-02,USA,Bosnia-HZ.,lineup_fetched
966313,2026-07-01,Belgium,Senegal,lineup_fetched
966314,2026-07-01,England,DR Congo,lineup_fetched
966311,2026-07-03,Portugal,Croatia,lineup_fetched
966316,2026-07-03,Switzerland,Algeria,lineup_fetched
966315,2026-07-02,Spain,Austria,lineup_fetched
966312,2026-07-04,Colombia,Ghana,lineup_fetched
963586,2026-07-03,Argentina,Cape Verde Is.,lineup_fetched
949451,2026-07-03,Australia,Egypt,lineup_fetched
967644,2026-07-06,Mexico,England,lineup_fetched
966800,2026-07-05,Brazil,Norway,lineup_fetched
966799,2026-07-04,Canada,Morocco,lineup_fetched
966801,2026-07-04,Paraguay,France,lineup_fetched
967645,2026-07-07,USA,Belgium,lineup_fetched
968498,2026-07-06,Portugal,Spain,lineup_fetched
968884,2026-07-07,Argentina,Egypt,lineup_fetched
968885,2026-07-07,Switzerland,Colombia,lineup_fetched
