source,soccerbase_game_id,date,competition,season,tab,stage,home_team,away_team,team,opponent,is_home,player_id,player_name,card_type,minute,event_source,source_url
soccerbase,849211,2022-12-18,World Cup,2022,default,Final,Argentina,France,Argentina,France,1,117769,G Montiel,yellow,,lineup_bubble,https://www.soccerbase.com/tournaments/tournament.sd?tourn_id=1764
soccerbase,849211,2022-12-18,World Cup,2022,default,Final,Argentina,France,Argentina,France,1,75352,L Paredes,yellow,,lineup_bubble,https://www.soccerbase.com/tournaments/tournament.sd?tourn_id=1764
soccerbase,849211,2022-12-18,World Cup,2022,default,Final,Argentina,France,Argentina,France,1,146709,E Fernandez,yellow,,lineup_bubble,https://www.soccerbase.com/tournaments/tournament.sd?tourn_id=1764
soccerbase,849211,2022-12-18,World Cup,2022,default,Final,Argentina,France,Argentina,France,1,97936,M Acuna,yellow,,lineup_bubble,https://www.soccerbase.com/tournaments/tournament.sd?tourn_id=1764
soccerbase,849211,2022-12-18,World Cup,2022,default,Final,Argentina,France,France,Argentina,0,66569,A Rabiot,yellow,,lineup_bubble,https://www.soccerbase.com/tournaments/tournament.sd?tourn_id=1764
soccerbase,849211,2022-12-18,World Cup,2022,default,Final,Argentina,France,France,Argentina,0,88176,M Thuram,yellow,,lineup_bubble,https://www.soccerbase.com/tournaments/tournament.sd?tourn_id=1764
soccerbase,849211,2022-12-18,World Cup,2022,default,Final,Argentina,France,France,Argentina,0,55730,O Giroud,yellow,,lineup_bubble,https://www.soccerbase.com/tournaments/tournament.sd?tourn_id=1764
soccerbase,849210,2022-12-17,World Cup,2022,default,3rd/4th Place Play-Off,Croatia,Morocco,Morocco,Croatia,0,86167,S Amallah,yellow,,lineup_bubble,https://www.soccerbase.com/tournaments/tournament.sd?tourn_id=1764
soccerbase,849210,2022-12-17,World Cup,2022,default,3rd/4th Place Play-Off,Croatia,Morocco,Morocco,Croatia,0,123795,A Ounahi,yellow,,lineup_bubble,https://www.soccerbase.com/tournaments/tournament.sd?tourn_id=1764
soccerbase,849209,2022-12-14,World Cup,2022,default,Semi-finals,France,Morocco,Morocco,France,0,80669,S Boufal,yellow,,lineup_bubble,https://www.soccerbase.com/tournaments/tournament.sd?tourn_id=1764
soccerbase,849208,2022-12-13,World Cup,2022,default,Semi-finals,Argentina,Croatia,Argentina,Croatia,1,114081,C Romero,yellow,,lineup_bubble,https://www.soccerbase.com/tournaments/tournament.sd?tourn_id=1764
soccerbase,849208,2022-12-13,World Cup,2022,default,Semi-finals,Argentina,Croatia,Argentina,Croatia,1,54605,N Otamendi,yellow,,lineup_bubble,https://www.soccerbase.com/tournaments/tournament.sd?tourn_id=1764
soccerbase,849208,2022-12-13,World Cup,2022,default,Semi-finals,Argentina,Croatia,Croatia,Argentina,0,88011,D Livakovic,yellow,,lineup_bubble,https://www.soccerbase.com/tournaments/tournament.sd?tourn_id=1764
soccerbase,849208,2022-12-13,World Cup,2022,default,Semi-finals,Argentina,Croatia,Croatia,Argentina,0,58067,M Kovacic,yellow,,lineup_bubble,https://www.soccerbase.com/tournaments/tournament.sd?tourn_id=1764
soccerbase,871578,2022-12-10,World Cup,2022,default,Quarter-finals,England,France,England,France,1,58712,H Maguire,yellow,,lineup_bubble,https://www.soccerbase.com/tournaments/tournament.sd?tourn_id=1764
soccerbase,871578,2022-12-10,World Cup,2022,default,Quarter-finals,England,France,France,England,0,90072,T Hernandez,yellow,,lineup_bubble,https://www.soccerbase.com/tournaments/tournament.sd?tourn_id=1764
soccerbase,871578,2022-12-10,World Cup,2022,default,Quarter-finals,England,France,France,England,0,54123,A Griezmann,yellow,,lineup_bubble,https://www.soccerbase.com/tournaments/tournament.sd?tourn_id=1764
soccerbase,871578,2022-12-10,World Cup,2022,default,Quarter-finals,England,France,France,England,0,88995,O Dembele,yellow,,lineup_bubble,https://www.soccerbase.com/tournaments/tournament.sd?tourn_id=1764
soccerbase,871596,2022-12-10,World Cup,2022,default,Quarter-finals,Morocco,Portugal,Morocco,Portugal,1,116612,A Dari,yellow,,lineup_bubble,https://www.soccerbase.com/tournaments/tournament.sd?tourn_id=1764
soccerbase,871596,2022-12-10,World Cup,2022,default,Quarter-finals,Morocco,Portugal,Morocco,Portugal,1,130243,W Cheddira,yellow,,lineup_bubble,https://www.soccerbase.com/tournaments/tournament.sd?tourn_id=1764
soccerbase,871596,2022-12-10,World Cup,2022,default,Quarter-finals,Morocco,Portugal,Morocco,Portugal,1,130243,W Cheddira,red,,lineup_bubble,https://www.soccerbase.com/tournaments/tournament.sd?tourn_id=1764
soccerbase,871596,2022-12-10,World Cup,2022,default,Quarter-finals,Morocco,Portugal,Portugal,Morocco,0,128908,Vitinha,yellow,,lineup_bubble,https://www.soccerbase.com/tournaments/tournament.sd?tourn_id=1764
soccerbase,871595,2022-12-09,World Cup,2022,default,Quarter-finals,Croatia,Brazil,Croatia,Brazil,1,67235,M Brozovic,yellow,,lineup_bubble,https://www.soccerbase.com/tournaments/tournament.sd?tourn_id=1764
soccerbase,871595,2022-12-09,World Cup,2022,default,Quarter-finals,Croatia,Brazil,Croatia,Brazil,1,69062,B Petkovic,yellow,,lineup_bubble,https://www.soccerbase.com/tournaments/tournament.sd?tourn_id=1764
soccerbase,871595,2022-12-09,World Cup,2022,default,Quarter-finals,Croatia,Brazil,Brazil,Croatia,0,66754,Marquinhos,yellow,,lineup_bubble,https://www.soccerbase.com/tournaments/tournament.sd?tourn_id=1764
soccerbase,871595,2022-12-09,World Cup,2022,default,Quarter-finals,Croatia,Brazil,Brazil,Croatia,0,63899,Danilo,yellow,,lineup_bubble,https://www.soccerbase.com/tournaments/tournament.sd?tourn_id=1764
soccerbase,871595,2022-12-09,World Cup,2022,default,Quarter-finals,Croatia,Brazil,Brazil,Croatia,0,65160,Casemiro,yellow,,lineup_bubble,https://www.soccerbase.com/tournaments/tournament.sd?tourn_id=1764
soccerbase,871577,2022-12-09,World Cup,2022,default,Quarter-finals,Netherlands,Argentina,Netherlands,Argentina,1,121666,J Timber,yellow,,lineup_bubble,https://www.soccerbase.com/tournaments/tournament.sd?tourn_id=1764
soccerbase,871577,2022-12-09,World Cup,2022,default,Quarter-finals,Netherlands,Argentina,Netherlands,Argentina,1,57044,S Berghuis,yellow,,lineup_bubble,https://www.soccerbase.com/tournaments/tournament.sd?tourn_id=1764
soccerbase,871577,2022-12-09,World Cup,2022,default,Quarter-finals,Netherlands,Argentina,Netherlands,Argentina,1,79264,S Bergwijn,yellow,,lineup_bubble,https://www.soccerbase.com/tournaments/tournament.sd?tourn_id=1764
soccerbase,871577,2022-12-09,World Cup,2022,default,Quarter-finals,Netherlands,Argentina,Netherlands,Argentina,1,77075,W Weghorst,yellow,,lineup_bubble,https://www.soccerbase.com/tournaments/tournament.sd?tourn_id=1764
soccerbase,871577,2022-12-09,World Cup,2022,default,Quarter-finals,Netherlands,Argentina,Netherlands,Argentina,1,64031,M Depay,yellow,,lineup_bubble,https://www.soccerbase.com/tournaments/tournament.sd?tourn_id=1764
soccerbase,871577,2022-12-09,World Cup,2022,default,Quarter-finals,Netherlands,Argentina,Argentina,Netherlands,0,54605,N Otamendi,yellow,,lineup_bubble,https://www.soccerbase.com/tournaments/tournament.sd?tourn_id=1764
soccerbase,871577,2022-12-09,World Cup,2022,default,Quarter-finals,Netherlands,Argentina,Argentina,Netherlands,0,85638,G Pezzella,yellow,,lineup_bubble,https://www.soccerbase.com/tournaments/tournament.sd?tourn_id=1764
soccerbase,871577,2022-12-09,World Cup,2022,default,Quarter-finals,Netherlands,Argentina,Argentina,Netherlands,0,114081,C Romero,yellow,,lineup_bubble,https://www.soccerbase.com/tournaments/tournament.sd?tourn_id=1764
soccerbase,871577,2022-12-09,World Cup,2022,default,Quarter-finals,Netherlands,Argentina,Argentina,Netherlands,0,97936,M Acuna,yellow,,lineup_bubble,https://www.soccerbase.com/tournaments/tournament.sd?tourn_id=1764
soccerbase,871577,2022-12-09,World Cup,2022,default,Quarter-finals,Netherlands,Argentina,Argentina,Netherlands,0,119327,L Martinez,yellow,,lineup_bubble,https://www.soccerbase.com/tournaments/tournament.sd?tourn_id=1764
soccerbase,871577,2022-12-09,World Cup,2022,default,Quarter-finals,Netherlands,Argentina,Argentina,Netherlands,0,117769,G Montiel,yellow,,lineup_bubble,https://www.soccerbase.com/tournaments/tournament.sd?tourn_id=1764
soccerbase,871577,2022-12-09,World Cup,2022,default,Quarter-finals,Netherlands,Argentina,Argentina,Netherlands,0,75352,L Paredes,yellow,,lineup_bubble,https://www.soccerbase.com/tournaments/tournament.sd?tourn_id=1764
soccerbase,871577,2022-12-09,World Cup,2022,default,Quarter-finals,Netherlands,Argentina,Argentina,Netherlands,0,39850,L Messi,yellow,,lineup_bubble,https://www.soccerbase.com/tournaments/tournament.sd?tourn_id=1764
soccerbase,849203,2022-12-06,World Cup,2022,default,Last 16,Morocco,Spain,Morocco,Spain,1,84821,R Saiss,yellow,,lineup_bubble,https://www.soccerbase.com/tournaments/tournament.sd?tourn_id=1764
soccerbase,849203,2022-12-06,World Cup,2022,default,Last 16,Morocco,Spain,Spain,Morocco,0,68462,A Laporte,yellow,,lineup_bubble,https://www.soccerbase.com/tournaments/tournament.sd?tourn_id=1764
soccerbase,849204,2022-12-06,World Cup,2022,default,Last 16,Portugal,Switzerland,Switzerland,Portugal,0,89499,E Comert,yellow,,lineup_bubble,https://www.soccerbase.com/tournaments/tournament.sd?tourn_id=1764
soccerbase,849204,2022-12-06,World Cup,2022,default,Last 16,Portugal,Switzerland,Switzerland,Portugal,0,65436,F Schar,yellow,,lineup_bubble,https://www.soccerbase.com/tournaments/tournament.sd?tourn_id=1764
soccerbase,849202,2022-12-05,World Cup,2022,default,Last 16,Brazil,South Korea,South Korea,Brazil,0,95633,Jung Woo-Young,yellow,,lineup_bubble,https://www.soccerbase.com/tournaments/tournament.sd?tourn_id=1764
soccerbase,849201,2022-12-05,World Cup,2022,default,Last 16,Japan,Croatia,Croatia,Japan,0,76018,B Barisic,yellow,,lineup_bubble,https://www.soccerbase.com/tournaments/tournament.sd?tourn_id=1764
soccerbase,849201,2022-12-05,World Cup,2022,default,Last 16,Japan,Croatia,Croatia,Japan,0,58067,M Kovacic,yellow,,lineup_bubble,https://www.soccerbase.com/tournaments/tournament.sd?tourn_id=1764
soccerbase,849199,2022-12-04,World Cup,2022,default,Last 16,England,Senegal,Senegal,England,0,66090,K Koulibaly,yellow,,lineup_bubble,https://www.soccerbase.com/tournaments/tournament.sd?tourn_id=1764
soccerbase,849200,2022-12-04,World Cup,2022,default,Last 16,France,Poland,France,Poland,1,110119,A Tchouameni,yellow,,lineup_bubble,https://www.soccerbase.com/tournaments/tournament.sd?tourn_id=1764
soccerbase,849200,2022-12-04,World Cup,2022,default,Last 16,France,Poland,Poland,France,0,56796,B Bereszynski,yellow,,lineup_bubble,https://www.soccerbase.com/tournaments/tournament.sd?tourn_id=1764
soccerbase,849200,2022-12-04,World Cup,2022,default,Last 16,France,Poland,Poland,France,0,90314,M Cash,yellow,,lineup_bubble,https://www.soccerbase.com/tournaments/tournament.sd?tourn_id=1764
soccerbase,849198,2022-12-03,World Cup,2022,default,Last 16,Argentina,Australia,Australia,Argentina,0,65354,M Degenek,yellow,,lineup_bubble,https://www.soccerbase.com/tournaments/tournament.sd?tourn_id=1764
soccerbase,849198,2022-12-03,World Cup,2022,default,Last 16,Argentina,Australia,Australia,Argentina,0,66873,J Irvine,yellow,,lineup_bubble,https://www.soccerbase.com/tournaments/tournament.sd?tourn_id=1764
soccerbase,849197,2022-12-03,World Cup,2022,default,Last 16,Netherlands,USA,Netherlands,USA,1,82723,F de Jong,yellow,,lineup_bubble,https://www.soccerbase.com/tournaments/tournament.sd?tourn_id=1764
soccerbase,849197,2022-12-03,World Cup,2022,default,Last 16,Netherlands,USA,Netherlands,USA,1,106199,T Koopmeiners,yellow,,lineup_bubble,https://www.soccerbase.com/tournaments/tournament.sd?tourn_id=1764
soccerbase,849186,2022-11-29,World Cup,2022,Group Stage,Group A Matches and results,Ecuador,Senegal,Senegal,Ecuador,0,55687,I Gueye,yellow,,lineup_bubble,https://www.soccerbase.com/tournaments/tournament.sd?tourn_id=1764&tab=tab-2166
soccerbase,851146,2022-11-29,World Cup,2022,Group Stage,Group A Matches and results,Netherlands,Qatar,Netherlands,Qatar,1,68645,N Ake,yellow,,lineup_bubble,https://www.soccerbase.com/tournaments/tournament.sd?tourn_id=1764&tab=tab-2166
soccerbase,849175,2022-11-25,World Cup,2022,Group Stage,Group A Matches and results,Netherlands,Ecuador,Ecuador,Netherlands,0,115176,J Mendez,yellow,,lineup_bubble,https://www.soccerbase.com/tournaments/tournament.sd?tourn_id=1764&tab=tab-2166
soccerbase,851145,2022-11-25,World Cup,2022,Group Stage,Group A Matches and results,Qatar,Senegal,Qatar,Senegal,1,80484,Ismaeel Mohammad,yellow,,lineup_bubble,https://www.soccerbase.com/tournaments/tournament.sd?tourn_id=1764&tab=tab-2166
soccerbase,851145,2022-11-25,World Cup,2022,Group Stage,Group A Matches and results,Qatar,Senegal,Qatar,Senegal,1,112371,Homam El Amin,yellow,,lineup_bubble,https://www.soccerbase.com/tournaments/tournament.sd?tourn_id=1764&tab=tab-2166
soccerbase,851145,2022-11-25,World Cup,2022,Group Stage,Group A Matches and results,Qatar,Senegal,Qatar,Senegal,1,106001,Assim Madibo,yellow,,lineup_bubble,https://www.soccerbase.com/tournaments/tournament.sd?tourn_id=1764&tab=tab-2166
soccerbase,851145,2022-11-25,World Cup,2022,Group Stage,Group A Matches and results,Qatar,Senegal,Senegal,Qatar,0,109623,I Jakobs,yellow,,lineup_bubble,https://www.soccerbase.com/tournaments/tournament.sd?tourn_id=1764&tab=tab-2166
soccerbase,851145,2022-11-25,World Cup,2022,Group Stage,Group A Matches and results,Qatar,Senegal,Senegal,Qatar,0,125023,P Ciss,yellow,,lineup_bubble,https://www.soccerbase.com/tournaments/tournament.sd?tourn_id=1764&tab=tab-2166
soccerbase,851145,2022-11-25,World Cup,2022,Group Stage,Group A Matches and results,Qatar,Senegal,Senegal,Qatar,0,116856,B Dia,yellow,,lineup_bubble,https://www.soccerbase.com/tournaments/tournament.sd?tourn_id=1764&tab=tab-2166
soccerbase,849164,2022-11-21,World Cup,2022,Group Stage,Group A Matches and results,Senegal,Netherlands,Senegal,Netherlands,1,55690,N Mendy,yellow,,lineup_bubble,https://www.soccerbase.com/tournaments/tournament.sd?tourn_id=1764&tab=tab-2166
soccerbase,849164,2022-11-21,World Cup,2022,Group Stage,Group A Matches and results,Senegal,Netherlands,Senegal,Netherlands,1,55687,I Gueye,yellow,,lineup_bubble,https://www.soccerbase.com/tournaments/tournament.sd?tourn_id=1764&tab=tab-2166
soccerbase,849164,2022-11-21,World Cup,2022,Group Stage,Group A Matches and results,Senegal,Netherlands,Netherlands,Senegal,0,94300,M de Ligt,yellow,,lineup_bubble,https://www.soccerbase.com/tournaments/tournament.sd?tourn_id=1764&tab=tab-2166
soccerbase,851144,2022-11-20,World Cup,2022,Group Stage,Group A Matches and results,Qatar,Ecuador,Qatar,Ecuador,1,80477,S Saad Al Sheeb,yellow,,lineup_bubble,https://www.soccerbase.com/tournaments/tournament.sd?tourn_id=1764&tab=tab-2166
soccerbase,851144,2022-11-20,World Cup,2022,Group Stage,Group A Matches and results,Qatar,Ecuador,Qatar,Ecuador,1,80486,Karim Boudiaf,yellow,,lineup_bubble,https://www.soccerbase.com/tournaments/tournament.sd?tourn_id=1764&tab=tab-2166
soccerbase,851144,2022-11-20,World Cup,2022,Group Stage,Group A Matches and results,Qatar,Ecuador,Qatar,Ecuador,1,96198,Almoez Ali,yellow,,lineup_bubble,https://www.soccerbase.com/tournaments/tournament.sd?tourn_id=1764&tab=tab-2166
soccerbase,851144,2022-11-20,World Cup,2022,Group Stage,Group A Matches and results,Qatar,Ecuador,Qatar,Ecuador,1,94273,Akram Afif,yellow,,lineup_bubble,https://www.soccerbase.com/tournaments/tournament.sd?tourn_id=1764&tab=tab-2166
soccerbase,851144,2022-11-20,World Cup,2022,Group Stage,Group A Matches and results,Qatar,Ecuador,Ecuador,Qatar,0,134664,M Caicedo,yellow,,lineup_bubble,https://www.soccerbase.com/tournaments/tournament.sd?tourn_id=1764&tab=tab-2166
soccerbase,851144,2022-11-20,World Cup,2022,Group Stage,Group A Matches and results,Qatar,Ecuador,Ecuador,Qatar,0,115176,J Mendez,yellow,,lineup_bubble,https://www.soccerbase.com/tournaments/tournament.sd?tourn_id=1764&tab=tab-2166
soccerbase,849188,2022-11-29,World Cup,2022,Group Stage: Group B,Group B Matches and results,Iran,USA,Iran,USA,1,112023,S Hosseini,yellow,,lineup_bubble,https://www.soccerbase.com/tournaments/tournament_tab.sd?tourn_id=1764&tab_id=2166&roundTab=roundTab_1
soccerbase,849188,2022-11-29,World Cup,2022,Group Stage: Group B,Group B Matches and results,Iran,USA,Iran,USA,1,138841,A Jalali,yellow,,lineup_bubble,https://www.soccerbase.com/tournaments/tournament_tab.sd?tourn_id=1764&tab_id=2166&roundTab=roundTab_1
soccerbase,849188,2022-11-29,World Cup,2022,Group Stage: Group B,Group B Matches and results,Iran,USA,USA,Iran,0,91306,T Adams,yellow,,lineup_bubble,https://www.soccerbase.com/tournaments/tournament_tab.sd?tourn_id=1764&tab_id=2166&roundTab=roundTab_1
soccerbase,849187,2022-11-29,World Cup,2022,Group Stage: Group B,Group B Matches and results,Wales,England,Wales,England,1,89708,D James,yellow,,lineup_bubble,https://www.soccerbase.com/tournaments/tournament_tab.sd?tourn_id=1764&tab_id=2166&roundTab=roundTab_1
soccerbase,849187,2022-11-29,World Cup,2022,Group Stage: Group B,Group B Matches and results,Wales,England,Wales,England,1,46488,A Ramsey,yellow,,lineup_bubble,https://www.soccerbase.com/tournaments/tournament_tab.sd?tourn_id=1764&tab_id=2166&roundTab=roundTab_1
soccerbase,849177,2022-11-25,World Cup,2022,Group Stage: Group B,Group B Matches and results,Wales,Iran,Wales,Iran,1,44062,W Hennessey,red,,lineup_bubble,https://www.soccerbase.com/tournaments/tournament_tab.sd?tourn_id=1764&tab_id=2166&roundTab=roundTab_1
soccerbase,849177,2022-11-25,World Cup,2022,Group Stage: Group B,Group B Matches and results,Wales,Iran,Wales,Iran,1,89709,J Rodon,yellow,,lineup_bubble,https://www.soccerbase.com/tournaments/tournament_tab.sd?tourn_id=1764&tab_id=2166&roundTab=roundTab_1
soccerbase,849177,2022-11-25,World Cup,2022,Group Stage: Group B,Group B Matches and results,Wales,Iran,Iran,Wales,0,80472,R Rezaeian,yellow,,lineup_bubble,https://www.soccerbase.com/tournaments/tournament_tab.sd?tourn_id=1764&tab_id=2166&roundTab=roundTab_1
soccerbase,849177,2022-11-25,World Cup,2022,Group Stage: Group B,Group B Matches and results,Wales,Iran,Iran,Wales,0,71138,A Jahanbakhsh,yellow,,lineup_bubble,https://www.soccerbase.com/tournaments/tournament_tab.sd?tourn_id=1764&tab_id=2166&roundTab=roundTab_1
soccerbase,849165,2022-11-21,World Cup,2022,Group Stage: Group B,Group B Matches and results,England,Iran,Iran,England,0,80473,M Pouraliganji,yellow,,lineup_bubble,https://www.soccerbase.com/tournaments/tournament_tab.sd?tourn_id=1764&tab_id=2166&roundTab=roundTab_1
soccerbase,849165,2022-11-21,World Cup,2022,Group Stage: Group B,Group B Matches and results,England,Iran,Iran,England,0,71138,A Jahanbakhsh,yellow,,lineup_bubble,https://www.soccerbase.com/tournaments/tournament_tab.sd?tourn_id=1764&tab_id=2166&roundTab=roundTab_1
soccerbase,849166,2022-11-21,World Cup,2022,Group Stage: Group B,Group B Matches and results,USA,Wales,USA,Wales,1,121659,S Dest,yellow,,lineup_bubble,https://www.soccerbase.com/tournaments/tournament_tab.sd?tourn_id=1764&tab_id=2166&roundTab=roundTab_1
soccerbase,849166,2022-11-21,World Cup,2022,Group Stage: Group B,Group B Matches and results,USA,Wales,USA,Wales,1,59748,T Ream,yellow,,lineup_bubble,https://www.soccerbase.com/tournaments/tournament_tab.sd?tourn_id=1764&tab_id=2166&roundTab=roundTab_1
soccerbase,849166,2022-11-21,World Cup,2022,Group Stage: Group B,Group B Matches and results,USA,Wales,USA,Wales,1,89996,K Acosta,yellow,,lineup_bubble,https://www.soccerbase.com/tournaments/tournament_tab.sd?tourn_id=1764&tab_id=2166&roundTab=roundTab_1
soccerbase,849166,2022-11-21,World Cup,2022,Group Stage: Group B,Group B Matches and results,USA,Wales,USA,Wales,1,102803,W McKennie,yellow,,lineup_bubble,https://www.soccerbase.com/tournaments/tournament_tab.sd?tourn_id=1764&tab_id=2166&roundTab=roundTab_1
soccerbase,849166,2022-11-21,World Cup,2022,Group Stage: Group B,Group B Matches and results,USA,Wales,Wales,USA,0,100492,C Mepham,yellow,,lineup_bubble,https://www.soccerbase.com/tournaments/tournament_tab.sd?tourn_id=1764&tab_id=2166&roundTab=roundTab_1
soccerbase,849166,2022-11-21,World Cup,2022,Group Stage: Group B,Group B Matches and results,USA,Wales,Wales,USA,0,43700,G Bale,yellow,,lineup_bubble,https://www.soccerbase.com/tournaments/tournament_tab.sd?tourn_id=1764&tab_id=2166&roundTab=roundTab_1
soccerbase,849189,2022-11-30,World Cup,2022,Group Stage: Group C,Group C Matches and results,Poland,Argentina,Poland,Argentina,1,54307,G Krychowiak,yellow,,lineup_bubble,https://www.soccerbase.com/tournaments/tournament_tab.sd?tourn_id=1764&tab_id=2166&roundTab=roundTab_2
soccerbase,849189,2022-11-30,World Cup,2022,Group Stage: Group C,Group C Matches and results,Poland,Argentina,Argentina,Poland,0,97936,M Acuna,yellow,,lineup_bubble,https://www.soccerbase.com/tournaments/tournament_tab.sd?tourn_id=1764&tab_id=2166&roundTab=roundTab_2
soccerbase,849190,2022-11-30,World Cup,2022,Group Stage: Group C,Group C Matches and results,Saudi Arabia,Mexico,Saudi Arabia,Mexico,1,117969,Abdulelah Al Amri,yellow,,lineup_bubble,https://www.soccerbase.com/tournaments/tournament_tab.sd?tourn_id=1764&tab_id=2166&roundTab=roundTab_2
soccerbase,849190,2022-11-30,World Cup,2022,Group Stage: Group C,Group C Matches and results,Saudi Arabia,Mexico,Saudi Arabia,Mexico,1,117254,Hassan Al Tambakti,yellow,,lineup_bubble,https://www.soccerbase.com/tournaments/tournament_tab.sd?tourn_id=1764&tab_id=2166&roundTab=roundTab_2
soccerbase,849190,2022-11-30,World Cup,2022,Group Stage: Group C,Group C Matches and results,Saudi Arabia,Mexico,Saudi Arabia,Mexico,1,67154,Saleh Al Shehri,yellow,,lineup_bubble,https://www.soccerbase.com/tournaments/tournament_tab.sd?tourn_id=1764&tab_id=2166&roundTab=roundTab_2
soccerbase,849190,2022-11-30,World Cup,2022,Group Stage: Group C,Group C Matches and results,Saudi Arabia,Mexico,Saudi Arabia,Mexico,1,110172,Hattan Bahbri,yellow,,lineup_bubble,https://www.soccerbase.com/tournaments/tournament_tab.sd?tourn_id=1764&tab_id=2166&roundTab=roundTab_2
soccerbase,849190,2022-11-30,World Cup,2022,Group Stage: Group C,Group C Matches and results,Saudi Arabia,Mexico,Saudi Arabia,Mexico,1,125011,Abdullah Madu,yellow,,lineup_bubble,https://www.soccerbase.com/tournaments/tournament_tab.sd?tourn_id=1764&tab_id=2166&roundTab=roundTab_2
soccerbase,849190,2022-11-30,World Cup,2022,Group Stage: Group C,Group C Matches and results,Saudi Arabia,Mexico,Saudi Arabia,Mexico,1,139686,Ali Al Hassan,yellow,,lineup_bubble,https://www.soccerbase.com/tournaments/tournament_tab.sd?tourn_id=1764&tab_id=2166&roundTab=roundTab_2
soccerbase,849190,2022-11-30,World Cup,2022,Group Stage: Group C,Group C Matches and results,Saudi Arabia,Mexico,Mexico,Saudi Arabia,0,96890,E Alvarez,yellow,,lineup_bubble,https://www.soccerbase.com/tournaments/tournament_tab.sd?tourn_id=1764&tab_id=2166&roundTab=roundTab_2
soccerbase,849178,2022-11-26,World Cup,2022,Group Stage: Group C,Group C Matches and results,Argentina,Mexico,Argentina,Mexico,1,117769,G Montiel,yellow,,lineup_bubble,https://www.soccerbase.com/tournaments/tournament_tab.sd?tourn_id=1764&tab_id=2166&roundTab=roundTab_2
soccerbase,849178,2022-11-26,World Cup,2022,Group Stage: Group C,Group C Matches and results,Argentina,Mexico,Mexico,Argentina,0,69152,H Herrera,yellow,,lineup_bubble,https://www.soccerbase.com/tournaments/tournament_tab.sd?tourn_id=1764&tab_id=2166&roundTab=roundTab_2
soccerbase,849178,2022-11-26,World Cup,2022,Group Stage: Group C,Group C Matches and results,Argentina,Mexico,Mexico,Argentina,0,90137,E Gutierrez,yellow,,lineup_bubble,https://www.soccerbase.com/tournaments/tournament_tab.sd?tourn_id=1764&tab_id=2166&roundTab=roundTab_2
soccerbase,849178,2022-11-26,World Cup,2022,Group Stage: Group C,Group C Matches and results,Argentina,Mexico,Mexico,Argentina,0,59843,N Araujo,yellow,,lineup_bubble,https://www.soccerbase.com/tournaments/tournament_tab.sd?tourn_id=1764&tab_id=2166&roundTab=roundTab_2
soccerbase,849178,2022-11-26,World Cup,2022,Group Stage: Group C,Group C Matches and results,Argentina,Mexico,Mexico,Argentina,0,115764,R Alvarado,yellow,,lineup_bubble,https://www.soccerbase.com/tournaments/tournament_tab.sd?tourn_id=1764&tab_id=2166&roundTab=roundTab_2
soccerbase,849179,2022-11-26,World Cup,2022,Group Stage: Group C,Group C Matches and results,Poland,Saudi Arabia,Poland,Saudi Arabia,1,131639,J Kiwior,yellow,,lineup_bubble,https://www.soccerbase.com/tournaments/tournament_tab.sd?tourn_id=1764&tab_id=2166&roundTab=roundTab_2
soccerbase,849179,2022-11-26,World Cup,2022,Group Stage: Group C,Group C Matches and results,Poland,Saudi Arabia,Poland,Saudi Arabia,1,90314,M Cash,yellow,,lineup_bubble,https://www.soccerbase.com/tournaments/tournament_tab.sd?tourn_id=1764&tab_id=2166&roundTab=roundTab_2
soccerbase,849179,2022-11-26,World Cup,2022,Group Stage: Group C,Group C Matches and results,Poland,Saudi Arabia,Poland,Saudi Arabia,1,60984,A Milik,yellow,,lineup_bubble,https://www.soccerbase.com/tournaments/tournament_tab.sd?tourn_id=1764&tab_id=2166&roundTab=roundTab_2
soccerbase,849179,2022-11-26,World Cup,2022,Group Stage: Group C,Group C Matches and results,Poland,Saudi Arabia,Saudi Arabia,Poland,0,117969,Abdulelah Al Amri,yellow,,lineup_bubble,https://www.soccerbase.com/tournaments/tournament_tab.sd?tourn_id=1764&tab_id=2166&roundTab=roundTab_2
soccerbase,849179,2022-11-26,World Cup,2022,Group Stage: Group C,Group C Matches and results,Poland,Saudi Arabia,Saudi Arabia,Poland,0,125751,A Abdulelah Al Malki,yellow,,lineup_bubble,https://www.soccerbase.com/tournaments/tournament_tab.sd?tourn_id=1764&tab_id=2166&roundTab=roundTab_2
soccerbase,849167,2022-11-22,World Cup,2022,Group Stage: Group C,Group C Matches and results,Argentina,Saudi Arabia,Saudi Arabia,Argentina,0,97302,Mohammed Al Owais,yellow,,lineup_bubble,https://www.soccerbase.com/tournaments/tournament_tab.sd?tourn_id=1764&tab_id=2166&roundTab=roundTab_2
soccerbase,849167,2022-11-22,World Cup,2022,Group Stage: Group C,Group C Matches and results,Argentina,Saudi Arabia,Saudi Arabia,Argentina,0,111929,A Ali Al Bulayhi,yellow,,lineup_bubble,https://www.soccerbase.com/tournaments/tournament_tab.sd?tourn_id=1764&tab_id=2166&roundTab=roundTab_2
soccerbase,849167,2022-11-22,World Cup,2022,Group Stage: Group C,Group C Matches and results,Argentina,Saudi Arabia,Saudi Arabia,Argentina,0,125034,Saud Abdulhamid,yellow,,lineup_bubble,https://www.soccerbase.com/tournaments/tournament_tab.sd?tourn_id=1764&tab_id=2166&roundTab=roundTab_2
soccerbase,849167,2022-11-22,World Cup,2022,Group Stage: Group C,Group C Matches and results,Argentina,Saudi Arabia,Saudi Arabia,Argentina,0,125751,A Abdulelah Al Malki,yellow,,lineup_bubble,https://www.soccerbase.com/tournaments/tournament_tab.sd?tourn_id=1764&tab_id=2166&roundTab=roundTab_2
soccerbase,849167,2022-11-22,World Cup,2022,Group Stage: Group C,Group C Matches and results,Argentina,Saudi Arabia,Saudi Arabia,Argentina,0,80469,S Salem Al Dawsari,yellow,,lineup_bubble,https://www.soccerbase.com/tournaments/tournament_tab.sd?tourn_id=1764&tab_id=2166&roundTab=roundTab_2
soccerbase,849167,2022-11-22,World Cup,2022,Group Stage: Group C,Group C Matches and results,Argentina,Saudi Arabia,Saudi Arabia,Argentina,0,80471,N Nawaf Al Abid,yellow,,lineup_bubble,https://www.soccerbase.com/tournaments/tournament_tab.sd?tourn_id=1764&tab_id=2166&roundTab=roundTab_2
soccerbase,849168,2022-11-22,World Cup,2022,Group Stage: Group C,Group C Matches and results,Mexico,Poland,Mexico,Poland,1,119263,J Sanchez,yellow,,lineup_bubble,https://www.soccerbase.com/tournaments/tournament_tab.sd?tourn_id=1764&tab_id=2166&roundTab=roundTab_2
soccerbase,849168,2022-11-22,World Cup,2022,Group Stage: Group C,Group C Matches and results,Mexico,Poland,Mexico,Poland,1,52249,H Moreno,yellow,,lineup_bubble,https://www.soccerbase.com/tournaments/tournament_tab.sd?tourn_id=1764&tab_id=2166&roundTab=roundTab_2
soccerbase,849168,2022-11-22,World Cup,2022,Group Stage: Group C,Group C Matches and results,Mexico,Poland,Poland,Mexico,0,67987,P Frankowski,yellow,,lineup_bubble,https://www.soccerbase.com/tournaments/tournament_tab.sd?tourn_id=1764&tab_id=2166&roundTab=roundTab_2
soccerbase,849192,2022-11-30,World Cup,2022,Group Stage: Group D,Group D Matches and results,Australia,Denmark,Australia,Denmark,1,65354,M Degenek,yellow,,lineup_bubble,https://www.soccerbase.com/tournaments/tournament_tab.sd?tourn_id=1764&tab_id=2166&roundTab=roundTab_3
soccerbase,849192,2022-11-30,World Cup,2022,Group Stage: Group D,Group D Matches and results,Australia,Denmark,Australia,Denmark,1,68287,A Behich,yellow,,lineup_bubble,https://www.soccerbase.com/tournaments/tournament_tab.sd?tourn_id=1764&tab_id=2166&roundTab=roundTab_3
soccerbase,849192,2022-11-30,World Cup,2022,Group Stage: Group D,Group D Matches and results,Australia,Denmark,Denmark,Australia,0,70115,R Skov,yellow,,lineup_bubble,https://www.soccerbase.com/tournaments/tournament_tab.sd?tourn_id=1764&tab_id=2166&roundTab=roundTab_3
soccerbase,849191,2022-11-30,World Cup,2022,Group Stage: Group D,Group D Matches and results,Tunisia,France,Tunisia,France,1,119442,W Kechrida,yellow,,lineup_bubble,https://www.soccerbase.com/tournaments/tournament_tab.sd?tourn_id=1764&tab_id=2166&roundTab=roundTab_3
soccerbase,849180,2022-11-26,World Cup,2022,Group Stage: Group D,Group D Matches and results,France,Denmark,France,Denmark,1,89497,J Kounde,yellow,,lineup_bubble,https://www.soccerbase.com/tournaments/tournament_tab.sd?tourn_id=1764&tab_id=2166&roundTab=roundTab_3
soccerbase,849180,2022-11-26,World Cup,2022,Group Stage: Group D,Group D Matches and results,France,Denmark,Denmark,France,0,70144,A Christensen,yellow,,lineup_bubble,https://www.soccerbase.com/tournaments/tournament_tab.sd?tourn_id=1764&tab_id=2166&roundTab=roundTab_3
soccerbase,849180,2022-11-26,World Cup,2022,Group Stage: Group D,Group D Matches and results,France,Denmark,Denmark,France,0,64819,A Cornelius,yellow,,lineup_bubble,https://www.soccerbase.com/tournaments/tournament_tab.sd?tourn_id=1764&tab_id=2166&roundTab=roundTab_3
soccerbase,849181,2022-11-26,World Cup,2022,Group Stage: Group D,Group D Matches and results,Tunisia,Australia,Tunisia,Australia,1,73663,F Sassi,yellow,,lineup_bubble,https://www.soccerbase.com/tournaments/tournament_tab.sd?tourn_id=1764&tab_id=2166&roundTab=roundTab_3
soccerbase,849181,2022-11-26,World Cup,2022,Group Stage: Group D,Group D Matches and results,Tunisia,Australia,Tunisia,Australia,1,89662,A Laidouni,yellow,,lineup_bubble,https://www.soccerbase.com/tournaments/tournament_tab.sd?tourn_id=1764&tab_id=2166&roundTab=roundTab_3
soccerbase,849181,2022-11-26,World Cup,2022,Group Stage: Group D,Group D Matches and results,Tunisia,Australia,Tunisia,Australia,1,117170,A Abdi,yellow,,lineup_bubble,https://www.soccerbase.com/tournaments/tournament_tab.sd?tourn_id=1764&tab_id=2166&roundTab=roundTab_3
soccerbase,849170,2022-11-22,World Cup,2022,Group Stage: Group D,Group D Matches and results,Denmark,Tunisia,Denmark,Tunisia,1,90365,R Kristensen,yellow,,lineup_bubble,https://www.soccerbase.com/tournaments/tournament_tab.sd?tourn_id=1764&tab_id=2166&roundTab=roundTab_3
soccerbase,849170,2022-11-22,World Cup,2022,Group Stage: Group D,Group D Matches and results,Denmark,Tunisia,Denmark,Tunisia,1,85612,M Jensen,yellow,,lineup_bubble,https://www.soccerbase.com/tournaments/tournament_tab.sd?tourn_id=1764&tab_id=2166&roundTab=roundTab_3
soccerbase,849170,2022-11-22,World Cup,2022,Group Stage: Group D,Group D Matches and results,Denmark,Tunisia,Tunisia,Denmark,0,99497,T Khenissi,yellow,,lineup_bubble,https://www.soccerbase.com/tournaments/tournament_tab.sd?tourn_id=1764&tab_id=2166&roundTab=roundTab_3
soccerbase,849169,2022-11-22,World Cup,2022,Group Stage: Group D,Group D Matches and results,France,Australia,Australia,France,0,57478,A Mooy,yellow,,lineup_bubble,https://www.soccerbase.com/tournaments/tournament_tab.sd?tourn_id=1764&tab_id=2166&roundTab=roundTab_3
soccerbase,849169,2022-11-22,World Cup,2022,Group Stage: Group D,Group D Matches and results,France,Australia,Australia,France,0,66873,J Irvine,yellow,,lineup_bubble,https://www.soccerbase.com/tournaments/tournament_tab.sd?tourn_id=1764&tab_id=2166&roundTab=roundTab_3
soccerbase,849169,2022-11-22,World Cup,2022,Group Stage: Group D,Group D Matches and results,France,Australia,Australia,France,0,72246,M Duke,yellow,,lineup_bubble,https://www.soccerbase.com/tournaments/tournament_tab.sd?tourn_id=1764&tab_id=2166&roundTab=roundTab_3
soccerbase,849194,2022-12-01,World Cup,2022,Group Stage: Group E,Group E Matches and results,Costa Rica,Germany,Costa Rica,Germany,1,59819,O Duarte,yellow,,lineup_bubble,https://www.soccerbase.com/tournaments/tournament_tab.sd?tourn_id=1764&tab_id=2166&roundTab=roundTab_4
soccerbase,849193,2022-12-01,World Cup,2022,Group Stage: Group E,Group E Matches and results,Japan,Spain,Japan,Spain,1,92001,S Taniguchi,yellow,,lineup_bubble,https://www.soccerbase.com/tournaments/tournament_tab.sd?tourn_id=1764&tab_id=2166&roundTab=roundTab_4
soccerbase,849193,2022-12-01,World Cup,2022,Group Stage: Group E,Group E Matches and results,Japan,Spain,Japan,Spain,1,57517,M Yoshida,yellow,,lineup_bubble,https://www.soccerbase.com/tournaments/tournament_tab.sd?tourn_id=1764&tab_id=2166&roundTab=roundTab_4
soccerbase,849193,2022-12-01,World Cup,2022,Group Stage: Group E,Group E Matches and results,Japan,Spain,Japan,Spain,1,118275,K Itakura,yellow,,lineup_bubble,https://www.soccerbase.com/tournaments/tournament_tab.sd?tourn_id=1764&tab_id=2166&roundTab=roundTab_4
soccerbase,849183,2022-11-27,World Cup,2022,Group Stage: Group E,Group E Matches and results,Japan,Costa Rica,Japan,Costa Rica,1,118275,K Itakura,yellow,,lineup_bubble,https://www.soccerbase.com/tournaments/tournament_tab.sd?tourn_id=1764&tab_id=2166&roundTab=roundTab_4
soccerbase,849183,2022-11-27,World Cup,2022,Group Stage: Group E,Group E Matches and results,Japan,Costa Rica,Japan,Costa Rica,1,138733,M Yamane,yellow,,lineup_bubble,https://www.soccerbase.com/tournaments/tournament_tab.sd?tourn_id=1764&tab_id=2166&roundTab=roundTab_4
soccerbase,849183,2022-11-27,World Cup,2022,Group Stage: Group E,Group E Matches and results,Japan,Costa Rica,Japan,Costa Rica,1,91544,W Endo,yellow,,lineup_bubble,https://www.soccerbase.com/tournaments/tournament_tab.sd?tourn_id=1764&tab_id=2166&roundTab=roundTab_4
soccerbase,849183,2022-11-27,World Cup,2022,Group Stage: Group E,Group E Matches and results,Japan,Costa Rica,Costa Rica,Japan,0,59817,F Calvo,yellow,,lineup_bubble,https://www.soccerbase.com/tournaments/tournament_tab.sd?tourn_id=1764&tab_id=2166&roundTab=roundTab_4
soccerbase,849183,2022-11-27,World Cup,2022,Group Stage: Group E,Group E Matches and results,Japan,Costa Rica,Costa Rica,Japan,0,51618,C Borges,yellow,,lineup_bubble,https://www.soccerbase.com/tournaments/tournament_tab.sd?tourn_id=1764&tab_id=2166&roundTab=roundTab_4
soccerbase,849183,2022-11-27,World Cup,2022,Group Stage: Group E,Group E Matches and results,Japan,Costa Rica,Costa Rica,Japan,0,117637,A Contreras,yellow,,lineup_bubble,https://www.soccerbase.com/tournaments/tournament_tab.sd?tourn_id=1764&tab_id=2166&roundTab=roundTab_4
soccerbase,849182,2022-11-27,World Cup,2022,Group Stage: Group E,Group E Matches and results,Spain,Germany,Spain,Germany,1,50142,S Busquets,yellow,,lineup_bubble,https://www.soccerbase.com/tournaments/tournament_tab.sd?tourn_id=1764&tab_id=2166&roundTab=roundTab_4
soccerbase,849182,2022-11-27,World Cup,2022,Group Stage: Group E,Group E Matches and results,Spain,Germany,Germany,Spain,0,79372,T Kehrer,yellow,,lineup_bubble,https://www.soccerbase.com/tournaments/tournament_tab.sd?tourn_id=1764&tab_id=2166&roundTab=roundTab_4
soccerbase,849182,2022-11-27,World Cup,2022,Group Stage: Group E,Group E Matches and results,Spain,Germany,Germany,Spain,0,71444,L Goretzka,yellow,,lineup_bubble,https://www.soccerbase.com/tournaments/tournament_tab.sd?tourn_id=1764&tab_id=2166&roundTab=roundTab_4
soccerbase,849182,2022-11-27,World Cup,2022,Group Stage: Group E,Group E Matches and results,Spain,Germany,Germany,Spain,0,81586,J Kimmich,yellow,,lineup_bubble,https://www.soccerbase.com/tournaments/tournament_tab.sd?tourn_id=1764&tab_id=2166&roundTab=roundTab_4
soccerbase,849171,2022-11-23,World Cup,2022,Group Stage: Group E,Group E Matches and results,Spain,Costa Rica,Costa Rica,Spain,0,59817,F Calvo,yellow,,lineup_bubble,https://www.soccerbase.com/tournaments/tournament_tab.sd?tourn_id=1764&tab_id=2166&roundTab=roundTab_4
soccerbase,849171,2022-11-23,World Cup,2022,Group Stage: Group E,Group E Matches and results,Spain,Costa Rica,Costa Rica,Spain,0,59702,J Campbell,yellow,,lineup_bubble,https://www.soccerbase.com/tournaments/tournament_tab.sd?tourn_id=1764&tab_id=2166&roundTab=roundTab_4
soccerbase,849196,2022-12-01,World Cup,2022,Group Stage: Group F,Group F Matches and results,Canada,Morocco,Canada,Morocco,1,88277,S Adekugbe,yellow,,lineup_bubble,https://www.soccerbase.com/tournaments/tournament_tab.sd?tourn_id=1764&tab_id=2166&roundTab=roundTab_5
soccerbase,849196,2022-12-01,World Cup,2022,Group Stage: Group F,Group F Matches and results,Canada,Morocco,Canada,Morocco,1,66475,S Vitoria,yellow,,lineup_bubble,https://www.soccerbase.com/tournaments/tournament_tab.sd?tourn_id=1764&tab_id=2166&roundTab=roundTab_5
soccerbase,849196,2022-12-01,World Cup,2022,Group Stage: Group F,Group F Matches and results,Canada,Morocco,Canada,Morocco,1,70508,J Osorio,yellow,,lineup_bubble,https://www.soccerbase.com/tournaments/tournament_tab.sd?tourn_id=1764&tab_id=2166&roundTab=roundTab_5
soccerbase,849196,2022-12-01,World Cup,2022,Group Stage: Group F,Group F Matches and results,Canada,Morocco,Canada,Morocco,1,52010,D Hoilett,yellow,,lineup_bubble,https://www.soccerbase.com/tournaments/tournament_tab.sd?tourn_id=1764&tab_id=2166&roundTab=roundTab_5
soccerbase,849195,2022-12-01,World Cup,2022,Group Stage: Group F,Group F Matches and results,Croatia,Belgium,Belgium,Croatia,0,70960,L Dendoncker,yellow,,lineup_bubble,https://www.soccerbase.com/tournaments/tournament_tab.sd?tourn_id=1764&tab_id=2166&roundTab=roundTab_5
soccerbase,849184,2022-11-27,World Cup,2022,Group Stage: Group F,Group F Matches and results,Belgium,Morocco,Belgium,Morocco,1,130736,A Onana,yellow,,lineup_bubble,https://www.soccerbase.com/tournaments/tournament_tab.sd?tourn_id=1764&tab_id=2166&roundTab=roundTab_5
soccerbase,849184,2022-11-27,World Cup,2022,Group Stage: Group F,Group F Matches and results,Belgium,Morocco,Morocco,Belgium,0,100932,A Sabiri,yellow,,lineup_bubble,https://www.soccerbase.com/tournaments/tournament_tab.sd?tourn_id=1764&tab_id=2166&roundTab=roundTab_5
soccerbase,849185,2022-11-27,World Cup,2022,Group Stage: Group F,Group F Matches and results,Croatia,Canada,Croatia,Canada,1,44118,D Lovren,yellow,,lineup_bubble,https://www.soccerbase.com/tournaments/tournament_tab.sd?tourn_id=1764&tab_id=2166&roundTab=roundTab_5
soccerbase,849185,2022-11-27,World Cup,2022,Group Stage: Group F,Group F Matches and results,Croatia,Canada,Croatia,Canada,1,43862,L Modric,yellow,,lineup_bubble,https://www.soccerbase.com/tournaments/tournament_tab.sd?tourn_id=1764&tab_id=2166&roundTab=roundTab_5
soccerbase,849185,2022-11-27,World Cup,2022,Group Stage: Group F,Group F Matches and results,Croatia,Canada,Canada,Croatia,0,119010,K Miller,yellow,,lineup_bubble,https://www.soccerbase.com/tournaments/tournament_tab.sd?tourn_id=1764&tab_id=2166&roundTab=roundTab_5
soccerbase,849185,2022-11-27,World Cup,2022,Group Stage: Group F,Group F Matches and results,Croatia,Canada,Canada,Croatia,0,118248,T Buchanan,yellow,,lineup_bubble,https://www.soccerbase.com/tournaments/tournament_tab.sd?tourn_id=1764&tab_id=2166&roundTab=roundTab_5
soccerbase,849173,2022-11-23,World Cup,2022,Group Stage: Group F,Group F Matches and results,Belgium,Canada,Belgium,Canada,1,60712,T Meunier,yellow,,lineup_bubble,https://www.soccerbase.com/tournaments/tournament_tab.sd?tourn_id=1764&tab_id=2166&roundTab=roundTab_5
soccerbase,849173,2022-11-23,World Cup,2022,Group Stage: Group F,Group F Matches and results,Belgium,Canada,Belgium,Canada,1,71497,Y Carrasco,yellow,,lineup_bubble,https://www.soccerbase.com/tournaments/tournament_tab.sd?tourn_id=1764&tab_id=2166&roundTab=roundTab_5
soccerbase,849173,2022-11-23,World Cup,2022,Group Stage: Group F,Group F Matches and results,Belgium,Canada,Belgium,Canada,1,130736,A Onana,yellow,,lineup_bubble,https://www.soccerbase.com/tournaments/tournament_tab.sd?tourn_id=1764&tab_id=2166&roundTab=roundTab_5
soccerbase,849173,2022-11-23,World Cup,2022,Group Stage: Group F,Group F Matches and results,Belgium,Canada,Canada,Belgium,0,128895,A Johnston,yellow,,lineup_bubble,https://www.soccerbase.com/tournaments/tournament_tab.sd?tourn_id=1764&tab_id=2166&roundTab=roundTab_5
soccerbase,849173,2022-11-23,World Cup,2022,Group Stage: Group F,Group F Matches and results,Belgium,Canada,Canada,Belgium,0,91684,A Davies,yellow,,lineup_bubble,https://www.soccerbase.com/tournaments/tournament_tab.sd?tourn_id=1764&tab_id=2166&roundTab=roundTab_5
soccerbase,849174,2022-11-23,World Cup,2022,Group Stage: Group F,Group F Matches and results,Morocco,Croatia,Morocco,Croatia,1,78646,S Amrabat,yellow,,lineup_bubble,https://www.soccerbase.com/tournaments/tournament_tab.sd?tourn_id=1764&tab_id=2166&roundTab=roundTab_5
soccerbase,851155,2022-12-02,World Cup,2022,Group Stage: Group G,Group G Matches and results,Cameroon,Brazil,Cameroon,Brazil,1,72711,C Fai,yellow,,lineup_bubble,https://www.soccerbase.com/tournaments/tournament_tab.sd?tourn_id=1764&tab_id=2166&roundTab=roundTab_6
soccerbase,851155,2022-12-02,World Cup,2022,Group Stage: Group G,Group G Matches and results,Cameroon,Brazil,Cameroon,Brazil,1,101035,N Tolo,yellow,,lineup_bubble,https://www.soccerbase.com/tournaments/tournament_tab.sd?tourn_id=1764&tab_id=2166&roundTab=roundTab_6
soccerbase,851155,2022-12-02,World Cup,2022,Group Stage: Group G,Group G Matches and results,Cameroon,Brazil,Cameroon,Brazil,1,105968,P Kunde,yellow,,lineup_bubble,https://www.soccerbase.com/tournaments/tournament_tab.sd?tourn_id=1764&tab_id=2166&roundTab=roundTab_6
soccerbase,851155,2022-12-02,World Cup,2022,Group Stage: Group G,Group G Matches and results,Cameroon,Brazil,Cameroon,Brazil,1,54946,V Aboubakar,yellow,,lineup_bubble,https://www.soccerbase.com/tournaments/tournament_tab.sd?tourn_id=1764&tab_id=2166&roundTab=roundTab_6
soccerbase,851155,2022-12-02,World Cup,2022,Group Stage: Group G,Group G Matches and results,Cameroon,Brazil,Cameroon,Brazil,1,54946,V Aboubakar,red,,lineup_bubble,https://www.soccerbase.com/tournaments/tournament_tab.sd?tourn_id=1764&tab_id=2166&roundTab=roundTab_6
soccerbase,851155,2022-12-02,World Cup,2022,Group Stage: Group G,Group G Matches and results,Cameroon,Brazil,Brazil,Cameroon,0,113795,Eder Militao,yellow,,lineup_bubble,https://www.soccerbase.com/tournaments/tournament_tab.sd?tourn_id=1764&tab_id=2166&roundTab=roundTab_6
soccerbase,851155,2022-12-02,World Cup,2022,Group Stage: Group G,Group G Matches and results,Cameroon,Brazil,Brazil,Cameroon,0,129105,Bruno Guimaraes,yellow,,lineup_bubble,https://www.soccerbase.com/tournaments/tournament_tab.sd?tourn_id=1764&tab_id=2166&roundTab=roundTab_6
soccerbase,851150,2022-12-02,World Cup,2022,Group Stage: Group G,Group G Matches and results,Serbia,Switzerland,Serbia,Switzerland,1,91609,N Milenkovic,yellow,,lineup_bubble,https://www.soccerbase.com/tournaments/tournament_tab.sd?tourn_id=1764&tab_id=2166&roundTab=roundTab_6
soccerbase,851150,2022-12-02,World Cup,2022,Group Stage: Group G,Group G Matches and results,Serbia,Switzerland,Serbia,Switzerland,1,122314,S Pavlovic,yellow,,lineup_bubble,https://www.soccerbase.com/tournaments/tournament_tab.sd?tourn_id=1764&tab_id=2166&roundTab=roundTab_6
soccerbase,851150,2022-12-02,World Cup,2022,Group Stage: Group G,Group G Matches and results,Serbia,Switzerland,Serbia,Switzerland,1,36446,N Gudelj,yellow,,lineup_bubble,https://www.soccerbase.com/tournaments/tournament_tab.sd?tourn_id=1764&tab_id=2166&roundTab=roundTab_6
soccerbase,851150,2022-12-02,World Cup,2022,Group Stage: Group G,Group G Matches and results,Serbia,Switzerland,Serbia,Switzerland,1,83825,S Lukic,yellow,,lineup_bubble,https://www.soccerbase.com/tournaments/tournament_tab.sd?tourn_id=1764&tab_id=2166&roundTab=roundTab_6
soccerbase,851150,2022-12-02,World Cup,2022,Group Stage: Group G,Group G Matches and results,Serbia,Switzerland,Serbia,Switzerland,1,74975,S Milinkovic-Savic,yellow,,lineup_bubble,https://www.soccerbase.com/tournaments/tournament_tab.sd?tourn_id=1764&tab_id=2166&roundTab=roundTab_6
soccerbase,851150,2022-12-02,World Cup,2022,Group Stage: Group G,Group G Matches and results,Serbia,Switzerland,Serbia,Switzerland,1,67457,A Mitrovic,yellow,,lineup_bubble,https://www.soccerbase.com/tournaments/tournament_tab.sd?tourn_id=1764&tab_id=2166&roundTab=roundTab_6
soccerbase,851150,2022-12-02,World Cup,2022,Group Stage: Group G,Group G Matches and results,Serbia,Switzerland,Switzerland,Serbia,0,65436,F Schar,yellow,,lineup_bubble,https://www.soccerbase.com/tournaments/tournament_tab.sd?tourn_id=1764&tab_id=2166&roundTab=roundTab_6
soccerbase,851150,2022-12-02,World Cup,2022,Group Stage: Group G,Group G Matches and results,Serbia,Switzerland,Switzerland,Serbia,0,72012,S Widmer,yellow,,lineup_bubble,https://www.soccerbase.com/tournaments/tournament_tab.sd?tourn_id=1764&tab_id=2166&roundTab=roundTab_6
soccerbase,851150,2022-12-02,World Cup,2022,Group Stage: Group G,Group G Matches and results,Serbia,Switzerland,Switzerland,Serbia,0,57939,G Xhaka,yellow,,lineup_bubble,https://www.soccerbase.com/tournaments/tournament_tab.sd?tourn_id=1764&tab_id=2166&roundTab=roundTab_6
soccerbase,851150,2022-12-02,World Cup,2022,Group Stage: Group G,Group G Matches and results,Serbia,Switzerland,Switzerland,Serbia,0,104354,R Vargas,yellow,,lineup_bubble,https://www.soccerbase.com/tournaments/tournament_tab.sd?tourn_id=1764&tab_id=2166&roundTab=roundTab_6
soccerbase,851148,2022-11-28,World Cup,2022,Group Stage: Group G,Group G Matches and results,Brazil,Switzerland,Brazil,Switzerland,1,72533,Fred,yellow,,lineup_bubble,https://www.soccerbase.com/tournaments/tournament_tab.sd?tourn_id=1764&tab_id=2166&roundTab=roundTab_6
soccerbase,851148,2022-11-28,World Cup,2022,Group Stage: Group G,Group G Matches and results,Brazil,Switzerland,Switzerland,Brazil,0,134990,F Rieder,yellow,,lineup_bubble,https://www.soccerbase.com/tournaments/tournament_tab.sd?tourn_id=1764&tab_id=2166&roundTab=roundTab_6
soccerbase,851154,2022-11-28,World Cup,2022,Group Stage: Group G,Group G Matches and results,Cameroon,Serbia,Cameroon,Serbia,1,53884,N Nkoulou,yellow,,lineup_bubble,https://www.soccerbase.com/tournaments/tournament_tab.sd?tourn_id=1764&tab_id=2166&roundTab=roundTab_6
soccerbase,851154,2022-11-28,World Cup,2022,Group Stage: Group G,Group G Matches and results,Cameroon,Serbia,Cameroon,Serbia,1,87792,C Bassogog,yellow,,lineup_bubble,https://www.soccerbase.com/tournaments/tournament_tab.sd?tourn_id=1764&tab_id=2166&roundTab=roundTab_6
soccerbase,851154,2022-11-28,World Cup,2022,Group Stage: Group G,Group G Matches and results,Cameroon,Serbia,Serbia,Cameroon,0,91609,N Milenkovic,yellow,,lineup_bubble,https://www.soccerbase.com/tournaments/tournament_tab.sd?tourn_id=1764&tab_id=2166&roundTab=roundTab_6
soccerbase,851149,2022-11-24,World Cup,2022,Group Stage: Group G,Group G Matches and results,Brazil,Serbia,Serbia,Brazil,0,122314,S Pavlovic,yellow,,lineup_bubble,https://www.soccerbase.com/tournaments/tournament_tab.sd?tourn_id=1764&tab_id=2166&roundTab=roundTab_6
soccerbase,851149,2022-11-24,World Cup,2022,Group Stage: Group G,Group G Matches and results,Brazil,Serbia,Serbia,Brazil,0,83825,S Lukic,yellow,,lineup_bubble,https://www.soccerbase.com/tournaments/tournament_tab.sd?tourn_id=1764&tab_id=2166&roundTab=roundTab_6
soccerbase,851149,2022-11-24,World Cup,2022,Group Stage: Group G,Group G Matches and results,Brazil,Serbia,Serbia,Brazil,0,36446,N Gudelj,yellow,,lineup_bubble,https://www.soccerbase.com/tournaments/tournament_tab.sd?tourn_id=1764&tab_id=2166&roundTab=roundTab_6
soccerbase,851153,2022-11-24,World Cup,2022,Group Stage: Group G,Group G Matches and results,Switzerland,Cameroon,Switzerland,Cameroon,1,85662,M Akanji,yellow,,lineup_bubble,https://www.soccerbase.com/tournaments/tournament_tab.sd?tourn_id=1764&tab_id=2166&roundTab=roundTab_6
soccerbase,851153,2022-11-24,World Cup,2022,Group Stage: Group G,Group G Matches and results,Switzerland,Cameroon,Switzerland,Cameroon,1,75685,N Elvedi,yellow,,lineup_bubble,https://www.soccerbase.com/tournaments/tournament_tab.sd?tourn_id=1764&tab_id=2166&roundTab=roundTab_6
soccerbase,851153,2022-11-24,World Cup,2022,Group Stage: Group G,Group G Matches and results,Switzerland,Cameroon,Cameroon,Switzerland,0,72711,C Fai,yellow,,lineup_bubble,https://www.soccerbase.com/tournaments/tournament_tab.sd?tourn_id=1764&tab_id=2166&roundTab=roundTab_6
soccerbase,851158,2022-12-02,World Cup,2022,Group Stage: Group H,Group H Matches and results,Ghana,Uruguay,Ghana,Uruguay,1,140747,A Seidu,yellow,,lineup_bubble,https://www.soccerbase.com/tournaments/tournament_tab.sd?tourn_id=1764&tab_id=2166&roundTab=roundTab_7
soccerbase,851158,2022-12-02,World Cup,2022,Group Stage: Group H,Group H Matches and results,Ghana,Uruguay,Ghana,Uruguay,1,129483,K Sulemana,yellow,,lineup_bubble,https://www.soccerbase.com/tournaments/tournament_tab.sd?tourn_id=1764&tab_id=2166&roundTab=roundTab_7
soccerbase,851158,2022-12-02,World Cup,2022,Group Stage: Group H,Group H Matches and results,Ghana,Uruguay,Uruguay,Ghana,0,71557,J Gimenez,yellow,,lineup_bubble,https://www.soccerbase.com/tournaments/tournament_tab.sd?tourn_id=1764&tab_id=2166&roundTab=roundTab_7
soccerbase,851158,2022-12-02,World Cup,2022,Group Stage: Group H,Group H Matches and results,Ghana,Uruguay,Uruguay,Ghana,0,59893,S Coates,yellow,,lineup_bubble,https://www.soccerbase.com/tournaments/tournament_tab.sd?tourn_id=1764&tab_id=2166&roundTab=roundTab_7
soccerbase,851158,2022-12-02,World Cup,2022,Group Stage: Group H,Group H Matches and results,Ghana,Uruguay,Uruguay,Ghana,0,51359,E Cavani,yellow,,lineup_bubble,https://www.soccerbase.com/tournaments/tournament_tab.sd?tourn_id=1764&tab_id=2166&roundTab=roundTab_7
soccerbase,851158,2022-12-02,World Cup,2022,Group Stage: Group H,Group H Matches and results,Ghana,Uruguay,Uruguay,Ghana,0,47538,L Suarez,yellow,,lineup_bubble,https://www.soccerbase.com/tournaments/tournament_tab.sd?tourn_id=1764&tab_id=2166&roundTab=roundTab_7
soccerbase,851158,2022-12-02,World Cup,2022,Group Stage: Group H,Group H Matches and results,Ghana,Uruguay,Uruguay,Ghana,0,124971,D Nunez,yellow,,lineup_bubble,https://www.soccerbase.com/tournaments/tournament_tab.sd?tourn_id=1764&tab_id=2166&roundTab=roundTab_7
soccerbase,851152,2022-12-02,World Cup,2022,Group Stage: Group H,Group H Matches and results,South Korea,Portugal,South Korea,Portugal,1,114069,Lee Kang-In,yellow,,lineup_bubble,https://www.soccerbase.com/tournaments/tournament_tab.sd?tourn_id=1764&tab_id=2166&roundTab=roundTab_7
soccerbase,851152,2022-12-02,World Cup,2022,Group Stage: Group H,Group H Matches and results,South Korea,Portugal,South Korea,Portugal,1,89327,Hwang Hee-Chan,yellow,,lineup_bubble,https://www.soccerbase.com/tournaments/tournament_tab.sd?tourn_id=1764&tab_id=2166&roundTab=roundTab_7
soccerbase,851147,2022-11-28,World Cup,2022,Group Stage: Group H,Group H Matches and results,Portugal,Uruguay,Portugal,Uruguay,1,90383,Ruben Dias,yellow,,lineup_bubble,https://www.soccerbase.com/tournaments/tournament_tab.sd?tourn_id=1764&tab_id=2166&roundTab=roundTab_7
soccerbase,851147,2022-11-28,World Cup,2022,Group Stage: Group H,Group H Matches and results,Portugal,Uruguay,Portugal,Uruguay,1,77210,R Ruben Neves,yellow,,lineup_bubble,https://www.soccerbase.com/tournaments/tournament_tab.sd?tourn_id=1764&tab_id=2166&roundTab=roundTab_7
soccerbase,851147,2022-11-28,World Cup,2022,Group Stage: Group H,Group H Matches and results,Portugal,Uruguay,Portugal,Uruguay,1,114089,Joao Felix,yellow,,lineup_bubble,https://www.soccerbase.com/tournaments/tournament_tab.sd?tourn_id=1764&tab_id=2166&roundTab=roundTab_7
soccerbase,851147,2022-11-28,World Cup,2022,Group Stage: Group H,Group H Matches and results,Portugal,Uruguay,Uruguay,Portugal,0,107042,M Olivera,yellow,,lineup_bubble,https://www.soccerbase.com/tournaments/tournament_tab.sd?tourn_id=1764&tab_id=2166&roundTab=roundTab_7
soccerbase,851147,2022-11-28,World Cup,2022,Group Stage: Group H,Group H Matches and results,Portugal,Uruguay,Uruguay,Portugal,0,105849,R Bentancur,yellow,,lineup_bubble,https://www.soccerbase.com/tournaments/tournament_tab.sd?tourn_id=1764&tab_id=2166&roundTab=roundTab_7
soccerbase,851157,2022-11-28,World Cup,2022,Group Stage: Group H,Group H Matches and results,South Korea,Ghana,South Korea,Ghana,1,68296,Kim Young-Gwon,yellow,,lineup_bubble,https://www.soccerbase.com/tournaments/tournament_tab.sd?tourn_id=1764&tab_id=2166&roundTab=roundTab_7
soccerbase,851157,2022-11-28,World Cup,2022,Group Stage: Group H,Group H Matches and results,South Korea,Ghana,South Korea,Ghana,1,95633,Jung Woo-Young,yellow,,lineup_bubble,https://www.soccerbase.com/tournaments/tournament_tab.sd?tourn_id=1764&tab_id=2166&roundTab=roundTab_7
soccerbase,851157,2022-11-28,World Cup,2022,Group Stage: Group H,Group H Matches and results,South Korea,Ghana,Ghana,South Korea,0,114322,T Lamptey,yellow,,lineup_bubble,https://www.soccerbase.com/tournaments/tournament_tab.sd?tourn_id=1764&tab_id=2166&roundTab=roundTab_7
soccerbase,851157,2022-11-28,World Cup,2022,Group Stage: Group H,Group H Matches and results,South Korea,Ghana,Ghana,South Korea,0,69666,D Amartey,yellow,,lineup_bubble,https://www.soccerbase.com/tournaments/tournament_tab.sd?tourn_id=1764&tab_id=2166&roundTab=roundTab_7
soccerbase,851156,2022-11-24,World Cup,2022,Group Stage: Group H,Group H Matches and results,Portugal,Ghana,Portugal,Ghana,1,58047,Danilo Pereira,yellow,,lineup_bubble,https://www.soccerbase.com/tournaments/tournament_tab.sd?tourn_id=1764&tab_id=2166&roundTab=roundTab_7
soccerbase,851156,2022-11-24,World Cup,2022,Group Stage: Group H,Group H Matches and results,Portugal,Ghana,Portugal,Ghana,1,72111,Bruno Fernandes,yellow,,lineup_bubble,https://www.soccerbase.com/tournaments/tournament_tab.sd?tourn_id=1764&tab_id=2166&roundTab=roundTab_7
soccerbase,851156,2022-11-24,World Cup,2022,Group Stage: Group H,Group H Matches and results,Portugal,Ghana,Ghana,Portugal,0,140747,A Seidu,yellow,,lineup_bubble,https://www.soccerbase.com/tournaments/tournament_tab.sd?tourn_id=1764&tab_id=2166&roundTab=roundTab_7
soccerbase,851156,2022-11-24,World Cup,2022,Group Stage: Group H,Group H Matches and results,Portugal,Ghana,Ghana,Portugal,0,114285,M Kudus,yellow,,lineup_bubble,https://www.soccerbase.com/tournaments/tournament_tab.sd?tourn_id=1764&tab_id=2166&roundTab=roundTab_7
soccerbase,851156,2022-11-24,World Cup,2022,Group Stage: Group H,Group H Matches and results,Portugal,Ghana,Ghana,Portugal,0,47414,A Ayew,yellow,,lineup_bubble,https://www.soccerbase.com/tournaments/tournament_tab.sd?tourn_id=1764&tab_id=2166&roundTab=roundTab_7
soccerbase,851156,2022-11-24,World Cup,2022,Group Stage: Group H,Group H Matches and results,Portugal,Ghana,Ghana,Portugal,0,79392,I Inaki Williams,yellow,,lineup_bubble,https://www.soccerbase.com/tournaments/tournament_tab.sd?tourn_id=1764&tab_id=2166&roundTab=roundTab_7
soccerbase,851151,2022-11-24,World Cup,2022,Group Stage: Group H,Group H Matches and results,Uruguay,South Korea,Uruguay,South Korea,1,48843,M Caceres,yellow,,lineup_bubble,https://www.soccerbase.com/tournaments/tournament_tab.sd?tourn_id=1764&tab_id=2166&roundTab=roundTab_7
soccerbase,851151,2022-11-24,World Cup,2022,Group Stage: Group H,Group H Matches and results,Uruguay,South Korea,South Korea,Uruguay,0,144619,Cho Gue-Sung,yellow,,lineup_bubble,https://www.soccerbase.com/tournaments/tournament_tab.sd?tourn_id=1764&tab_id=2166&roundTab=roundTab_7
soccerbase,820863,2021-11-14,World Cup,2022,Europe (Qualifying): A,Qualifying Group 1 Matches and results,Luxembourg,Ireland,Luxembourg,Ireland,1,50070,M Chanot,yellow,,lineup_bubble,https://www.soccerbase.com/tournaments/tournament_tab.sd?tourn_id=1764&tab_id=2167&roundTab=roundTab_1
soccerbase,820863,2021-11-14,World Cup,2022,Europe (Qualifying): A,Qualifying Group 1 Matches and results,Luxembourg,Ireland,Luxembourg,Ireland,1,94665,V Selimovic,yellow,,lineup_bubble,https://www.soccerbase.com/tournaments/tournament_tab.sd?tourn_id=1764&tab_id=2167&roundTab=roundTab_1
soccerbase,820863,2021-11-14,World Cup,2022,Europe (Qualifying): A,Qualifying Group 1 Matches and results,Luxembourg,Ireland,Luxembourg,Ireland,1,62657,L Jans,yellow,,lineup_bubble,https://www.soccerbase.com/tournaments/tournament_tab.sd?tourn_id=1764&tab_id=2167&roundTab=roundTab_1
soccerbase,820863,2021-11-14,World Cup,2022,Europe (Qualifying): A,Qualifying Group 1 Matches and results,Luxembourg,Ireland,Luxembourg,Ireland,1,77852,C Martins,yellow,,lineup_bubble,https://www.soccerbase.com/tournaments/tournament_tab.sd?tourn_id=1764&tab_id=2167&roundTab=roundTab_1
soccerbase,820863,2021-11-14,World Cup,2022,Europe (Qualifying): A,Qualifying Group 1 Matches and results,Luxembourg,Ireland,Ireland,Luxembourg,0,51537,S Duffy,yellow,,lineup_bubble,https://www.soccerbase.com/tournaments/tournament_tab.sd?tourn_id=1764&tab_id=2167&roundTab=roundTab_1
soccerbase,820863,2021-11-14,World Cup,2022,Europe (Qualifying): A,Qualifying Group 1 Matches and results,Luxembourg,Ireland,Ireland,Luxembourg,0,81734,J Cullen,yellow,,lineup_bubble,https://www.soccerbase.com/tournaments/tournament_tab.sd?tourn_id=1764&tab_id=2167&roundTab=roundTab_1
soccerbase,820863,2021-11-14,World Cup,2022,Europe (Qualifying): A,Qualifying Group 1 Matches and results,Luxembourg,Ireland,Ireland,Luxembourg,0,120175,J Knight,yellow,,lineup_bubble,https://www.soccerbase.com/tournaments/tournament_tab.sd?tourn_id=1764&tab_id=2167&roundTab=roundTab_1
soccerbase,820863,2021-11-14,World Cup,2022,Europe (Qualifying): A,Qualifying Group 1 Matches and results,Luxembourg,Ireland,Ireland,Luxembourg,0,69490,A Browne,yellow,,lineup_bubble,https://www.soccerbase.com/tournaments/tournament_tab.sd?tourn_id=1764&tab_id=2167&roundTab=roundTab_1
soccerbase,820864,2021-11-14,World Cup,2022,Europe (Qualifying): A,Qualifying Group 1 Matches and results,Portugal,Serbia,Portugal,Serbia,1,69841,Joao Cancelo,yellow,,lineup_bubble,https://www.soccerbase.com/tournaments/tournament_tab.sd?tourn_id=1764&tab_id=2167&roundTab=roundTab_1
soccerbase,820864,2021-11-14,World Cup,2022,Europe (Qualifying): A,Qualifying Group 1 Matches and results,Portugal,Serbia,Portugal,Serbia,1,40870,J Joao Moutinho,yellow,,lineup_bubble,https://www.soccerbase.com/tournaments/tournament_tab.sd?tourn_id=1764&tab_id=2167&roundTab=roundTab_1
soccerbase,820864,2021-11-14,World Cup,2022,Europe (Qualifying): A,Qualifying Group 1 Matches and results,Portugal,Serbia,Portugal,Serbia,1,88870,R Renato Sanches,yellow,,lineup_bubble,https://www.soccerbase.com/tournaments/tournament_tab.sd?tourn_id=1764&tab_id=2167&roundTab=roundTab_1
soccerbase,820864,2021-11-14,World Cup,2022,Europe (Qualifying): A,Qualifying Group 1 Matches and results,Portugal,Serbia,Serbia,Portugal,0,122314,S Pavlovic,yellow,,lineup_bubble,https://www.soccerbase.com/tournaments/tournament_tab.sd?tourn_id=1764&tab_id=2167&roundTab=roundTab_1
soccerbase,820864,2021-11-14,World Cup,2022,Europe (Qualifying): A,Qualifying Group 1 Matches and results,Portugal,Serbia,Serbia,Portugal,0,91609,N Milenkovic,yellow,,lineup_bubble,https://www.soccerbase.com/tournaments/tournament_tab.sd?tourn_id=1764&tab_id=2167&roundTab=roundTab_1
soccerbase,820864,2021-11-14,World Cup,2022,Europe (Qualifying): A,Qualifying Group 1 Matches and results,Portugal,Serbia,Serbia,Portugal,0,67457,A Mitrovic,yellow,,lineup_bubble,https://www.soccerbase.com/tournaments/tournament_tab.sd?tourn_id=1764&tab_id=2167&roundTab=roundTab_1
soccerbase,820864,2021-11-14,World Cup,2022,Europe (Qualifying): A,Qualifying Group 1 Matches and results,Portugal,Serbia,Serbia,Portugal,0,36446,N Gudelj,yellow,,lineup_bubble,https://www.soccerbase.com/tournaments/tournament_tab.sd?tourn_id=1764&tab_id=2167&roundTab=roundTab_1
soccerbase,820814,2021-11-11,World Cup,2022,Europe (Qualifying): A,Qualifying Group 1 Matches and results,Azerbaijan,Luxembourg,Azerbaijan,Luxembourg,1,56625,M Medvedev,yellow,,lineup_bubble,https://www.soccerbase.com/tournaments/tournament_tab.sd?tourn_id=1764&tab_id=2167&roundTab=roundTab_1
soccerbase,820814,2021-11-11,World Cup,2022,Europe (Qualifying): A,Qualifying Group 1 Matches and results,Azerbaijan,Luxembourg,Azerbaijan,Luxembourg,1,65557,E Mahmudov,yellow,,lineup_bubble,https://www.soccerbase.com/tournaments/tournament_tab.sd?tourn_id=1764&tab_id=2167&roundTab=roundTab_1
soccerbase,820814,2021-11-11,World Cup,2022,Europe (Qualifying): A,Qualifying Group 1 Matches and results,Azerbaijan,Luxembourg,Azerbaijan,Luxembourg,1,88043,A Salahli,yellow,,lineup_bubble,https://www.soccerbase.com/tournaments/tournament_tab.sd?tourn_id=1764&tab_id=2167&roundTab=roundTab_1
soccerbase,820814,2021-11-11,World Cup,2022,Europe (Qualifying): A,Qualifying Group 1 Matches and results,Azerbaijan,Luxembourg,Azerbaijan,Luxembourg,1,95879,T Mutallimov,red,,lineup_bubble,https://www.soccerbase.com/tournaments/tournament_tab.sd?tourn_id=1764&tab_id=2167&roundTab=roundTab_1
soccerbase,820814,2021-11-11,World Cup,2022,Europe (Qualifying): A,Qualifying Group 1 Matches and results,Azerbaijan,Luxembourg,Azerbaijan,Luxembourg,1,88034,M Emreli,yellow,,lineup_bubble,https://www.soccerbase.com/tournaments/tournament_tab.sd?tourn_id=1764&tab_id=2167&roundTab=roundTab_1
soccerbase,820814,2021-11-11,World Cup,2022,Europe (Qualifying): A,Qualifying Group 1 Matches and results,Azerbaijan,Luxembourg,Luxembourg,Azerbaijan,0,96463,D Carlson,yellow,,lineup_bubble,https://www.soccerbase.com/tournaments/tournament_tab.sd?tourn_id=1764&tab_id=2167&roundTab=roundTab_1
soccerbase,820822,2021-11-11,World Cup,2022,Europe (Qualifying): A,Qualifying Group 1 Matches and results,Ireland,Portugal,Ireland,Portugal,1,51872,S Coleman,yellow,,lineup_bubble,https://www.soccerbase.com/tournaments/tournament_tab.sd?tourn_id=1764&tab_id=2167&roundTab=roundTab_1
soccerbase,820822,2021-11-11,World Cup,2022,Europe (Qualifying): A,Qualifying Group 1 Matches and results,Ireland,Portugal,Ireland,Portugal,1,72637,C Robinson,yellow,,lineup_bubble,https://www.soccerbase.com/tournaments/tournament_tab.sd?tourn_id=1764&tab_id=2167&roundTab=roundTab_1
soccerbase,820822,2021-11-11,World Cup,2022,Europe (Qualifying): A,Qualifying Group 1 Matches and results,Ireland,Portugal,Ireland,Portugal,1,92936,C Ogbene,yellow,,lineup_bubble,https://www.soccerbase.com/tournaments/tournament_tab.sd?tourn_id=1764&tab_id=2167&roundTab=roundTab_1
soccerbase,820822,2021-11-11,World Cup,2022,Europe (Qualifying): A,Qualifying Group 1 Matches and results,Ireland,Portugal,Portugal,Ireland,0,58047,Danilo Pereira,yellow,,lineup_bubble,https://www.soccerbase.com/tournaments/tournament_tab.sd?tourn_id=1764&tab_id=2167&roundTab=roundTab_1
soccerbase,820822,2021-11-11,World Cup,2022,Europe (Qualifying): A,Qualifying Group 1 Matches and results,Ireland,Portugal,Portugal,Ireland,0,47705,Pepe,yellow,,lineup_bubble,https://www.soccerbase.com/tournaments/tournament_tab.sd?tourn_id=1764&tab_id=2167&roundTab=roundTab_1
soccerbase,820822,2021-11-11,World Cup,2022,Europe (Qualifying): A,Qualifying Group 1 Matches and results,Ireland,Portugal,Portugal,Ireland,0,47705,Pepe,red,,lineup_bubble,https://www.soccerbase.com/tournaments/tournament_tab.sd?tourn_id=1764&tab_id=2167&roundTab=roundTab_1
soccerbase,820794,2021-10-12,World Cup,2022,Europe (Qualifying): A,Qualifying Group 1 Matches and results,Portugal,Luxembourg,Portugal,Luxembourg,1,122716,Nuno Mendes,yellow,,lineup_bubble,https://www.soccerbase.com/tournaments/tournament_tab.sd?tourn_id=1764&tab_id=2167&roundTab=roundTab_1
soccerbase,820794,2021-10-12,World Cup,2022,Europe (Qualifying): A,Qualifying Group 1 Matches and results,Portugal,Luxembourg,Portugal,Luxembourg,1,69841,Joao Cancelo,yellow,,lineup_bubble,https://www.soccerbase.com/tournaments/tournament_tab.sd?tourn_id=1764&tab_id=2167&roundTab=roundTab_1
soccerbase,820794,2021-10-12,World Cup,2022,Europe (Qualifying): A,Qualifying Group 1 Matches and results,Portugal,Luxembourg,Luxembourg,Portugal,0,77852,C Martins,yellow,,lineup_bubble,https://www.soccerbase.com/tournaments/tournament_tab.sd?tourn_id=1764&tab_id=2167&roundTab=roundTab_1
soccerbase,820795,2021-10-12,World Cup,2022,Europe (Qualifying): A,Qualifying Group 1 Matches and results,Serbia,Azerbaijan,Azerbaijan,Serbia,0,56625,M Medvedev,yellow,,lineup_bubble,https://www.soccerbase.com/tournaments/tournament_tab.sd?tourn_id=1764&tab_id=2167&roundTab=roundTab_1
soccerbase,820795,2021-10-12,World Cup,2022,Europe (Qualifying): A,Qualifying Group 1 Matches and results,Serbia,Azerbaijan,Azerbaijan,Serbia,0,139425,H Haqqverdi,yellow,,lineup_bubble,https://www.soccerbase.com/tournaments/tournament_tab.sd?tourn_id=1764&tab_id=2167&roundTab=roundTab_1
soccerbase,820831,2021-10-09,World Cup,2022,Europe (Qualifying): A,Qualifying Group 1 Matches and results,Azerbaijan,Ireland,Ireland,Azerbaijan,0,62920,J Egan,yellow,,lineup_bubble,https://www.soccerbase.com/tournaments/tournament_tab.sd?tourn_id=1764&tab_id=2167&roundTab=roundTab_1
soccerbase,820841,2021-10-09,World Cup,2022,Europe (Qualifying): A,Qualifying Group 1 Matches and results,Luxembourg,Serbia,Luxembourg,Serbia,1,96463,D Carlson,yellow,,lineup_bubble,https://www.soccerbase.com/tournaments/tournament_tab.sd?tourn_id=1764&tab_id=2167&roundTab=roundTab_1
soccerbase,820841,2021-10-09,World Cup,2022,Europe (Qualifying): A,Qualifying Group 1 Matches and results,Luxembourg,Serbia,Luxembourg,Serbia,1,111282,L Barreiro,yellow,,lineup_bubble,https://www.soccerbase.com/tournaments/tournament_tab.sd?tourn_id=1764&tab_id=2167&roundTab=roundTab_1
soccerbase,820841,2021-10-09,World Cup,2022,Europe (Qualifying): A,Qualifying Group 1 Matches and results,Luxembourg,Serbia,Serbia,Luxembourg,0,122314,S Pavlovic,yellow,,lineup_bubble,https://www.soccerbase.com/tournaments/tournament_tab.sd?tourn_id=1764&tab_id=2167&roundTab=roundTab_1
soccerbase,820841,2021-10-09,World Cup,2022,Europe (Qualifying): A,Qualifying Group 1 Matches and results,Luxembourg,Serbia,Serbia,Luxembourg,0,55661,F Djuricic,yellow,,lineup_bubble,https://www.soccerbase.com/tournaments/tournament_tab.sd?tourn_id=1764&tab_id=2167&roundTab=roundTab_1
soccerbase,820732,2021-09-07,World Cup,2022,Europe (Qualifying): A,Qualifying Group 1 Matches and results,Azerbaijan,Portugal,Azerbaijan,Portugal,1,139425,H Haqqverdi,yellow,,lineup_bubble,https://www.soccerbase.com/tournaments/tournament_tab.sd?tourn_id=1764&tab_id=2167&roundTab=roundTab_1
soccerbase,820732,2021-09-07,World Cup,2022,Europe (Qualifying): A,Qualifying Group 1 Matches and results,Azerbaijan,Portugal,Azerbaijan,Portugal,1,116275,A Ghorbani,yellow,,lineup_bubble,https://www.soccerbase.com/tournaments/tournament_tab.sd?tourn_id=1764&tab_id=2167&roundTab=roundTab_1
soccerbase,820732,2021-09-07,World Cup,2022,Europe (Qualifying): A,Qualifying Group 1 Matches and results,Azerbaijan,Portugal,Azerbaijan,Portugal,1,78019,N Alasgarov,yellow,,lineup_bubble,https://www.soccerbase.com/tournaments/tournament_tab.sd?tourn_id=1764&tab_id=2167&roundTab=roundTab_1
soccerbase,820732,2021-09-07,World Cup,2022,Europe (Qualifying): A,Qualifying Group 1 Matches and results,Azerbaijan,Portugal,Portugal,Azerbaijan,0,122716,Nuno Mendes,yellow,,lineup_bubble,https://www.soccerbase.com/tournaments/tournament_tab.sd?tourn_id=1764&tab_id=2167&roundTab=roundTab_1
soccerbase,820732,2021-09-07,World Cup,2022,Europe (Qualifying): A,Qualifying Group 1 Matches and results,Azerbaijan,Portugal,Portugal,Azerbaijan,0,87083,Joao Palhinha,yellow,,lineup_bubble,https://www.soccerbase.com/tournaments/tournament_tab.sd?tourn_id=1764&tab_id=2167&roundTab=roundTab_1
soccerbase,820733,2021-09-07,World Cup,2022,Europe (Qualifying): A,Qualifying Group 1 Matches and results,Ireland,Serbia,Ireland,Serbia,1,95974,J Molumby,yellow,,lineup_bubble,https://www.soccerbase.com/tournaments/tournament_tab.sd?tourn_id=1764&tab_id=2167&roundTab=roundTab_1
soccerbase,820733,2021-09-07,World Cup,2022,Europe (Qualifying): A,Qualifying Group 1 Matches and results,Ireland,Serbia,Ireland,Serbia,1,69490,A Browne,yellow,,lineup_bubble,https://www.soccerbase.com/tournaments/tournament_tab.sd?tourn_id=1764&tab_id=2167&roundTab=roundTab_1
soccerbase,820733,2021-09-07,World Cup,2022,Europe (Qualifying): A,Qualifying Group 1 Matches and results,Ireland,Serbia,Ireland,Serbia,1,123798,A Idah,yellow,,lineup_bubble,https://www.soccerbase.com/tournaments/tournament_tab.sd?tourn_id=1764&tab_id=2167&roundTab=roundTab_1
soccerbase,820733,2021-09-07,World Cup,2022,Europe (Qualifying): A,Qualifying Group 1 Matches and results,Ireland,Serbia,Serbia,Ireland,0,81154,N Radonjic,yellow,,lineup_bubble,https://www.soccerbase.com/tournaments/tournament_tab.sd?tourn_id=1764&tab_id=2167&roundTab=roundTab_1
soccerbase,820733,2021-09-07,World Cup,2022,Europe (Qualifying): A,Qualifying Group 1 Matches and results,Ireland,Serbia,Serbia,Ireland,0,55661,F Djuricic,yellow,,lineup_bubble,https://www.soccerbase.com/tournaments/tournament_tab.sd?tourn_id=1764&tab_id=2167&roundTab=roundTab_1
soccerbase,820739,2021-09-04,World Cup,2022,Europe (Qualifying): A,Qualifying Group 1 Matches and results,Ireland,Azerbaijan,Ireland,Azerbaijan,1,95974,J Molumby,yellow,,lineup_bubble,https://www.soccerbase.com/tournaments/tournament_tab.sd?tourn_id=1764&tab_id=2167&roundTab=roundTab_1
soccerbase,820739,2021-09-04,World Cup,2022,Europe (Qualifying): A,Qualifying Group 1 Matches and results,Ireland,Azerbaijan,Ireland,Azerbaijan,1,69490,A Browne,yellow,,lineup_bubble,https://www.soccerbase.com/tournaments/tournament_tab.sd?tourn_id=1764&tab_id=2167&roundTab=roundTab_1
soccerbase,820739,2021-09-04,World Cup,2022,Europe (Qualifying): A,Qualifying Group 1 Matches and results,Ireland,Azerbaijan,Azerbaijan,Ireland,0,119319,A Krivotsyuk,yellow,,lineup_bubble,https://www.soccerbase.com/tournaments/tournament_tab.sd?tourn_id=1764&tab_id=2167&roundTab=roundTab_1
soccerbase,820739,2021-09-04,World Cup,2022,Europe (Qualifying): A,Qualifying Group 1 Matches and results,Ireland,Azerbaijan,Azerbaijan,Ireland,0,65557,E Mahmudov,yellow,,lineup_bubble,https://www.soccerbase.com/tournaments/tournament_tab.sd?tourn_id=1764&tab_id=2167&roundTab=roundTab_1
soccerbase,820742,2021-09-04,World Cup,2022,Europe (Qualifying): A,Qualifying Group 1 Matches and results,Serbia,Luxembourg,Serbia,Luxembourg,1,55796,D Tadic,yellow,,lineup_bubble,https://www.soccerbase.com/tournaments/tournament_tab.sd?tourn_id=1764&tab_id=2167&roundTab=roundTab_1
soccerbase,820742,2021-09-04,World Cup,2022,Europe (Qualifying): A,Qualifying Group 1 Matches and results,Serbia,Luxembourg,Luxembourg,Serbia,0,77852,C Martins,yellow,,lineup_bubble,https://www.soccerbase.com/tournaments/tournament_tab.sd?tourn_id=1764&tab_id=2167&roundTab=roundTab_1
soccerbase,820742,2021-09-04,World Cup,2022,Europe (Qualifying): A,Qualifying Group 1 Matches and results,Serbia,Luxembourg,Luxembourg,Serbia,0,101879,G Rodrigues,yellow,,lineup_bubble,https://www.soccerbase.com/tournaments/tournament_tab.sd?tourn_id=1764&tab_id=2167&roundTab=roundTab_1
soccerbase,820742,2021-09-04,World Cup,2022,Europe (Qualifying): A,Qualifying Group 1 Matches and results,Serbia,Luxembourg,Luxembourg,Serbia,0,101879,G Rodrigues,red,,lineup_bubble,https://www.soccerbase.com/tournaments/tournament_tab.sd?tourn_id=1764&tab_id=2167&roundTab=roundTab_1
soccerbase,820695,2021-09-01,World Cup,2022,Europe (Qualifying): A,Qualifying Group 1 Matches and results,Luxembourg,Azerbaijan,Luxembourg,Azerbaijan,1,81885,F Bohnert,yellow,,lineup_bubble,https://www.soccerbase.com/tournaments/tournament_tab.sd?tourn_id=1764&tab_id=2167&roundTab=roundTab_1
soccerbase,820695,2021-09-01,World Cup,2022,Europe (Qualifying): A,Qualifying Group 1 Matches and results,Luxembourg,Azerbaijan,Luxembourg,Azerbaijan,1,77852,C Martins,yellow,,lineup_bubble,https://www.soccerbase.com/tournaments/tournament_tab.sd?tourn_id=1764&tab_id=2167&roundTab=roundTab_1
soccerbase,820695,2021-09-01,World Cup,2022,Europe (Qualifying): A,Qualifying Group 1 Matches and results,Luxembourg,Azerbaijan,Azerbaijan,Luxembourg,0,119319,A Krivotsyuk,yellow,,lineup_bubble,https://www.soccerbase.com/tournaments/tournament_tab.sd?tourn_id=1764&tab_id=2167&roundTab=roundTab_1
soccerbase,820695,2021-09-01,World Cup,2022,Europe (Qualifying): A,Qualifying Group 1 Matches and results,Luxembourg,Azerbaijan,Azerbaijan,Luxembourg,0,107333,A Abbas Huseynov,yellow,,lineup_bubble,https://www.soccerbase.com/tournaments/tournament_tab.sd?tourn_id=1764&tab_id=2167&roundTab=roundTab_1
soccerbase,820695,2021-09-01,World Cup,2022,Europe (Qualifying): A,Qualifying Group 1 Matches and results,Luxembourg,Azerbaijan,Azerbaijan,Luxembourg,0,58039,F Ozobic,yellow,,lineup_bubble,https://www.soccerbase.com/tournaments/tournament_tab.sd?tourn_id=1764&tab_id=2167&roundTab=roundTab_1
soccerbase,820698,2021-09-01,World Cup,2022,Europe (Qualifying): A,Qualifying Group 1 Matches and results,Portugal,Ireland,Portugal,Ireland,1,35979,C Cristiano Ronaldo,yellow,,lineup_bubble,https://www.soccerbase.com/tournaments/tournament_tab.sd?tourn_id=1764&tab_id=2167&roundTab=roundTab_1
soccerbase,820698,2021-09-01,World Cup,2022,Europe (Qualifying): A,Qualifying Group 1 Matches and results,Portugal,Ireland,Ireland,Portugal,0,96131,D O'Shea,yellow,,lineup_bubble,https://www.soccerbase.com/tournaments/tournament_tab.sd?tourn_id=1764&tab_id=2167&roundTab=roundTab_1
soccerbase,820698,2021-09-01,World Cup,2022,Europe (Qualifying): A,Qualifying Group 1 Matches and results,Portugal,Ireland,Ireland,Portugal,0,58018,M Doherty,yellow,,lineup_bubble,https://www.soccerbase.com/tournaments/tournament_tab.sd?tourn_id=1764&tab_id=2167&roundTab=roundTab_1
soccerbase,820698,2021-09-01,World Cup,2022,Europe (Qualifying): A,Qualifying Group 1 Matches and results,Portugal,Ireland,Ireland,Portugal,0,54428,J Hendrick,yellow,,lineup_bubble,https://www.soccerbase.com/tournaments/tournament_tab.sd?tourn_id=1764&tab_id=2167&roundTab=roundTab_1
soccerbase,820698,2021-09-01,World Cup,2022,Europe (Qualifying): A,Qualifying Group 1 Matches and results,Portugal,Ireland,Ireland,Portugal,0,107304,A Connolly,yellow,,lineup_bubble,https://www.soccerbase.com/tournaments/tournament_tab.sd?tourn_id=1764&tab_id=2167&roundTab=roundTab_1
soccerbase,820667,2021-03-30,World Cup,2022,Europe (Qualifying): A,Qualifying Group 1 Matches and results,Azerbaijan,Serbia,Azerbaijan,Serbia,1,107512,T Xalilzada,yellow,,lineup_bubble,https://www.soccerbase.com/tournaments/tournament_tab.sd?tourn_id=1764&tab_id=2167&roundTab=roundTab_1
soccerbase,820667,2021-03-30,World Cup,2022,Europe (Qualifying): A,Qualifying Group 1 Matches and results,Azerbaijan,Serbia,Serbia,Azerbaijan,0,71244,U Spajic,yellow,,lineup_bubble,https://www.soccerbase.com/tournaments/tournament_tab.sd?tourn_id=1764&tab_id=2167&roundTab=roundTab_1
soccerbase,820667,2021-03-30,World Cup,2022,Europe (Qualifying): A,Qualifying Group 1 Matches and results,Azerbaijan,Serbia,Serbia,Azerbaijan,0,36446,N Gudelj,yellow,,lineup_bubble,https://www.soccerbase.com/tournaments/tournament_tab.sd?tourn_id=1764&tab_id=2167&roundTab=roundTab_1
soccerbase,820670,2021-03-30,World Cup,2022,Europe (Qualifying): A,Qualifying Group 1 Matches and results,Luxembourg,Portugal,Luxembourg,Portugal,1,50070,M Chanot,yellow,,lineup_bubble,https://www.soccerbase.com/tournaments/tournament_tab.sd?tourn_id=1764&tab_id=2167&roundTab=roundTab_1
soccerbase,820670,2021-03-30,World Cup,2022,Europe (Qualifying): A,Qualifying Group 1 Matches and results,Luxembourg,Portugal,Luxembourg,Portugal,1,50070,M Chanot,red,,lineup_bubble,https://www.soccerbase.com/tournaments/tournament_tab.sd?tourn_id=1764&tab_id=2167&roundTab=roundTab_1
soccerbase,820670,2021-03-30,World Cup,2022,Europe (Qualifying): A,Qualifying Group 1 Matches and results,Luxembourg,Portugal,Portugal,Luxembourg,0,90383,Ruben Dias,yellow,,lineup_bubble,https://www.soccerbase.com/tournaments/tournament_tab.sd?tourn_id=1764&tab_id=2167&roundTab=roundTab_1
soccerbase,820670,2021-03-30,World Cup,2022,Europe (Qualifying): A,Qualifying Group 1 Matches and results,Luxembourg,Portugal,Portugal,Luxembourg,0,88870,R Renato Sanches,yellow,,lineup_bubble,https://www.soccerbase.com/tournaments/tournament_tab.sd?tourn_id=1764&tab_id=2167&roundTab=roundTab_1
soccerbase,820670,2021-03-30,World Cup,2022,Europe (Qualifying): A,Qualifying Group 1 Matches and results,Luxembourg,Portugal,Portugal,Luxembourg,0,78051,Diogo Jota,yellow,,lineup_bubble,https://www.soccerbase.com/tournaments/tournament_tab.sd?tourn_id=1764&tab_id=2167&roundTab=roundTab_1
soccerbase,820662,2021-03-27,World Cup,2022,Europe (Qualifying): A,Qualifying Group 1 Matches and results,Ireland,Luxembourg,Ireland,Luxembourg,1,55069,E Stevens,yellow,,lineup_bubble,https://www.soccerbase.com/tournaments/tournament_tab.sd?tourn_id=1764&tab_id=2167&roundTab=roundTab_1
soccerbase,820662,2021-03-27,World Cup,2022,Europe (Qualifying): A,Qualifying Group 1 Matches and results,Ireland,Luxembourg,Ireland,Luxembourg,1,81734,J Cullen,yellow,,lineup_bubble,https://www.soccerbase.com/tournaments/tournament_tab.sd?tourn_id=1764&tab_id=2167&roundTab=roundTab_1
soccerbase,820662,2021-03-27,World Cup,2022,Europe (Qualifying): A,Qualifying Group 1 Matches and results,Ireland,Luxembourg,Luxembourg,Ireland,0,62657,L Jans,yellow,,lineup_bubble,https://www.soccerbase.com/tournaments/tournament_tab.sd?tourn_id=1764&tab_id=2167&roundTab=roundTab_1
soccerbase,820662,2021-03-27,World Cup,2022,Europe (Qualifying): A,Qualifying Group 1 Matches and results,Ireland,Luxembourg,Luxembourg,Ireland,0,107514,O Thill,yellow,,lineup_bubble,https://www.soccerbase.com/tournaments/tournament_tab.sd?tourn_id=1764&tab_id=2167&roundTab=roundTab_1
soccerbase,820662,2021-03-27,World Cup,2022,Europe (Qualifying): A,Qualifying Group 1 Matches and results,Ireland,Luxembourg,Luxembourg,Ireland,0,107516,D Sinani,yellow,,lineup_bubble,https://www.soccerbase.com/tournaments/tournament_tab.sd?tourn_id=1764&tab_id=2167&roundTab=roundTab_1
soccerbase,820663,2021-03-27,World Cup,2022,Europe (Qualifying): A,Qualifying Group 1 Matches and results,Serbia,Portugal,Serbia,Portugal,1,91609,N Milenkovic,red,,lineup_bubble,https://www.soccerbase.com/tournaments/tournament_tab.sd?tourn_id=1764&tab_id=2167&roundTab=roundTab_1
soccerbase,820663,2021-03-27,World Cup,2022,Europe (Qualifying): A,Qualifying Group 1 Matches and results,Serbia,Portugal,Serbia,Portugal,1,87808,N Maksimovic,yellow,,lineup_bubble,https://www.soccerbase.com/tournaments/tournament_tab.sd?tourn_id=1764&tab_id=2167&roundTab=roundTab_1
soccerbase,820663,2021-03-27,World Cup,2022,Europe (Qualifying): A,Qualifying Group 1 Matches and results,Serbia,Portugal,Serbia,Portugal,1,67457,A Mitrovic,yellow,,lineup_bubble,https://www.soccerbase.com/tournaments/tournament_tab.sd?tourn_id=1764&tab_id=2167&roundTab=roundTab_1
soccerbase,820663,2021-03-27,World Cup,2022,Europe (Qualifying): A,Qualifying Group 1 Matches and results,Serbia,Portugal,Portugal,Serbia,0,47010,J Jose Fonte,yellow,,lineup_bubble,https://www.soccerbase.com/tournaments/tournament_tab.sd?tourn_id=1764&tab_id=2167&roundTab=roundTab_1
soccerbase,820663,2021-03-27,World Cup,2022,Europe (Qualifying): A,Qualifying Group 1 Matches and results,Serbia,Portugal,Portugal,Serbia,0,72111,Bruno Fernandes,yellow,,lineup_bubble,https://www.soccerbase.com/tournaments/tournament_tab.sd?tourn_id=1764&tab_id=2167&roundTab=roundTab_1
soccerbase,820663,2021-03-27,World Cup,2022,Europe (Qualifying): A,Qualifying Group 1 Matches and results,Serbia,Portugal,Portugal,Serbia,0,35979,C Cristiano Ronaldo,yellow,,lineup_bubble,https://www.soccerbase.com/tournaments/tournament_tab.sd?tourn_id=1764&tab_id=2167&roundTab=roundTab_1
soccerbase,820632,2021-03-24,World Cup,2022,Europe (Qualifying): A,Qualifying Group 1 Matches and results,Portugal,Azerbaijan,Portugal,Azerbaijan,1,72111,Bruno Fernandes,yellow,,lineup_bubble,https://www.soccerbase.com/tournaments/tournament_tab.sd?tourn_id=1764&tab_id=2167&roundTab=roundTab_1
soccerbase,820632,2021-03-24,World Cup,2022,Europe (Qualifying): A,Qualifying Group 1 Matches and results,Portugal,Azerbaijan,Azerbaijan,Portugal,0,88034,M Emreli,yellow,,lineup_bubble,https://www.soccerbase.com/tournaments/tournament_tab.sd?tourn_id=1764&tab_id=2167&roundTab=roundTab_1
soccerbase,820633,2021-03-24,World Cup,2022,Europe (Qualifying): A,Qualifying Group 1 Matches and results,Serbia,Ireland,Serbia,Ireland,1,122314,S Pavlovic,yellow,,lineup_bubble,https://www.soccerbase.com/tournaments/tournament_tab.sd?tourn_id=1764&tab_id=2167&roundTab=roundTab_1
soccerbase,820865,2021-11-14,World Cup,2022,Europe (Qualifying): B,Qualifying Group 2 Matches and results,Greece,Kosovo,Kosovo,Greece,0,64514,H Shala,yellow,,lineup_bubble,https://www.soccerbase.com/tournaments/tournament_tab.sd?tourn_id=1764&tab_id=2167&roundTab=roundTab_2
soccerbase,820865,2021-11-14,World Cup,2022,Europe (Qualifying): B,Qualifying Group 2 Matches and results,Greece,Kosovo,Kosovo,Greece,0,93128,V Muriqi,yellow,,lineup_bubble,https://www.soccerbase.com/tournaments/tournament_tab.sd?tourn_id=1764&tab_id=2167&roundTab=roundTab_2
soccerbase,820866,2021-11-14,World Cup,2022,Europe (Qualifying): B,Qualifying Group 2 Matches and results,Spain,Sweden,Spain,Sweden,1,107337,B Mendez,yellow,,lineup_bubble,https://www.soccerbase.com/tournaments/tournament_tab.sd?tourn_id=1764&tab_id=2167&roundTab=roundTab_2
soccerbase,820866,2021-11-14,World Cup,2022,Europe (Qualifying): B,Qualifying Group 2 Matches and results,Spain,Sweden,Sweden,Spain,0,64808,E Krafth,yellow,,lineup_bubble,https://www.soccerbase.com/tournaments/tournament_tab.sd?tourn_id=1764&tab_id=2167&roundTab=roundTab_2
soccerbase,820866,2021-11-14,World Cup,2022,Europe (Qualifying): B,Qualifying Group 2 Matches and results,Spain,Sweden,Sweden,Spain,0,24656,Z Ibrahimovic,yellow,,lineup_bubble,https://www.soccerbase.com/tournaments/tournament_tab.sd?tourn_id=1764&tab_id=2167&roundTab=roundTab_2
soccerbase,820817,2021-11-11,World Cup,2022,Europe (Qualifying): B,Qualifying Group 2 Matches and results,Georgia,Sweden,Georgia,Sweden,1,57027,G Kashia,yellow,,lineup_bubble,https://www.soccerbase.com/tournaments/tournament_tab.sd?tourn_id=1764&tab_id=2167&roundTab=roundTab_2
soccerbase,820817,2021-11-11,World Cup,2022,Europe (Qualifying): B,Qualifying Group 2 Matches and results,Georgia,Sweden,Georgia,Sweden,1,122566,I Azarovi,yellow,,lineup_bubble,https://www.soccerbase.com/tournaments/tournament_tab.sd?tourn_id=1764&tab_id=2167&roundTab=roundTab_2
soccerbase,820817,2021-11-11,World Cup,2022,Europe (Qualifying): B,Qualifying Group 2 Matches and results,Georgia,Sweden,Georgia,Sweden,1,67283,T Okriashvili,yellow,,lineup_bubble,https://www.soccerbase.com/tournaments/tournament_tab.sd?tourn_id=1764&tab_id=2167&roundTab=roundTab_2
soccerbase,820817,2021-11-11,World Cup,2022,Europe (Qualifying): B,Qualifying Group 2 Matches and results,Georgia,Sweden,Sweden,Georgia,0,64972,J Nilsson,yellow,,lineup_bubble,https://www.soccerbase.com/tournaments/tournament_tab.sd?tourn_id=1764&tab_id=2167&roundTab=roundTab_2
soccerbase,820823,2021-11-11,World Cup,2022,Europe (Qualifying): B,Qualifying Group 2 Matches and results,Greece,Spain,Greece,Spain,1,54600,G Tzavellas,yellow,,lineup_bubble,https://www.soccerbase.com/tournaments/tournament_tab.sd?tourn_id=1764&tab_id=2167&roundTab=roundTab_2
soccerbase,820823,2021-11-11,World Cup,2022,Europe (Qualifying): B,Qualifying Group 2 Matches and results,Greece,Spain,Greece,Spain,1,87178,K Tsimikas,yellow,,lineup_bubble,https://www.soccerbase.com/tournaments/tournament_tab.sd?tourn_id=1764&tab_id=2167&roundTab=roundTab_2
soccerbase,820823,2021-11-11,World Cup,2022,Europe (Qualifying): B,Qualifying Group 2 Matches and results,Greece,Spain,Greece,Spain,1,67114,D Goutas,yellow,,lineup_bubble,https://www.soccerbase.com/tournaments/tournament_tab.sd?tourn_id=1764&tab_id=2167&roundTab=roundTab_2
soccerbase,820823,2021-11-11,World Cup,2022,Europe (Qualifying): B,Qualifying Group 2 Matches and results,Greece,Spain,Greece,Spain,1,71608,M Siopis,yellow,,lineup_bubble,https://www.soccerbase.com/tournaments/tournament_tab.sd?tourn_id=1764&tab_id=2167&roundTab=roundTab_2
soccerbase,820823,2021-11-11,World Cup,2022,Europe (Qualifying): B,Qualifying Group 2 Matches and results,Greece,Spain,Spain,Greece,0,66789,D Carvajal,yellow,,lineup_bubble,https://www.soccerbase.com/tournaments/tournament_tab.sd?tourn_id=1764&tab_id=2167&roundTab=roundTab_2
soccerbase,820823,2021-11-11,World Cup,2022,Europe (Qualifying): B,Qualifying Group 2 Matches and results,Greece,Spain,Spain,Greece,0,58036,P Sarabia,yellow,,lineup_bubble,https://www.soccerbase.com/tournaments/tournament_tab.sd?tourn_id=1764&tab_id=2167&roundTab=roundTab_2
soccerbase,820796,2021-10-12,World Cup,2022,Europe (Qualifying): B,Qualifying Group 2 Matches and results,Kosovo,Georgia,Kosovo,Georgia,1,83648,A Amir Rrahmani,yellow,,lineup_bubble,https://www.soccerbase.com/tournaments/tournament_tab.sd?tourn_id=1764&tab_id=2167&roundTab=roundTab_2
soccerbase,820796,2021-10-12,World Cup,2022,Europe (Qualifying): B,Qualifying Group 2 Matches and results,Kosovo,Georgia,Kosovo,Georgia,1,93722,I Dresevic,yellow,,lineup_bubble,https://www.soccerbase.com/tournaments/tournament_tab.sd?tourn_id=1764&tab_id=2167&roundTab=roundTab_2
soccerbase,820796,2021-10-12,World Cup,2022,Europe (Qualifying): B,Qualifying Group 2 Matches and results,Kosovo,Georgia,Kosovo,Georgia,1,115138,L Kastrati,yellow,,lineup_bubble,https://www.soccerbase.com/tournaments/tournament_tab.sd?tourn_id=1764&tab_id=2167&roundTab=roundTab_2
soccerbase,820796,2021-10-12,World Cup,2022,Europe (Qualifying): B,Qualifying Group 2 Matches and results,Kosovo,Georgia,Kosovo,Georgia,1,64509,E Rashani,yellow,,lineup_bubble,https://www.soccerbase.com/tournaments/tournament_tab.sd?tourn_id=1764&tab_id=2167&roundTab=roundTab_2
soccerbase,820796,2021-10-12,World Cup,2022,Europe (Qualifying): B,Qualifying Group 2 Matches and results,Kosovo,Georgia,Georgia,Kosovo,0,78510,L Dvali,yellow,,lineup_bubble,https://www.soccerbase.com/tournaments/tournament_tab.sd?tourn_id=1764&tab_id=2167&roundTab=roundTab_2
soccerbase,820796,2021-10-12,World Cup,2022,Europe (Qualifying): B,Qualifying Group 2 Matches and results,Kosovo,Georgia,Georgia,Kosovo,0,132309,G Giorbelidze,yellow,,lineup_bubble,https://www.soccerbase.com/tournaments/tournament_tab.sd?tourn_id=1764&tab_id=2167&roundTab=roundTab_2
soccerbase,820796,2021-10-12,World Cup,2022,Europe (Qualifying): B,Qualifying Group 2 Matches and results,Kosovo,Georgia,Georgia,Kosovo,0,79173,G Kvilitaia,yellow,,lineup_bubble,https://www.soccerbase.com/tournaments/tournament_tab.sd?tourn_id=1764&tab_id=2167&roundTab=roundTab_2
soccerbase,820796,2021-10-12,World Cup,2022,Europe (Qualifying): B,Qualifying Group 2 Matches and results,Kosovo,Georgia,Georgia,Kosovo,0,67283,T Okriashvili,yellow,,lineup_bubble,https://www.soccerbase.com/tournaments/tournament_tab.sd?tourn_id=1764&tab_id=2167&roundTab=roundTab_2
soccerbase,820796,2021-10-12,World Cup,2022,Europe (Qualifying): B,Qualifying Group 2 Matches and results,Kosovo,Georgia,Georgia,Kosovo,0,118394,Z Davitashvili,yellow,,lineup_bubble,https://www.soccerbase.com/tournaments/tournament_tab.sd?tourn_id=1764&tab_id=2167&roundTab=roundTab_2
soccerbase,820797,2021-10-12,World Cup,2022,Europe (Qualifying): B,Qualifying Group 2 Matches and results,Sweden,Greece,Sweden,Greece,1,53639,A Ekdal,yellow,,lineup_bubble,https://www.soccerbase.com/tournaments/tournament_tab.sd?tourn_id=1764&tab_id=2167&roundTab=roundTab_2
soccerbase,820797,2021-10-12,World Cup,2022,Europe (Qualifying): B,Qualifying Group 2 Matches and results,Sweden,Greece,Sweden,Greece,1,83089,M Svanberg,yellow,,lineup_bubble,https://www.soccerbase.com/tournaments/tournament_tab.sd?tourn_id=1764&tab_id=2167&roundTab=roundTab_2
soccerbase,820797,2021-10-12,World Cup,2022,Europe (Qualifying): B,Qualifying Group 2 Matches and results,Sweden,Greece,Greece,Sweden,0,89442,P Hatzidiakos,yellow,,lineup_bubble,https://www.soccerbase.com/tournaments/tournament_tab.sd?tourn_id=1764&tab_id=2167&roundTab=roundTab_2
soccerbase,820797,2021-10-12,World Cup,2022,Europe (Qualifying): B,Qualifying Group 2 Matches and results,Sweden,Greece,Greece,Sweden,0,89442,P Hatzidiakos,red,,lineup_bubble,https://www.soccerbase.com/tournaments/tournament_tab.sd?tourn_id=1764&tab_id=2167&roundTab=roundTab_2
soccerbase,820797,2021-10-12,World Cup,2022,Europe (Qualifying): B,Qualifying Group 2 Matches and results,Sweden,Greece,Greece,Sweden,0,95481,K Mavropanos,yellow,,lineup_bubble,https://www.soccerbase.com/tournaments/tournament_tab.sd?tourn_id=1764&tab_id=2167&roundTab=roundTab_2
soccerbase,820797,2021-10-12,World Cup,2022,Europe (Qualifying): B,Qualifying Group 2 Matches and results,Sweden,Greece,Greece,Sweden,0,62154,A Bakasetas,yellow,,lineup_bubble,https://www.soccerbase.com/tournaments/tournament_tab.sd?tourn_id=1764&tab_id=2167&roundTab=roundTab_2
soccerbase,820833,2021-10-09,World Cup,2022,Europe (Qualifying): B,Qualifying Group 2 Matches and results,Georgia,Greece,Georgia,Greece,1,132309,G Giorbelidze,yellow,,lineup_bubble,https://www.soccerbase.com/tournaments/tournament_tab.sd?tourn_id=1764&tab_id=2167&roundTab=roundTab_2
soccerbase,820833,2021-10-09,World Cup,2022,Europe (Qualifying): B,Qualifying Group 2 Matches and results,Georgia,Greece,Georgia,Greece,1,39376,J Kankava,yellow,,lineup_bubble,https://www.soccerbase.com/tournaments/tournament_tab.sd?tourn_id=1764&tab_id=2167&roundTab=roundTab_2
soccerbase,820833,2021-10-09,World Cup,2022,Europe (Qualifying): B,Qualifying Group 2 Matches and results,Georgia,Greece,Georgia,Greece,1,89744,G Aburjania,yellow,,lineup_bubble,https://www.soccerbase.com/tournaments/tournament_tab.sd?tourn_id=1764&tab_id=2167&roundTab=roundTab_2
soccerbase,820833,2021-10-09,World Cup,2022,Europe (Qualifying): B,Qualifying Group 2 Matches and results,Georgia,Greece,Greece,Georgia,0,54600,G Tzavellas,yellow,,lineup_bubble,https://www.soccerbase.com/tournaments/tournament_tab.sd?tourn_id=1764&tab_id=2167&roundTab=roundTab_2
soccerbase,820833,2021-10-09,World Cup,2022,Europe (Qualifying): B,Qualifying Group 2 Matches and results,Georgia,Greece,Greece,Georgia,0,62154,A Bakasetas,yellow,,lineup_bubble,https://www.soccerbase.com/tournaments/tournament_tab.sd?tourn_id=1764&tab_id=2167&roundTab=roundTab_2
soccerbase,820833,2021-10-09,World Cup,2022,Europe (Qualifying): B,Qualifying Group 2 Matches and results,Georgia,Greece,Greece,Georgia,0,95896,T Androutsos,yellow,,lineup_bubble,https://www.soccerbase.com/tournaments/tournament_tab.sd?tourn_id=1764&tab_id=2167&roundTab=roundTab_2
soccerbase,820833,2021-10-09,World Cup,2022,Europe (Qualifying): B,Qualifying Group 2 Matches and results,Georgia,Greece,Greece,Georgia,0,71608,M Siopis,yellow,,lineup_bubble,https://www.soccerbase.com/tournaments/tournament_tab.sd?tourn_id=1764&tab_id=2167&roundTab=roundTab_2
soccerbase,820835,2021-10-09,World Cup,2022,Europe (Qualifying): B,Qualifying Group 2 Matches and results,Sweden,Kosovo,Sweden,Kosovo,1,64734,M Danielson,yellow,,lineup_bubble,https://www.soccerbase.com/tournaments/tournament_tab.sd?tourn_id=1764&tab_id=2167&roundTab=roundTab_2
soccerbase,820835,2021-10-09,World Cup,2022,Europe (Qualifying): B,Qualifying Group 2 Matches and results,Sweden,Kosovo,Sweden,Kosovo,1,53639,A Ekdal,yellow,,lineup_bubble,https://www.soccerbase.com/tournaments/tournament_tab.sd?tourn_id=1764&tab_id=2167&roundTab=roundTab_2
soccerbase,820835,2021-10-09,World Cup,2022,Europe (Qualifying): B,Qualifying Group 2 Matches and results,Sweden,Kosovo,Sweden,Kosovo,1,111748,D Kulusevski,yellow,,lineup_bubble,https://www.soccerbase.com/tournaments/tournament_tab.sd?tourn_id=1764&tab_id=2167&roundTab=roundTab_2
soccerbase,820835,2021-10-09,World Cup,2022,Europe (Qualifying): B,Qualifying Group 2 Matches and results,Sweden,Kosovo,Kosovo,Sweden,0,74702,F Aliti,yellow,,lineup_bubble,https://www.soccerbase.com/tournaments/tournament_tab.sd?tourn_id=1764&tab_id=2167&roundTab=roundTab_2
soccerbase,820835,2021-10-09,World Cup,2022,Europe (Qualifying): B,Qualifying Group 2 Matches and results,Sweden,Kosovo,Kosovo,Sweden,0,72707,F Hadergjonaj,yellow,,lineup_bubble,https://www.soccerbase.com/tournaments/tournament_tab.sd?tourn_id=1764&tab_id=2167&roundTab=roundTab_2
soccerbase,820835,2021-10-09,World Cup,2022,Europe (Qualifying): B,Qualifying Group 2 Matches and results,Sweden,Kosovo,Kosovo,Sweden,0,93722,I Dresevic,yellow,,lineup_bubble,https://www.soccerbase.com/tournaments/tournament_tab.sd?tourn_id=1764&tab_id=2167&roundTab=roundTab_2
soccerbase,820835,2021-10-09,World Cup,2022,Europe (Qualifying): B,Qualifying Group 2 Matches and results,Sweden,Kosovo,Kosovo,Sweden,0,121965,F Loshaj,yellow,,lineup_bubble,https://www.soccerbase.com/tournaments/tournament_tab.sd?tourn_id=1764&tab_id=2167&roundTab=roundTab_2
soccerbase,820753,2021-09-08,World Cup,2022,Europe (Qualifying): B,Qualifying Group 2 Matches and results,Greece,Sweden,Greece,Sweden,1,63443,A Bouchalakis,yellow,,lineup_bubble,https://www.soccerbase.com/tournaments/tournament_tab.sd?tourn_id=1764&tab_id=2167&roundTab=roundTab_2
soccerbase,820753,2021-09-08,World Cup,2022,Europe (Qualifying): B,Qualifying Group 2 Matches and results,Greece,Sweden,Greece,Sweden,1,86415,E Pavlidis,yellow,,lineup_bubble,https://www.soccerbase.com/tournaments/tournament_tab.sd?tourn_id=1764&tab_id=2167&roundTab=roundTab_2
soccerbase,820753,2021-09-08,World Cup,2022,Europe (Qualifying): B,Qualifying Group 2 Matches and results,Greece,Sweden,Sweden,Greece,0,75984,V Lindelof,yellow,,lineup_bubble,https://www.soccerbase.com/tournaments/tournament_tab.sd?tourn_id=1764&tab_id=2167&roundTab=roundTab_2
soccerbase,820753,2021-09-08,World Cup,2022,Europe (Qualifying): B,Qualifying Group 2 Matches and results,Greece,Sweden,Sweden,Greece,0,62087,I Kiese Thelin,yellow,,lineup_bubble,https://www.soccerbase.com/tournaments/tournament_tab.sd?tourn_id=1764&tab_id=2167&roundTab=roundTab_2
soccerbase,820753,2021-09-08,World Cup,2022,Europe (Qualifying): B,Qualifying Group 2 Matches and results,Greece,Sweden,Sweden,Greece,0,61807,F Helander,yellow,,lineup_bubble,https://www.soccerbase.com/tournaments/tournament_tab.sd?tourn_id=1764&tab_id=2167&roundTab=roundTab_2
soccerbase,820753,2021-09-08,World Cup,2022,Europe (Qualifying): B,Qualifying Group 2 Matches and results,Greece,Sweden,Sweden,Greece,0,64756,V Claesson,yellow,,lineup_bubble,https://www.soccerbase.com/tournaments/tournament_tab.sd?tourn_id=1764&tab_id=2167&roundTab=roundTab_2
soccerbase,820776,2021-09-05,World Cup,2022,Europe (Qualifying): B,Qualifying Group 2 Matches and results,Kosovo,Greece,Kosovo,Greece,1,86399,M Vojvoda,yellow,,lineup_bubble,https://www.soccerbase.com/tournaments/tournament_tab.sd?tourn_id=1764&tab_id=2167&roundTab=roundTab_2
soccerbase,820776,2021-09-05,World Cup,2022,Europe (Qualifying): B,Qualifying Group 2 Matches and results,Kosovo,Greece,Kosovo,Greece,1,84632,B Halimi,yellow,,lineup_bubble,https://www.soccerbase.com/tournaments/tournament_tab.sd?tourn_id=1764&tab_id=2167&roundTab=roundTab_2
soccerbase,820776,2021-09-05,World Cup,2022,Europe (Qualifying): B,Qualifying Group 2 Matches and results,Kosovo,Greece,Kosovo,Greece,1,115138,L Kastrati,yellow,,lineup_bubble,https://www.soccerbase.com/tournaments/tournament_tab.sd?tourn_id=1764&tab_id=2167&roundTab=roundTab_2
soccerbase,820776,2021-09-05,World Cup,2022,Europe (Qualifying): B,Qualifying Group 2 Matches and results,Kosovo,Greece,Greece,Kosovo,0,65352,O Vlachodimos,yellow,,lineup_bubble,https://www.soccerbase.com/tournaments/tournament_tab.sd?tourn_id=1764&tab_id=2167&roundTab=roundTab_2
soccerbase,820776,2021-09-05,World Cup,2022,Europe (Qualifying): B,Qualifying Group 2 Matches and results,Kosovo,Greece,Greece,Kosovo,0,54600,G Tzavellas,yellow,,lineup_bubble,https://www.soccerbase.com/tournaments/tournament_tab.sd?tourn_id=1764&tab_id=2167&roundTab=roundTab_2
soccerbase,820778,2021-09-05,World Cup,2022,Europe (Qualifying): B,Qualifying Group 2 Matches and results,Spain,Georgia,Georgia,Spain,0,121458,G Chabradze,yellow,,lineup_bubble,https://www.soccerbase.com/tournaments/tournament_tab.sd?tourn_id=1764&tab_id=2167&roundTab=roundTab_2
soccerbase,820778,2021-09-05,World Cup,2022,Europe (Qualifying): B,Qualifying Group 2 Matches and results,Spain,Georgia,Georgia,Spain,0,57027,G Kashia,yellow,,lineup_bubble,https://www.soccerbase.com/tournaments/tournament_tab.sd?tourn_id=1764&tab_id=2167&roundTab=roundTab_2
soccerbase,820719,2021-09-02,World Cup,2022,Europe (Qualifying): B,Qualifying Group 2 Matches and results,Georgia,Kosovo,Georgia,Kosovo,1,85675,D Khocholava,yellow,,lineup_bubble,https://www.soccerbase.com/tournaments/tournament_tab.sd?tourn_id=1764&tab_id=2167&roundTab=roundTab_2
soccerbase,820719,2021-09-02,World Cup,2022,Europe (Qualifying): B,Qualifying Group 2 Matches and results,Georgia,Kosovo,Georgia,Kosovo,1,57027,G Kashia,yellow,,lineup_bubble,https://www.soccerbase.com/tournaments/tournament_tab.sd?tourn_id=1764&tab_id=2167&roundTab=roundTab_2
soccerbase,820719,2021-09-02,World Cup,2022,Europe (Qualifying): B,Qualifying Group 2 Matches and results,Georgia,Kosovo,Georgia,Kosovo,1,121458,G Chabradze,yellow,,lineup_bubble,https://www.soccerbase.com/tournaments/tournament_tab.sd?tourn_id=1764&tab_id=2167&roundTab=roundTab_2
soccerbase,820719,2021-09-02,World Cup,2022,Europe (Qualifying): B,Qualifying Group 2 Matches and results,Georgia,Kosovo,Kosovo,Georgia,0,59271,V Berisha,yellow,,lineup_bubble,https://www.soccerbase.com/tournaments/tournament_tab.sd?tourn_id=1764&tab_id=2167&roundTab=roundTab_2
soccerbase,820719,2021-09-02,World Cup,2022,Europe (Qualifying): B,Qualifying Group 2 Matches and results,Georgia,Kosovo,Kosovo,Georgia,0,115138,L Kastrati,yellow,,lineup_bubble,https://www.soccerbase.com/tournaments/tournament_tab.sd?tourn_id=1764&tab_id=2167&roundTab=roundTab_2
soccerbase,820719,2021-09-02,World Cup,2022,Europe (Qualifying): B,Qualifying Group 2 Matches and results,Georgia,Kosovo,Kosovo,Georgia,0,105842,M Kryeziu,yellow,,lineup_bubble,https://www.soccerbase.com/tournaments/tournament_tab.sd?tourn_id=1764&tab_id=2167&roundTab=roundTab_2
soccerbase,820721,2021-09-02,World Cup,2022,Europe (Qualifying): B,Qualifying Group 2 Matches and results,Sweden,Spain,Sweden,Spain,1,64808,E Krafth,yellow,,lineup_bubble,https://www.soccerbase.com/tournaments/tournament_tab.sd?tourn_id=1764&tab_id=2167&roundTab=roundTab_2
soccerbase,820721,2021-09-02,World Cup,2022,Europe (Qualifying): B,Qualifying Group 2 Matches and results,Sweden,Spain,Sweden,Spain,1,111748,D Kulusevski,yellow,,lineup_bubble,https://www.soccerbase.com/tournaments/tournament_tab.sd?tourn_id=1764&tab_id=2167&roundTab=roundTab_2
soccerbase,820721,2021-09-02,World Cup,2022,Europe (Qualifying): B,Qualifying Group 2 Matches and results,Sweden,Spain,Spain,Sweden,0,53722,J Alba,yellow,,lineup_bubble,https://www.soccerbase.com/tournaments/tournament_tab.sd?tourn_id=1764&tab_id=2167&roundTab=roundTab_2
soccerbase,820721,2021-09-02,World Cup,2022,Europe (Qualifying): B,Qualifying Group 2 Matches and results,Sweden,Spain,Spain,Sweden,0,50142,S Busquets,yellow,,lineup_bubble,https://www.soccerbase.com/tournaments/tournament_tab.sd?tourn_id=1764&tab_id=2167&roundTab=roundTab_2
soccerbase,820694,2021-03-31,World Cup,2022,Europe (Qualifying): B,Qualifying Group 2 Matches and results,Greece,Georgia,Greece,Georgia,1,47704,K Papadopoulos,yellow,,lineup_bubble,https://www.soccerbase.com/tournaments/tournament_tab.sd?tourn_id=1764&tab_id=2167&roundTab=roundTab_2
soccerbase,820694,2021-03-31,World Cup,2022,Europe (Qualifying): B,Qualifying Group 2 Matches and results,Greece,Georgia,Greece,Georgia,1,28122,Zeca,yellow,,lineup_bubble,https://www.soccerbase.com/tournaments/tournament_tab.sd?tourn_id=1764&tab_id=2167&roundTab=roundTab_2
soccerbase,820694,2021-03-31,World Cup,2022,Europe (Qualifying): B,Qualifying Group 2 Matches and results,Greece,Georgia,Greece,Georgia,1,59925,K Fortounis,yellow,,lineup_bubble,https://www.soccerbase.com/tournaments/tournament_tab.sd?tourn_id=1764&tab_id=2167&roundTab=roundTab_2
soccerbase,820694,2021-03-31,World Cup,2022,Europe (Qualifying): B,Qualifying Group 2 Matches and results,Greece,Georgia,Greece,Georgia,1,67692,G Giakoumakis,yellow,,lineup_bubble,https://www.soccerbase.com/tournaments/tournament_tab.sd?tourn_id=1764&tab_id=2167&roundTab=roundTab_2
soccerbase,820694,2021-03-31,World Cup,2022,Europe (Qualifying): B,Qualifying Group 2 Matches and results,Greece,Georgia,Georgia,Greece,0,89744,G Aburjania,yellow,,lineup_bubble,https://www.soccerbase.com/tournaments/tournament_tab.sd?tourn_id=1764&tab_id=2167&roundTab=roundTab_2
soccerbase,820694,2021-03-31,World Cup,2022,Europe (Qualifying): B,Qualifying Group 2 Matches and results,Greece,Georgia,Georgia,Greece,0,39376,J Kankava,yellow,,lineup_bubble,https://www.soccerbase.com/tournaments/tournament_tab.sd?tourn_id=1764&tab_id=2167&roundTab=roundTab_2
soccerbase,820694,2021-03-31,World Cup,2022,Europe (Qualifying): B,Qualifying Group 2 Matches and results,Greece,Georgia,Georgia,Greece,0,99440,O Kiteishvili,yellow,,lineup_bubble,https://www.soccerbase.com/tournaments/tournament_tab.sd?tourn_id=1764&tab_id=2167&roundTab=roundTab_2
soccerbase,820696,2021-03-31,World Cup,2022,Europe (Qualifying): B,Qualifying Group 2 Matches and results,Spain,Kosovo,Kosovo,Spain,0,60324,H Kryeziu,yellow,,lineup_bubble,https://www.soccerbase.com/tournaments/tournament_tab.sd?tourn_id=1764&tab_id=2167&roundTab=roundTab_2
soccerbase,820669,2021-03-28,World Cup,2022,Europe (Qualifying): B,Qualifying Group 2 Matches and results,Georgia,Spain,Georgia,Spain,1,121320,L Shengelia,red,,lineup_bubble,https://www.soccerbase.com/tournaments/tournament_tab.sd?tourn_id=1764&tab_id=2167&roundTab=roundTab_2
soccerbase,820669,2021-03-28,World Cup,2022,Europe (Qualifying): B,Qualifying Group 2 Matches and results,Georgia,Spain,Georgia,Spain,1,100875,B Zivzivadze,yellow,,lineup_bubble,https://www.soccerbase.com/tournaments/tournament_tab.sd?tourn_id=1764&tab_id=2167&roundTab=roundTab_2
soccerbase,820669,2021-03-28,World Cup,2022,Europe (Qualifying): B,Qualifying Group 2 Matches and results,Georgia,Spain,Spain,Georgia,0,109228,P Porro,yellow,,lineup_bubble,https://www.soccerbase.com/tournaments/tournament_tab.sd?tourn_id=1764&tab_id=2167&roundTab=roundTab_2
soccerbase,820669,2021-03-28,World Cup,2022,Europe (Qualifying): B,Qualifying Group 2 Matches and results,Georgia,Spain,Spain,Georgia,0,68854,D Llorente,yellow,,lineup_bubble,https://www.soccerbase.com/tournaments/tournament_tab.sd?tourn_id=1764&tab_id=2167&roundTab=roundTab_2
soccerbase,820676,2021-03-28,World Cup,2022,Europe (Qualifying): B,Qualifying Group 2 Matches and results,Kosovo,Sweden,Kosovo,Sweden,1,72707,F Hadergjonaj,yellow,,lineup_bubble,https://www.soccerbase.com/tournaments/tournament_tab.sd?tourn_id=1764&tab_id=2167&roundTab=roundTab_2
soccerbase,820676,2021-03-28,World Cup,2022,Europe (Qualifying): B,Qualifying Group 2 Matches and results,Kosovo,Sweden,Kosovo,Sweden,1,88055,B Berisha,yellow,,lineup_bubble,https://www.soccerbase.com/tournaments/tournament_tab.sd?tourn_id=1764&tab_id=2167&roundTab=roundTab_2
soccerbase,820676,2021-03-28,World Cup,2022,Europe (Qualifying): B,Qualifying Group 2 Matches and results,Kosovo,Sweden,Kosovo,Sweden,1,88055,B Berisha,red,,lineup_bubble,https://www.soccerbase.com/tournaments/tournament_tab.sd?tourn_id=1764&tab_id=2167&roundTab=roundTab_2
soccerbase,820676,2021-03-28,World Cup,2022,Europe (Qualifying): B,Qualifying Group 2 Matches and results,Kosovo,Sweden,Kosovo,Sweden,1,60324,H Kryeziu,yellow,,lineup_bubble,https://www.soccerbase.com/tournaments/tournament_tab.sd?tourn_id=1764&tab_id=2167&roundTab=roundTab_2
soccerbase,820676,2021-03-28,World Cup,2022,Europe (Qualifying): B,Qualifying Group 2 Matches and results,Kosovo,Sweden,Kosovo,Sweden,1,84632,B Halimi,yellow,,lineup_bubble,https://www.soccerbase.com/tournaments/tournament_tab.sd?tourn_id=1764&tab_id=2167&roundTab=roundTab_2
soccerbase,820676,2021-03-28,World Cup,2022,Europe (Qualifying): B,Qualifying Group 2 Matches and results,Kosovo,Sweden,Kosovo,Sweden,1,93128,V Muriqi,yellow,,lineup_bubble,https://www.soccerbase.com/tournaments/tournament_tab.sd?tourn_id=1764&tab_id=2167&roundTab=roundTab_2
soccerbase,820676,2021-03-28,World Cup,2022,Europe (Qualifying): B,Qualifying Group 2 Matches and results,Kosovo,Sweden,Sweden,Kosovo,0,88879,A Isak,yellow,,lineup_bubble,https://www.soccerbase.com/tournaments/tournament_tab.sd?tourn_id=1764&tab_id=2167&roundTab=roundTab_2
soccerbase,820644,2021-03-25,World Cup,2022,Europe (Qualifying): B,Qualifying Group 2 Matches and results,Spain,Greece,Spain,Greece,1,61692,I Martinez,yellow,,lineup_bubble,https://www.soccerbase.com/tournaments/tournament_tab.sd?tourn_id=1764&tab_id=2167&roundTab=roundTab_2
soccerbase,820644,2021-03-25,World Cup,2022,Europe (Qualifying): B,Qualifying Group 2 Matches and results,Spain,Greece,Greece,Spain,0,28122,Zeca,yellow,,lineup_bubble,https://www.soccerbase.com/tournaments/tournament_tab.sd?tourn_id=1764&tab_id=2167&roundTab=roundTab_2
soccerbase,820644,2021-03-25,World Cup,2022,Europe (Qualifying): B,Qualifying Group 2 Matches and results,Spain,Greece,Greece,Spain,0,67692,G Giakoumakis,yellow,,lineup_bubble,https://www.soccerbase.com/tournaments/tournament_tab.sd?tourn_id=1764&tab_id=2167&roundTab=roundTab_2
soccerbase,820645,2021-03-25,World Cup,2022,Europe (Qualifying): B,Qualifying Group 2 Matches and results,Sweden,Georgia,Sweden,Georgia,1,69724,L Augustinsson,yellow,,lineup_bubble,https://www.soccerbase.com/tournaments/tournament_tab.sd?tourn_id=1764&tab_id=2167&roundTab=roundTab_2
soccerbase,820645,2021-03-25,World Cup,2022,Europe (Qualifying): B,Qualifying Group 2 Matches and results,Sweden,Georgia,Sweden,Georgia,1,72659,K Olsson,yellow,,lineup_bubble,https://www.soccerbase.com/tournaments/tournament_tab.sd?tourn_id=1764&tab_id=2167&roundTab=roundTab_2
soccerbase,820645,2021-03-25,World Cup,2022,Europe (Qualifying): B,Qualifying Group 2 Matches and results,Sweden,Georgia,Sweden,Georgia,1,24656,Z Ibrahimovic,yellow,,lineup_bubble,https://www.soccerbase.com/tournaments/tournament_tab.sd?tourn_id=1764&tab_id=2167&roundTab=roundTab_2
soccerbase,820645,2021-03-25,World Cup,2022,Europe (Qualifying): B,Qualifying Group 2 Matches and results,Sweden,Georgia,Georgia,Sweden,0,78510,L Dvali,yellow,,lineup_bubble,https://www.soccerbase.com/tournaments/tournament_tab.sd?tourn_id=1764&tab_id=2167&roundTab=roundTab_2
soccerbase,820867,2021-11-15,World Cup,2022,Europe (Qualifying): C,Qualifying Group 3 Matches and results,N Ireland,Italy,N Ireland,Italy,1,89304,B Peacock-Farrell,yellow,,lineup_bubble,https://www.soccerbase.com/tournaments/tournament_tab.sd?tourn_id=1764&tab_id=2167&roundTab=roundTab_3
soccerbase,820867,2021-11-15,World Cup,2022,Europe (Qualifying): C,Qualifying Group 3 Matches and results,N Ireland,Italy,N Ireland,Italy,1,47648,J Magennis,yellow,,lineup_bubble,https://www.soccerbase.com/tournaments/tournament_tab.sd?tourn_id=1764&tab_id=2167&roundTab=roundTab_3
soccerbase,820867,2021-11-15,World Cup,2022,Europe (Qualifying): C,Qualifying Group 3 Matches and results,N Ireland,Italy,Italy,N Ireland,0,81383,G Donnarumma,yellow,,lineup_bubble,https://www.soccerbase.com/tournaments/tournament_tab.sd?tourn_id=1764&tab_id=2167&roundTab=roundTab_3
soccerbase,820867,2021-11-15,World Cup,2022,Europe (Qualifying): C,Qualifying Group 3 Matches and results,N Ireland,Italy,Italy,N Ireland,0,106569,S Tonali,yellow,,lineup_bubble,https://www.soccerbase.com/tournaments/tournament_tab.sd?tourn_id=1764&tab_id=2167&roundTab=roundTab_3
soccerbase,820868,2021-11-15,World Cup,2022,Europe (Qualifying): C,Qualifying Group 3 Matches and results,Switzerland,Bulgaria,Switzerland,Bulgaria,1,65578,K Mbabu,yellow,,lineup_bubble,https://www.soccerbase.com/tournaments/tournament_tab.sd?tourn_id=1764&tab_id=2167&roundTab=roundTab_3
soccerbase,820868,2021-11-15,World Cup,2022,Europe (Qualifying): C,Qualifying Group 3 Matches and results,Switzerland,Bulgaria,Switzerland,Bulgaria,1,57296,R Freuler,yellow,,lineup_bubble,https://www.soccerbase.com/tournaments/tournament_tab.sd?tourn_id=1764&tab_id=2167&roundTab=roundTab_3
soccerbase,820868,2021-11-15,World Cup,2022,Europe (Qualifying): C,Qualifying Group 3 Matches and results,Switzerland,Bulgaria,Bulgaria,Switzerland,0,93219,A Hristov,yellow,,lineup_bubble,https://www.soccerbase.com/tournaments/tournament_tab.sd?tourn_id=1764&tab_id=2167&roundTab=roundTab_3
soccerbase,820868,2021-11-15,World Cup,2022,Europe (Qualifying): C,Qualifying Group 3 Matches and results,Switzerland,Bulgaria,Bulgaria,Switzerland,0,123106,I Turitsov,yellow,,lineup_bubble,https://www.soccerbase.com/tournaments/tournament_tab.sd?tourn_id=1764&tab_id=2167&roundTab=roundTab_3
soccerbase,820830,2021-11-12,World Cup,2022,Europe (Qualifying): C,Qualifying Group 3 Matches and results,Italy,Switzerland,Italy,Switzerland,1,65945,L Insigne,yellow,,lineup_bubble,https://www.soccerbase.com/tournaments/tournament_tab.sd?tourn_id=1764&tab_id=2167&roundTab=roundTab_3
soccerbase,820830,2021-11-12,World Cup,2022,Europe (Qualifying): C,Qualifying Group 3 Matches and results,Italy,Switzerland,Italy,Switzerland,1,90253,F Chiesa,yellow,,lineup_bubble,https://www.soccerbase.com/tournaments/tournament_tab.sd?tourn_id=1764&tab_id=2167&roundTab=roundTab_3
soccerbase,820830,2021-11-12,World Cup,2022,Europe (Qualifying): C,Qualifying Group 3 Matches and results,Italy,Switzerland,Switzerland,Italy,0,85662,M Akanji,yellow,,lineup_bubble,https://www.soccerbase.com/tournaments/tournament_tab.sd?tourn_id=1764&tab_id=2167&roundTab=roundTab_3
soccerbase,820830,2021-11-12,World Cup,2022,Europe (Qualifying): C,Qualifying Group 3 Matches and results,Italy,Switzerland,Switzerland,Italy,0,65436,F Schar,yellow,,lineup_bubble,https://www.soccerbase.com/tournaments/tournament_tab.sd?tourn_id=1764&tab_id=2167&roundTab=roundTab_3
soccerbase,820830,2021-11-12,World Cup,2022,Europe (Qualifying): C,Qualifying Group 3 Matches and results,Italy,Switzerland,Switzerland,Italy,0,76038,U Garcia,yellow,,lineup_bubble,https://www.soccerbase.com/tournaments/tournament_tab.sd?tourn_id=1764&tab_id=2167&roundTab=roundTab_3
soccerbase,820832,2021-11-12,World Cup,2022,Europe (Qualifying): C,Qualifying Group 3 Matches and results,N Ireland,Lithuania,Lithuania,N Ireland,0,131526,D Barauskas,yellow,,lineup_bubble,https://www.soccerbase.com/tournaments/tournament_tab.sd?tourn_id=1764&tab_id=2167&roundTab=roundTab_3
soccerbase,820799,2021-10-12,World Cup,2022,Europe (Qualifying): C,Qualifying Group 3 Matches and results,Bulgaria,N Ireland,Bulgaria,N Ireland,1,77974,K Malinov,yellow,,lineup_bubble,https://www.soccerbase.com/tournaments/tournament_tab.sd?tourn_id=1764&tab_id=2167&roundTab=roundTab_3
soccerbase,820799,2021-10-12,World Cup,2022,Europe (Qualifying): C,Qualifying Group 3 Matches and results,Bulgaria,N Ireland,N Ireland,Bulgaria,0,56147,S Dallas,yellow,,lineup_bubble,https://www.soccerbase.com/tournaments/tournament_tab.sd?tourn_id=1764&tab_id=2167&roundTab=roundTab_3
soccerbase,820799,2021-10-12,World Cup,2022,Europe (Qualifying): C,Qualifying Group 3 Matches and results,Bulgaria,N Ireland,N Ireland,Bulgaria,0,116942,D Ballard,yellow,,lineup_bubble,https://www.soccerbase.com/tournaments/tournament_tab.sd?tourn_id=1764&tab_id=2167&roundTab=roundTab_3
soccerbase,820824,2021-10-09,World Cup,2022,Europe (Qualifying): C,Qualifying Group 3 Matches and results,Lithuania,Bulgaria,Lithuania,Bulgaria,1,67301,E Vaitkunas,yellow,,lineup_bubble,https://www.soccerbase.com/tournaments/tournament_tab.sd?tourn_id=1764&tab_id=2167&roundTab=roundTab_3
soccerbase,820824,2021-10-09,World Cup,2022,Europe (Qualifying): C,Qualifying Group 3 Matches and results,Lithuania,Bulgaria,Lithuania,Bulgaria,1,107415,J Lasickas,yellow,,lineup_bubble,https://www.soccerbase.com/tournaments/tournament_tab.sd?tourn_id=1764&tab_id=2167&roundTab=roundTab_3
soccerbase,820824,2021-10-09,World Cup,2022,Europe (Qualifying): C,Qualifying Group 3 Matches and results,Lithuania,Bulgaria,Lithuania,Bulgaria,1,51476,A Novikovas,yellow,,lineup_bubble,https://www.soccerbase.com/tournaments/tournament_tab.sd?tourn_id=1764&tab_id=2167&roundTab=roundTab_3
soccerbase,820824,2021-10-09,World Cup,2022,Europe (Qualifying): C,Qualifying Group 3 Matches and results,Lithuania,Bulgaria,Lithuania,Bulgaria,1,112572,K Laukzemis,yellow,,lineup_bubble,https://www.soccerbase.com/tournaments/tournament_tab.sd?tourn_id=1764&tab_id=2167&roundTab=roundTab_3
soccerbase,820824,2021-10-09,World Cup,2022,Europe (Qualifying): C,Qualifying Group 3 Matches and results,Lithuania,Bulgaria,Bulgaria,Lithuania,0,96724,V Antov,yellow,,lineup_bubble,https://www.soccerbase.com/tournaments/tournament_tab.sd?tourn_id=1764&tab_id=2167&roundTab=roundTab_3
soccerbase,820824,2021-10-09,World Cup,2022,Europe (Qualifying): C,Qualifying Group 3 Matches and results,Lithuania,Bulgaria,Bulgaria,Lithuania,0,90788,G Yomov,yellow,,lineup_bubble,https://www.soccerbase.com/tournaments/tournament_tab.sd?tourn_id=1764&tab_id=2167&roundTab=roundTab_3
soccerbase,820824,2021-10-09,World Cup,2022,Europe (Qualifying): C,Qualifying Group 3 Matches and results,Lithuania,Bulgaria,Bulgaria,Lithuania,0,80002,P Vitanov,yellow,,lineup_bubble,https://www.soccerbase.com/tournaments/tournament_tab.sd?tourn_id=1764&tab_id=2167&roundTab=roundTab_3
soccerbase,820843,2021-10-09,World Cup,2022,Europe (Qualifying): C,Qualifying Group 3 Matches and results,Switzerland,N Ireland,Switzerland,N Ireland,1,85670,D Zakaria,yellow,,lineup_bubble,https://www.soccerbase.com/tournaments/tournament_tab.sd?tourn_id=1764&tab_id=2167&roundTab=roundTab_3
soccerbase,820843,2021-10-09,World Cup,2022,Europe (Qualifying): C,Qualifying Group 3 Matches and results,Switzerland,N Ireland,N Ireland,Switzerland,0,106425,J Lewis,yellow,,lineup_bubble,https://www.soccerbase.com/tournaments/tournament_tab.sd?tourn_id=1764&tab_id=2167&roundTab=roundTab_3
soccerbase,820843,2021-10-09,World Cup,2022,Europe (Qualifying): C,Qualifying Group 3 Matches and results,Switzerland,N Ireland,N Ireland,Switzerland,0,106425,J Lewis,red,,lineup_bubble,https://www.soccerbase.com/tournaments/tournament_tab.sd?tourn_id=1764&tab_id=2167&roundTab=roundTab_3
soccerbase,820843,2021-10-09,World Cup,2022,Europe (Qualifying): C,Qualifying Group 3 Matches and results,Switzerland,N Ireland,N Ireland,Switzerland,0,134156,C Bradley,yellow,,lineup_bubble,https://www.soccerbase.com/tournaments/tournament_tab.sd?tourn_id=1764&tab_id=2167&roundTab=roundTab_3
soccerbase,820843,2021-10-09,World Cup,2022,Europe (Qualifying): C,Qualifying Group 3 Matches and results,Switzerland,N Ireland,N Ireland,Switzerland,0,47648,J Magennis,yellow,,lineup_bubble,https://www.soccerbase.com/tournaments/tournament_tab.sd?tourn_id=1764&tab_id=2167&roundTab=roundTab_3
soccerbase,820757,2021-09-08,World Cup,2022,Europe (Qualifying): C,Qualifying Group 3 Matches and results,Italy,Lithuania,Lithuania,Italy,0,83034,L Klimavicius,yellow,,lineup_bubble,https://www.soccerbase.com/tournaments/tournament_tab.sd?tourn_id=1764&tab_id=2167&roundTab=roundTab_3
soccerbase,820759,2021-09-08,World Cup,2022,Europe (Qualifying): C,Qualifying Group 3 Matches and results,N Ireland,Switzerland,N Ireland,Switzerland,1,59998,M Smith,yellow,,lineup_bubble,https://www.soccerbase.com/tournaments/tournament_tab.sd?tourn_id=1764&tab_id=2167&roundTab=roundTab_3
soccerbase,820759,2021-09-08,World Cup,2022,Europe (Qualifying): C,Qualifying Group 3 Matches and results,N Ireland,Switzerland,N Ireland,Switzerland,1,106425,J Lewis,yellow,,lineup_bubble,https://www.soccerbase.com/tournaments/tournament_tab.sd?tourn_id=1764&tab_id=2167&roundTab=roundTab_3
soccerbase,820759,2021-09-08,World Cup,2022,Europe (Qualifying): C,Qualifying Group 3 Matches and results,N Ireland,Switzerland,N Ireland,Switzerland,1,94472,C Brown,yellow,,lineup_bubble,https://www.soccerbase.com/tournaments/tournament_tab.sd?tourn_id=1764&tab_id=2167&roundTab=roundTab_3
soccerbase,820759,2021-09-08,World Cup,2022,Europe (Qualifying): C,Qualifying Group 3 Matches and results,N Ireland,Switzerland,Switzerland,N Ireland,0,51652,F Frei,yellow,,lineup_bubble,https://www.soccerbase.com/tournaments/tournament_tab.sd?tourn_id=1764&tab_id=2167&roundTab=roundTab_3
soccerbase,820759,2021-09-08,World Cup,2022,Europe (Qualifying): C,Qualifying Group 3 Matches and results,N Ireland,Switzerland,Switzerland,N Ireland,0,85670,D Zakaria,yellow,,lineup_bubble,https://www.soccerbase.com/tournaments/tournament_tab.sd?tourn_id=1764&tab_id=2167&roundTab=roundTab_3
soccerbase,820771,2021-09-05,World Cup,2022,Europe (Qualifying): C,Qualifying Group 3 Matches and results,Bulgaria,Lithuania,Bulgaria,Lithuania,1,86499,A Iliev,yellow,,lineup_bubble,https://www.soccerbase.com/tournaments/tournament_tab.sd?tourn_id=1764&tab_id=2167&roundTab=roundTab_3
soccerbase,820771,2021-09-05,World Cup,2022,Europe (Qualifying): C,Qualifying Group 3 Matches and results,Bulgaria,Lithuania,Lithuania,Bulgaria,0,117079,D Simkus,yellow,,lineup_bubble,https://www.soccerbase.com/tournaments/tournament_tab.sd?tourn_id=1764&tab_id=2167&roundTab=roundTab_3
soccerbase,820771,2021-09-05,World Cup,2022,Europe (Qualifying): C,Qualifying Group 3 Matches and results,Bulgaria,Lithuania,Lithuania,Bulgaria,0,70279,F Cernych,yellow,,lineup_bubble,https://www.soccerbase.com/tournaments/tournament_tab.sd?tourn_id=1764&tab_id=2167&roundTab=roundTab_3
soccerbase,820771,2021-09-05,World Cup,2022,Europe (Qualifying): C,Qualifying Group 3 Matches and results,Bulgaria,Lithuania,Lithuania,Bulgaria,0,117839,E Jankauskas,yellow,,lineup_bubble,https://www.soccerbase.com/tournaments/tournament_tab.sd?tourn_id=1764&tab_id=2167&roundTab=roundTab_3
soccerbase,820780,2021-09-05,World Cup,2022,Europe (Qualifying): C,Qualifying Group 3 Matches and results,Switzerland,Italy,Switzerland,Italy,1,75685,N Elvedi,yellow,,lineup_bubble,https://www.soccerbase.com/tournaments/tournament_tab.sd?tourn_id=1764&tab_id=2167&roundTab=roundTab_3
soccerbase,820780,2021-09-05,World Cup,2022,Europe (Qualifying): C,Qualifying Group 3 Matches and results,Switzerland,Italy,Switzerland,Italy,1,96649,M Aebischer,yellow,,lineup_bubble,https://www.soccerbase.com/tournaments/tournament_tab.sd?tourn_id=1764&tab_id=2167&roundTab=roundTab_3
soccerbase,820780,2021-09-05,World Cup,2022,Europe (Qualifying): C,Qualifying Group 3 Matches and results,Switzerland,Italy,Switzerland,Italy,1,85457,D Sow,yellow,,lineup_bubble,https://www.soccerbase.com/tournaments/tournament_tab.sd?tourn_id=1764&tab_id=2167&roundTab=roundTab_3
soccerbase,820780,2021-09-05,World Cup,2022,Europe (Qualifying): C,Qualifying Group 3 Matches and results,Switzerland,Italy,Switzerland,Italy,1,51652,F Frei,yellow,,lineup_bubble,https://www.soccerbase.com/tournaments/tournament_tab.sd?tourn_id=1764&tab_id=2167&roundTab=roundTab_3
soccerbase,820780,2021-09-05,World Cup,2022,Europe (Qualifying): C,Qualifying Group 3 Matches and results,Switzerland,Italy,Italy,Switzerland,0,38531,G Chiellini,yellow,,lineup_bubble,https://www.soccerbase.com/tournaments/tournament_tab.sd?tourn_id=1764&tab_id=2167&roundTab=roundTab_3
soccerbase,820722,2021-09-02,World Cup,2022,Europe (Qualifying): C,Qualifying Group 3 Matches and results,Italy,Bulgaria,Italy,Bulgaria,1,74707,R Toloi,yellow,,lineup_bubble,https://www.soccerbase.com/tournaments/tournament_tab.sd?tourn_id=1764&tab_id=2167&roundTab=roundTab_3
soccerbase,820722,2021-09-02,World Cup,2022,Europe (Qualifying): C,Qualifying Group 3 Matches and results,Italy,Bulgaria,Italy,Bulgaria,1,74414,N Barella,yellow,,lineup_bubble,https://www.soccerbase.com/tournaments/tournament_tab.sd?tourn_id=1764&tab_id=2167&roundTab=roundTab_3
soccerbase,820722,2021-09-02,World Cup,2022,Europe (Qualifying): C,Qualifying Group 3 Matches and results,Italy,Bulgaria,Bulgaria,Italy,0,80048,A Nedyalkov,yellow,,lineup_bubble,https://www.soccerbase.com/tournaments/tournament_tab.sd?tourn_id=1764&tab_id=2167&roundTab=roundTab_3
soccerbase,820722,2021-09-02,World Cup,2022,Europe (Qualifying): C,Qualifying Group 3 Matches and results,Italy,Bulgaria,Bulgaria,Italy,0,90788,G Yomov,yellow,,lineup_bubble,https://www.soccerbase.com/tournaments/tournament_tab.sd?tourn_id=1764&tab_id=2167&roundTab=roundTab_3
soccerbase,820723,2021-09-02,World Cup,2022,Europe (Qualifying): C,Qualifying Group 3 Matches and results,Lithuania,N Ireland,Lithuania,N Ireland,1,83198,R Baravykas,yellow,,lineup_bubble,https://www.soccerbase.com/tournaments/tournament_tab.sd?tourn_id=1764&tab_id=2167&roundTab=roundTab_3
soccerbase,820723,2021-09-02,World Cup,2022,Europe (Qualifying): C,Qualifying Group 3 Matches and results,Lithuania,N Ireland,Lithuania,N Ireland,1,136167,E Utkus,yellow,,lineup_bubble,https://www.soccerbase.com/tournaments/tournament_tab.sd?tourn_id=1764&tab_id=2167&roundTab=roundTab_3
soccerbase,820723,2021-09-02,World Cup,2022,Europe (Qualifying): C,Qualifying Group 3 Matches and results,Lithuania,N Ireland,Lithuania,N Ireland,1,67302,S Slavickas,yellow,,lineup_bubble,https://www.soccerbase.com/tournaments/tournament_tab.sd?tourn_id=1764&tab_id=2167&roundTab=roundTab_3
soccerbase,820723,2021-09-02,World Cup,2022,Europe (Qualifying): C,Qualifying Group 3 Matches and results,Lithuania,N Ireland,Lithuania,N Ireland,1,106801,L Megelaitis,yellow,,lineup_bubble,https://www.soccerbase.com/tournaments/tournament_tab.sd?tourn_id=1764&tab_id=2167&roundTab=roundTab_3
soccerbase,820723,2021-09-02,World Cup,2022,Europe (Qualifying): C,Qualifying Group 3 Matches and results,Lithuania,N Ireland,N Ireland,Lithuania,0,77618,P McNair,yellow,,lineup_bubble,https://www.soccerbase.com/tournaments/tournament_tab.sd?tourn_id=1764&tab_id=2167&roundTab=roundTab_3
soccerbase,820723,2021-09-02,World Cup,2022,Europe (Qualifying): C,Qualifying Group 3 Matches and results,Lithuania,N Ireland,N Ireland,Lithuania,0,68000,C Washington,yellow,,lineup_bubble,https://www.soccerbase.com/tournaments/tournament_tab.sd?tourn_id=1764&tab_id=2167&roundTab=roundTab_3
soccerbase,820697,2021-03-31,World Cup,2022,Europe (Qualifying): C,Qualifying Group 3 Matches and results,Lithuania,Italy,Lithuania,Italy,1,67301,E Vaitkunas,yellow,,lineup_bubble,https://www.soccerbase.com/tournaments/tournament_tab.sd?tourn_id=1764&tab_id=2167&roundTab=roundTab_3
soccerbase,820697,2021-03-31,World Cup,2022,Europe (Qualifying): C,Qualifying Group 3 Matches and results,Lithuania,Italy,Lithuania,Italy,1,117079,D Simkus,yellow,,lineup_bubble,https://www.soccerbase.com/tournaments/tournament_tab.sd?tourn_id=1764&tab_id=2167&roundTab=roundTab_3
soccerbase,820697,2021-03-31,World Cup,2022,Europe (Qualifying): C,Qualifying Group 3 Matches and results,Lithuania,Italy,Lithuania,Italy,1,79020,D Kazlauskas,yellow,,lineup_bubble,https://www.soccerbase.com/tournaments/tournament_tab.sd?tourn_id=1764&tab_id=2167&roundTab=roundTab_3
soccerbase,820697,2021-03-31,World Cup,2022,Europe (Qualifying): C,Qualifying Group 3 Matches and results,Lithuania,Italy,Italy,Lithuania,0,81762,M Locatelli,yellow,,lineup_bubble,https://www.soccerbase.com/tournaments/tournament_tab.sd?tourn_id=1764&tab_id=2167&roundTab=roundTab_3
soccerbase,820697,2021-03-31,World Cup,2022,Europe (Qualifying): C,Qualifying Group 3 Matches and results,Lithuania,Italy,Italy,Lithuania,0,75908,L Pellegrini,yellow,,lineup_bubble,https://www.soccerbase.com/tournaments/tournament_tab.sd?tourn_id=1764&tab_id=2167&roundTab=roundTab_3
soccerbase,820697,2021-03-31,World Cup,2022,Europe (Qualifying): C,Qualifying Group 3 Matches and results,Lithuania,Italy,Italy,Lithuania,0,106436,M Pessina,yellow,,lineup_bubble,https://www.soccerbase.com/tournaments/tournament_tab.sd?tourn_id=1764&tab_id=2167&roundTab=roundTab_3
soccerbase,820699,2021-03-31,World Cup,2022,Europe (Qualifying): C,Qualifying Group 3 Matches and results,N Ireland,Bulgaria,N Ireland,Bulgaria,1,77618,P McNair,yellow,,lineup_bubble,https://www.soccerbase.com/tournaments/tournament_tab.sd?tourn_id=1764&tab_id=2167&roundTab=roundTab_3
soccerbase,820699,2021-03-31,World Cup,2022,Europe (Qualifying): C,Qualifying Group 3 Matches and results,N Ireland,Bulgaria,N Ireland,Bulgaria,1,68046,G Saville,yellow,,lineup_bubble,https://www.soccerbase.com/tournaments/tournament_tab.sd?tourn_id=1764&tab_id=2167&roundTab=roundTab_3
soccerbase,820699,2021-03-31,World Cup,2022,Europe (Qualifying): C,Qualifying Group 3 Matches and results,N Ireland,Bulgaria,N Ireland,Bulgaria,1,41614,K Lafferty,yellow,,lineup_bubble,https://www.soccerbase.com/tournaments/tournament_tab.sd?tourn_id=1764&tab_id=2167&roundTab=roundTab_3
soccerbase,820699,2021-03-31,World Cup,2022,Europe (Qualifying): C,Qualifying Group 3 Matches and results,N Ireland,Bulgaria,Bulgaria,N Ireland,0,96724,V Antov,yellow,,lineup_bubble,https://www.soccerbase.com/tournaments/tournament_tab.sd?tourn_id=1764&tab_id=2167&roundTab=roundTab_3
soccerbase,820699,2021-03-31,World Cup,2022,Europe (Qualifying): C,Qualifying Group 3 Matches and results,N Ireland,Bulgaria,Bulgaria,N Ireland,0,91715,P Hristov,yellow,,lineup_bubble,https://www.soccerbase.com/tournaments/tournament_tab.sd?tourn_id=1764&tab_id=2167&roundTab=roundTab_3
soccerbase,820699,2021-03-31,World Cup,2022,Europe (Qualifying): C,Qualifying Group 3 Matches and results,N Ireland,Bulgaria,Bulgaria,N Ireland,0,86499,A Iliev,yellow,,lineup_bubble,https://www.soccerbase.com/tournaments/tournament_tab.sd?tourn_id=1764&tab_id=2167&roundTab=roundTab_3
soccerbase,820678,2021-03-28,World Cup,2022,Europe (Qualifying): C,Qualifying Group 3 Matches and results,Bulgaria,Italy,Bulgaria,Italy,1,78389,V Bozhikov,yellow,,lineup_bubble,https://www.soccerbase.com/tournaments/tournament_tab.sd?tourn_id=1764&tab_id=2167&roundTab=roundTab_3
soccerbase,820678,2021-03-28,World Cup,2022,Europe (Qualifying): C,Qualifying Group 3 Matches and results,Bulgaria,Italy,Bulgaria,Italy,1,75487,G Kostadinov,yellow,,lineup_bubble,https://www.soccerbase.com/tournaments/tournament_tab.sd?tourn_id=1764&tab_id=2167&roundTab=roundTab_3
soccerbase,820678,2021-03-28,World Cup,2022,Europe (Qualifying): C,Qualifying Group 3 Matches and results,Bulgaria,Italy,Italy,Bulgaria,0,81762,M Locatelli,yellow,,lineup_bubble,https://www.soccerbase.com/tournaments/tournament_tab.sd?tourn_id=1764&tab_id=2167&roundTab=roundTab_3
soccerbase,820678,2021-03-28,World Cup,2022,Europe (Qualifying): C,Qualifying Group 3 Matches and results,Bulgaria,Italy,Italy,Bulgaria,0,68581,F Bernardeschi,yellow,,lineup_bubble,https://www.soccerbase.com/tournaments/tournament_tab.sd?tourn_id=1764&tab_id=2167&roundTab=roundTab_3
soccerbase,820680,2021-03-28,World Cup,2022,Europe (Qualifying): C,Qualifying Group 3 Matches and results,Switzerland,Lithuania,Lithuania,Switzerland,0,70279,F Cernych,yellow,,lineup_bubble,https://www.soccerbase.com/tournaments/tournament_tab.sd?tourn_id=1764&tab_id=2167&roundTab=roundTab_3
soccerbase,820646,2021-03-25,World Cup,2022,Europe (Qualifying): C,Qualifying Group 3 Matches and results,Bulgaria,Switzerland,Bulgaria,Switzerland,1,86504,Cicinho,yellow,,lineup_bubble,https://www.soccerbase.com/tournaments/tournament_tab.sd?tourn_id=1764&tab_id=2167&roundTab=roundTab_3
soccerbase,820646,2021-03-25,World Cup,2022,Europe (Qualifying): C,Qualifying Group 3 Matches and results,Bulgaria,Switzerland,Switzerland,Bulgaria,0,85662,M Akanji,yellow,,lineup_bubble,https://www.soccerbase.com/tournaments/tournament_tab.sd?tourn_id=1764&tab_id=2167&roundTab=roundTab_3
soccerbase,820647,2021-03-25,World Cup,2022,Europe (Qualifying): C,Qualifying Group 3 Matches and results,Italy,N Ireland,N Ireland,Italy,0,85587,J Thompson,yellow,,lineup_bubble,https://www.soccerbase.com/tournaments/tournament_tab.sd?tourn_id=1764&tab_id=2167&roundTab=roundTab_3
soccerbase,820647,2021-03-25,World Cup,2022,Europe (Qualifying): C,Qualifying Group 3 Matches and results,Italy,N Ireland,N Ireland,Italy,0,68046,G Saville,yellow,,lineup_bubble,https://www.soccerbase.com/tournaments/tournament_tab.sd?tourn_id=1764&tab_id=2167&roundTab=roundTab_3
soccerbase,820875,2021-11-16,World Cup,2022,Europe (Qualifying): D,Qualifying Group 4 Matches and results,Bosnia-Hz.,Ukraine,Bosnia-Hz.,Ukraine,1,97073,D Hadzikadunic,yellow,,lineup_bubble,https://www.soccerbase.com/tournaments/tournament_tab.sd?tourn_id=1764&tab_id=2167&roundTab=roundTab_4
soccerbase,820875,2021-11-16,World Cup,2022,Europe (Qualifying): D,Qualifying Group 4 Matches and results,Bosnia-Hz.,Ukraine,Bosnia-Hz.,Ukraine,1,106726,E Demirovic,yellow,,lineup_bubble,https://www.soccerbase.com/tournaments/tournament_tab.sd?tourn_id=1764&tab_id=2167&roundTab=roundTab_4
soccerbase,820875,2021-11-16,World Cup,2022,Europe (Qualifying): D,Qualifying Group 4 Matches and results,Bosnia-Hz.,Ukraine,Ukraine,Bosnia-Hz.,0,129772,I Zabarnyi,yellow,,lineup_bubble,https://www.soccerbase.com/tournaments/tournament_tab.sd?tourn_id=1764&tab_id=2167&roundTab=roundTab_4
soccerbase,820876,2021-11-16,World Cup,2022,Europe (Qualifying): D,Qualifying Group 4 Matches and results,Finland,France,Finland,France,1,55966,R Schuller,yellow,,lineup_bubble,https://www.soccerbase.com/tournaments/tournament_tab.sd?tourn_id=1764&tab_id=2167&roundTab=roundTab_4
soccerbase,820846,2021-11-13,World Cup,2022,Europe (Qualifying): D,Qualifying Group 4 Matches and results,Bosnia-Hz.,Finland,Bosnia-Hz.,Finland,1,51172,M Pjanic,yellow,,lineup_bubble,https://www.soccerbase.com/tournaments/tournament_tab.sd?tourn_id=1764&tab_id=2167&roundTab=roundTab_4
soccerbase,820846,2021-11-13,World Cup,2022,Europe (Qualifying): D,Qualifying Group 4 Matches and results,Bosnia-Hz.,Finland,Bosnia-Hz.,Finland,1,62406,S Prcic,yellow,,lineup_bubble,https://www.soccerbase.com/tournaments/tournament_tab.sd?tourn_id=1764&tab_id=2167&roundTab=roundTab_4
soccerbase,820846,2021-11-13,World Cup,2022,Europe (Qualifying): D,Qualifying Group 4 Matches and results,Bosnia-Hz.,Finland,Finland,Bosnia-Hz.,0,53777,J Raitala,red,,lineup_bubble,https://www.soccerbase.com/tournaments/tournament_tab.sd?tourn_id=1764&tab_id=2167&roundTab=roundTab_4
soccerbase,820853,2021-11-13,World Cup,2022,Europe (Qualifying): D,Qualifying Group 4 Matches and results,France,Kazakhstan,France,Kazakhstan,1,40900,K Benzema,yellow,,lineup_bubble,https://www.soccerbase.com/tournaments/tournament_tab.sd?tourn_id=1764&tab_id=2167&roundTab=roundTab_4
soccerbase,820853,2021-11-13,World Cup,2022,Europe (Qualifying): D,Qualifying Group 4 Matches and results,France,Kazakhstan,Kazakhstan,France,0,119615,V Vasilyev,yellow,,lineup_bubble,https://www.soccerbase.com/tournaments/tournament_tab.sd?tourn_id=1764&tab_id=2167&roundTab=roundTab_4
soccerbase,820853,2021-11-13,World Cup,2022,Europe (Qualifying): D,Qualifying Group 4 Matches and results,France,Kazakhstan,Kazakhstan,France,0,117374,O Omirtaev,yellow,,lineup_bubble,https://www.soccerbase.com/tournaments/tournament_tab.sd?tourn_id=1764&tab_id=2167&roundTab=roundTab_4
soccerbase,820793,2021-10-12,World Cup,2022,Europe (Qualifying): D,Qualifying Group 4 Matches and results,Kazakhstan,Finland,Kazakhstan,Finland,1,102994,Y Vorogovskiy,yellow,,lineup_bubble,https://www.soccerbase.com/tournaments/tournament_tab.sd?tourn_id=1764&tab_id=2167&roundTab=roundTab_4
soccerbase,820793,2021-10-12,World Cup,2022,Europe (Qualifying): D,Qualifying Group 4 Matches and results,Kazakhstan,Finland,Kazakhstan,Finland,1,72567,S Maliy,yellow,,lineup_bubble,https://www.soccerbase.com/tournaments/tournament_tab.sd?tourn_id=1764&tab_id=2167&roundTab=roundTab_4
soccerbase,820793,2021-10-12,World Cup,2022,Europe (Qualifying): D,Qualifying Group 4 Matches and results,Kazakhstan,Finland,Kazakhstan,Finland,1,110772,B Zaynutdinov,yellow,,lineup_bubble,https://www.soccerbase.com/tournaments/tournament_tab.sd?tourn_id=1764&tab_id=2167&roundTab=roundTab_4
soccerbase,820793,2021-10-12,World Cup,2022,Europe (Qualifying): D,Qualifying Group 4 Matches and results,Kazakhstan,Finland,Finland,Kazakhstan,0,110759,R Ivanov,yellow,,lineup_bubble,https://www.soccerbase.com/tournaments/tournament_tab.sd?tourn_id=1764&tab_id=2167&roundTab=roundTab_4
soccerbase,820802,2021-10-12,World Cup,2022,Europe (Qualifying): D,Qualifying Group 4 Matches and results,Ukraine,Bosnia-Hz.,Bosnia-Hz.,Ukraine,0,96807,A Ahmedhodzic,yellow,,lineup_bubble,https://www.soccerbase.com/tournaments/tournament_tab.sd?tourn_id=1764&tab_id=2167&roundTab=roundTab_4
soccerbase,820802,2021-10-12,World Cup,2022,Europe (Qualifying): D,Qualifying Group 4 Matches and results,Ukraine,Bosnia-Hz.,Bosnia-Hz.,Ukraine,0,88779,E Civic,yellow,,lineup_bubble,https://www.soccerbase.com/tournaments/tournament_tab.sd?tourn_id=1764&tab_id=2167&roundTab=roundTab_4
soccerbase,820802,2021-10-12,World Cup,2022,Europe (Qualifying): D,Qualifying Group 4 Matches and results,Ukraine,Bosnia-Hz.,Bosnia-Hz.,Ukraine,0,78967,S Prevljak,yellow,,lineup_bubble,https://www.soccerbase.com/tournaments/tournament_tab.sd?tourn_id=1764&tab_id=2167&roundTab=roundTab_4
soccerbase,820837,2021-10-09,World Cup,2022,Europe (Qualifying): D,Qualifying Group 4 Matches and results,Finland,Ukraine,Ukraine,Finland,0,59218,S Kryvtsov,yellow,,lineup_bubble,https://www.soccerbase.com/tournaments/tournament_tab.sd?tourn_id=1764&tab_id=2167&roundTab=roundTab_4
soccerbase,820827,2021-10-09,World Cup,2022,Europe (Qualifying): D,Qualifying Group 4 Matches and results,Kazakhstan,Bosnia-Hz.,Kazakhstan,Bosnia-Hz.,1,51521,Y Logvinenko,yellow,,lineup_bubble,https://www.soccerbase.com/tournaments/tournament_tab.sd?tourn_id=1764&tab_id=2167&roundTab=roundTab_4
soccerbase,820827,2021-10-09,World Cup,2022,Europe (Qualifying): D,Qualifying Group 4 Matches and results,Kazakhstan,Bosnia-Hz.,Kazakhstan,Bosnia-Hz.,1,56623,D Shomko,yellow,,lineup_bubble,https://www.soccerbase.com/tournaments/tournament_tab.sd?tourn_id=1764&tab_id=2167&roundTab=roundTab_4
soccerbase,820827,2021-10-09,World Cup,2022,Europe (Qualifying): D,Qualifying Group 4 Matches and results,Kazakhstan,Bosnia-Hz.,Bosnia-Hz.,Kazakhstan,0,83652,A Gojak,yellow,,lineup_bubble,https://www.soccerbase.com/tournaments/tournament_tab.sd?tourn_id=1764&tab_id=2167&roundTab=roundTab_4
soccerbase,820734,2021-09-07,World Cup,2022,Europe (Qualifying): D,Qualifying Group 4 Matches and results,Bosnia-Hz.,Kazakhstan,Bosnia-Hz.,Kazakhstan,1,97073,D Hadzikadunic,yellow,,lineup_bubble,https://www.soccerbase.com/tournaments/tournament_tab.sd?tourn_id=1764&tab_id=2167&roundTab=roundTab_4
soccerbase,820734,2021-09-07,World Cup,2022,Europe (Qualifying): D,Qualifying Group 4 Matches and results,Bosnia-Hz.,Kazakhstan,Bosnia-Hz.,Kazakhstan,1,36509,E Dzeko,yellow,,lineup_bubble,https://www.soccerbase.com/tournaments/tournament_tab.sd?tourn_id=1764&tab_id=2167&roundTab=roundTab_4
soccerbase,820734,2021-09-07,World Cup,2022,Europe (Qualifying): D,Qualifying Group 4 Matches and results,Bosnia-Hz.,Kazakhstan,Kazakhstan,Bosnia-Hz.,0,107518,A Marochkin,yellow,,lineup_bubble,https://www.soccerbase.com/tournaments/tournament_tab.sd?tourn_id=1764&tab_id=2167&roundTab=roundTab_4
soccerbase,820734,2021-09-07,World Cup,2022,Europe (Qualifying): D,Qualifying Group 4 Matches and results,Bosnia-Hz.,Kazakhstan,Kazakhstan,Bosnia-Hz.,0,119615,V Vasilyev,yellow,,lineup_bubble,https://www.soccerbase.com/tournaments/tournament_tab.sd?tourn_id=1764&tab_id=2167&roundTab=roundTab_4
soccerbase,820734,2021-09-07,World Cup,2022,Europe (Qualifying): D,Qualifying Group 4 Matches and results,Bosnia-Hz.,Kazakhstan,Kazakhstan,Bosnia-Hz.,0,110772,B Zaynutdinov,yellow,,lineup_bubble,https://www.soccerbase.com/tournaments/tournament_tab.sd?tourn_id=1764&tab_id=2167&roundTab=roundTab_4
soccerbase,820735,2021-09-07,World Cup,2022,Europe (Qualifying): D,Qualifying Group 4 Matches and results,France,Finland,Finland,France,0,58861,P Arajuuri,yellow,,lineup_bubble,https://www.soccerbase.com/tournaments/tournament_tab.sd?tourn_id=1764&tab_id=2167&roundTab=roundTab_4
soccerbase,820735,2021-09-07,World Cup,2022,Europe (Qualifying): D,Qualifying Group 4 Matches and results,France,Finland,Finland,France,0,55966,R Schuller,yellow,,lineup_bubble,https://www.soccerbase.com/tournaments/tournament_tab.sd?tourn_id=1764&tab_id=2167&roundTab=roundTab_4
soccerbase,820735,2021-09-07,World Cup,2022,Europe (Qualifying): D,Qualifying Group 4 Matches and results,France,Finland,Finland,France,0,56725,T Pukki,yellow,,lineup_bubble,https://www.soccerbase.com/tournaments/tournament_tab.sd?tourn_id=1764&tab_id=2167&roundTab=roundTab_4
soccerbase,820745,2021-09-04,World Cup,2022,Europe (Qualifying): D,Qualifying Group 4 Matches and results,Finland,Kazakhstan,Finland,Kazakhstan,1,67994,N Alho,yellow,,lineup_bubble,https://www.soccerbase.com/tournaments/tournament_tab.sd?tourn_id=1764&tab_id=2167&roundTab=roundTab_4
soccerbase,820745,2021-09-04,World Cup,2022,Europe (Qualifying): D,Qualifying Group 4 Matches and results,Finland,Kazakhstan,Kazakhstan,Finland,0,99448,T Erlanov,yellow,,lineup_bubble,https://www.soccerbase.com/tournaments/tournament_tab.sd?tourn_id=1764&tab_id=2167&roundTab=roundTab_4
soccerbase,820745,2021-09-04,World Cup,2022,Europe (Qualifying): D,Qualifying Group 4 Matches and results,Finland,Kazakhstan,Kazakhstan,Finland,0,121489,S Zharynbetov,yellow,,lineup_bubble,https://www.soccerbase.com/tournaments/tournament_tab.sd?tourn_id=1764&tab_id=2167&roundTab=roundTab_4
soccerbase,820745,2021-09-04,World Cup,2022,Europe (Qualifying): D,Qualifying Group 4 Matches and results,Finland,Kazakhstan,Kazakhstan,Finland,0,122883,R Orazov,yellow,,lineup_bubble,https://www.soccerbase.com/tournaments/tournament_tab.sd?tourn_id=1764&tab_id=2167&roundTab=roundTab_4
soccerbase,820752,2021-09-04,World Cup,2022,Europe (Qualifying): D,Qualifying Group 4 Matches and results,Ukraine,France,Ukraine,France,1,50630,A Yarmolenko,yellow,,lineup_bubble,https://www.soccerbase.com/tournaments/tournament_tab.sd?tourn_id=1764&tab_id=2167&roundTab=roundTab_4
soccerbase,820752,2021-09-04,World Cup,2022,Europe (Qualifying): D,Qualifying Group 4 Matches and results,Ukraine,France,Ukraine,France,1,81477,R Malinovskyi,yellow,,lineup_bubble,https://www.soccerbase.com/tournaments/tournament_tab.sd?tourn_id=1764&tab_id=2167&roundTab=roundTab_4
soccerbase,820752,2021-09-04,World Cup,2022,Europe (Qualifying): D,Qualifying Group 4 Matches and results,Ukraine,France,France,Ukraine,0,76941,P Kimpembe,yellow,,lineup_bubble,https://www.soccerbase.com/tournaments/tournament_tab.sd?tourn_id=1764&tab_id=2167&roundTab=roundTab_4
soccerbase,820700,2021-09-01,World Cup,2022,Europe (Qualifying): D,Qualifying Group 4 Matches and results,France,Bosnia-Hz.,France,Bosnia-Hz.,1,89497,J Kounde,red,,lineup_bubble,https://www.soccerbase.com/tournaments/tournament_tab.sd?tourn_id=1764&tab_id=2167&roundTab=roundTab_4
soccerbase,820700,2021-09-01,World Cup,2022,Europe (Qualifying): D,Qualifying Group 4 Matches and results,France,Bosnia-Hz.,France,Bosnia-Hz.,1,71387,J Veretout,yellow,,lineup_bubble,https://www.soccerbase.com/tournaments/tournament_tab.sd?tourn_id=1764&tab_id=2167&roundTab=roundTab_4
soccerbase,820700,2021-09-01,World Cup,2022,Europe (Qualifying): D,Qualifying Group 4 Matches and results,France,Bosnia-Hz.,Bosnia-Hz.,France,0,90056,A Hadziahmetovic,yellow,,lineup_bubble,https://www.soccerbase.com/tournaments/tournament_tab.sd?tourn_id=1764&tab_id=2167&roundTab=roundTab_4
soccerbase,820693,2021-09-01,World Cup,2022,Europe (Qualifying): D,Qualifying Group 4 Matches and results,Kazakhstan,Ukraine,Kazakhstan,Ukraine,1,72556,S Pokatilov,yellow,,lineup_bubble,https://www.soccerbase.com/tournaments/tournament_tab.sd?tourn_id=1764&tab_id=2167&roundTab=roundTab_4
soccerbase,820693,2021-09-01,World Cup,2022,Europe (Qualifying): D,Qualifying Group 4 Matches and results,Kazakhstan,Ukraine,Kazakhstan,Ukraine,1,119615,V Vasilyev,yellow,,lineup_bubble,https://www.soccerbase.com/tournaments/tournament_tab.sd?tourn_id=1764&tab_id=2167&roundTab=roundTab_4
soccerbase,820693,2021-09-01,World Cup,2022,Europe (Qualifying): D,Qualifying Group 4 Matches and results,Kazakhstan,Ukraine,Ukraine,Kazakhstan,0,107249,V Mykolenko,yellow,,lineup_bubble,https://www.soccerbase.com/tournaments/tournament_tab.sd?tourn_id=1764&tab_id=2167&roundTab=roundTab_4
soccerbase,820693,2021-09-01,World Cup,2022,Europe (Qualifying): D,Qualifying Group 4 Matches and results,Kazakhstan,Ukraine,Ukraine,Kazakhstan,0,81731,O Zinchenko,yellow,,lineup_bubble,https://www.soccerbase.com/tournaments/tournament_tab.sd?tourn_id=1764&tab_id=2167&roundTab=roundTab_4
soccerbase,820702,2021-03-31,World Cup,2022,Europe (Qualifying): D,Qualifying Group 4 Matches and results,Bosnia-Hz.,France,Bosnia-Hz.,France,1,91189,S Sanicanin,yellow,,lineup_bubble,https://www.soccerbase.com/tournaments/tournament_tab.sd?tourn_id=1764&tab_id=2167&roundTab=roundTab_4
soccerbase,820702,2021-03-31,World Cup,2022,Europe (Qualifying): D,Qualifying Group 4 Matches and results,Bosnia-Hz.,France,Bosnia-Hz.,France,1,97073,D Hadzikadunic,yellow,,lineup_bubble,https://www.soccerbase.com/tournaments/tournament_tab.sd?tourn_id=1764&tab_id=2167&roundTab=roundTab_4
soccerbase,820702,2021-03-31,World Cup,2022,Europe (Qualifying): D,Qualifying Group 4 Matches and results,Bosnia-Hz.,France,Bosnia-Hz.,France,1,90056,A Hadziahmetovic,yellow,,lineup_bubble,https://www.soccerbase.com/tournaments/tournament_tab.sd?tourn_id=1764&tab_id=2167&roundTab=roundTab_4
soccerbase,820702,2021-03-31,World Cup,2022,Europe (Qualifying): D,Qualifying Group 4 Matches and results,Bosnia-Hz.,France,France,Bosnia-Hz.,0,57416,R Varane,yellow,,lineup_bubble,https://www.soccerbase.com/tournaments/tournament_tab.sd?tourn_id=1764&tab_id=2167&roundTab=roundTab_4
soccerbase,820702,2021-03-31,World Cup,2022,Europe (Qualifying): D,Qualifying Group 4 Matches and results,Bosnia-Hz.,France,France,Bosnia-Hz.,0,76939,T Lemar,yellow,,lineup_bubble,https://www.soccerbase.com/tournaments/tournament_tab.sd?tourn_id=1764&tab_id=2167&roundTab=roundTab_4
soccerbase,820702,2021-03-31,World Cup,2022,Europe (Qualifying): D,Qualifying Group 4 Matches and results,Bosnia-Hz.,France,France,Bosnia-Hz.,0,58437,P Pogba,yellow,,lineup_bubble,https://www.soccerbase.com/tournaments/tournament_tab.sd?tourn_id=1764&tab_id=2167&roundTab=roundTab_4
soccerbase,820704,2021-03-31,World Cup,2022,Europe (Qualifying): D,Qualifying Group 4 Matches and results,Ukraine,Kazakhstan,Ukraine,Kazakhstan,1,81731,O Zinchenko,yellow,,lineup_bubble,https://www.soccerbase.com/tournaments/tournament_tab.sd?tourn_id=1764&tab_id=2167&roundTab=roundTab_4
soccerbase,820704,2021-03-31,World Cup,2022,Europe (Qualifying): D,Qualifying Group 4 Matches and results,Ukraine,Kazakhstan,Ukraine,Kazakhstan,1,64101,Marlos,yellow,,lineup_bubble,https://www.soccerbase.com/tournaments/tournament_tab.sd?tourn_id=1764&tab_id=2167&roundTab=roundTab_4
soccerbase,820704,2021-03-31,World Cup,2022,Europe (Qualifying): D,Qualifying Group 4 Matches and results,Ukraine,Kazakhstan,Kazakhstan,Ukraine,0,72556,S Pokatilov,yellow,,lineup_bubble,https://www.soccerbase.com/tournaments/tournament_tab.sd?tourn_id=1764&tab_id=2167&roundTab=roundTab_4
soccerbase,820704,2021-03-31,World Cup,2022,Europe (Qualifying): D,Qualifying Group 4 Matches and results,Ukraine,Kazakhstan,Kazakhstan,Ukraine,0,111383,N Alip,yellow,,lineup_bubble,https://www.soccerbase.com/tournaments/tournament_tab.sd?tourn_id=1764&tab_id=2167&roundTab=roundTab_4
soccerbase,820704,2021-03-31,World Cup,2022,Europe (Qualifying): D,Qualifying Group 4 Matches and results,Ukraine,Kazakhstan,Kazakhstan,Ukraine,0,102994,Y Vorogovskiy,yellow,,lineup_bubble,https://www.soccerbase.com/tournaments/tournament_tab.sd?tourn_id=1764&tab_id=2167&roundTab=roundTab_4
soccerbase,820704,2021-03-31,World Cup,2022,Europe (Qualifying): D,Qualifying Group 4 Matches and results,Ukraine,Kazakhstan,Kazakhstan,Ukraine,0,122882,A Abiken,yellow,,lineup_bubble,https://www.soccerbase.com/tournaments/tournament_tab.sd?tourn_id=1764&tab_id=2167&roundTab=roundTab_4
soccerbase,820704,2021-03-31,World Cup,2022,Europe (Qualifying): D,Qualifying Group 4 Matches and results,Ukraine,Kazakhstan,Kazakhstan,Ukraine,0,59659,S Muzhikov,yellow,,lineup_bubble,https://www.soccerbase.com/tournaments/tournament_tab.sd?tourn_id=1764&tab_id=2167&roundTab=roundTab_4
soccerbase,820704,2021-03-31,World Cup,2022,Europe (Qualifying): D,Qualifying Group 4 Matches and results,Ukraine,Kazakhstan,Kazakhstan,Ukraine,0,115548,R Karimov,yellow,,lineup_bubble,https://www.soccerbase.com/tournaments/tournament_tab.sd?tourn_id=1764&tab_id=2167&roundTab=roundTab_4
soccerbase,820668,2021-03-28,World Cup,2022,Europe (Qualifying): D,Qualifying Group 4 Matches and results,Kazakhstan,France,France,Kazakhstan,0,88995,O Dembele,yellow,,lineup_bubble,https://www.soccerbase.com/tournaments/tournament_tab.sd?tourn_id=1764&tab_id=2167&roundTab=roundTab_4
soccerbase,820682,2021-03-28,World Cup,2022,Europe (Qualifying): D,Qualifying Group 4 Matches and results,Ukraine,Finland,Ukraine,Finland,1,79547,G Bushchan,yellow,,lineup_bubble,https://www.soccerbase.com/tournaments/tournament_tab.sd?tourn_id=1764&tab_id=2167&roundTab=roundTab_4
soccerbase,820682,2021-03-28,World Cup,2022,Europe (Qualifying): D,Qualifying Group 4 Matches and results,Ukraine,Finland,Ukraine,Finland,1,107249,V Mykolenko,red,,lineup_bubble,https://www.soccerbase.com/tournaments/tournament_tab.sd?tourn_id=1764&tab_id=2167&roundTab=roundTab_4
soccerbase,820682,2021-03-28,World Cup,2022,Europe (Qualifying): D,Qualifying Group 4 Matches and results,Ukraine,Finland,Ukraine,Finland,1,87776,M Matviienko,yellow,,lineup_bubble,https://www.soccerbase.com/tournaments/tournament_tab.sd?tourn_id=1764&tab_id=2167&roundTab=roundTab_4
soccerbase,820682,2021-03-28,World Cup,2022,Europe (Qualifying): D,Qualifying Group 4 Matches and results,Ukraine,Finland,Ukraine,Finland,1,72326,E Sobol,yellow,,lineup_bubble,https://www.soccerbase.com/tournaments/tournament_tab.sd?tourn_id=1764&tab_id=2167&roundTab=roundTab_4
soccerbase,820682,2021-03-28,World Cup,2022,Europe (Qualifying): D,Qualifying Group 4 Matches and results,Ukraine,Finland,Finland,Ukraine,0,57358,J Toivio,yellow,,lineup_bubble,https://www.soccerbase.com/tournaments/tournament_tab.sd?tourn_id=1764&tab_id=2167&roundTab=roundTab_4
soccerbase,820682,2021-03-28,World Cup,2022,Europe (Qualifying): D,Qualifying Group 4 Matches and results,Ukraine,Finland,Finland,Ukraine,0,79497,G Kamara,yellow,,lineup_bubble,https://www.soccerbase.com/tournaments/tournament_tab.sd?tourn_id=1764&tab_id=2167&roundTab=roundTab_4
soccerbase,820634,2021-03-24,World Cup,2022,Europe (Qualifying): D,Qualifying Group 4 Matches and results,Finland,Bosnia-Hz.,Finland,Bosnia-Hz.,1,86842,N Hamalainen,yellow,,lineup_bubble,https://www.soccerbase.com/tournaments/tournament_tab.sd?tourn_id=1764&tab_id=2167&roundTab=roundTab_4
soccerbase,820634,2021-03-24,World Cup,2022,Europe (Qualifying): D,Qualifying Group 4 Matches and results,Finland,Bosnia-Hz.,Finland,Bosnia-Hz.,1,79497,G Kamara,yellow,,lineup_bubble,https://www.soccerbase.com/tournaments/tournament_tab.sd?tourn_id=1764&tab_id=2167&roundTab=roundTab_4
soccerbase,820634,2021-03-24,World Cup,2022,Europe (Qualifying): D,Qualifying Group 4 Matches and results,Finland,Bosnia-Hz.,Finland,Bosnia-Hz.,1,55966,R Schuller,yellow,,lineup_bubble,https://www.soccerbase.com/tournaments/tournament_tab.sd?tourn_id=1764&tab_id=2167&roundTab=roundTab_4
soccerbase,820635,2021-03-24,World Cup,2022,Europe (Qualifying): D,Qualifying Group 4 Matches and results,France,Ukraine,France,Ukraine,1,80668,B Pavard,yellow,,lineup_bubble,https://www.soccerbase.com/tournaments/tournament_tab.sd?tourn_id=1764&tab_id=2167&roundTab=roundTab_4
soccerbase,820877,2021-11-16,World Cup,2022,Europe (Qualifying): E,Qualifying Group 5 Matches and results,Czech Rep,Estonia,Czech Rep,Estonia,1,61486,J Kopic,yellow,,lineup_bubble,https://www.soccerbase.com/tournaments/tournament_tab.sd?tourn_id=1764&tab_id=2167&roundTab=roundTab_5
soccerbase,820877,2021-11-16,World Cup,2022,Europe (Qualifying): E,Qualifying Group 5 Matches and results,Czech Rep,Estonia,Czech Rep,Estonia,1,69872,L Masopust,yellow,,lineup_bubble,https://www.soccerbase.com/tournaments/tournament_tab.sd?tourn_id=1764&tab_id=2167&roundTab=roundTab_5
soccerbase,820877,2021-11-16,World Cup,2022,Europe (Qualifying): E,Qualifying Group 5 Matches and results,Czech Rep,Estonia,Estonia,Czech Rep,0,111393,M Kuusk,yellow,,lineup_bubble,https://www.soccerbase.com/tournaments/tournament_tab.sd?tourn_id=1764&tab_id=2167&roundTab=roundTab_5
soccerbase,820877,2021-11-16,World Cup,2022,Europe (Qualifying): E,Qualifying Group 5 Matches and results,Czech Rep,Estonia,Estonia,Czech Rep,0,131300,M Paskotsi,yellow,,lineup_bubble,https://www.soccerbase.com/tournaments/tournament_tab.sd?tourn_id=1764&tab_id=2167&roundTab=roundTab_5
soccerbase,820877,2021-11-16,World Cup,2022,Europe (Qualifying): E,Qualifying Group 5 Matches and results,Czech Rep,Estonia,Estonia,Czech Rep,0,120571,V Kreida,yellow,,lineup_bubble,https://www.soccerbase.com/tournaments/tournament_tab.sd?tourn_id=1764&tab_id=2167&roundTab=roundTab_5
soccerbase,820878,2021-11-16,World Cup,2022,Europe (Qualifying): E,Qualifying Group 5 Matches and results,Wales,Belgium,Wales,Belgium,1,73077,J Morrell,yellow,,lineup_bubble,https://www.soccerbase.com/tournaments/tournament_tab.sd?tourn_id=1764&tab_id=2167&roundTab=roundTab_5
soccerbase,820878,2021-11-16,World Cup,2022,Europe (Qualifying): E,Qualifying Group 5 Matches and results,Wales,Belgium,Wales,Belgium,1,70655,K Moore,yellow,,lineup_bubble,https://www.soccerbase.com/tournaments/tournament_tab.sd?tourn_id=1764&tab_id=2167&roundTab=roundTab_5
soccerbase,820878,2021-11-16,World Cup,2022,Europe (Qualifying): E,Qualifying Group 5 Matches and results,Wales,Belgium,Belgium,Wales,0,110849,A Saelemaekers,yellow,,lineup_bubble,https://www.soccerbase.com/tournaments/tournament_tab.sd?tourn_id=1764&tab_id=2167&roundTab=roundTab_5
soccerbase,820878,2021-11-16,World Cup,2022,Europe (Qualifying): E,Qualifying Group 5 Matches and results,Wales,Belgium,Belgium,Wales,0,59527,T Hazard,yellow,,lineup_bubble,https://www.soccerbase.com/tournaments/tournament_tab.sd?tourn_id=1764&tab_id=2167&roundTab=roundTab_5
soccerbase,820878,2021-11-16,World Cup,2022,Europe (Qualifying): E,Qualifying Group 5 Matches and results,Wales,Belgium,Belgium,Wales,0,70960,L Dendoncker,yellow,,lineup_bubble,https://www.soccerbase.com/tournaments/tournament_tab.sd?tourn_id=1764&tab_id=2167&roundTab=roundTab_5
soccerbase,820855,2021-11-13,World Cup,2022,Europe (Qualifying): E,Qualifying Group 5 Matches and results,Belgium,Estonia,Estonia,Belgium,0,77855,K Mets,yellow,,lineup_bubble,https://www.soccerbase.com/tournaments/tournament_tab.sd?tourn_id=1764&tab_id=2167&roundTab=roundTab_5
soccerbase,820857,2021-11-13,World Cup,2022,Europe (Qualifying): E,Qualifying Group 5 Matches and results,Wales,Belarus,Wales,Belarus,1,94499,E Ampadu,yellow,,lineup_bubble,https://www.soccerbase.com/tournaments/tournament_tab.sd?tourn_id=1764&tab_id=2167&roundTab=roundTab_5
soccerbase,820857,2021-11-13,World Cup,2022,Europe (Qualifying): E,Qualifying Group 5 Matches and results,Wales,Belarus,Belarus,Wales,0,98524,N Zolotov,yellow,,lineup_bubble,https://www.soccerbase.com/tournaments/tournament_tab.sd?tourn_id=1764&tab_id=2167&roundTab=roundTab_5
soccerbase,820857,2021-11-13,World Cup,2022,Europe (Qualifying): E,Qualifying Group 5 Matches and results,Wales,Belarus,Belarus,Wales,0,106544,M Ebong,yellow,,lineup_bubble,https://www.soccerbase.com/tournaments/tournament_tab.sd?tourn_id=1764&tab_id=2167&roundTab=roundTab_5
soccerbase,820857,2021-11-13,World Cup,2022,Europe (Qualifying): E,Qualifying Group 5 Matches and results,Wales,Belarus,Belarus,Wales,0,93738,D Antilevskiy,yellow,,lineup_bubble,https://www.soccerbase.com/tournaments/tournament_tab.sd?tourn_id=1764&tab_id=2167&roundTab=roundTab_5
soccerbase,820775,2021-10-11,World Cup,2022,Europe (Qualifying): E,Qualifying Group 5 Matches and results,Belarus,Czech Rep,Belarus,Czech Rep,1,81786,R Yudenkov,yellow,,lineup_bubble,https://www.soccerbase.com/tournaments/tournament_tab.sd?tourn_id=1764&tab_id=2167&roundTab=roundTab_5
soccerbase,820775,2021-10-11,World Cup,2022,Europe (Qualifying): E,Qualifying Group 5 Matches and results,Belarus,Czech Rep,Belarus,Czech Rep,1,98552,K Pechenin,yellow,,lineup_bubble,https://www.soccerbase.com/tournaments/tournament_tab.sd?tourn_id=1764&tab_id=2167&roundTab=roundTab_5
soccerbase,820775,2021-10-11,World Cup,2022,Europe (Qualifying): E,Qualifying Group 5 Matches and results,Belarus,Czech Rep,Belarus,Czech Rep,1,79122,A Bykov,yellow,,lineup_bubble,https://www.soccerbase.com/tournaments/tournament_tab.sd?tourn_id=1764&tab_id=2167&roundTab=roundTab_5
soccerbase,820775,2021-10-11,World Cup,2022,Europe (Qualifying): E,Qualifying Group 5 Matches and results,Belarus,Czech Rep,Czech Rep,Belarus,0,121921,D Zima,yellow,,lineup_bubble,https://www.soccerbase.com/tournaments/tournament_tab.sd?tourn_id=1764&tab_id=2167&roundTab=roundTab_5
soccerbase,820775,2021-10-11,World Cup,2022,Europe (Qualifying): E,Qualifying Group 5 Matches and results,Belarus,Czech Rep,Czech Rep,Belarus,0,116498,A Hlozek,yellow,,lineup_bubble,https://www.soccerbase.com/tournaments/tournament_tab.sd?tourn_id=1764&tab_id=2167&roundTab=roundTab_5
soccerbase,820777,2021-10-11,World Cup,2022,Europe (Qualifying): E,Qualifying Group 5 Matches and results,Estonia,Wales,Estonia,Wales,1,77856,A Pikk,yellow,,lineup_bubble,https://www.soccerbase.com/tournaments/tournament_tab.sd?tourn_id=1764&tab_id=2167&roundTab=roundTab_5
soccerbase,820777,2021-10-11,World Cup,2022,Europe (Qualifying): E,Qualifying Group 5 Matches and results,Estonia,Wales,Estonia,Wales,1,111393,M Kuusk,yellow,,lineup_bubble,https://www.soccerbase.com/tournaments/tournament_tab.sd?tourn_id=1764&tab_id=2167&roundTab=roundTab_5
soccerbase,820777,2021-10-11,World Cup,2022,Europe (Qualifying): E,Qualifying Group 5 Matches and results,Estonia,Wales,Estonia,Wales,1,97190,M Kait,yellow,,lineup_bubble,https://www.soccerbase.com/tournaments/tournament_tab.sd?tourn_id=1764&tab_id=2167&roundTab=roundTab_5
soccerbase,820777,2021-10-11,World Cup,2022,Europe (Qualifying): E,Qualifying Group 5 Matches and results,Estonia,Wales,Wales,Estonia,0,99660,S Thomas,yellow,,lineup_bubble,https://www.soccerbase.com/tournaments/tournament_tab.sd?tourn_id=1764&tab_id=2167&roundTab=roundTab_5
soccerbase,820777,2021-10-11,World Cup,2022,Europe (Qualifying): E,Qualifying Group 5 Matches and results,Estonia,Wales,Wales,Estonia,0,45981,J Allen,yellow,,lineup_bubble,https://www.soccerbase.com/tournaments/tournament_tab.sd?tourn_id=1764&tab_id=2167&roundTab=roundTab_5
soccerbase,820777,2021-10-11,World Cup,2022,Europe (Qualifying): E,Qualifying Group 5 Matches and results,Estonia,Wales,Wales,Estonia,0,85447,H Wilson,yellow,,lineup_bubble,https://www.soccerbase.com/tournaments/tournament_tab.sd?tourn_id=1764&tab_id=2167&roundTab=roundTab_5
soccerbase,820777,2021-10-11,World Cup,2022,Europe (Qualifying): E,Qualifying Group 5 Matches and results,Estonia,Wales,Wales,Estonia,0,70655,K Moore,yellow,,lineup_bubble,https://www.soccerbase.com/tournaments/tournament_tab.sd?tourn_id=1764&tab_id=2167&roundTab=roundTab_5
soccerbase,820798,2021-10-08,World Cup,2022,Europe (Qualifying): E,Qualifying Group 5 Matches and results,Czech Rep,Wales,Czech Rep,Wales,1,113410,M Sadilek,yellow,,lineup_bubble,https://www.soccerbase.com/tournaments/tournament_tab.sd?tourn_id=1764&tab_id=2167&roundTab=roundTab_5
soccerbase,820798,2021-10-08,World Cup,2022,Europe (Qualifying): E,Qualifying Group 5 Matches and results,Czech Rep,Wales,Czech Rep,Wales,1,88756,A Barak,yellow,,lineup_bubble,https://www.soccerbase.com/tournaments/tournament_tab.sd?tourn_id=1764&tab_id=2167&roundTab=roundTab_5
soccerbase,820798,2021-10-08,World Cup,2022,Europe (Qualifying): E,Qualifying Group 5 Matches and results,Czech Rep,Wales,Wales,Czech Rep,0,94499,E Ampadu,yellow,,lineup_bubble,https://www.soccerbase.com/tournaments/tournament_tab.sd?tourn_id=1764&tab_id=2167&roundTab=roundTab_5
soccerbase,820798,2021-10-08,World Cup,2022,Europe (Qualifying): E,Qualifying Group 5 Matches and results,Czech Rep,Wales,Wales,Czech Rep,0,46488,A Ramsey,yellow,,lineup_bubble,https://www.soccerbase.com/tournaments/tournament_tab.sd?tourn_id=1764&tab_id=2167&roundTab=roundTab_5
soccerbase,820798,2021-10-08,World Cup,2022,Europe (Qualifying): E,Qualifying Group 5 Matches and results,Czech Rep,Wales,Wales,Czech Rep,0,70655,K Moore,yellow,,lineup_bubble,https://www.soccerbase.com/tournaments/tournament_tab.sd?tourn_id=1764&tab_id=2167&roundTab=roundTab_5
soccerbase,820801,2021-10-08,World Cup,2022,Europe (Qualifying): E,Qualifying Group 5 Matches and results,Estonia,Belarus,Estonia,Belarus,1,131300,M Paskotsi,yellow,,lineup_bubble,https://www.soccerbase.com/tournaments/tournament_tab.sd?tourn_id=1764&tab_id=2167&roundTab=roundTab_5
soccerbase,820801,2021-10-08,World Cup,2022,Europe (Qualifying): E,Qualifying Group 5 Matches and results,Estonia,Belarus,Estonia,Belarus,1,120571,V Kreida,yellow,,lineup_bubble,https://www.soccerbase.com/tournaments/tournament_tab.sd?tourn_id=1764&tab_id=2167&roundTab=roundTab_5
soccerbase,820801,2021-10-08,World Cup,2022,Europe (Qualifying): E,Qualifying Group 5 Matches and results,Estonia,Belarus,Estonia,Belarus,1,60373,H Anier,yellow,,lineup_bubble,https://www.soccerbase.com/tournaments/tournament_tab.sd?tourn_id=1764&tab_id=2167&roundTab=roundTab_5
soccerbase,820801,2021-10-08,World Cup,2022,Europe (Qualifying): E,Qualifying Group 5 Matches and results,Estonia,Belarus,Belarus,Estonia,0,138177,R Lisakovich,yellow,,lineup_bubble,https://www.soccerbase.com/tournaments/tournament_tab.sd?tourn_id=1764&tab_id=2167&roundTab=roundTab_5
soccerbase,820761,2021-09-08,World Cup,2022,Europe (Qualifying): E,Qualifying Group 5 Matches and results,Belarus,Belgium,Belarus,Belgium,1,71051,R Begunov,yellow,,lineup_bubble,https://www.soccerbase.com/tournaments/tournament_tab.sd?tourn_id=1764&tab_id=2167&roundTab=roundTab_5
soccerbase,820761,2021-09-08,World Cup,2022,Europe (Qualifying): E,Qualifying Group 5 Matches and results,Belarus,Belgium,Belarus,Belgium,1,102290,D Podstrelov,yellow,,lineup_bubble,https://www.soccerbase.com/tournaments/tournament_tab.sd?tourn_id=1764&tab_id=2167&roundTab=roundTab_5
soccerbase,820761,2021-09-08,World Cup,2022,Europe (Qualifying): E,Qualifying Group 5 Matches and results,Belarus,Belgium,Belarus,Belgium,1,98524,N Zolotov,yellow,,lineup_bubble,https://www.soccerbase.com/tournaments/tournament_tab.sd?tourn_id=1764&tab_id=2167&roundTab=roundTab_5
soccerbase,820761,2021-09-08,World Cup,2022,Europe (Qualifying): E,Qualifying Group 5 Matches and results,Belarus,Belgium,Belarus,Belgium,1,106544,M Ebong,yellow,,lineup_bubble,https://www.soccerbase.com/tournaments/tournament_tab.sd?tourn_id=1764&tab_id=2167&roundTab=roundTab_5
soccerbase,820761,2021-09-08,World Cup,2022,Europe (Qualifying): E,Qualifying Group 5 Matches and results,Belarus,Belgium,Belgium,Belarus,0,60739,M Batshuayi,yellow,,lineup_bubble,https://www.soccerbase.com/tournaments/tournament_tab.sd?tourn_id=1764&tab_id=2167&roundTab=roundTab_5
soccerbase,820763,2021-09-08,World Cup,2022,Europe (Qualifying): E,Qualifying Group 5 Matches and results,Wales,Estonia,Wales,Estonia,1,73077,J Morrell,yellow,,lineup_bubble,https://www.soccerbase.com/tournaments/tournament_tab.sd?tourn_id=1764&tab_id=2167&roundTab=roundTab_5
soccerbase,820763,2021-09-08,World Cup,2022,Europe (Qualifying): E,Qualifying Group 5 Matches and results,Wales,Estonia,Estonia,Wales,0,45623,S Puri,yellow,,lineup_bubble,https://www.soccerbase.com/tournaments/tournament_tab.sd?tourn_id=1764&tab_id=2167&roundTab=roundTab_5
soccerbase,820763,2021-09-08,World Cup,2022,Europe (Qualifying): E,Qualifying Group 5 Matches and results,Wales,Estonia,Estonia,Wales,0,120571,V Kreida,yellow,,lineup_bubble,https://www.soccerbase.com/tournaments/tournament_tab.sd?tourn_id=1764&tab_id=2167&roundTab=roundTab_5
soccerbase,820770,2021-09-05,World Cup,2022,Europe (Qualifying): E,Qualifying Group 5 Matches and results,Belarus,Wales,Belarus,Wales,1,70300,S Chernik,yellow,,lineup_bubble,https://www.soccerbase.com/tournaments/tournament_tab.sd?tourn_id=1764&tab_id=2167&roundTab=roundTab_5
soccerbase,820770,2021-09-05,World Cup,2022,Europe (Qualifying): E,Qualifying Group 5 Matches and results,Belarus,Wales,Belarus,Wales,1,79122,A Bykov,yellow,,lineup_bubble,https://www.soccerbase.com/tournaments/tournament_tab.sd?tourn_id=1764&tab_id=2167&roundTab=roundTab_5
soccerbase,820770,2021-09-05,World Cup,2022,Europe (Qualifying): E,Qualifying Group 5 Matches and results,Belarus,Wales,Wales,Belarus,0,44487,C Gunter,yellow,,lineup_bubble,https://www.soccerbase.com/tournaments/tournament_tab.sd?tourn_id=1764&tab_id=2167&roundTab=roundTab_5
soccerbase,820782,2021-09-05,World Cup,2022,Europe (Qualifying): E,Qualifying Group 5 Matches and results,Belgium,Czech Rep,Belgium,Czech Rep,1,50777,J Vertonghen,yellow,,lineup_bubble,https://www.soccerbase.com/tournaments/tournament_tab.sd?tourn_id=1764&tab_id=2167&roundTab=roundTab_5
soccerbase,820782,2021-09-05,World Cup,2022,Europe (Qualifying): E,Qualifying Group 5 Matches and results,Belgium,Czech Rep,Belgium,Czech Rep,1,49611,A Witsel,yellow,,lineup_bubble,https://www.soccerbase.com/tournaments/tournament_tab.sd?tourn_id=1764&tab_id=2167&roundTab=roundTab_5
soccerbase,820782,2021-09-05,World Cup,2022,Europe (Qualifying): E,Qualifying Group 5 Matches and results,Belgium,Czech Rep,Belgium,Czech Rep,1,56521,R Lukaku,yellow,,lineup_bubble,https://www.soccerbase.com/tournaments/tournament_tab.sd?tourn_id=1764&tab_id=2167&roundTab=roundTab_5
soccerbase,820782,2021-09-05,World Cup,2022,Europe (Qualifying): E,Qualifying Group 5 Matches and results,Belgium,Czech Rep,Czech Rep,Belgium,0,88756,A Barak,yellow,,lineup_bubble,https://www.soccerbase.com/tournaments/tournament_tab.sd?tourn_id=1764&tab_id=2167&roundTab=roundTab_5
soccerbase,820724,2021-09-02,World Cup,2022,Europe (Qualifying): E,Qualifying Group 5 Matches and results,Czech Rep,Belarus,Czech Rep,Belarus,1,55256,T Kalas,yellow,,lineup_bubble,https://www.soccerbase.com/tournaments/tournament_tab.sd?tourn_id=1764&tab_id=2167&roundTab=roundTab_5
soccerbase,820724,2021-09-02,World Cup,2022,Europe (Qualifying): E,Qualifying Group 5 Matches and results,Czech Rep,Belarus,Belarus,Czech Rep,0,106544,M Ebong,yellow,,lineup_bubble,https://www.soccerbase.com/tournaments/tournament_tab.sd?tourn_id=1764&tab_id=2167&roundTab=roundTab_5
soccerbase,820725,2021-09-02,World Cup,2022,Europe (Qualifying): E,Qualifying Group 5 Matches and results,Estonia,Belgium,Estonia,Belgium,1,59048,J Tamm,yellow,,lineup_bubble,https://www.soccerbase.com/tournaments/tournament_tab.sd?tourn_id=1764&tab_id=2167&roundTab=roundTab_5
soccerbase,820725,2021-09-02,World Cup,2022,Europe (Qualifying): E,Qualifying Group 5 Matches and results,Estonia,Belgium,Belgium,Estonia,0,110849,A Saelemaekers,yellow,,lineup_bubble,https://www.soccerbase.com/tournaments/tournament_tab.sd?tourn_id=1764&tab_id=2167&roundTab=roundTab_5
soccerbase,820725,2021-09-02,World Cup,2022,Europe (Qualifying): E,Qualifying Group 5 Matches and results,Estonia,Belgium,Belgium,Estonia,0,56521,R Lukaku,yellow,,lineup_bubble,https://www.soccerbase.com/tournaments/tournament_tab.sd?tourn_id=1764&tab_id=2167&roundTab=roundTab_5
soccerbase,820675,2021-03-30,World Cup,2022,Europe (Qualifying): E,Qualifying Group 5 Matches and results,Wales,Czech Rep,Wales,Czech Rep,1,115575,J Lawrence,yellow,,lineup_bubble,https://www.soccerbase.com/tournaments/tournament_tab.sd?tourn_id=1764&tab_id=2167&roundTab=roundTab_5
soccerbase,820675,2021-03-30,World Cup,2022,Europe (Qualifying): E,Qualifying Group 5 Matches and results,Wales,Czech Rep,Wales,Czech Rep,1,86854,C Roberts,yellow,,lineup_bubble,https://www.soccerbase.com/tournaments/tournament_tab.sd?tourn_id=1764&tab_id=2167&roundTab=roundTab_5
soccerbase,820675,2021-03-30,World Cup,2022,Europe (Qualifying): E,Qualifying Group 5 Matches and results,Wales,Czech Rep,Wales,Czech Rep,1,86854,C Roberts,red,,lineup_bubble,https://www.soccerbase.com/tournaments/tournament_tab.sd?tourn_id=1764&tab_id=2167&roundTab=roundTab_5
soccerbase,820675,2021-03-30,World Cup,2022,Europe (Qualifying): E,Qualifying Group 5 Matches and results,Wales,Czech Rep,Czech Rep,Wales,0,79094,J Jankto,yellow,,lineup_bubble,https://www.soccerbase.com/tournaments/tournament_tab.sd?tourn_id=1764&tab_id=2167&roundTab=roundTab_5
soccerbase,820675,2021-03-30,World Cup,2022,Europe (Qualifying): E,Qualifying Group 5 Matches and results,Wales,Czech Rep,Czech Rep,Wales,0,77948,P Schick,red,,lineup_bubble,https://www.soccerbase.com/tournaments/tournament_tab.sd?tourn_id=1764&tab_id=2167&roundTab=roundTab_5
soccerbase,820659,2021-03-27,World Cup,2022,Europe (Qualifying): E,Qualifying Group 5 Matches and results,Belarus,Estonia,Belarus,Estonia,1,90867,Y Kendysh,yellow,,lineup_bubble,https://www.soccerbase.com/tournaments/tournament_tab.sd?tourn_id=1764&tab_id=2167&roundTab=roundTab_5
soccerbase,820659,2021-03-27,World Cup,2022,Europe (Qualifying): E,Qualifying Group 5 Matches and results,Belarus,Estonia,Belarus,Estonia,1,78014,N Signevich,yellow,,lineup_bubble,https://www.soccerbase.com/tournaments/tournament_tab.sd?tourn_id=1764&tab_id=2167&roundTab=roundTab_5
soccerbase,820659,2021-03-27,World Cup,2022,Europe (Qualifying): E,Qualifying Group 5 Matches and results,Belarus,Estonia,Belarus,Estonia,1,81791,D Laptev,yellow,,lineup_bubble,https://www.soccerbase.com/tournaments/tournament_tab.sd?tourn_id=1764&tab_id=2167&roundTab=roundTab_5
soccerbase,820659,2021-03-27,World Cup,2022,Europe (Qualifying): E,Qualifying Group 5 Matches and results,Belarus,Estonia,Estonia,Belarus,0,111393,M Kuusk,yellow,,lineup_bubble,https://www.soccerbase.com/tournaments/tournament_tab.sd?tourn_id=1764&tab_id=2167&roundTab=roundTab_5
soccerbase,820659,2021-03-27,World Cup,2022,Europe (Qualifying): E,Qualifying Group 5 Matches and results,Belarus,Estonia,Estonia,Belarus,0,118428,H Purg,yellow,,lineup_bubble,https://www.soccerbase.com/tournaments/tournament_tab.sd?tourn_id=1764&tab_id=2167&roundTab=roundTab_5
soccerbase,820659,2021-03-27,World Cup,2022,Europe (Qualifying): E,Qualifying Group 5 Matches and results,Belarus,Estonia,Estonia,Belarus,0,131736,K Oigus,yellow,,lineup_bubble,https://www.soccerbase.com/tournaments/tournament_tab.sd?tourn_id=1764&tab_id=2167&roundTab=roundTab_5
soccerbase,820659,2021-03-27,World Cup,2022,Europe (Qualifying): E,Qualifying Group 5 Matches and results,Belarus,Estonia,Estonia,Belarus,0,131736,K Oigus,red,,lineup_bubble,https://www.soccerbase.com/tournaments/tournament_tab.sd?tourn_id=1764&tab_id=2167&roundTab=roundTab_5
soccerbase,820659,2021-03-27,World Cup,2022,Europe (Qualifying): E,Qualifying Group 5 Matches and results,Belarus,Estonia,Estonia,Belarus,0,81879,R Alliku,yellow,,lineup_bubble,https://www.soccerbase.com/tournaments/tournament_tab.sd?tourn_id=1764&tab_id=2167&roundTab=roundTab_5
soccerbase,820659,2021-03-27,World Cup,2022,Europe (Qualifying): E,Qualifying Group 5 Matches and results,Belarus,Estonia,Estonia,Belarus,0,60373,H Anier,yellow,,lineup_bubble,https://www.soccerbase.com/tournaments/tournament_tab.sd?tourn_id=1764&tab_id=2167&roundTab=roundTab_5
soccerbase,820664,2021-03-27,World Cup,2022,Europe (Qualifying): E,Qualifying Group 5 Matches and results,Czech Rep,Belgium,Czech Rep,Belgium,1,87225,T Soucek,yellow,,lineup_bubble,https://www.soccerbase.com/tournaments/tournament_tab.sd?tourn_id=1764&tab_id=2167&roundTab=roundTab_5
soccerbase,820664,2021-03-27,World Cup,2022,Europe (Qualifying): E,Qualifying Group 5 Matches and results,Czech Rep,Belgium,Belgium,Czech Rep,0,50777,J Vertonghen,yellow,,lineup_bubble,https://www.soccerbase.com/tournaments/tournament_tab.sd?tourn_id=1764&tab_id=2167&roundTab=roundTab_5
soccerbase,820664,2021-03-27,World Cup,2022,Europe (Qualifying): E,Qualifying Group 5 Matches and results,Czech Rep,Belgium,Belgium,Czech Rep,0,74055,T Castagne,yellow,,lineup_bubble,https://www.soccerbase.com/tournaments/tournament_tab.sd?tourn_id=1764&tab_id=2167&roundTab=roundTab_5
soccerbase,820636,2021-03-24,World Cup,2022,Europe (Qualifying): E,Qualifying Group 5 Matches and results,Belgium,Wales,Belgium,Wales,1,59527,T Hazard,yellow,,lineup_bubble,https://www.soccerbase.com/tournaments/tournament_tab.sd?tourn_id=1764&tab_id=2167&roundTab=roundTab_5
soccerbase,820869,2021-11-15,World Cup,2022,Europe (Qualifying): F,Qualifying Group 6 Matches and results,Austria,Moldova,Moldova,Austria,0,72190,V Posmac,yellow,,lineup_bubble,https://www.soccerbase.com/tournaments/tournament_tab.sd?tourn_id=1764&tab_id=2167&roundTab=roundTab_6
soccerbase,820870,2021-11-15,World Cup,2022,Europe (Qualifying): F,Qualifying Group 6 Matches and results,Israel,Faroe Islands,Israel,Faroe Islands,1,62321,M Dabour,yellow,,lineup_bubble,https://www.soccerbase.com/tournaments/tournament_tab.sd?tourn_id=1764&tab_id=2167&roundTab=roundTab_6
soccerbase,820871,2021-11-15,World Cup,2022,Europe (Qualifying): F,Qualifying Group 6 Matches and results,Scotland,Denmark,Denmark,Scotland,0,37210,K Schmeichel,yellow,,lineup_bubble,https://www.soccerbase.com/tournaments/tournament_tab.sd?tourn_id=1764&tab_id=2167&roundTab=roundTab_6
soccerbase,820834,2021-11-12,World Cup,2022,Europe (Qualifying): F,Qualifying Group 6 Matches and results,Austria,Israel,Austria,Israel,1,57465,M Hinteregger,yellow,,lineup_bubble,https://www.soccerbase.com/tournaments/tournament_tab.sd?tourn_id=1764&tab_id=2167&roundTab=roundTab_6
soccerbase,820834,2021-11-12,World Cup,2022,Europe (Qualifying): F,Qualifying Group 6 Matches and results,Austria,Israel,Israel,Austria,0,81755,A Abu Abaid,yellow,,lineup_bubble,https://www.soccerbase.com/tournaments/tournament_tab.sd?tourn_id=1764&tab_id=2167&roundTab=roundTab_6
soccerbase,820836,2021-11-12,World Cup,2022,Europe (Qualifying): F,Qualifying Group 6 Matches and results,Denmark,Faroe Islands,Denmark,Faroe Islands,1,66877,C Norgaard,yellow,,lineup_bubble,https://www.soccerbase.com/tournaments/tournament_tab.sd?tourn_id=1764&tab_id=2167&roundTab=roundTab_6
soccerbase,820836,2021-11-12,World Cup,2022,Europe (Qualifying): F,Qualifying Group 6 Matches and results,Denmark,Faroe Islands,Faroe Islands,Denmark,0,64975,R Joensen,yellow,,lineup_bubble,https://www.soccerbase.com/tournaments/tournament_tab.sd?tourn_id=1764&tab_id=2167&roundTab=roundTab_6
soccerbase,820836,2021-11-12,World Cup,2022,Europe (Qualifying): F,Qualifying Group 6 Matches and results,Denmark,Faroe Islands,Faroe Islands,Denmark,0,116500,G Vatnhamar,yellow,,lineup_bubble,https://www.soccerbase.com/tournaments/tournament_tab.sd?tourn_id=1764&tab_id=2167&roundTab=roundTab_6
soccerbase,820836,2021-11-12,World Cup,2022,Europe (Qualifying): F,Qualifying Group 6 Matches and results,Denmark,Faroe Islands,Faroe Islands,Denmark,0,59904,K Klaemint Olsen,yellow,,lineup_bubble,https://www.soccerbase.com/tournaments/tournament_tab.sd?tourn_id=1764&tab_id=2167&roundTab=roundTab_6
soccerbase,820838,2021-11-12,World Cup,2022,Europe (Qualifying): F,Qualifying Group 6 Matches and results,Moldova,Scotland,Moldova,Scotland,1,56483,V Bolohan,yellow,,lineup_bubble,https://www.soccerbase.com/tournaments/tournament_tab.sd?tourn_id=1764&tab_id=2167&roundTab=roundTab_6
soccerbase,820838,2021-11-12,World Cup,2022,Europe (Qualifying): F,Qualifying Group 6 Matches and results,Moldova,Scotland,Moldova,Scotland,1,78447,V Rata,yellow,,lineup_bubble,https://www.soccerbase.com/tournaments/tournament_tab.sd?tourn_id=1764&tab_id=2167&roundTab=roundTab_6
soccerbase,820838,2021-11-12,World Cup,2022,Europe (Qualifying): F,Qualifying Group 6 Matches and results,Moldova,Scotland,Moldova,Scotland,1,131456,A Puntus,yellow,,lineup_bubble,https://www.soccerbase.com/tournaments/tournament_tab.sd?tourn_id=1764&tab_id=2167&roundTab=roundTab_6
soccerbase,820838,2021-11-12,World Cup,2022,Europe (Qualifying): F,Qualifying Group 6 Matches and results,Moldova,Scotland,Moldova,Scotland,1,126534,D Marandici,yellow,,lineup_bubble,https://www.soccerbase.com/tournaments/tournament_tab.sd?tourn_id=1764&tab_id=2167&roundTab=roundTab_6
soccerbase,820838,2021-11-12,World Cup,2022,Europe (Qualifying): F,Qualifying Group 6 Matches and results,Moldova,Scotland,Moldova,Scotland,1,62699,A Ionita,yellow,,lineup_bubble,https://www.soccerbase.com/tournaments/tournament_tab.sd?tourn_id=1764&tab_id=2167&roundTab=roundTab_6
soccerbase,820838,2021-11-12,World Cup,2022,Europe (Qualifying): F,Qualifying Group 6 Matches and results,Moldova,Scotland,Scotland,Moldova,0,114967,N Patterson,yellow,,lineup_bubble,https://www.soccerbase.com/tournaments/tournament_tab.sd?tourn_id=1764&tab_id=2167&roundTab=roundTab_6
soccerbase,820804,2021-10-12,World Cup,2022,Europe (Qualifying): F,Qualifying Group 6 Matches and results,Denmark,Austria,Denmark,Austria,1,55711,D Wass,yellow,,lineup_bubble,https://www.soccerbase.com/tournaments/tournament_tab.sd?tourn_id=1764&tab_id=2167&roundTab=roundTab_6
soccerbase,820804,2021-10-12,World Cup,2022,Europe (Qualifying): F,Qualifying Group 6 Matches and results,Denmark,Austria,Austria,Denmark,0,53071,C Trimmel,yellow,,lineup_bubble,https://www.soccerbase.com/tournaments/tournament_tab.sd?tourn_id=1764&tab_id=2167&roundTab=roundTab_6
soccerbase,820804,2021-10-12,World Cup,2022,Europe (Qualifying): F,Qualifying Group 6 Matches and results,Denmark,Austria,Austria,Denmark,0,60286,M Sabitzer,yellow,,lineup_bubble,https://www.soccerbase.com/tournaments/tournament_tab.sd?tourn_id=1764&tab_id=2167&roundTab=roundTab_6
soccerbase,820805,2021-10-12,World Cup,2022,Europe (Qualifying): F,Qualifying Group 6 Matches and results,Faroe Islands,Scotland,Faroe Islands,Scotland,1,77213,B Hendriksson,yellow,,lineup_bubble,https://www.soccerbase.com/tournaments/tournament_tab.sd?tourn_id=1764&tab_id=2167&roundTab=roundTab_6
soccerbase,820805,2021-10-12,World Cup,2022,Europe (Qualifying): F,Qualifying Group 6 Matches and results,Faroe Islands,Scotland,Scotland,Faroe Islands,0,102658,S McTominay,yellow,,lineup_bubble,https://www.soccerbase.com/tournaments/tournament_tab.sd?tourn_id=1764&tab_id=2167&roundTab=roundTab_6
soccerbase,820805,2021-10-12,World Cup,2022,Europe (Qualifying): F,Qualifying Group 6 Matches and results,Faroe Islands,Scotland,Scotland,Faroe Islands,0,80989,L Dykes,yellow,,lineup_bubble,https://www.soccerbase.com/tournaments/tournament_tab.sd?tourn_id=1764&tab_id=2167&roundTab=roundTab_6
soccerbase,820805,2021-10-12,World Cup,2022,Europe (Qualifying): F,Qualifying Group 6 Matches and results,Faroe Islands,Scotland,Scotland,Faroe Islands,0,45774,R Christie,yellow,,lineup_bubble,https://www.soccerbase.com/tournaments/tournament_tab.sd?tourn_id=1764&tab_id=2167&roundTab=roundTab_6
soccerbase,820806,2021-10-12,World Cup,2022,Europe (Qualifying): F,Qualifying Group 6 Matches and results,Israel,Moldova,Moldova,Israel,0,78447,V Rata,yellow,,lineup_bubble,https://www.soccerbase.com/tournaments/tournament_tab.sd?tourn_id=1764&tab_id=2167&roundTab=roundTab_6
soccerbase,820806,2021-10-12,World Cup,2022,Europe (Qualifying): F,Qualifying Group 6 Matches and results,Israel,Moldova,Moldova,Israel,0,79015,D Spataru,yellow,,lineup_bubble,https://www.soccerbase.com/tournaments/tournament_tab.sd?tourn_id=1764&tab_id=2167&roundTab=roundTab_6
soccerbase,820806,2021-10-12,World Cup,2022,Europe (Qualifying): F,Qualifying Group 6 Matches and results,Israel,Moldova,Moldova,Israel,0,111478,O Reabciuk,yellow,,lineup_bubble,https://www.soccerbase.com/tournaments/tournament_tab.sd?tourn_id=1764&tab_id=2167&roundTab=roundTab_6
soccerbase,820806,2021-10-12,World Cup,2022,Europe (Qualifying): F,Qualifying Group 6 Matches and results,Israel,Moldova,Moldova,Israel,0,111478,O Reabciuk,red,,lineup_bubble,https://www.soccerbase.com/tournaments/tournament_tab.sd?tourn_id=1764&tab_id=2167&roundTab=roundTab_6
soccerbase,820845,2021-10-09,World Cup,2022,Europe (Qualifying): F,Qualifying Group 6 Matches and results,Faroe Islands,Austria,Faroe Islands,Austria,1,61253,O Faero,yellow,,lineup_bubble,https://www.soccerbase.com/tournaments/tournament_tab.sd?tourn_id=1764&tab_id=2167&roundTab=roundTab_6
soccerbase,820845,2021-10-09,World Cup,2022,Europe (Qualifying): F,Qualifying Group 6 Matches and results,Faroe Islands,Austria,Faroe Islands,Austria,1,61220,V Davidsen,yellow,,lineup_bubble,https://www.soccerbase.com/tournaments/tournament_tab.sd?tourn_id=1764&tab_id=2167&roundTab=roundTab_6
soccerbase,820845,2021-10-09,World Cup,2022,Europe (Qualifying): F,Qualifying Group 6 Matches and results,Faroe Islands,Austria,Faroe Islands,Austria,1,64975,R Joensen,yellow,,lineup_bubble,https://www.soccerbase.com/tournaments/tournament_tab.sd?tourn_id=1764&tab_id=2167&roundTab=roundTab_6
soccerbase,820845,2021-10-09,World Cup,2022,Europe (Qualifying): F,Qualifying Group 6 Matches and results,Faroe Islands,Austria,Austria,Faroe Islands,0,59358,F Kainz,yellow,,lineup_bubble,https://www.soccerbase.com/tournaments/tournament_tab.sd?tourn_id=1764&tab_id=2167&roundTab=roundTab_6
soccerbase,820847,2021-10-09,World Cup,2022,Europe (Qualifying): F,Qualifying Group 6 Matches and results,Moldova,Denmark,Moldova,Denmark,1,126534,D Marandici,yellow,,lineup_bubble,https://www.soccerbase.com/tournaments/tournament_tab.sd?tourn_id=1764&tab_id=2167&roundTab=roundTab_6
soccerbase,820847,2021-10-09,World Cup,2022,Europe (Qualifying): F,Qualifying Group 6 Matches and results,Moldova,Denmark,Moldova,Denmark,1,128692,C Dros,yellow,,lineup_bubble,https://www.soccerbase.com/tournaments/tournament_tab.sd?tourn_id=1764&tab_id=2167&roundTab=roundTab_6
soccerbase,820847,2021-10-09,World Cup,2022,Europe (Qualifying): F,Qualifying Group 6 Matches and results,Moldova,Denmark,Moldova,Denmark,1,58824,M Potirniche,yellow,,lineup_bubble,https://www.soccerbase.com/tournaments/tournament_tab.sd?tourn_id=1764&tab_id=2167&roundTab=roundTab_6
soccerbase,820839,2021-10-09,World Cup,2022,Europe (Qualifying): F,Qualifying Group 6 Matches and results,Scotland,Israel,Scotland,Israel,1,114323,B Gilmour,yellow,,lineup_bubble,https://www.soccerbase.com/tournaments/tournament_tab.sd?tourn_id=1764&tab_id=2167&roundTab=roundTab_6
soccerbase,820839,2021-10-09,World Cup,2022,Europe (Qualifying): F,Qualifying Group 6 Matches and results,Scotland,Israel,Scotland,Israel,1,65797,A Robertson,yellow,,lineup_bubble,https://www.soccerbase.com/tournaments/tournament_tab.sd?tourn_id=1764&tab_id=2167&roundTab=roundTab_6
soccerbase,820839,2021-10-09,World Cup,2022,Europe (Qualifying): F,Qualifying Group 6 Matches and results,Scotland,Israel,Scotland,Israel,1,114967,N Patterson,yellow,,lineup_bubble,https://www.soccerbase.com/tournaments/tournament_tab.sd?tourn_id=1764&tab_id=2167&roundTab=roundTab_6
soccerbase,820839,2021-10-09,World Cup,2022,Europe (Qualifying): F,Qualifying Group 6 Matches and results,Scotland,Israel,Scotland,Israel,1,65810,J McGinn,yellow,,lineup_bubble,https://www.soccerbase.com/tournaments/tournament_tab.sd?tourn_id=1764&tab_id=2167&roundTab=roundTab_6
soccerbase,820839,2021-10-09,World Cup,2022,Europe (Qualifying): F,Qualifying Group 6 Matches and results,Scotland,Israel,Israel,Scotland,0,65150,N Biton,yellow,,lineup_bubble,https://www.soccerbase.com/tournaments/tournament_tab.sd?tourn_id=1764&tab_id=2167&roundTab=roundTab_6
soccerbase,820839,2021-10-09,World Cup,2022,Europe (Qualifying): F,Qualifying Group 6 Matches and results,Scotland,Israel,Israel,Scotland,0,46176,B Natcho,yellow,,lineup_bubble,https://www.soccerbase.com/tournaments/tournament_tab.sd?tourn_id=1764&tab_id=2167&roundTab=roundTab_6
soccerbase,820839,2021-10-09,World Cup,2022,Europe (Qualifying): F,Qualifying Group 6 Matches and results,Scotland,Israel,Israel,Scotland,0,52959,E Zahavi,yellow,,lineup_bubble,https://www.soccerbase.com/tournaments/tournament_tab.sd?tourn_id=1764&tab_id=2167&roundTab=roundTab_6
soccerbase,820737,2021-09-07,World Cup,2022,Europe (Qualifying): F,Qualifying Group 6 Matches and results,Austria,Scotland,Austria,Scotland,1,56628,A Dragovic,yellow,,lineup_bubble,https://www.soccerbase.com/tournaments/tournament_tab.sd?tourn_id=1764&tab_id=2167&roundTab=roundTab_6
soccerbase,820737,2021-09-07,World Cup,2022,Europe (Qualifying): F,Qualifying Group 6 Matches and results,Austria,Scotland,Austria,Scotland,1,57465,M Hinteregger,yellow,,lineup_bubble,https://www.soccerbase.com/tournaments/tournament_tab.sd?tourn_id=1764&tab_id=2167&roundTab=roundTab_6
soccerbase,820737,2021-09-07,World Cup,2022,Europe (Qualifying): F,Qualifying Group 6 Matches and results,Austria,Scotland,Scotland,Austria,0,54555,G Hanley,yellow,,lineup_bubble,https://www.soccerbase.com/tournaments/tournament_tab.sd?tourn_id=1764&tab_id=2167&roundTab=roundTab_6
soccerbase,820737,2021-09-07,World Cup,2022,Europe (Qualifying): F,Qualifying Group 6 Matches and results,Austria,Scotland,Scotland,Austria,0,79006,C Adams,yellow,,lineup_bubble,https://www.soccerbase.com/tournaments/tournament_tab.sd?tourn_id=1764&tab_id=2167&roundTab=roundTab_6
soccerbase,820738,2021-09-07,World Cup,2022,Europe (Qualifying): F,Qualifying Group 6 Matches and results,Denmark,Israel,Denmark,Israel,1,70144,A Christensen,yellow,,lineup_bubble,https://www.soccerbase.com/tournaments/tournament_tab.sd?tourn_id=1764&tab_id=2167&roundTab=roundTab_6
soccerbase,820738,2021-09-07,World Cup,2022,Europe (Qualifying): F,Qualifying Group 6 Matches and results,Denmark,Israel,Denmark,Israel,1,66877,C Norgaard,yellow,,lineup_bubble,https://www.soccerbase.com/tournaments/tournament_tab.sd?tourn_id=1764&tab_id=2167&roundTab=roundTab_6
soccerbase,820738,2021-09-07,World Cup,2022,Europe (Qualifying): F,Qualifying Group 6 Matches and results,Denmark,Israel,Israel,Denmark,0,57363,O Dgani,yellow,,lineup_bubble,https://www.soccerbase.com/tournaments/tournament_tab.sd?tourn_id=1764&tab_id=2167&roundTab=roundTab_6
soccerbase,820738,2021-09-07,World Cup,2022,Europe (Qualifying): F,Qualifying Group 6 Matches and results,Denmark,Israel,Israel,Denmark,0,81372,H Elhamed,yellow,,lineup_bubble,https://www.soccerbase.com/tournaments/tournament_tab.sd?tourn_id=1764&tab_id=2167&roundTab=roundTab_6
soccerbase,820738,2021-09-07,World Cup,2022,Europe (Qualifying): F,Qualifying Group 6 Matches and results,Denmark,Israel,Israel,Denmark,0,87822,S Menachem,yellow,,lineup_bubble,https://www.soccerbase.com/tournaments/tournament_tab.sd?tourn_id=1764&tab_id=2167&roundTab=roundTab_6
soccerbase,820738,2021-09-07,World Cup,2022,Europe (Qualifying): F,Qualifying Group 6 Matches and results,Denmark,Israel,Israel,Denmark,0,87828,D Glazer,yellow,,lineup_bubble,https://www.soccerbase.com/tournaments/tournament_tab.sd?tourn_id=1764&tab_id=2167&roundTab=roundTab_6
soccerbase,820740,2021-09-07,World Cup,2022,Europe (Qualifying): F,Qualifying Group 6 Matches and results,Faroe Islands,Moldova,Moldova,Faroe Islands,0,72190,V Posmac,yellow,,lineup_bubble,https://www.soccerbase.com/tournaments/tournament_tab.sd?tourn_id=1764&tab_id=2167&roundTab=roundTab_6
soccerbase,820740,2021-09-07,World Cup,2022,Europe (Qualifying): F,Qualifying Group 6 Matches and results,Faroe Islands,Moldova,Moldova,Faroe Islands,0,111478,O Reabciuk,yellow,,lineup_bubble,https://www.soccerbase.com/tournaments/tournament_tab.sd?tourn_id=1764&tab_id=2167&roundTab=roundTab_6
soccerbase,820754,2021-09-04,World Cup,2022,Europe (Qualifying): F,Qualifying Group 6 Matches and results,Faroe Islands,Denmark,Faroe Islands,Denmark,1,69626,T Gestsson,yellow,,lineup_bubble,https://www.soccerbase.com/tournaments/tournament_tab.sd?tourn_id=1764&tab_id=2167&roundTab=roundTab_6
soccerbase,820754,2021-09-04,World Cup,2022,Europe (Qualifying): F,Qualifying Group 6 Matches and results,Faroe Islands,Denmark,Faroe Islands,Denmark,1,64975,R Joensen,yellow,,lineup_bubble,https://www.soccerbase.com/tournaments/tournament_tab.sd?tourn_id=1764&tab_id=2167&roundTab=roundTab_6
soccerbase,820754,2021-09-04,World Cup,2022,Europe (Qualifying): F,Qualifying Group 6 Matches and results,Faroe Islands,Denmark,Faroe Islands,Denmark,1,64975,R Joensen,red,,lineup_bubble,https://www.soccerbase.com/tournaments/tournament_tab.sd?tourn_id=1764&tab_id=2167&roundTab=roundTab_6
soccerbase,820754,2021-09-04,World Cup,2022,Europe (Qualifying): F,Qualifying Group 6 Matches and results,Faroe Islands,Denmark,Denmark,Faroe Islands,0,116448,M Daramy,yellow,,lineup_bubble,https://www.soccerbase.com/tournaments/tournament_tab.sd?tourn_id=1764&tab_id=2167&roundTab=roundTab_6
soccerbase,820754,2021-09-04,World Cup,2022,Europe (Qualifying): F,Qualifying Group 6 Matches and results,Faroe Islands,Denmark,Denmark,Faroe Islands,0,69527,P Hojbjerg,yellow,,lineup_bubble,https://www.soccerbase.com/tournaments/tournament_tab.sd?tourn_id=1764&tab_id=2167&roundTab=roundTab_6
soccerbase,820756,2021-09-04,World Cup,2022,Europe (Qualifying): F,Qualifying Group 6 Matches and results,Israel,Austria,Israel,Austria,1,81372,H Elhamed,yellow,,lineup_bubble,https://www.soccerbase.com/tournaments/tournament_tab.sd?tourn_id=1764&tab_id=2167&roundTab=roundTab_6
soccerbase,820756,2021-09-04,World Cup,2022,Europe (Qualifying): F,Qualifying Group 6 Matches and results,Israel,Austria,Israel,Austria,1,107475,M Abu Fani,yellow,,lineup_bubble,https://www.soccerbase.com/tournaments/tournament_tab.sd?tourn_id=1764&tab_id=2167&roundTab=roundTab_6
soccerbase,820756,2021-09-04,World Cup,2022,Europe (Qualifying): F,Qualifying Group 6 Matches and results,Israel,Austria,Israel,Austria,1,108009,S Weissman,yellow,,lineup_bubble,https://www.soccerbase.com/tournaments/tournament_tab.sd?tourn_id=1764&tab_id=2167&roundTab=roundTab_6
soccerbase,820756,2021-09-04,World Cup,2022,Europe (Qualifying): F,Qualifying Group 6 Matches and results,Israel,Austria,Austria,Israel,0,74189,D Bachmann,yellow,,lineup_bubble,https://www.soccerbase.com/tournaments/tournament_tab.sd?tourn_id=1764&tab_id=2167&roundTab=roundTab_6
soccerbase,820756,2021-09-04,World Cup,2022,Europe (Qualifying): F,Qualifying Group 6 Matches and results,Israel,Austria,Austria,Israel,0,84665,F Grillitsch,yellow,,lineup_bubble,https://www.soccerbase.com/tournaments/tournament_tab.sd?tourn_id=1764&tab_id=2167&roundTab=roundTab_6
soccerbase,820758,2021-09-04,World Cup,2022,Europe (Qualifying): F,Qualifying Group 6 Matches and results,Scotland,Moldova,Moldova,Scotland,0,62699,A Ionita,yellow,,lineup_bubble,https://www.soccerbase.com/tournaments/tournament_tab.sd?tourn_id=1764&tab_id=2167&roundTab=roundTab_6
soccerbase,820703,2021-09-01,World Cup,2022,Europe (Qualifying): F,Qualifying Group 6 Matches and results,Faroe Islands,Israel,Faroe Islands,Israel,1,64975,R Joensen,yellow,,lineup_bubble,https://www.soccerbase.com/tournaments/tournament_tab.sd?tourn_id=1764&tab_id=2167&roundTab=roundTab_6
soccerbase,820705,2021-09-01,World Cup,2022,Europe (Qualifying): F,Qualifying Group 6 Matches and results,Moldova,Austria,Moldova,Austria,1,111478,O Reabciuk,yellow,,lineup_bubble,https://www.soccerbase.com/tournaments/tournament_tab.sd?tourn_id=1764&tab_id=2167&roundTab=roundTab_6
soccerbase,820705,2021-09-01,World Cup,2022,Europe (Qualifying): F,Qualifying Group 6 Matches and results,Moldova,Austria,Moldova,Austria,1,121527,A Belousov,yellow,,lineup_bubble,https://www.soccerbase.com/tournaments/tournament_tab.sd?tourn_id=1764&tab_id=2167&roundTab=roundTab_6
soccerbase,820706,2021-03-31,World Cup,2022,Europe (Qualifying): F,Qualifying Group 6 Matches and results,Austria,Denmark,Denmark,Austria,0,110909,J Wind,yellow,,lineup_bubble,https://www.soccerbase.com/tournaments/tournament_tab.sd?tourn_id=1764&tab_id=2167&roundTab=roundTab_6
soccerbase,820708,2021-03-31,World Cup,2022,Europe (Qualifying): F,Qualifying Group 6 Matches and results,Moldova,Israel,Moldova,Israel,1,58823,I Armas,yellow,,lineup_bubble,https://www.soccerbase.com/tournaments/tournament_tab.sd?tourn_id=1764&tab_id=2167&roundTab=roundTab_6
soccerbase,820708,2021-03-31,World Cup,2022,Europe (Qualifying): F,Qualifying Group 6 Matches and results,Moldova,Israel,Moldova,Israel,1,31802,A Cojocari,yellow,,lineup_bubble,https://www.soccerbase.com/tournaments/tournament_tab.sd?tourn_id=1764&tab_id=2167&roundTab=roundTab_6
soccerbase,820708,2021-03-31,World Cup,2022,Europe (Qualifying): F,Qualifying Group 6 Matches and results,Moldova,Israel,Moldova,Israel,1,78447,V Rata,yellow,,lineup_bubble,https://www.soccerbase.com/tournaments/tournament_tab.sd?tourn_id=1764&tab_id=2167&roundTab=roundTab_6
soccerbase,820708,2021-03-31,World Cup,2022,Europe (Qualifying): F,Qualifying Group 6 Matches and results,Moldova,Israel,Moldova,Israel,1,72248,C Carp,yellow,,lineup_bubble,https://www.soccerbase.com/tournaments/tournament_tab.sd?tourn_id=1764&tab_id=2167&roundTab=roundTab_6
soccerbase,820708,2021-03-31,World Cup,2022,Europe (Qualifying): F,Qualifying Group 6 Matches and results,Moldova,Israel,Moldova,Israel,1,117083,I Nicolaescu,red,,lineup_bubble,https://www.soccerbase.com/tournaments/tournament_tab.sd?tourn_id=1764&tab_id=2167&roundTab=roundTab_6
soccerbase,820708,2021-03-31,World Cup,2022,Europe (Qualifying): F,Qualifying Group 6 Matches and results,Moldova,Israel,Israel,Moldova,0,85430,L Taha,yellow,,lineup_bubble,https://www.soccerbase.com/tournaments/tournament_tab.sd?tourn_id=1764&tab_id=2167&roundTab=roundTab_6
soccerbase,820708,2021-03-31,World Cup,2022,Europe (Qualifying): F,Qualifying Group 6 Matches and results,Moldova,Israel,Israel,Moldova,0,70231,E Dasa,yellow,,lineup_bubble,https://www.soccerbase.com/tournaments/tournament_tab.sd?tourn_id=1764&tab_id=2167&roundTab=roundTab_6
soccerbase,820710,2021-03-31,World Cup,2022,Europe (Qualifying): F,Qualifying Group 6 Matches and results,Scotland,Faroe Islands,Scotland,Faroe Islands,1,105520,K Nisbet,yellow,,lineup_bubble,https://www.soccerbase.com/tournaments/tournament_tab.sd?tourn_id=1764&tab_id=2167&roundTab=roundTab_6
soccerbase,820710,2021-03-31,World Cup,2022,Europe (Qualifying): F,Qualifying Group 6 Matches and results,Scotland,Faroe Islands,Faroe Islands,Scotland,0,55878,J Edmundsson,yellow,,lineup_bubble,https://www.soccerbase.com/tournaments/tournament_tab.sd?tourn_id=1764&tab_id=2167&roundTab=roundTab_6
soccerbase,820684,2021-03-28,World Cup,2022,Europe (Qualifying): F,Qualifying Group 6 Matches and results,Austria,Faroe Islands,Austria,Faroe Islands,1,84665,F Grillitsch,yellow,,lineup_bubble,https://www.soccerbase.com/tournaments/tournament_tab.sd?tourn_id=1764&tab_id=2167&roundTab=roundTab_6
soccerbase,820684,2021-03-28,World Cup,2022,Europe (Qualifying): F,Qualifying Group 6 Matches and results,Austria,Faroe Islands,Faroe Islands,Austria,0,77213,B Hendriksson,yellow,,lineup_bubble,https://www.soccerbase.com/tournaments/tournament_tab.sd?tourn_id=1764&tab_id=2167&roundTab=roundTab_6
soccerbase,820671,2021-03-28,World Cup,2022,Europe (Qualifying): F,Qualifying Group 6 Matches and results,Denmark,Moldova,Moldova,Denmark,0,72248,C Carp,yellow,,lineup_bubble,https://www.soccerbase.com/tournaments/tournament_tab.sd?tourn_id=1764&tab_id=2167&roundTab=roundTab_6
soccerbase,820685,2021-03-28,World Cup,2022,Europe (Qualifying): F,Qualifying Group 6 Matches and results,Israel,Scotland,Israel,Scotland,1,85434,D Peretz,yellow,,lineup_bubble,https://www.soccerbase.com/tournaments/tournament_tab.sd?tourn_id=1764&tab_id=2167&roundTab=roundTab_6
soccerbase,820685,2021-03-28,World Cup,2022,Europe (Qualifying): F,Qualifying Group 6 Matches and results,Israel,Scotland,Scotland,Israel,0,80827,J Hendry,yellow,,lineup_bubble,https://www.soccerbase.com/tournaments/tournament_tab.sd?tourn_id=1764&tab_id=2167&roundTab=roundTab_6
soccerbase,820648,2021-03-25,World Cup,2022,Europe (Qualifying): F,Qualifying Group 6 Matches and results,Israel,Denmark,Israel,Denmark,1,89928,N Lavi,yellow,,lineup_bubble,https://www.soccerbase.com/tournaments/tournament_tab.sd?tourn_id=1764&tab_id=2167&roundTab=roundTab_6
soccerbase,820648,2021-03-25,World Cup,2022,Europe (Qualifying): F,Qualifying Group 6 Matches and results,Israel,Denmark,Israel,Denmark,1,67282,E Tibi,yellow,,lineup_bubble,https://www.soccerbase.com/tournaments/tournament_tab.sd?tourn_id=1764&tab_id=2167&roundTab=roundTab_6
soccerbase,820648,2021-03-25,World Cup,2022,Europe (Qualifying): F,Qualifying Group 6 Matches and results,Israel,Denmark,Denmark,Israel,0,37210,K Schmeichel,yellow,,lineup_bubble,https://www.soccerbase.com/tournaments/tournament_tab.sd?tourn_id=1764&tab_id=2167&roundTab=roundTab_6
soccerbase,820648,2021-03-25,World Cup,2022,Europe (Qualifying): F,Qualifying Group 6 Matches and results,Israel,Denmark,Denmark,Israel,0,65306,M Braithwaite,yellow,,lineup_bubble,https://www.soccerbase.com/tournaments/tournament_tab.sd?tourn_id=1764&tab_id=2167&roundTab=roundTab_6
soccerbase,820649,2021-03-25,World Cup,2022,Europe (Qualifying): F,Qualifying Group 6 Matches and results,Moldova,Faroe Islands,Moldova,Faroe Islands,1,58823,I Armas,yellow,,lineup_bubble,https://www.soccerbase.com/tournaments/tournament_tab.sd?tourn_id=1764&tab_id=2167&roundTab=roundTab_6
soccerbase,820649,2021-03-25,World Cup,2022,Europe (Qualifying): F,Qualifying Group 6 Matches and results,Moldova,Faroe Islands,Moldova,Faroe Islands,1,78447,V Rata,yellow,,lineup_bubble,https://www.soccerbase.com/tournaments/tournament_tab.sd?tourn_id=1764&tab_id=2167&roundTab=roundTab_6
soccerbase,820649,2021-03-25,World Cup,2022,Europe (Qualifying): F,Qualifying Group 6 Matches and results,Moldova,Faroe Islands,Moldova,Faroe Islands,1,62699,A Ionita,yellow,,lineup_bubble,https://www.soccerbase.com/tournaments/tournament_tab.sd?tourn_id=1764&tab_id=2167&roundTab=roundTab_6
soccerbase,820649,2021-03-25,World Cup,2022,Europe (Qualifying): F,Qualifying Group 6 Matches and results,Moldova,Faroe Islands,Faroe Islands,Moldova,0,67883,G Rolantsson,yellow,,lineup_bubble,https://www.soccerbase.com/tournaments/tournament_tab.sd?tourn_id=1764&tab_id=2167&roundTab=roundTab_6
soccerbase,820649,2021-03-25,World Cup,2022,Europe (Qualifying): F,Qualifying Group 6 Matches and results,Moldova,Faroe Islands,Faroe Islands,Moldova,0,116500,G Vatnhamar,yellow,,lineup_bubble,https://www.soccerbase.com/tournaments/tournament_tab.sd?tourn_id=1764&tab_id=2167&roundTab=roundTab_6
soccerbase,820649,2021-03-25,World Cup,2022,Europe (Qualifying): F,Qualifying Group 6 Matches and results,Moldova,Faroe Islands,Faroe Islands,Moldova,0,52102,Hs Hansson,yellow,,lineup_bubble,https://www.soccerbase.com/tournaments/tournament_tab.sd?tourn_id=1764&tab_id=2167&roundTab=roundTab_6
soccerbase,820650,2021-03-25,World Cup,2022,Europe (Qualifying): F,Qualifying Group 6 Matches and results,Scotland,Austria,Scotland,Austria,1,54555,G Hanley,yellow,,lineup_bubble,https://www.soccerbase.com/tournaments/tournament_tab.sd?tourn_id=1764&tab_id=2167&roundTab=roundTab_6
soccerbase,820650,2021-03-25,World Cup,2022,Europe (Qualifying): F,Qualifying Group 6 Matches and results,Scotland,Austria,Scotland,Austria,1,61653,S O'Donnell,yellow,,lineup_bubble,https://www.soccerbase.com/tournaments/tournament_tab.sd?tourn_id=1764&tab_id=2167&roundTab=roundTab_6
soccerbase,820650,2021-03-25,World Cup,2022,Europe (Qualifying): F,Qualifying Group 6 Matches and results,Scotland,Austria,Scotland,Austria,1,45774,R Christie,yellow,,lineup_bubble,https://www.soccerbase.com/tournaments/tournament_tab.sd?tourn_id=1764&tab_id=2167&roundTab=roundTab_6
soccerbase,820650,2021-03-25,World Cup,2022,Europe (Qualifying): F,Qualifying Group 6 Matches and results,Scotland,Austria,Scotland,Austria,1,80989,L Dykes,yellow,,lineup_bubble,https://www.soccerbase.com/tournaments/tournament_tab.sd?tourn_id=1764&tab_id=2167&roundTab=roundTab_6
soccerbase,820650,2021-03-25,World Cup,2022,Europe (Qualifying): F,Qualifying Group 6 Matches and results,Scotland,Austria,Austria,Scotland,0,60267,S Ilsanker,yellow,,lineup_bubble,https://www.soccerbase.com/tournaments/tournament_tab.sd?tourn_id=1764&tab_id=2167&roundTab=roundTab_6
soccerbase,820650,2021-03-25,World Cup,2022,Europe (Qualifying): F,Qualifying Group 6 Matches and results,Scotland,Austria,Austria,Scotland,0,84665,F Grillitsch,yellow,,lineup_bubble,https://www.soccerbase.com/tournaments/tournament_tab.sd?tourn_id=1764&tab_id=2167&roundTab=roundTab_6
soccerbase,820650,2021-03-25,World Cup,2022,Europe (Qualifying): F,Qualifying Group 6 Matches and results,Scotland,Austria,Austria,Scotland,0,104245,S Kalajdzic,yellow,,lineup_bubble,https://www.soccerbase.com/tournaments/tournament_tab.sd?tourn_id=1764&tab_id=2167&roundTab=roundTab_6
soccerbase,820879,2021-11-16,World Cup,2022,Europe (Qualifying): G,Qualifying Group 7 Matches and results,Gibraltar,Latvia,Gibraltar,Latvia,1,132345,K Ronan,yellow,,lineup_bubble,https://www.soccerbase.com/tournaments/tournament_tab.sd?tourn_id=1764&tab_id=2167&roundTab=roundTab_7
soccerbase,820879,2021-11-16,World Cup,2022,Europe (Qualifying): G,Qualifying Group 7 Matches and results,Gibraltar,Latvia,Gibraltar,Latvia,1,53259,R Styche,yellow,,lineup_bubble,https://www.soccerbase.com/tournaments/tournament_tab.sd?tourn_id=1764&tab_id=2167&roundTab=roundTab_7
soccerbase,820879,2021-11-16,World Cup,2022,Europe (Qualifying): G,Qualifying Group 7 Matches and results,Gibraltar,Latvia,Gibraltar,Latvia,1,101883,G Torrilla,yellow,,lineup_bubble,https://www.soccerbase.com/tournaments/tournament_tab.sd?tourn_id=1764&tab_id=2167&roundTab=roundTab_7
soccerbase,820879,2021-11-16,World Cup,2022,Europe (Qualifying): G,Qualifying Group 7 Matches and results,Gibraltar,Latvia,Latvia,Gibraltar,0,67191,V Kamess,yellow,,lineup_bubble,https://www.soccerbase.com/tournaments/tournament_tab.sd?tourn_id=1764&tab_id=2167&roundTab=roundTab_7
soccerbase,820879,2021-11-16,World Cup,2022,Europe (Qualifying): G,Qualifying Group 7 Matches and results,Gibraltar,Latvia,Latvia,Gibraltar,0,131465,K Karklins,yellow,,lineup_bubble,https://www.soccerbase.com/tournaments/tournament_tab.sd?tourn_id=1764&tab_id=2167&roundTab=roundTab_7
soccerbase,820879,2021-11-16,World Cup,2022,Europe (Qualifying): G,Qualifying Group 7 Matches and results,Gibraltar,Latvia,Latvia,Gibraltar,0,103001,R Uldrikis,yellow,,lineup_bubble,https://www.soccerbase.com/tournaments/tournament_tab.sd?tourn_id=1764&tab_id=2167&roundTab=roundTab_7
soccerbase,820880,2021-11-16,World Cup,2022,Europe (Qualifying): G,Qualifying Group 7 Matches and results,Montenegro,Turkey,Montenegro,Turkey,1,136648,I Ilija Vukotic,yellow,,lineup_bubble,https://www.soccerbase.com/tournaments/tournament_tab.sd?tourn_id=1764&tab_id=2167&roundTab=roundTab_7
soccerbase,820880,2021-11-16,World Cup,2022,Europe (Qualifying): G,Qualifying Group 7 Matches and results,Montenegro,Turkey,Montenegro,Turkey,1,122552,M Osmajic,yellow,,lineup_bubble,https://www.soccerbase.com/tournaments/tournament_tab.sd?tourn_id=1764&tab_id=2167&roundTab=roundTab_7
soccerbase,820881,2021-11-16,World Cup,2022,Europe (Qualifying): G,Qualifying Group 7 Matches and results,Netherlands,Norway,Netherlands,Norway,1,91751,D Dumfries,yellow,,lineup_bubble,https://www.soccerbase.com/tournaments/tournament_tab.sd?tourn_id=1764&tab_id=2167&roundTab=roundTab_7
soccerbase,820881,2021-11-16,World Cup,2022,Europe (Qualifying): G,Qualifying Group 7 Matches and results,Netherlands,Norway,Netherlands,Norway,1,94300,M de Ligt,yellow,,lineup_bubble,https://www.soccerbase.com/tournaments/tournament_tab.sd?tourn_id=1764&tab_id=2167&roundTab=roundTab_7
soccerbase,820881,2021-11-16,World Cup,2022,Europe (Qualifying): G,Qualifying Group 7 Matches and results,Netherlands,Norway,Norway,Netherlands,0,75424,M Thorsby,yellow,,lineup_bubble,https://www.soccerbase.com/tournaments/tournament_tab.sd?tourn_id=1764&tab_id=2167&roundTab=roundTab_7
soccerbase,820881,2021-11-16,World Cup,2022,Europe (Qualifying): G,Qualifying Group 7 Matches and results,Netherlands,Norway,Norway,Netherlands,0,70686,A Sorloth,yellow,,lineup_bubble,https://www.soccerbase.com/tournaments/tournament_tab.sd?tourn_id=1764&tab_id=2167&roundTab=roundTab_7
soccerbase,820859,2021-11-13,World Cup,2022,Europe (Qualifying): G,Qualifying Group 7 Matches and results,Montenegro,Netherlands,Montenegro,Netherlands,1,56494,S Savic,yellow,,lineup_bubble,https://www.soccerbase.com/tournaments/tournament_tab.sd?tourn_id=1764&tab_id=2167&roundTab=roundTab_7
soccerbase,820859,2021-11-13,World Cup,2022,Europe (Qualifying): G,Qualifying Group 7 Matches and results,Montenegro,Netherlands,Montenegro,Netherlands,1,130791,N Vujnovic,yellow,,lineup_bubble,https://www.soccerbase.com/tournaments/tournament_tab.sd?tourn_id=1764&tab_id=2167&roundTab=roundTab_7
soccerbase,820859,2021-11-13,World Cup,2022,Europe (Qualifying): G,Qualifying Group 7 Matches and results,Montenegro,Netherlands,Netherlands,Montenegro,0,91751,D Dumfries,yellow,,lineup_bubble,https://www.soccerbase.com/tournaments/tournament_tab.sd?tourn_id=1764&tab_id=2167&roundTab=roundTab_7
soccerbase,820848,2021-11-13,World Cup,2022,Europe (Qualifying): G,Qualifying Group 7 Matches and results,Norway,Latvia,Norway,Latvia,1,75424,M Thorsby,yellow,,lineup_bubble,https://www.soccerbase.com/tournaments/tournament_tab.sd?tourn_id=1764&tab_id=2167&roundTab=roundTab_7
soccerbase,820848,2021-11-13,World Cup,2022,Europe (Qualifying): G,Qualifying Group 7 Matches and results,Norway,Latvia,Norway,Latvia,1,110320,O Solbakken,yellow,,lineup_bubble,https://www.soccerbase.com/tournaments/tournament_tab.sd?tourn_id=1764&tab_id=2167&roundTab=roundTab_7
soccerbase,820848,2021-11-13,World Cup,2022,Europe (Qualifying): G,Qualifying Group 7 Matches and results,Norway,Latvia,Latvia,Norway,0,110658,E Emsis,yellow,,lineup_bubble,https://www.soccerbase.com/tournaments/tournament_tab.sd?tourn_id=1764&tab_id=2167&roundTab=roundTab_7
soccerbase,820848,2021-11-13,World Cup,2022,Europe (Qualifying): G,Qualifying Group 7 Matches and results,Norway,Latvia,Latvia,Norway,0,67191,V Kamess,yellow,,lineup_bubble,https://www.soccerbase.com/tournaments/tournament_tab.sd?tourn_id=1764&tab_id=2167&roundTab=roundTab_7
soccerbase,820851,2021-11-13,World Cup,2022,Europe (Qualifying): G,Qualifying Group 7 Matches and results,Turkey,Gibraltar,Turkey,Gibraltar,1,109284,M Muldur,yellow,,lineup_bubble,https://www.soccerbase.com/tournaments/tournament_tab.sd?tourn_id=1764&tab_id=2167&roundTab=roundTab_7
soccerbase,820851,2021-11-13,World Cup,2022,Europe (Qualifying): G,Qualifying Group 7 Matches and results,Turkey,Gibraltar,Gibraltar,Turkey,0,87894,J Olivero,red,,lineup_bubble,https://www.soccerbase.com/tournaments/tournament_tab.sd?tourn_id=1764&tab_id=2167&roundTab=roundTab_7
soccerbase,820851,2021-11-13,World Cup,2022,Europe (Qualifying): G,Qualifying Group 7 Matches and results,Turkey,Gibraltar,Gibraltar,Turkey,0,77823,J Chipolina,yellow,,lineup_bubble,https://www.soccerbase.com/tournaments/tournament_tab.sd?tourn_id=1764&tab_id=2167&roundTab=roundTab_7
soccerbase,820851,2021-11-13,World Cup,2022,Europe (Qualifying): G,Qualifying Group 7 Matches and results,Turkey,Gibraltar,Gibraltar,Turkey,0,81921,E Jolley,yellow,,lineup_bubble,https://www.soccerbase.com/tournaments/tournament_tab.sd?tourn_id=1764&tab_id=2167&roundTab=roundTab_7
soccerbase,820779,2021-10-11,World Cup,2022,Europe (Qualifying): G,Qualifying Group 7 Matches and results,Latvia,Turkey,Latvia,Turkey,1,117288,R Ozols,yellow,,lineup_bubble,https://www.soccerbase.com/tournaments/tournament_tab.sd?tourn_id=1764&tab_id=2167&roundTab=roundTab_7
soccerbase,820779,2021-10-11,World Cup,2022,Europe (Qualifying): G,Qualifying Group 7 Matches and results,Latvia,Turkey,Latvia,Turkey,1,94131,A Ciganiks,yellow,,lineup_bubble,https://www.soccerbase.com/tournaments/tournament_tab.sd?tourn_id=1764&tab_id=2167&roundTab=roundTab_7
soccerbase,820779,2021-10-11,World Cup,2022,Europe (Qualifying): G,Qualifying Group 7 Matches and results,Latvia,Turkey,Latvia,Turkey,1,131725,A Jaunzems,yellow,,lineup_bubble,https://www.soccerbase.com/tournaments/tournament_tab.sd?tourn_id=1764&tab_id=2167&roundTab=roundTab_7
soccerbase,820779,2021-10-11,World Cup,2022,Europe (Qualifying): G,Qualifying Group 7 Matches and results,Latvia,Turkey,Latvia,Turkey,1,58797,I Tarasovs,yellow,,lineup_bubble,https://www.soccerbase.com/tournaments/tournament_tab.sd?tourn_id=1764&tab_id=2167&roundTab=roundTab_7
soccerbase,820779,2021-10-11,World Cup,2022,Europe (Qualifying): G,Qualifying Group 7 Matches and results,Latvia,Turkey,Turkey,Latvia,0,45074,Burak Yilmaz,yellow,,lineup_bubble,https://www.soccerbase.com/tournaments/tournament_tab.sd?tourn_id=1764&tab_id=2167&roundTab=roundTab_7
soccerbase,820781,2021-10-11,World Cup,2022,Europe (Qualifying): G,Qualifying Group 7 Matches and results,Netherlands,Gibraltar,Gibraltar,Netherlands,0,101883,G Torrilla,yellow,,lineup_bubble,https://www.soccerbase.com/tournaments/tournament_tab.sd?tourn_id=1764&tab_id=2167&roundTab=roundTab_7
soccerbase,820783,2021-10-11,World Cup,2022,Europe (Qualifying): G,Qualifying Group 7 Matches and results,Norway,Montenegro,Norway,Montenegro,1,69475,O Nyland,yellow,,lineup_bubble,https://www.soccerbase.com/tournaments/tournament_tab.sd?tourn_id=1764&tab_id=2167&roundTab=roundTab_7
soccerbase,820783,2021-10-11,World Cup,2022,Europe (Qualifying): G,Qualifying Group 7 Matches and results,Norway,Montenegro,Norway,Montenegro,1,70669,S Gregersen,yellow,,lineup_bubble,https://www.soccerbase.com/tournaments/tournament_tab.sd?tourn_id=1764&tab_id=2167&roundTab=roundTab_7
soccerbase,820783,2021-10-11,World Cup,2022,Europe (Qualifying): G,Qualifying Group 7 Matches and results,Norway,Montenegro,Montenegro,Norway,0,117414,I Vujacic,yellow,,lineup_bubble,https://www.soccerbase.com/tournaments/tournament_tab.sd?tourn_id=1764&tab_id=2167&roundTab=roundTab_7
soccerbase,820783,2021-10-11,World Cup,2022,Europe (Qualifying): G,Qualifying Group 7 Matches and results,Norway,Montenegro,Montenegro,Norway,0,88383,R Radunovic,yellow,,lineup_bubble,https://www.soccerbase.com/tournaments/tournament_tab.sd?tourn_id=1764&tab_id=2167&roundTab=roundTab_7
soccerbase,820783,2021-10-11,World Cup,2022,Europe (Qualifying): G,Qualifying Group 7 Matches and results,Norway,Montenegro,Montenegro,Norway,0,70311,M Vesovic,yellow,,lineup_bubble,https://www.soccerbase.com/tournaments/tournament_tab.sd?tourn_id=1764&tab_id=2167&roundTab=roundTab_7
soccerbase,820783,2021-10-11,World Cup,2022,Europe (Qualifying): G,Qualifying Group 7 Matches and results,Norway,Montenegro,Montenegro,Norway,0,70311,M Vesovic,red,,lineup_bubble,https://www.soccerbase.com/tournaments/tournament_tab.sd?tourn_id=1764&tab_id=2167&roundTab=roundTab_7
soccerbase,820783,2021-10-11,World Cup,2022,Europe (Qualifying): G,Qualifying Group 7 Matches and results,Norway,Montenegro,Montenegro,Norway,0,75605,A Marusic,yellow,,lineup_bubble,https://www.soccerbase.com/tournaments/tournament_tab.sd?tourn_id=1764&tab_id=2167&roundTab=roundTab_7
soccerbase,820783,2021-10-11,World Cup,2022,Europe (Qualifying): G,Qualifying Group 7 Matches and results,Norway,Montenegro,Montenegro,Norway,0,77848,V Jovovic,yellow,,lineup_bubble,https://www.soccerbase.com/tournaments/tournament_tab.sd?tourn_id=1764&tab_id=2167&roundTab=roundTab_7
soccerbase,820803,2021-10-08,World Cup,2022,Europe (Qualifying): G,Qualifying Group 7 Matches and results,Gibraltar,Montenegro,Gibraltar,Montenegro,1,90663,K Goldwin,yellow,,lineup_bubble,https://www.soccerbase.com/tournaments/tournament_tab.sd?tourn_id=1764&tab_id=2167&roundTab=roundTab_7
soccerbase,820803,2021-10-08,World Cup,2022,Europe (Qualifying): G,Qualifying Group 7 Matches and results,Gibraltar,Montenegro,Montenegro,Gibraltar,0,54858,Z Tomasevic,yellow,,lineup_bubble,https://www.soccerbase.com/tournaments/tournament_tab.sd?tourn_id=1764&tab_id=2167&roundTab=roundTab_7
soccerbase,820803,2021-10-08,World Cup,2022,Europe (Qualifying): G,Qualifying Group 7 Matches and results,Gibraltar,Montenegro,Montenegro,Gibraltar,0,56496,F Beciraj,yellow,,lineup_bubble,https://www.soccerbase.com/tournaments/tournament_tab.sd?tourn_id=1764&tab_id=2167&roundTab=roundTab_7
soccerbase,820809,2021-10-08,World Cup,2022,Europe (Qualifying): G,Qualifying Group 7 Matches and results,Turkey,Norway,Turkey,Norway,1,89603,Y Yazici,yellow,,lineup_bubble,https://www.soccerbase.com/tournaments/tournament_tab.sd?tourn_id=1764&tab_id=2167&roundTab=roundTab_7
soccerbase,820809,2021-10-08,World Cup,2022,Europe (Qualifying): G,Qualifying Group 7 Matches and results,Turkey,Norway,Turkey,Norway,1,124250,B Ozdemir,yellow,,lineup_bubble,https://www.soccerbase.com/tournaments/tournament_tab.sd?tourn_id=1764&tab_id=2167&roundTab=roundTab_7
soccerbase,820809,2021-10-08,World Cup,2022,Europe (Qualifying): G,Qualifying Group 7 Matches and results,Turkey,Norway,Turkey,Norway,1,69869,K Ayhan,yellow,,lineup_bubble,https://www.soccerbase.com/tournaments/tournament_tab.sd?tourn_id=1764&tab_id=2167&roundTab=roundTab_7
soccerbase,820809,2021-10-08,World Cup,2022,Europe (Qualifying): G,Qualifying Group 7 Matches and results,Turkey,Norway,Norway,Turkey,0,82319,A Hanche-Olsen,yellow,,lineup_bubble,https://www.soccerbase.com/tournaments/tournament_tab.sd?tourn_id=1764&tab_id=2167&roundTab=roundTab_7
soccerbase,820809,2021-10-08,World Cup,2022,Europe (Qualifying): G,Qualifying Group 7 Matches and results,Turkey,Norway,Norway,Turkey,0,75424,M Thorsby,yellow,,lineup_bubble,https://www.soccerbase.com/tournaments/tournament_tab.sd?tourn_id=1764&tab_id=2167&roundTab=roundTab_7
soccerbase,820741,2021-09-07,World Cup,2022,Europe (Qualifying): G,Qualifying Group 7 Matches and results,Montenegro,Latvia,Montenegro,Latvia,1,78575,N Kosovic,yellow,,lineup_bubble,https://www.soccerbase.com/tournaments/tournament_tab.sd?tourn_id=1764&tab_id=2167&roundTab=roundTab_7
soccerbase,820741,2021-09-07,World Cup,2022,Europe (Qualifying): G,Qualifying Group 7 Matches and results,Montenegro,Latvia,Montenegro,Latvia,1,73167,U Djurdjevic,yellow,,lineup_bubble,https://www.soccerbase.com/tournaments/tournament_tab.sd?tourn_id=1764&tab_id=2167&roundTab=roundTab_7
soccerbase,820741,2021-09-07,World Cup,2022,Europe (Qualifying): G,Qualifying Group 7 Matches and results,Montenegro,Latvia,Latvia,Montenegro,0,103001,R Uldrikis,yellow,,lineup_bubble,https://www.soccerbase.com/tournaments/tournament_tab.sd?tourn_id=1764&tab_id=2167&roundTab=roundTab_7
soccerbase,820741,2021-09-07,World Cup,2022,Europe (Qualifying): G,Qualifying Group 7 Matches and results,Montenegro,Latvia,Latvia,Montenegro,0,90336,V Gutkovskis,yellow,,lineup_bubble,https://www.soccerbase.com/tournaments/tournament_tab.sd?tourn_id=1764&tab_id=2167&roundTab=roundTab_7
soccerbase,820743,2021-09-07,World Cup,2022,Europe (Qualifying): G,Qualifying Group 7 Matches and results,Netherlands,Turkey,Netherlands,Turkey,1,59442,V van Dijk,yellow,,lineup_bubble,https://www.soccerbase.com/tournaments/tournament_tab.sd?tourn_id=1764&tab_id=2167&roundTab=roundTab_7
soccerbase,820743,2021-09-07,World Cup,2022,Europe (Qualifying): G,Qualifying Group 7 Matches and results,Netherlands,Turkey,Netherlands,Turkey,1,55759,G Wijnaldum,yellow,,lineup_bubble,https://www.soccerbase.com/tournaments/tournament_tab.sd?tourn_id=1764&tab_id=2167&roundTab=roundTab_7
soccerbase,820743,2021-09-07,World Cup,2022,Europe (Qualifying): G,Qualifying Group 7 Matches and results,Netherlands,Turkey,Turkey,Netherlands,0,91196,C Soyuncu,yellow,,lineup_bubble,https://www.soccerbase.com/tournaments/tournament_tab.sd?tourn_id=1764&tab_id=2167&roundTab=roundTab_7
soccerbase,820743,2021-09-07,World Cup,2022,Europe (Qualifying): G,Qualifying Group 7 Matches and results,Netherlands,Turkey,Turkey,Netherlands,0,91196,C Soyuncu,red,,lineup_bubble,https://www.soccerbase.com/tournaments/tournament_tab.sd?tourn_id=1764&tab_id=2167&roundTab=roundTab_7
soccerbase,820743,2021-09-07,World Cup,2022,Europe (Qualifying): G,Qualifying Group 7 Matches and results,Netherlands,Turkey,Turkey,Netherlands,0,111881,O Kabak,yellow,,lineup_bubble,https://www.soccerbase.com/tournaments/tournament_tab.sd?tourn_id=1764&tab_id=2167&roundTab=roundTab_7
soccerbase,820743,2021-09-07,World Cup,2022,Europe (Qualifying): G,Qualifying Group 7 Matches and results,Netherlands,Turkey,Turkey,Netherlands,0,111746,O Kokcu,yellow,,lineup_bubble,https://www.soccerbase.com/tournaments/tournament_tab.sd?tourn_id=1764&tab_id=2167&roundTab=roundTab_7
soccerbase,820743,2021-09-07,World Cup,2022,Europe (Qualifying): G,Qualifying Group 7 Matches and results,Netherlands,Turkey,Turkey,Netherlands,0,66320,O Yokuslu,yellow,,lineup_bubble,https://www.soccerbase.com/tournaments/tournament_tab.sd?tourn_id=1764&tab_id=2167&roundTab=roundTab_7
soccerbase,820744,2021-09-07,World Cup,2022,Europe (Qualifying): G,Qualifying Group 7 Matches and results,Norway,Gibraltar,Norway,Gibraltar,1,117888,K Thorstvedt,yellow,,lineup_bubble,https://www.soccerbase.com/tournaments/tournament_tab.sd?tourn_id=1764&tab_id=2167&roundTab=roundTab_7
soccerbase,820744,2021-09-07,World Cup,2022,Europe (Qualifying): G,Qualifying Group 7 Matches and results,Norway,Gibraltar,Gibraltar,Norway,0,117287,A Mouelhi,yellow,,lineup_bubble,https://www.soccerbase.com/tournaments/tournament_tab.sd?tourn_id=1764&tab_id=2167&roundTab=roundTab_7
soccerbase,820760,2021-09-04,World Cup,2022,Europe (Qualifying): G,Qualifying Group 7 Matches and results,Gibraltar,Turkey,Gibraltar,Turkey,1,117080,E Britto,yellow,,lineup_bubble,https://www.soccerbase.com/tournaments/tournament_tab.sd?tourn_id=1764&tab_id=2167&roundTab=roundTab_7
soccerbase,820760,2021-09-04,World Cup,2022,Europe (Qualifying): G,Qualifying Group 7 Matches and results,Gibraltar,Turkey,Gibraltar,Turkey,1,101882,T De Barr,yellow,,lineup_bubble,https://www.soccerbase.com/tournaments/tournament_tab.sd?tourn_id=1764&tab_id=2167&roundTab=roundTab_7
soccerbase,820760,2021-09-04,World Cup,2022,Europe (Qualifying): G,Qualifying Group 7 Matches and results,Gibraltar,Turkey,Turkey,Gibraltar,0,111746,O Kokcu,yellow,,lineup_bubble,https://www.soccerbase.com/tournaments/tournament_tab.sd?tourn_id=1764&tab_id=2167&roundTab=roundTab_7
soccerbase,820747,2021-09-04,World Cup,2022,Europe (Qualifying): G,Qualifying Group 7 Matches and results,Latvia,Norway,Latvia,Norway,1,90336,V Gutkovskis,yellow,,lineup_bubble,https://www.soccerbase.com/tournaments/tournament_tab.sd?tourn_id=1764&tab_id=2167&roundTab=roundTab_7
soccerbase,820747,2021-09-04,World Cup,2022,Europe (Qualifying): G,Qualifying Group 7 Matches and results,Latvia,Norway,Latvia,Norway,1,110653,V Fjodorovs,yellow,,lineup_bubble,https://www.soccerbase.com/tournaments/tournament_tab.sd?tourn_id=1764&tab_id=2167&roundTab=roundTab_7
soccerbase,820762,2021-09-04,World Cup,2022,Europe (Qualifying): G,Qualifying Group 7 Matches and results,Netherlands,Montenegro,Netherlands,Montenegro,1,79264,S Bergwijn,yellow,,lineup_bubble,https://www.soccerbase.com/tournaments/tournament_tab.sd?tourn_id=1764&tab_id=2167&roundTab=roundTab_7
soccerbase,820762,2021-09-04,World Cup,2022,Europe (Qualifying): G,Qualifying Group 7 Matches and results,Netherlands,Montenegro,Montenegro,Netherlands,0,56494,S Savic,yellow,,lineup_bubble,https://www.soccerbase.com/tournaments/tournament_tab.sd?tourn_id=1764&tab_id=2167&roundTab=roundTab_7
soccerbase,820762,2021-09-04,World Cup,2022,Europe (Qualifying): G,Qualifying Group 7 Matches and results,Netherlands,Montenegro,Montenegro,Netherlands,0,78560,M Vukcevic,yellow,,lineup_bubble,https://www.soccerbase.com/tournaments/tournament_tab.sd?tourn_id=1764&tab_id=2167&roundTab=roundTab_7
soccerbase,820762,2021-09-04,World Cup,2022,Europe (Qualifying): G,Qualifying Group 7 Matches and results,Netherlands,Montenegro,Montenegro,Netherlands,0,122552,M Osmajic,yellow,,lineup_bubble,https://www.soccerbase.com/tournaments/tournament_tab.sd?tourn_id=1764&tab_id=2167&roundTab=roundTab_7
soccerbase,820762,2021-09-04,World Cup,2022,Europe (Qualifying): G,Qualifying Group 7 Matches and results,Netherlands,Montenegro,Montenegro,Netherlands,0,90270,D Lagator,yellow,,lineup_bubble,https://www.soccerbase.com/tournaments/tournament_tab.sd?tourn_id=1764&tab_id=2167&roundTab=roundTab_7
soccerbase,820707,2021-09-01,World Cup,2022,Europe (Qualifying): G,Qualifying Group 7 Matches and results,Latvia,Gibraltar,Latvia,Gibraltar,1,88407,A Cernomordijs,yellow,,lineup_bubble,https://www.soccerbase.com/tournaments/tournament_tab.sd?tourn_id=1764&tab_id=2167&roundTab=roundTab_7
soccerbase,820707,2021-09-01,World Cup,2022,Europe (Qualifying): G,Qualifying Group 7 Matches and results,Latvia,Gibraltar,Gibraltar,Latvia,0,138726,J Bosio,yellow,,lineup_bubble,https://www.soccerbase.com/tournaments/tournament_tab.sd?tourn_id=1764&tab_id=2167&roundTab=roundTab_7
soccerbase,820707,2021-09-01,World Cup,2022,Europe (Qualifying): G,Qualifying Group 7 Matches and results,Latvia,Gibraltar,Gibraltar,Latvia,0,117084,L Annesley,yellow,,lineup_bubble,https://www.soccerbase.com/tournaments/tournament_tab.sd?tourn_id=1764&tab_id=2167&roundTab=roundTab_7
soccerbase,820707,2021-09-01,World Cup,2022,Europe (Qualifying): G,Qualifying Group 7 Matches and results,Latvia,Gibraltar,Gibraltar,Latvia,0,77823,J Chipolina,yellow,,lineup_bubble,https://www.soccerbase.com/tournaments/tournament_tab.sd?tourn_id=1764&tab_id=2167&roundTab=roundTab_7
soccerbase,820709,2021-09-01,World Cup,2022,Europe (Qualifying): G,Qualifying Group 7 Matches and results,Norway,Netherlands,Norway,Netherlands,1,75424,M Thorsby,yellow,,lineup_bubble,https://www.soccerbase.com/tournaments/tournament_tab.sd?tourn_id=1764&tab_id=2167&roundTab=roundTab_7
soccerbase,820709,2021-09-01,World Cup,2022,Europe (Qualifying): G,Qualifying Group 7 Matches and results,Norway,Netherlands,Norway,Netherlands,1,75804,M Odegaard,yellow,,lineup_bubble,https://www.soccerbase.com/tournaments/tournament_tab.sd?tourn_id=1764&tab_id=2167&roundTab=roundTab_7
soccerbase,820709,2021-09-01,World Cup,2022,Europe (Qualifying): G,Qualifying Group 7 Matches and results,Norway,Netherlands,Norway,Netherlands,1,69537,M Elyounoussi,yellow,,lineup_bubble,https://www.soccerbase.com/tournaments/tournament_tab.sd?tourn_id=1764&tab_id=2167&roundTab=roundTab_7
soccerbase,820709,2021-09-01,World Cup,2022,Europe (Qualifying): G,Qualifying Group 7 Matches and results,Norway,Netherlands,Netherlands,Norway,0,55789,D Blind,yellow,,lineup_bubble,https://www.soccerbase.com/tournaments/tournament_tab.sd?tourn_id=1764&tab_id=2167&roundTab=roundTab_7
soccerbase,820709,2021-09-01,World Cup,2022,Europe (Qualifying): G,Qualifying Group 7 Matches and results,Norway,Netherlands,Netherlands,Norway,0,104452,D Malen,yellow,,lineup_bubble,https://www.soccerbase.com/tournaments/tournament_tab.sd?tourn_id=1764&tab_id=2167&roundTab=roundTab_7
soccerbase,820711,2021-09-01,World Cup,2022,Europe (Qualifying): G,Qualifying Group 7 Matches and results,Turkey,Montenegro,Turkey,Montenegro,1,111270,Z Celik,yellow,,lineup_bubble,https://www.soccerbase.com/tournaments/tournament_tab.sd?tourn_id=1764&tab_id=2167&roundTab=roundTab_7
soccerbase,820711,2021-09-01,World Cup,2022,Europe (Qualifying): G,Qualifying Group 7 Matches and results,Turkey,Montenegro,Turkey,Montenegro,1,93153,C Under,yellow,,lineup_bubble,https://www.soccerbase.com/tournaments/tournament_tab.sd?tourn_id=1764&tab_id=2167&roundTab=roundTab_7
soccerbase,820711,2021-09-01,World Cup,2022,Europe (Qualifying): G,Qualifying Group 7 Matches and results,Turkey,Montenegro,Turkey,Montenegro,1,71526,H Calhanoglu,yellow,,lineup_bubble,https://www.soccerbase.com/tournaments/tournament_tab.sd?tourn_id=1764&tab_id=2167&roundTab=roundTab_7
soccerbase,820711,2021-09-01,World Cup,2022,Europe (Qualifying): G,Qualifying Group 7 Matches and results,Turkey,Montenegro,Turkey,Montenegro,1,45074,Burak Yilmaz,yellow,,lineup_bubble,https://www.soccerbase.com/tournaments/tournament_tab.sd?tourn_id=1764&tab_id=2167&roundTab=roundTab_7
soccerbase,820711,2021-09-01,World Cup,2022,Europe (Qualifying): G,Qualifying Group 7 Matches and results,Turkey,Montenegro,Montenegro,Turkey,0,117414,I Vujacic,yellow,,lineup_bubble,https://www.soccerbase.com/tournaments/tournament_tab.sd?tourn_id=1764&tab_id=2167&roundTab=roundTab_7
soccerbase,820711,2021-09-01,World Cup,2022,Europe (Qualifying): G,Qualifying Group 7 Matches and results,Turkey,Montenegro,Montenegro,Turkey,0,56494,S Savic,yellow,,lineup_bubble,https://www.soccerbase.com/tournaments/tournament_tab.sd?tourn_id=1764&tab_id=2167&roundTab=roundTab_7
soccerbase,820711,2021-09-01,World Cup,2022,Europe (Qualifying): G,Qualifying Group 7 Matches and results,Turkey,Montenegro,Montenegro,Turkey,0,62644,D Bozovic,yellow,,lineup_bubble,https://www.soccerbase.com/tournaments/tournament_tab.sd?tourn_id=1764&tab_id=2167&roundTab=roundTab_7
soccerbase,820711,2021-09-01,World Cup,2022,Europe (Qualifying): G,Qualifying Group 7 Matches and results,Turkey,Montenegro,Montenegro,Turkey,0,73167,U Djurdjevic,yellow,,lineup_bubble,https://www.soccerbase.com/tournaments/tournament_tab.sd?tourn_id=1764&tab_id=2167&roundTab=roundTab_7
soccerbase,820677,2021-03-30,World Cup,2022,Europe (Qualifying): G,Qualifying Group 7 Matches and results,Gibraltar,Netherlands,Gibraltar,Netherlands,1,132345,K Ronan,yellow,,lineup_bubble,https://www.soccerbase.com/tournaments/tournament_tab.sd?tourn_id=1764&tab_id=2167&roundTab=roundTab_7
soccerbase,820677,2021-03-30,World Cup,2022,Europe (Qualifying): G,Qualifying Group 7 Matches and results,Gibraltar,Netherlands,Gibraltar,Netherlands,1,101882,T De Barr,yellow,,lineup_bubble,https://www.soccerbase.com/tournaments/tournament_tab.sd?tourn_id=1764&tab_id=2167&roundTab=roundTab_7
soccerbase,820677,2021-03-30,World Cup,2022,Europe (Qualifying): G,Qualifying Group 7 Matches and results,Gibraltar,Netherlands,Netherlands,Gibraltar,0,112747,R Gravenberch,yellow,,lineup_bubble,https://www.soccerbase.com/tournaments/tournament_tab.sd?tourn_id=1764&tab_id=2167&roundTab=roundTab_7
soccerbase,820677,2021-03-30,World Cup,2022,Europe (Qualifying): G,Qualifying Group 7 Matches and results,Gibraltar,Netherlands,Netherlands,Gibraltar,0,63281,D Klaassen,yellow,,lineup_bubble,https://www.soccerbase.com/tournaments/tournament_tab.sd?tourn_id=1764&tab_id=2167&roundTab=roundTab_7
soccerbase,820679,2021-03-30,World Cup,2022,Europe (Qualifying): G,Qualifying Group 7 Matches and results,Montenegro,Norway,Norway,Montenegro,0,59232,S Strandberg,yellow,,lineup_bubble,https://www.soccerbase.com/tournaments/tournament_tab.sd?tourn_id=1764&tab_id=2167&roundTab=roundTab_7
soccerbase,820679,2021-03-30,World Cup,2022,Europe (Qualifying): G,Qualifying Group 7 Matches and results,Montenegro,Norway,Norway,Montenegro,0,70686,A Sorloth,yellow,,lineup_bubble,https://www.soccerbase.com/tournaments/tournament_tab.sd?tourn_id=1764&tab_id=2167&roundTab=roundTab_7
soccerbase,820681,2021-03-30,World Cup,2022,Europe (Qualifying): G,Qualifying Group 7 Matches and results,Turkey,Latvia,Turkey,Latvia,1,91196,C Soyuncu,yellow,,lineup_bubble,https://www.soccerbase.com/tournaments/tournament_tab.sd?tourn_id=1764&tab_id=2167&roundTab=roundTab_7
soccerbase,820681,2021-03-30,World Cup,2022,Europe (Qualifying): G,Qualifying Group 7 Matches and results,Turkey,Latvia,Turkey,Latvia,1,71176,D Turuc,yellow,,lineup_bubble,https://www.soccerbase.com/tournaments/tournament_tab.sd?tourn_id=1764&tab_id=2167&roundTab=roundTab_7
soccerbase,820681,2021-03-30,World Cup,2022,Europe (Qualifying): G,Qualifying Group 7 Matches and results,Turkey,Latvia,Turkey,Latvia,1,71736,E Unal,yellow,,lineup_bubble,https://www.soccerbase.com/tournaments/tournament_tab.sd?tourn_id=1764&tab_id=2167&roundTab=roundTab_7
soccerbase,820681,2021-03-30,World Cup,2022,Europe (Qualifying): G,Qualifying Group 7 Matches and results,Turkey,Latvia,Latvia,Turkey,0,110653,V Fjodorovs,yellow,,lineup_bubble,https://www.soccerbase.com/tournaments/tournament_tab.sd?tourn_id=1764&tab_id=2167&roundTab=roundTab_7
soccerbase,820681,2021-03-30,World Cup,2022,Europe (Qualifying): G,Qualifying Group 7 Matches and results,Turkey,Latvia,Latvia,Turkey,0,110658,E Emsis,yellow,,lineup_bubble,https://www.soccerbase.com/tournaments/tournament_tab.sd?tourn_id=1764&tab_id=2167&roundTab=roundTab_7
soccerbase,820681,2021-03-30,World Cup,2022,Europe (Qualifying): G,Qualifying Group 7 Matches and results,Turkey,Latvia,Latvia,Turkey,0,67191,V Kamess,yellow,,lineup_bubble,https://www.soccerbase.com/tournaments/tournament_tab.sd?tourn_id=1764&tab_id=2167&roundTab=roundTab_7
soccerbase,820657,2021-03-27,World Cup,2022,Europe (Qualifying): G,Qualifying Group 7 Matches and results,Montenegro,Gibraltar,Montenegro,Gibraltar,1,138634,K Vulaj,yellow,,lineup_bubble,https://www.soccerbase.com/tournaments/tournament_tab.sd?tourn_id=1764&tab_id=2167&roundTab=roundTab_7
soccerbase,820657,2021-03-27,World Cup,2022,Europe (Qualifying): G,Qualifying Group 7 Matches and results,Montenegro,Gibraltar,Gibraltar,Montenegro,0,90663,K Goldwin,yellow,,lineup_bubble,https://www.soccerbase.com/tournaments/tournament_tab.sd?tourn_id=1764&tab_id=2167&roundTab=roundTab_7
soccerbase,820657,2021-03-27,World Cup,2022,Europe (Qualifying): G,Qualifying Group 7 Matches and results,Montenegro,Gibraltar,Gibraltar,Montenegro,0,90650,A Pons,yellow,,lineup_bubble,https://www.soccerbase.com/tournaments/tournament_tab.sd?tourn_id=1764&tab_id=2167&roundTab=roundTab_7
soccerbase,820657,2021-03-27,World Cup,2022,Europe (Qualifying): G,Qualifying Group 7 Matches and results,Montenegro,Gibraltar,Gibraltar,Montenegro,0,53259,R Styche,yellow,,lineup_bubble,https://www.soccerbase.com/tournaments/tournament_tab.sd?tourn_id=1764&tab_id=2167&roundTab=roundTab_7
soccerbase,820665,2021-03-27,World Cup,2022,Europe (Qualifying): G,Qualifying Group 7 Matches and results,Netherlands,Latvia,Netherlands,Latvia,1,55789,D Blind,yellow,,lineup_bubble,https://www.soccerbase.com/tournaments/tournament_tab.sd?tourn_id=1764&tab_id=2167&roundTab=roundTab_7
soccerbase,820665,2021-03-27,World Cup,2022,Europe (Qualifying): G,Qualifying Group 7 Matches and results,Netherlands,Latvia,Netherlands,Latvia,1,55986,L de Jong,yellow,,lineup_bubble,https://www.soccerbase.com/tournaments/tournament_tab.sd?tourn_id=1764&tab_id=2167&roundTab=roundTab_7
soccerbase,820665,2021-03-27,World Cup,2022,Europe (Qualifying): G,Qualifying Group 7 Matches and results,Netherlands,Latvia,Latvia,Netherlands,0,78459,J Janis Ikaunieks,yellow,,lineup_bubble,https://www.soccerbase.com/tournaments/tournament_tab.sd?tourn_id=1764&tab_id=2167&roundTab=roundTab_7
soccerbase,820665,2021-03-27,World Cup,2022,Europe (Qualifying): G,Qualifying Group 7 Matches and results,Netherlands,Latvia,Latvia,Netherlands,0,131465,K Karklins,yellow,,lineup_bubble,https://www.soccerbase.com/tournaments/tournament_tab.sd?tourn_id=1764&tab_id=2167&roundTab=roundTab_7
soccerbase,820660,2021-03-27,World Cup,2022,Europe (Qualifying): G,Qualifying Group 7 Matches and results,Norway,Turkey,Norway,Turkey,1,70669,S Gregersen,yellow,,lineup_bubble,https://www.soccerbase.com/tournaments/tournament_tab.sd?tourn_id=1764&tab_id=2167&roundTab=roundTab_7
soccerbase,820660,2021-03-27,World Cup,2022,Europe (Qualifying): G,Qualifying Group 7 Matches and results,Norway,Turkey,Norway,Turkey,1,117888,K Thorstvedt,red,,lineup_bubble,https://www.soccerbase.com/tournaments/tournament_tab.sd?tourn_id=1764&tab_id=2167&roundTab=roundTab_7
soccerbase,820660,2021-03-27,World Cup,2022,Europe (Qualifying): G,Qualifying Group 7 Matches and results,Norway,Turkey,Norway,Turkey,1,70686,A Sorloth,yellow,,lineup_bubble,https://www.soccerbase.com/tournaments/tournament_tab.sd?tourn_id=1764&tab_id=2167&roundTab=roundTab_7
soccerbase,820660,2021-03-27,World Cup,2022,Europe (Qualifying): G,Qualifying Group 7 Matches and results,Norway,Turkey,Turkey,Norway,0,109284,M Muldur,yellow,,lineup_bubble,https://www.soccerbase.com/tournaments/tournament_tab.sd?tourn_id=1764&tab_id=2167&roundTab=roundTab_7
soccerbase,820638,2021-03-24,World Cup,2022,Europe (Qualifying): G,Qualifying Group 7 Matches and results,Gibraltar,Norway,Gibraltar,Norway,1,117287,A Mouelhi,yellow,,lineup_bubble,https://www.soccerbase.com/tournaments/tournament_tab.sd?tourn_id=1764&tab_id=2167&roundTab=roundTab_7
soccerbase,820638,2021-03-24,World Cup,2022,Europe (Qualifying): G,Qualifying Group 7 Matches and results,Gibraltar,Norway,Gibraltar,Norway,1,83187,E Barnett,yellow,,lineup_bubble,https://www.soccerbase.com/tournaments/tournament_tab.sd?tourn_id=1764&tab_id=2167&roundTab=roundTab_7
soccerbase,820638,2021-03-24,World Cup,2022,Europe (Qualifying): G,Qualifying Group 7 Matches and results,Gibraltar,Norway,Gibraltar,Norway,1,117084,L Annesley,yellow,,lineup_bubble,https://www.soccerbase.com/tournaments/tournament_tab.sd?tourn_id=1764&tab_id=2167&roundTab=roundTab_7
soccerbase,820638,2021-03-24,World Cup,2022,Europe (Qualifying): G,Qualifying Group 7 Matches and results,Gibraltar,Norway,Norway,Gibraltar,0,59965,J Svensson,yellow,,lineup_bubble,https://www.soccerbase.com/tournaments/tournament_tab.sd?tourn_id=1764&tab_id=2167&roundTab=roundTab_7
soccerbase,820639,2021-03-24,World Cup,2022,Europe (Qualifying): G,Qualifying Group 7 Matches and results,Latvia,Montenegro,Latvia,Montenegro,1,88407,A Cernomordijs,yellow,,lineup_bubble,https://www.soccerbase.com/tournaments/tournament_tab.sd?tourn_id=1764&tab_id=2167&roundTab=roundTab_7
soccerbase,820639,2021-03-24,World Cup,2022,Europe (Qualifying): G,Qualifying Group 7 Matches and results,Latvia,Montenegro,Latvia,Montenegro,1,131465,K Karklins,yellow,,lineup_bubble,https://www.soccerbase.com/tournaments/tournament_tab.sd?tourn_id=1764&tab_id=2167&roundTab=roundTab_7
soccerbase,820639,2021-03-24,World Cup,2022,Europe (Qualifying): G,Qualifying Group 7 Matches and results,Latvia,Montenegro,Latvia,Montenegro,1,119298,K Tobers,yellow,,lineup_bubble,https://www.soccerbase.com/tournaments/tournament_tab.sd?tourn_id=1764&tab_id=2167&roundTab=roundTab_7
soccerbase,820639,2021-03-24,World Cup,2022,Europe (Qualifying): G,Qualifying Group 7 Matches and results,Latvia,Montenegro,Latvia,Montenegro,1,67191,V Kamess,yellow,,lineup_bubble,https://www.soccerbase.com/tournaments/tournament_tab.sd?tourn_id=1764&tab_id=2167&roundTab=roundTab_7
soccerbase,820639,2021-03-24,World Cup,2022,Europe (Qualifying): G,Qualifying Group 7 Matches and results,Latvia,Montenegro,Montenegro,Latvia,0,117414,I Vujacic,yellow,,lineup_bubble,https://www.soccerbase.com/tournaments/tournament_tab.sd?tourn_id=1764&tab_id=2167&roundTab=roundTab_7
soccerbase,820640,2021-03-24,World Cup,2022,Europe (Qualifying): G,Qualifying Group 7 Matches and results,Turkey,Netherlands,Turkey,Netherlands,1,111881,O Kabak,yellow,,lineup_bubble,https://www.soccerbase.com/tournaments/tournament_tab.sd?tourn_id=1764&tab_id=2167&roundTab=roundTab_7
soccerbase,820640,2021-03-24,World Cup,2022,Europe (Qualifying): G,Qualifying Group 7 Matches and results,Turkey,Netherlands,Turkey,Netherlands,1,115523,U Meras,yellow,,lineup_bubble,https://www.soccerbase.com/tournaments/tournament_tab.sd?tourn_id=1764&tab_id=2167&roundTab=roundTab_7
soccerbase,820640,2021-03-24,World Cup,2022,Europe (Qualifying): G,Qualifying Group 7 Matches and results,Turkey,Netherlands,Turkey,Netherlands,1,72341,K Karaman,yellow,,lineup_bubble,https://www.soccerbase.com/tournaments/tournament_tab.sd?tourn_id=1764&tab_id=2167&roundTab=roundTab_7
soccerbase,820640,2021-03-24,World Cup,2022,Europe (Qualifying): G,Qualifying Group 7 Matches and results,Turkey,Netherlands,Turkey,Netherlands,1,67167,T Tufan,yellow,,lineup_bubble,https://www.soccerbase.com/tournaments/tournament_tab.sd?tourn_id=1764&tab_id=2167&roundTab=roundTab_7
soccerbase,820640,2021-03-24,World Cup,2022,Europe (Qualifying): G,Qualifying Group 7 Matches and results,Turkey,Netherlands,Turkey,Netherlands,1,45074,Burak Yilmaz,yellow,,lineup_bubble,https://www.soccerbase.com/tournaments/tournament_tab.sd?tourn_id=1764&tab_id=2167&roundTab=roundTab_7
soccerbase,820640,2021-03-24,World Cup,2022,Europe (Qualifying): G,Qualifying Group 7 Matches and results,Turkey,Netherlands,Netherlands,Turkey,0,55759,G Wijnaldum,yellow,,lineup_bubble,https://www.soccerbase.com/tournaments/tournament_tab.sd?tourn_id=1764&tab_id=2167&roundTab=roundTab_7
soccerbase,820854,2021-11-14,World Cup,2022,Europe (Qualifying): H,Qualifying Group 8 Matches and results,Croatia,Russia,Croatia,Russia,1,77556,I Grbic,yellow,,lineup_bubble,https://www.soccerbase.com/tournaments/tournament_tab.sd?tourn_id=1764&tab_id=2167&roundTab=roundTab_8
soccerbase,820854,2021-11-14,World Cup,2022,Europe (Qualifying): H,Qualifying Group 8 Matches and results,Croatia,Russia,Croatia,Russia,1,62470,M Livaja,yellow,,lineup_bubble,https://www.soccerbase.com/tournaments/tournament_tab.sd?tourn_id=1764&tab_id=2167&roundTab=roundTab_8
soccerbase,820854,2021-11-14,World Cup,2022,Europe (Qualifying): H,Qualifying Group 8 Matches and results,Croatia,Russia,Russia,Croatia,0,78146,A Golovin,yellow,,lineup_bubble,https://www.soccerbase.com/tournaments/tournament_tab.sd?tourn_id=1764&tab_id=2167&roundTab=roundTab_8
soccerbase,820854,2021-11-14,World Cup,2022,Europe (Qualifying): H,Qualifying Group 8 Matches and results,Croatia,Russia,Russia,Croatia,0,51764,F Smolov,yellow,,lineup_bubble,https://www.soccerbase.com/tournaments/tournament_tab.sd?tourn_id=1764&tab_id=2167&roundTab=roundTab_8
soccerbase,820856,2021-11-14,World Cup,2022,Europe (Qualifying): H,Qualifying Group 8 Matches and results,Malta,Slovakia,Malta,Slovakia,1,81910,R Camenzuli,yellow,,lineup_bubble,https://www.soccerbase.com/tournaments/tournament_tab.sd?tourn_id=1764&tab_id=2167&roundTab=roundTab_8
soccerbase,820856,2021-11-14,World Cup,2022,Europe (Qualifying): H,Qualifying Group 8 Matches and results,Malta,Slovakia,Malta,Slovakia,1,81910,R Camenzuli,red,,lineup_bubble,https://www.soccerbase.com/tournaments/tournament_tab.sd?tourn_id=1764&tab_id=2167&roundTab=roundTab_8
soccerbase,820856,2021-11-14,World Cup,2022,Europe (Qualifying): H,Qualifying Group 8 Matches and results,Malta,Slovakia,Malta,Slovakia,1,105765,T Teuma,yellow,,lineup_bubble,https://www.soccerbase.com/tournaments/tournament_tab.sd?tourn_id=1764&tab_id=2167&roundTab=roundTab_8
soccerbase,820856,2021-11-14,World Cup,2022,Europe (Qualifying): H,Qualifying Group 8 Matches and results,Malta,Slovakia,Malta,Slovakia,1,105765,T Teuma,red,,lineup_bubble,https://www.soccerbase.com/tournaments/tournament_tab.sd?tourn_id=1764&tab_id=2167&roundTab=roundTab_8
soccerbase,820856,2021-11-14,World Cup,2022,Europe (Qualifying): H,Qualifying Group 8 Matches and results,Malta,Slovakia,Malta,Slovakia,1,82677,J Mbong,yellow,,lineup_bubble,https://www.soccerbase.com/tournaments/tournament_tab.sd?tourn_id=1764&tab_id=2167&roundTab=roundTab_8
soccerbase,820856,2021-11-14,World Cup,2022,Europe (Qualifying): H,Qualifying Group 8 Matches and results,Malta,Slovakia,Malta,Slovakia,1,136144,A Satariano,yellow,,lineup_bubble,https://www.soccerbase.com/tournaments/tournament_tab.sd?tourn_id=1764&tab_id=2167&roundTab=roundTab_8
soccerbase,820858,2021-11-14,World Cup,2022,Europe (Qualifying): H,Qualifying Group 8 Matches and results,Slovenia,Cyprus,Slovenia,Cyprus,1,67429,P Stojanovic,yellow,,lineup_bubble,https://www.soccerbase.com/tournaments/tournament_tab.sd?tourn_id=1764&tab_id=2167&roundTab=roundTab_8
soccerbase,820858,2021-11-14,World Cup,2022,Europe (Qualifying): H,Qualifying Group 8 Matches and results,Slovenia,Cyprus,Slovenia,Cyprus,1,58137,J Kurtic,yellow,,lineup_bubble,https://www.soccerbase.com/tournaments/tournament_tab.sd?tourn_id=1764&tab_id=2167&roundTab=roundTab_8
soccerbase,820858,2021-11-14,World Cup,2022,Europe (Qualifying): H,Qualifying Group 8 Matches and results,Slovenia,Cyprus,Cyprus,Slovenia,0,138657,S Andreou,yellow,,lineup_bubble,https://www.soccerbase.com/tournaments/tournament_tab.sd?tourn_id=1764&tab_id=2167&roundTab=roundTab_8
soccerbase,820858,2021-11-14,World Cup,2022,Europe (Qualifying): H,Qualifying Group 8 Matches and results,Slovenia,Cyprus,Cyprus,Slovenia,0,67895,K Artymatas,yellow,,lineup_bubble,https://www.soccerbase.com/tournaments/tournament_tab.sd?tourn_id=1764&tab_id=2167&roundTab=roundTab_8
soccerbase,820858,2021-11-14,World Cup,2022,Europe (Qualifying): H,Qualifying Group 8 Matches and results,Slovenia,Cyprus,Cyprus,Slovenia,0,81915,G Kastanos,yellow,,lineup_bubble,https://www.soccerbase.com/tournaments/tournament_tab.sd?tourn_id=1764&tab_id=2167&roundTab=roundTab_8
soccerbase,820825,2021-11-11,World Cup,2022,Europe (Qualifying): H,Qualifying Group 8 Matches and results,Malta,Croatia,Malta,Croatia,1,132896,E Pepe,yellow,,lineup_bubble,https://www.soccerbase.com/tournaments/tournament_tab.sd?tourn_id=1764&tab_id=2167&roundTab=roundTab_8
soccerbase,820826,2021-11-11,World Cup,2022,Europe (Qualifying): H,Qualifying Group 8 Matches and results,Slovakia,Slovenia,Slovakia,Slovenia,1,41418,P Pekarik,yellow,,lineup_bubble,https://www.soccerbase.com/tournaments/tournament_tab.sd?tourn_id=1764&tab_id=2167&roundTab=roundTab_8
soccerbase,820826,2021-11-11,World Cup,2022,Europe (Qualifying): H,Qualifying Group 8 Matches and results,Slovakia,Slovenia,Slovakia,Slovenia,1,131496,L Almasi,yellow,,lineup_bubble,https://www.soccerbase.com/tournaments/tournament_tab.sd?tourn_id=1764&tab_id=2167&roundTab=roundTab_8
soccerbase,820826,2021-11-11,World Cup,2022,Europe (Qualifying): H,Qualifying Group 8 Matches and results,Slovakia,Slovenia,Slovenia,Slovakia,0,82182,M Blazic,yellow,,lineup_bubble,https://www.soccerbase.com/tournaments/tournament_tab.sd?tourn_id=1764&tab_id=2167&roundTab=roundTab_8
soccerbase,820826,2021-11-11,World Cup,2022,Europe (Qualifying): H,Qualifying Group 8 Matches and results,Slovakia,Slovenia,Slovenia,Slovakia,0,82182,M Blazic,red,,lineup_bubble,https://www.soccerbase.com/tournaments/tournament_tab.sd?tourn_id=1764&tab_id=2167&roundTab=roundTab_8
soccerbase,820826,2021-11-11,World Cup,2022,Europe (Qualifying): H,Qualifying Group 8 Matches and results,Slovakia,Slovenia,Slovenia,Slovakia,0,67429,P Stojanovic,yellow,,lineup_bubble,https://www.soccerbase.com/tournaments/tournament_tab.sd?tourn_id=1764&tab_id=2167&roundTab=roundTab_8
soccerbase,820785,2021-10-11,World Cup,2022,Europe (Qualifying): H,Qualifying Group 8 Matches and results,Croatia,Slovakia,Croatia,Slovakia,1,76018,B Barisic,yellow,,lineup_bubble,https://www.soccerbase.com/tournaments/tournament_tab.sd?tourn_id=1764&tab_id=2167&roundTab=roundTab_8
soccerbase,820785,2021-10-11,World Cup,2022,Europe (Qualifying): H,Qualifying Group 8 Matches and results,Croatia,Slovakia,Slovakia,Croatia,0,76792,M Rodak,yellow,,lineup_bubble,https://www.soccerbase.com/tournaments/tournament_tab.sd?tourn_id=1764&tab_id=2167&roundTab=roundTab_8
soccerbase,820785,2021-10-11,World Cup,2022,Europe (Qualifying): H,Qualifying Group 8 Matches and results,Croatia,Slovakia,Slovakia,Croatia,0,113893,D Hancko,yellow,,lineup_bubble,https://www.soccerbase.com/tournaments/tournament_tab.sd?tourn_id=1764&tab_id=2167&roundTab=roundTab_8
soccerbase,820785,2021-10-11,World Cup,2022,Europe (Qualifying): H,Qualifying Group 8 Matches and results,Croatia,Slovakia,Slovakia,Croatia,0,54796,J Kucka,yellow,,lineup_bubble,https://www.soccerbase.com/tournaments/tournament_tab.sd?tourn_id=1764&tab_id=2167&roundTab=roundTab_8
soccerbase,820785,2021-10-11,World Cup,2022,Europe (Qualifying): H,Qualifying Group 8 Matches and results,Croatia,Slovakia,Slovakia,Croatia,0,106031,I Schranz,yellow,,lineup_bubble,https://www.soccerbase.com/tournaments/tournament_tab.sd?tourn_id=1764&tab_id=2167&roundTab=roundTab_8
soccerbase,820787,2021-10-11,World Cup,2022,Europe (Qualifying): H,Qualifying Group 8 Matches and results,Cyprus,Malta,Cyprus,Malta,1,78787,N Ioannou,yellow,,lineup_bubble,https://www.soccerbase.com/tournaments/tournament_tab.sd?tourn_id=1764&tab_id=2167&roundTab=roundTab_8
soccerbase,820787,2021-10-11,World Cup,2022,Europe (Qualifying): H,Qualifying Group 8 Matches and results,Cyprus,Malta,Cyprus,Malta,1,107511,M Demetriou,yellow,,lineup_bubble,https://www.soccerbase.com/tournaments/tournament_tab.sd?tourn_id=1764&tab_id=2167&roundTab=roundTab_8
soccerbase,820787,2021-10-11,World Cup,2022,Europe (Qualifying): H,Qualifying Group 8 Matches and results,Cyprus,Malta,Cyprus,Malta,1,67896,P Sotiriou,yellow,,lineup_bubble,https://www.soccerbase.com/tournaments/tournament_tab.sd?tourn_id=1764&tab_id=2167&roundTab=roundTab_8
soccerbase,820787,2021-10-11,World Cup,2022,Europe (Qualifying): H,Qualifying Group 8 Matches and results,Cyprus,Malta,Malta,Cyprus,0,105765,T Teuma,yellow,,lineup_bubble,https://www.soccerbase.com/tournaments/tournament_tab.sd?tourn_id=1764&tab_id=2167&roundTab=roundTab_8
soccerbase,820788,2021-10-11,World Cup,2022,Europe (Qualifying): H,Qualifying Group 8 Matches and results,Slovenia,Russia,Slovenia,Russia,1,111304,J Bijol,yellow,,lineup_bubble,https://www.soccerbase.com/tournaments/tournament_tab.sd?tourn_id=1764&tab_id=2167&roundTab=roundTab_8
soccerbase,820788,2021-10-11,World Cup,2022,Europe (Qualifying): H,Qualifying Group 8 Matches and results,Slovenia,Russia,Slovenia,Russia,1,76664,S Lovric,yellow,,lineup_bubble,https://www.soccerbase.com/tournaments/tournament_tab.sd?tourn_id=1764&tab_id=2167&roundTab=roundTab_8
soccerbase,820788,2021-10-11,World Cup,2022,Europe (Qualifying): H,Qualifying Group 8 Matches and results,Slovenia,Russia,Slovenia,Russia,1,58137,J Kurtic,yellow,,lineup_bubble,https://www.soccerbase.com/tournaments/tournament_tab.sd?tourn_id=1764&tab_id=2167&roundTab=roundTab_8
soccerbase,820788,2021-10-11,World Cup,2022,Europe (Qualifying): H,Qualifying Group 8 Matches and results,Slovenia,Russia,Slovenia,Russia,1,104822,Z Rogelj,yellow,,lineup_bubble,https://www.soccerbase.com/tournaments/tournament_tab.sd?tourn_id=1764&tab_id=2167&roundTab=roundTab_8
soccerbase,820788,2021-10-11,World Cup,2022,Europe (Qualifying): H,Qualifying Group 8 Matches and results,Slovenia,Russia,Slovenia,Russia,1,95909,A Gnezda Cerin,yellow,,lineup_bubble,https://www.soccerbase.com/tournaments/tournament_tab.sd?tourn_id=1764&tab_id=2167&roundTab=roundTab_8
soccerbase,820788,2021-10-11,World Cup,2022,Europe (Qualifying): H,Qualifying Group 8 Matches and results,Slovenia,Russia,Slovenia,Russia,1,78561,A Sporar,yellow,,lineup_bubble,https://www.soccerbase.com/tournaments/tournament_tab.sd?tourn_id=1764&tab_id=2167&roundTab=roundTab_8
soccerbase,820788,2021-10-11,World Cup,2022,Europe (Qualifying): H,Qualifying Group 8 Matches and results,Slovenia,Russia,Russia,Slovenia,0,112920,A Sutormin,yellow,,lineup_bubble,https://www.soccerbase.com/tournaments/tournament_tab.sd?tourn_id=1764&tab_id=2167&roundTab=roundTab_8
soccerbase,820812,2021-10-08,World Cup,2022,Europe (Qualifying): H,Qualifying Group 8 Matches and results,Cyprus,Croatia,Cyprus,Croatia,1,50589,A Avraam,yellow,,lineup_bubble,https://www.soccerbase.com/tournaments/tournament_tab.sd?tourn_id=1764&tab_id=2167&roundTab=roundTab_8
soccerbase,820812,2021-10-08,World Cup,2022,Europe (Qualifying): H,Qualifying Group 8 Matches and results,Cyprus,Croatia,Cyprus,Croatia,1,67895,K Artymatas,yellow,,lineup_bubble,https://www.soccerbase.com/tournaments/tournament_tab.sd?tourn_id=1764&tab_id=2167&roundTab=roundTab_8
soccerbase,820812,2021-10-08,World Cup,2022,Europe (Qualifying): H,Qualifying Group 8 Matches and results,Cyprus,Croatia,Croatia,Cyprus,0,113624,J Stanisic,yellow,,lineup_bubble,https://www.soccerbase.com/tournaments/tournament_tab.sd?tourn_id=1764&tab_id=2167&roundTab=roundTab_8
soccerbase,820812,2021-10-08,World Cup,2022,Europe (Qualifying): H,Qualifying Group 8 Matches and results,Cyprus,Croatia,Croatia,Cyprus,0,58067,M Kovacic,yellow,,lineup_bubble,https://www.soccerbase.com/tournaments/tournament_tab.sd?tourn_id=1764&tab_id=2167&roundTab=roundTab_8
soccerbase,820813,2021-10-08,World Cup,2022,Europe (Qualifying): H,Qualifying Group 8 Matches and results,Malta,Slovenia,Malta,Slovenia,1,82677,J Mbong,yellow,,lineup_bubble,https://www.soccerbase.com/tournaments/tournament_tab.sd?tourn_id=1764&tab_id=2167&roundTab=roundTab_8
soccerbase,820813,2021-10-08,World Cup,2022,Europe (Qualifying): H,Qualifying Group 8 Matches and results,Malta,Slovenia,Malta,Slovenia,1,136144,A Satariano,yellow,,lineup_bubble,https://www.soccerbase.com/tournaments/tournament_tab.sd?tourn_id=1764&tab_id=2167&roundTab=roundTab_8
soccerbase,820815,2021-10-08,World Cup,2022,Europe (Qualifying): H,Qualifying Group 8 Matches and results,Russia,Slovakia,Russia,Slovakia,1,95170,D Fomin,yellow,,lineup_bubble,https://www.soccerbase.com/tournaments/tournament_tab.sd?tourn_id=1764&tab_id=2167&roundTab=roundTab_8
soccerbase,820815,2021-10-08,World Cup,2022,Europe (Qualifying): H,Qualifying Group 8 Matches and results,Russia,Slovakia,Slovakia,Russia,0,70773,P Hrosovsky,yellow,,lineup_bubble,https://www.soccerbase.com/tournaments/tournament_tab.sd?tourn_id=1764&tab_id=2167&roundTab=roundTab_8
soccerbase,820815,2021-10-08,World Cup,2022,Europe (Qualifying): H,Qualifying Group 8 Matches and results,Russia,Slovakia,Slovakia,Russia,0,54796,J Kucka,yellow,,lineup_bubble,https://www.soccerbase.com/tournaments/tournament_tab.sd?tourn_id=1764&tab_id=2167&roundTab=roundTab_8
soccerbase,820746,2021-09-07,World Cup,2022,Europe (Qualifying): H,Qualifying Group 8 Matches and results,Croatia,Slovenia,Slovenia,Croatia,0,111304,J Bijol,yellow,,lineup_bubble,https://www.soccerbase.com/tournaments/tournament_tab.sd?tourn_id=1764&tab_id=2167&roundTab=roundTab_8
soccerbase,820748,2021-09-07,World Cup,2022,Europe (Qualifying): H,Qualifying Group 8 Matches and results,Russia,Malta,Russia,Malta,1,69909,A Miranchuk,yellow,,lineup_bubble,https://www.soccerbase.com/tournaments/tournament_tab.sd?tourn_id=1764&tab_id=2167&roundTab=roundTab_8
soccerbase,820748,2021-09-07,World Cup,2022,Europe (Qualifying): H,Qualifying Group 8 Matches and results,Russia,Malta,Malta,Russia,0,82640,S Borg,yellow,,lineup_bubble,https://www.soccerbase.com/tournaments/tournament_tab.sd?tourn_id=1764&tab_id=2167&roundTab=roundTab_8
soccerbase,820748,2021-09-07,World Cup,2022,Europe (Qualifying): H,Qualifying Group 8 Matches and results,Russia,Malta,Malta,Russia,0,81910,R Camenzuli,yellow,,lineup_bubble,https://www.soccerbase.com/tournaments/tournament_tab.sd?tourn_id=1764&tab_id=2167&roundTab=roundTab_8
soccerbase,820749,2021-09-07,World Cup,2022,Europe (Qualifying): H,Qualifying Group 8 Matches and results,Slovakia,Cyprus,Slovakia,Cyprus,1,113893,D Hancko,yellow,,lineup_bubble,https://www.soccerbase.com/tournaments/tournament_tab.sd?tourn_id=1764&tab_id=2167&roundTab=roundTab_8
soccerbase,820749,2021-09-07,World Cup,2022,Europe (Qualifying): H,Qualifying Group 8 Matches and results,Slovakia,Cyprus,Cyprus,Slovakia,0,138639,C Soteriou,yellow,,lineup_bubble,https://www.soccerbase.com/tournaments/tournament_tab.sd?tourn_id=1764&tab_id=2167&roundTab=roundTab_8
soccerbase,820749,2021-09-07,World Cup,2022,Europe (Qualifying): H,Qualifying Group 8 Matches and results,Slovakia,Cyprus,Cyprus,Slovakia,0,50589,A Avraam,yellow,,lineup_bubble,https://www.soccerbase.com/tournaments/tournament_tab.sd?tourn_id=1764&tab_id=2167&roundTab=roundTab_8
soccerbase,820736,2021-09-04,World Cup,2022,Europe (Qualifying): H,Qualifying Group 8 Matches and results,Cyprus,Russia,Cyprus,Russia,1,101876,F Katelaris,yellow,,lineup_bubble,https://www.soccerbase.com/tournaments/tournament_tab.sd?tourn_id=1764&tab_id=2167&roundTab=roundTab_8
soccerbase,820736,2021-09-04,World Cup,2022,Europe (Qualifying): H,Qualifying Group 8 Matches and results,Cyprus,Russia,Cyprus,Russia,1,67895,K Artymatas,yellow,,lineup_bubble,https://www.soccerbase.com/tournaments/tournament_tab.sd?tourn_id=1764&tab_id=2167&roundTab=roundTab_8
soccerbase,820736,2021-09-04,World Cup,2022,Europe (Qualifying): H,Qualifying Group 8 Matches and results,Cyprus,Russia,Russia,Cyprus,0,56865,A Erokhin,yellow,,lineup_bubble,https://www.soccerbase.com/tournaments/tournament_tab.sd?tourn_id=1764&tab_id=2167&roundTab=roundTab_8
soccerbase,820736,2021-09-04,World Cup,2022,Europe (Qualifying): H,Qualifying Group 8 Matches and results,Cyprus,Russia,Russia,Cyprus,0,51764,F Smolov,yellow,,lineup_bubble,https://www.soccerbase.com/tournaments/tournament_tab.sd?tourn_id=1764&tab_id=2167&roundTab=roundTab_8
soccerbase,820736,2021-09-04,World Cup,2022,Europe (Qualifying): H,Qualifying Group 8 Matches and results,Cyprus,Russia,Russia,Cyprus,0,88321,R Zhemaletdinov,yellow,,lineup_bubble,https://www.soccerbase.com/tournaments/tournament_tab.sd?tourn_id=1764&tab_id=2167&roundTab=roundTab_8
soccerbase,820764,2021-09-04,World Cup,2022,Europe (Qualifying): H,Qualifying Group 8 Matches and results,Slovakia,Croatia,Slovakia,Croatia,1,41418,P Pekarik,yellow,,lineup_bubble,https://www.soccerbase.com/tournaments/tournament_tab.sd?tourn_id=1764&tab_id=2167&roundTab=roundTab_8
soccerbase,820764,2021-09-04,World Cup,2022,Europe (Qualifying): H,Qualifying Group 8 Matches and results,Slovakia,Croatia,Slovakia,Croatia,1,120637,R Bozenik,yellow,,lineup_bubble,https://www.soccerbase.com/tournaments/tournament_tab.sd?tourn_id=1764&tab_id=2167&roundTab=roundTab_8
soccerbase,820764,2021-09-04,World Cup,2022,Europe (Qualifying): H,Qualifying Group 8 Matches and results,Slovakia,Croatia,Croatia,Slovakia,0,88010,I Ivusic,yellow,,lineup_bubble,https://www.soccerbase.com/tournaments/tournament_tab.sd?tourn_id=1764&tab_id=2167&roundTab=roundTab_8
soccerbase,820750,2021-09-04,World Cup,2022,Europe (Qualifying): H,Qualifying Group 8 Matches and results,Slovenia,Malta,Slovenia,Malta,1,58137,J Kurtic,yellow,,lineup_bubble,https://www.soccerbase.com/tournaments/tournament_tab.sd?tourn_id=1764&tab_id=2167&roundTab=roundTab_8
soccerbase,820750,2021-09-04,World Cup,2022,Europe (Qualifying): H,Qualifying Group 8 Matches and results,Slovenia,Malta,Malta,Slovenia,0,77885,Z Muscat,yellow,,lineup_bubble,https://www.soccerbase.com/tournaments/tournament_tab.sd?tourn_id=1764&tab_id=2167&roundTab=roundTab_8
soccerbase,820750,2021-09-04,World Cup,2022,Europe (Qualifying): H,Qualifying Group 8 Matches and results,Slovenia,Malta,Malta,Slovenia,0,132896,E Pepe,yellow,,lineup_bubble,https://www.soccerbase.com/tournaments/tournament_tab.sd?tourn_id=1764&tab_id=2167&roundTab=roundTab_8
soccerbase,820750,2021-09-04,World Cup,2022,Europe (Qualifying): H,Qualifying Group 8 Matches and results,Slovenia,Malta,Malta,Slovenia,0,136144,A Satariano,yellow,,lineup_bubble,https://www.soccerbase.com/tournaments/tournament_tab.sd?tourn_id=1764&tab_id=2167&roundTab=roundTab_8
soccerbase,820750,2021-09-04,World Cup,2022,Europe (Qualifying): H,Qualifying Group 8 Matches and results,Slovenia,Malta,Malta,Slovenia,0,89139,L Montebello,yellow,,lineup_bubble,https://www.soccerbase.com/tournaments/tournament_tab.sd?tourn_id=1764&tab_id=2167&roundTab=roundTab_8
soccerbase,820713,2021-09-01,World Cup,2022,Europe (Qualifying): H,Qualifying Group 8 Matches and results,Malta,Cyprus,Malta,Cyprus,1,125723,K Shaw,yellow,,lineup_bubble,https://www.soccerbase.com/tournaments/tournament_tab.sd?tourn_id=1764&tab_id=2167&roundTab=roundTab_8
soccerbase,820713,2021-09-01,World Cup,2022,Europe (Qualifying): H,Qualifying Group 8 Matches and results,Malta,Cyprus,Malta,Cyprus,1,82677,J Mbong,yellow,,lineup_bubble,https://www.soccerbase.com/tournaments/tournament_tab.sd?tourn_id=1764&tab_id=2167&roundTab=roundTab_8
soccerbase,820713,2021-09-01,World Cup,2022,Europe (Qualifying): H,Qualifying Group 8 Matches and results,Malta,Cyprus,Malta,Cyprus,1,132900,P Mbong,yellow,,lineup_bubble,https://www.soccerbase.com/tournaments/tournament_tab.sd?tourn_id=1764&tab_id=2167&roundTab=roundTab_8
soccerbase,820713,2021-09-01,World Cup,2022,Europe (Qualifying): H,Qualifying Group 8 Matches and results,Malta,Cyprus,Cyprus,Malta,0,138639,C Soteriou,yellow,,lineup_bubble,https://www.soccerbase.com/tournaments/tournament_tab.sd?tourn_id=1764&tab_id=2167&roundTab=roundTab_8
soccerbase,820713,2021-09-01,World Cup,2022,Europe (Qualifying): H,Qualifying Group 8 Matches and results,Malta,Cyprus,Cyprus,Malta,0,138639,C Soteriou,red,,lineup_bubble,https://www.soccerbase.com/tournaments/tournament_tab.sd?tourn_id=1764&tab_id=2167&roundTab=roundTab_8
soccerbase,820713,2021-09-01,World Cup,2022,Europe (Qualifying): H,Qualifying Group 8 Matches and results,Malta,Cyprus,Cyprus,Malta,0,61785,F Papoulis,yellow,,lineup_bubble,https://www.soccerbase.com/tournaments/tournament_tab.sd?tourn_id=1764&tab_id=2167&roundTab=roundTab_8
soccerbase,820714,2021-09-01,World Cup,2022,Europe (Qualifying): H,Qualifying Group 8 Matches and results,Russia,Croatia,Russia,Croatia,1,82469,D Barinov,yellow,,lineup_bubble,https://www.soccerbase.com/tournaments/tournament_tab.sd?tourn_id=1764&tab_id=2167&roundTab=roundTab_8
soccerbase,820714,2021-09-01,World Cup,2022,Europe (Qualifying): H,Qualifying Group 8 Matches and results,Russia,Croatia,Russia,Croatia,1,66478,D Cheryshev,yellow,,lineup_bubble,https://www.soccerbase.com/tournaments/tournament_tab.sd?tourn_id=1764&tab_id=2167&roundTab=roundTab_8
soccerbase,820716,2021-09-01,World Cup,2022,Europe (Qualifying): H,Qualifying Group 8 Matches and results,Slovenia,Slovakia,Slovenia,Slovakia,1,95909,A Gnezda Cerin,yellow,,lineup_bubble,https://www.soccerbase.com/tournaments/tournament_tab.sd?tourn_id=1764&tab_id=2167&roundTab=roundTab_8
soccerbase,820716,2021-09-01,World Cup,2022,Europe (Qualifying): H,Qualifying Group 8 Matches and results,Slovenia,Slovakia,Slovenia,Slovakia,1,55366,J Ilicic,yellow,,lineup_bubble,https://www.soccerbase.com/tournaments/tournament_tab.sd?tourn_id=1764&tab_id=2167&roundTab=roundTab_8
soccerbase,820716,2021-09-01,World Cup,2022,Europe (Qualifying): H,Qualifying Group 8 Matches and results,Slovenia,Slovakia,Slovakia,Slovenia,0,74979,O Duda,yellow,,lineup_bubble,https://www.soccerbase.com/tournaments/tournament_tab.sd?tourn_id=1764&tab_id=2167&roundTab=roundTab_8
soccerbase,820716,2021-09-01,World Cup,2022,Europe (Qualifying): H,Qualifying Group 8 Matches and results,Slovenia,Slovakia,Slovakia,Slovenia,0,106031,I Schranz,yellow,,lineup_bubble,https://www.soccerbase.com/tournaments/tournament_tab.sd?tourn_id=1764&tab_id=2167&roundTab=roundTab_8
soccerbase,820683,2021-03-30,World Cup,2022,Europe (Qualifying): H,Qualifying Group 8 Matches and results,Croatia,Malta,Croatia,Malta,1,54806,D Vida,yellow,,lineup_bubble,https://www.soccerbase.com/tournaments/tournament_tab.sd?tourn_id=1764&tab_id=2167&roundTab=roundTab_8
soccerbase,820683,2021-03-30,World Cup,2022,Europe (Qualifying): H,Qualifying Group 8 Matches and results,Croatia,Malta,Croatia,Malta,1,78724,N Vlasic,yellow,,lineup_bubble,https://www.soccerbase.com/tournaments/tournament_tab.sd?tourn_id=1764&tab_id=2167&roundTab=roundTab_8
soccerbase,820686,2021-03-30,World Cup,2022,Europe (Qualifying): H,Qualifying Group 8 Matches and results,Cyprus,Slovenia,Slovenia,Cyprus,0,58137,J Kurtic,yellow,,lineup_bubble,https://www.soccerbase.com/tournaments/tournament_tab.sd?tourn_id=1764&tab_id=2167&roundTab=roundTab_8
soccerbase,820686,2021-03-30,World Cup,2022,Europe (Qualifying): H,Qualifying Group 8 Matches and results,Cyprus,Slovenia,Slovenia,Cyprus,0,55366,J Ilicic,yellow,,lineup_bubble,https://www.soccerbase.com/tournaments/tournament_tab.sd?tourn_id=1764&tab_id=2167&roundTab=roundTab_8
soccerbase,820688,2021-03-30,World Cup,2022,Europe (Qualifying): H,Qualifying Group 8 Matches and results,Slovakia,Russia,Slovakia,Russia,1,76073,J Hromada,yellow,,lineup_bubble,https://www.soccerbase.com/tournaments/tournament_tab.sd?tourn_id=1764&tab_id=2167&roundTab=roundTab_8
soccerbase,820688,2021-03-30,World Cup,2022,Europe (Qualifying): H,Qualifying Group 8 Matches and results,Slovakia,Russia,Russia,Slovakia,0,88321,R Zhemaletdinov,yellow,,lineup_bubble,https://www.soccerbase.com/tournaments/tournament_tab.sd?tourn_id=1764&tab_id=2167&roundTab=roundTab_8
soccerbase,820688,2021-03-30,World Cup,2022,Europe (Qualifying): H,Qualifying Group 8 Matches and results,Slovakia,Russia,Russia,Slovakia,0,58426,A Dzyuba,yellow,,lineup_bubble,https://www.soccerbase.com/tournaments/tournament_tab.sd?tourn_id=1764&tab_id=2167&roundTab=roundTab_8
soccerbase,820661,2021-03-27,World Cup,2022,Europe (Qualifying): H,Qualifying Group 8 Matches and results,Croatia,Cyprus,Croatia,Cyprus,1,77427,D Caleta-Car,yellow,,lineup_bubble,https://www.soccerbase.com/tournaments/tournament_tab.sd?tourn_id=1764&tab_id=2167&roundTab=roundTab_8
soccerbase,820661,2021-03-27,World Cup,2022,Europe (Qualifying): H,Qualifying Group 8 Matches and results,Croatia,Cyprus,Croatia,Cyprus,1,58067,M Kovacic,yellow,,lineup_bubble,https://www.soccerbase.com/tournaments/tournament_tab.sd?tourn_id=1764&tab_id=2167&roundTab=roundTab_8
soccerbase,820661,2021-03-27,World Cup,2022,Europe (Qualifying): H,Qualifying Group 8 Matches and results,Croatia,Cyprus,Croatia,Cyprus,1,55664,I Perisic,yellow,,lineup_bubble,https://www.soccerbase.com/tournaments/tournament_tab.sd?tourn_id=1764&tab_id=2167&roundTab=roundTab_8
soccerbase,820658,2021-03-27,World Cup,2022,Europe (Qualifying): H,Qualifying Group 8 Matches and results,Russia,Slovenia,Russia,Slovenia,1,66045,F Kudryashov,yellow,,lineup_bubble,https://www.soccerbase.com/tournaments/tournament_tab.sd?tourn_id=1764&tab_id=2167&roundTab=roundTab_8
soccerbase,820658,2021-03-27,World Cup,2022,Europe (Qualifying): H,Qualifying Group 8 Matches and results,Russia,Slovenia,Russia,Slovenia,1,69909,A Miranchuk,yellow,,lineup_bubble,https://www.soccerbase.com/tournaments/tournament_tab.sd?tourn_id=1764&tab_id=2167&roundTab=roundTab_8
soccerbase,820658,2021-03-27,World Cup,2022,Europe (Qualifying): H,Qualifying Group 8 Matches and results,Russia,Slovenia,Russia,Slovenia,1,78146,A Golovin,yellow,,lineup_bubble,https://www.soccerbase.com/tournaments/tournament_tab.sd?tourn_id=1764&tab_id=2167&roundTab=roundTab_8
soccerbase,820658,2021-03-27,World Cup,2022,Europe (Qualifying): H,Qualifying Group 8 Matches and results,Russia,Slovenia,Slovenia,Russia,0,70878,Miha Mevlja,yellow,,lineup_bubble,https://www.soccerbase.com/tournaments/tournament_tab.sd?tourn_id=1764&tab_id=2167&roundTab=roundTab_8
soccerbase,820658,2021-03-27,World Cup,2022,Europe (Qualifying): H,Qualifying Group 8 Matches and results,Russia,Slovenia,Slovenia,Russia,0,73564,L Zahovic,yellow,,lineup_bubble,https://www.soccerbase.com/tournaments/tournament_tab.sd?tourn_id=1764&tab_id=2167&roundTab=roundTab_8
soccerbase,820666,2021-03-27,World Cup,2022,Europe (Qualifying): H,Qualifying Group 8 Matches and results,Slovakia,Malta,Slovakia,Malta,1,113955,M Koscelnik,yellow,,lineup_bubble,https://www.soccerbase.com/tournaments/tournament_tab.sd?tourn_id=1764&tab_id=2167&roundTab=roundTab_8
soccerbase,820666,2021-03-27,World Cup,2022,Europe (Qualifying): H,Qualifying Group 8 Matches and results,Slovakia,Malta,Slovakia,Malta,1,58709,M Duris,yellow,,lineup_bubble,https://www.soccerbase.com/tournaments/tournament_tab.sd?tourn_id=1764&tab_id=2167&roundTab=roundTab_8
soccerbase,820666,2021-03-27,World Cup,2022,Europe (Qualifying): H,Qualifying Group 8 Matches and results,Slovakia,Malta,Malta,Slovakia,0,73096,H Bonello,yellow,,lineup_bubble,https://www.soccerbase.com/tournaments/tournament_tab.sd?tourn_id=1764&tab_id=2167&roundTab=roundTab_8
soccerbase,820666,2021-03-27,World Cup,2022,Europe (Qualifying): H,Qualifying Group 8 Matches and results,Slovakia,Malta,Malta,Slovakia,0,81910,R Camenzuli,yellow,,lineup_bubble,https://www.soccerbase.com/tournaments/tournament_tab.sd?tourn_id=1764&tab_id=2167&roundTab=roundTab_8
soccerbase,820641,2021-03-24,World Cup,2022,Europe (Qualifying): H,Qualifying Group 8 Matches and results,Cyprus,Slovakia,Cyprus,Slovakia,1,122628,D Demetriou,yellow,,lineup_bubble,https://www.soccerbase.com/tournaments/tournament_tab.sd?tourn_id=1764&tab_id=2167&roundTab=roundTab_8
soccerbase,820641,2021-03-24,World Cup,2022,Europe (Qualifying): H,Qualifying Group 8 Matches and results,Cyprus,Slovakia,Cyprus,Slovakia,1,107353,I Pittas,yellow,,lineup_bubble,https://www.soccerbase.com/tournaments/tournament_tab.sd?tourn_id=1764&tab_id=2167&roundTab=roundTab_8
soccerbase,820642,2021-03-24,World Cup,2022,Europe (Qualifying): H,Qualifying Group 8 Matches and results,Malta,Russia,Malta,Russia,1,116634,J Corbalan,yellow,,lineup_bubble,https://www.soccerbase.com/tournaments/tournament_tab.sd?tourn_id=1764&tab_id=2167&roundTab=roundTab_8
soccerbase,820642,2021-03-24,World Cup,2022,Europe (Qualifying): H,Qualifying Group 8 Matches and results,Malta,Russia,Russia,Malta,0,88321,R Zhemaletdinov,yellow,,lineup_bubble,https://www.soccerbase.com/tournaments/tournament_tab.sd?tourn_id=1764&tab_id=2167&roundTab=roundTab_8
soccerbase,820643,2021-03-24,World Cup,2022,Europe (Qualifying): H,Qualifying Group 8 Matches and results,Slovenia,Croatia,Slovenia,Croatia,1,70878,Miha Mevlja,yellow,,lineup_bubble,https://www.soccerbase.com/tournaments/tournament_tab.sd?tourn_id=1764&tab_id=2167&roundTab=roundTab_8
soccerbase,820643,2021-03-24,World Cup,2022,Europe (Qualifying): H,Qualifying Group 8 Matches and results,Slovenia,Croatia,Slovenia,Croatia,1,58137,J Kurtic,yellow,,lineup_bubble,https://www.soccerbase.com/tournaments/tournament_tab.sd?tourn_id=1764&tab_id=2167&roundTab=roundTab_8
soccerbase,820643,2021-03-24,World Cup,2022,Europe (Qualifying): H,Qualifying Group 8 Matches and results,Slovenia,Croatia,Croatia,Slovenia,0,56890,S Vrsaljko,yellow,,lineup_bubble,https://www.soccerbase.com/tournaments/tournament_tab.sd?tourn_id=1764&tab_id=2167&roundTab=roundTab_8
soccerbase,820643,2021-03-24,World Cup,2022,Europe (Qualifying): H,Qualifying Group 8 Matches and results,Slovenia,Croatia,Croatia,Slovenia,0,54806,D Vida,yellow,,lineup_bubble,https://www.soccerbase.com/tournaments/tournament_tab.sd?tourn_id=1764&tab_id=2167&roundTab=roundTab_8
soccerbase,820643,2021-03-24,World Cup,2022,Europe (Qualifying): H,Qualifying Group 8 Matches and results,Slovenia,Croatia,Croatia,Slovenia,0,76018,B Barisic,yellow,,lineup_bubble,https://www.soccerbase.com/tournaments/tournament_tab.sd?tourn_id=1764&tab_id=2167&roundTab=roundTab_8
soccerbase,820643,2021-03-24,World Cup,2022,Europe (Qualifying): H,Qualifying Group 8 Matches and results,Slovenia,Croatia,Croatia,Slovenia,0,67235,M Brozovic,yellow,,lineup_bubble,https://www.soccerbase.com/tournaments/tournament_tab.sd?tourn_id=1764&tab_id=2167&roundTab=roundTab_8
soccerbase,820643,2021-03-24,World Cup,2022,Europe (Qualifying): H,Qualifying Group 8 Matches and results,Slovenia,Croatia,Croatia,Slovenia,0,74110,A Budimir,yellow,,lineup_bubble,https://www.soccerbase.com/tournaments/tournament_tab.sd?tourn_id=1764&tab_id=2167&roundTab=roundTab_8
soccerbase,820872,2021-11-15,World Cup,2022,Europe (Qualifying): I,Qualifying Group 9 Matches and results,Albania,Andorra,Albania,Andorra,1,60899,O Roshi,yellow,,lineup_bubble,https://www.soccerbase.com/tournaments/tournament_tab.sd?tourn_id=1764&tab_id=2167&roundTab=roundTab_9
soccerbase,820872,2021-11-15,World Cup,2022,Europe (Qualifying): I,Qualifying Group 9 Matches and results,Albania,Andorra,Andorra,Albania,0,126484,A Alavedra,yellow,,lineup_bubble,https://www.soccerbase.com/tournaments/tournament_tab.sd?tourn_id=1764&tab_id=2167&roundTab=roundTab_9
soccerbase,820872,2021-11-15,World Cup,2022,Europe (Qualifying): I,Qualifying Group 9 Matches and results,Albania,Andorra,Andorra,Albania,0,22104,M Pujol,yellow,,lineup_bubble,https://www.soccerbase.com/tournaments/tournament_tab.sd?tourn_id=1764&tab_id=2167&roundTab=roundTab_9
soccerbase,820872,2021-11-15,World Cup,2022,Europe (Qualifying): I,Qualifying Group 9 Matches and results,Albania,Andorra,Andorra,Albania,0,146030,Berto Rosas,yellow,,lineup_bubble,https://www.soccerbase.com/tournaments/tournament_tab.sd?tourn_id=1764&tab_id=2167&roundTab=roundTab_9
soccerbase,820873,2021-11-15,World Cup,2022,Europe (Qualifying): I,Qualifying Group 9 Matches and results,Poland,Hungary,Poland,Hungary,1,64695,T Kedziora,yellow,,lineup_bubble,https://www.soccerbase.com/tournaments/tournament_tab.sd?tourn_id=1764&tab_id=2167&roundTab=roundTab_9
soccerbase,820873,2021-11-15,World Cup,2022,Europe (Qualifying): I,Qualifying Group 9 Matches and results,Poland,Hungary,Poland,Hungary,1,90314,M Cash,yellow,,lineup_bubble,https://www.soccerbase.com/tournaments/tournament_tab.sd?tourn_id=1764&tab_id=2167&roundTab=roundTab_9
soccerbase,820873,2021-11-15,World Cup,2022,Europe (Qualifying): I,Qualifying Group 9 Matches and results,Poland,Hungary,Poland,Hungary,1,101070,T Puchacz,yellow,,lineup_bubble,https://www.soccerbase.com/tournaments/tournament_tab.sd?tourn_id=1764&tab_id=2167&roundTab=roundTab_9
soccerbase,820873,2021-11-15,World Cup,2022,Europe (Qualifying): I,Qualifying Group 9 Matches and results,Poland,Hungary,Poland,Hungary,1,59927,M Klich,yellow,,lineup_bubble,https://www.soccerbase.com/tournaments/tournament_tab.sd?tourn_id=1764&tab_id=2167&roundTab=roundTab_9
soccerbase,820873,2021-11-15,World Cup,2022,Europe (Qualifying): I,Qualifying Group 9 Matches and results,Poland,Hungary,Hungary,Poland,0,91490,A Szalai,yellow,,lineup_bubble,https://www.soccerbase.com/tournaments/tournament_tab.sd?tourn_id=1764&tab_id=2167&roundTab=roundTab_9
soccerbase,820873,2021-11-15,World Cup,2022,Europe (Qualifying): I,Qualifying Group 9 Matches and results,Poland,Hungary,Hungary,Poland,0,85237,Z Nagy,yellow,,lineup_bubble,https://www.soccerbase.com/tournaments/tournament_tab.sd?tourn_id=1764&tab_id=2167&roundTab=roundTab_9
soccerbase,820873,2021-11-15,World Cup,2022,Europe (Qualifying): I,Qualifying Group 9 Matches and results,Poland,Hungary,Hungary,Poland,0,78635,D Gazdag,yellow,,lineup_bubble,https://www.soccerbase.com/tournaments/tournament_tab.sd?tourn_id=1764&tab_id=2167&roundTab=roundTab_9
soccerbase,820873,2021-11-15,World Cup,2022,Europe (Qualifying): I,Qualifying Group 9 Matches and results,Poland,Hungary,Hungary,Poland,0,130414,S Schon,yellow,,lineup_bubble,https://www.soccerbase.com/tournaments/tournament_tab.sd?tourn_id=1764&tab_id=2167&roundTab=roundTab_9
soccerbase,820874,2021-11-15,World Cup,2022,Europe (Qualifying): I,Qualifying Group 9 Matches and results,San Marino,England,San Marino,England,1,73089,M Battistini,yellow,,lineup_bubble,https://www.soccerbase.com/tournaments/tournament_tab.sd?tourn_id=1764&tab_id=2167&roundTab=roundTab_9
soccerbase,820874,2021-11-15,World Cup,2022,Europe (Qualifying): I,Qualifying Group 9 Matches and results,San Marino,England,San Marino,England,1,133175,D Rossi,yellow,,lineup_bubble,https://www.soccerbase.com/tournaments/tournament_tab.sd?tourn_id=1764&tab_id=2167&roundTab=roundTab_9
soccerbase,820874,2021-11-15,World Cup,2022,Europe (Qualifying): I,Qualifying Group 9 Matches and results,San Marino,England,San Marino,England,1,133175,D Rossi,red,,lineup_bubble,https://www.soccerbase.com/tournaments/tournament_tab.sd?tourn_id=1764&tab_id=2167&roundTab=roundTab_9
soccerbase,820874,2021-11-15,World Cup,2022,Europe (Qualifying): I,Qualifying Group 9 Matches and results,San Marino,England,San Marino,England,1,81887,F Tomassini,yellow,,lineup_bubble,https://www.soccerbase.com/tournaments/tournament_tab.sd?tourn_id=1764&tab_id=2167&roundTab=roundTab_9
soccerbase,820874,2021-11-15,World Cup,2022,Europe (Qualifying): I,Qualifying Group 9 Matches and results,San Marino,England,San Marino,England,1,99396,A D'Addario,yellow,,lineup_bubble,https://www.soccerbase.com/tournaments/tournament_tab.sd?tourn_id=1764&tab_id=2167&roundTab=roundTab_9
soccerbase,820874,2021-11-15,World Cup,2022,Europe (Qualifying): I,Qualifying Group 9 Matches and results,San Marino,England,England,San Marino,0,91497,T Abraham,yellow,,lineup_bubble,https://www.soccerbase.com/tournaments/tournament_tab.sd?tourn_id=1764&tab_id=2167&roundTab=roundTab_9
soccerbase,820840,2021-11-12,World Cup,2022,Europe (Qualifying): I,Qualifying Group 9 Matches and results,Andorra,Poland,Andorra,Poland,1,42395,M Vieira,yellow,,lineup_bubble,https://www.soccerbase.com/tournaments/tournament_tab.sd?tourn_id=1764&tab_id=2167&roundTab=roundTab_9
soccerbase,820840,2021-11-12,World Cup,2022,Europe (Qualifying): I,Qualifying Group 9 Matches and results,Andorra,Poland,Andorra,Poland,1,96476,J Alaez,yellow,,lineup_bubble,https://www.soccerbase.com/tournaments/tournament_tab.sd?tourn_id=1764&tab_id=2167&roundTab=roundTab_9
soccerbase,820840,2021-11-12,World Cup,2022,Europe (Qualifying): I,Qualifying Group 9 Matches and results,Andorra,Poland,Andorra,Poland,1,117368,R Cucu,red,,lineup_bubble,https://www.soccerbase.com/tournaments/tournament_tab.sd?tourn_id=1764&tab_id=2167&roundTab=roundTab_9
soccerbase,820840,2021-11-12,World Cup,2022,Europe (Qualifying): I,Qualifying Group 9 Matches and results,Andorra,Poland,Andorra,Poland,1,22104,M Pujol,yellow,,lineup_bubble,https://www.soccerbase.com/tournaments/tournament_tab.sd?tourn_id=1764&tab_id=2167&roundTab=roundTab_9
soccerbase,820840,2021-11-12,World Cup,2022,Europe (Qualifying): I,Qualifying Group 9 Matches and results,Andorra,Poland,Poland,Andorra,0,54307,G Krychowiak,yellow,,lineup_bubble,https://www.soccerbase.com/tournaments/tournament_tab.sd?tourn_id=1764&tab_id=2167&roundTab=roundTab_9
soccerbase,820840,2021-11-12,World Cup,2022,Europe (Qualifying): I,Qualifying Group 9 Matches and results,Andorra,Poland,Poland,Andorra,0,59927,M Klich,yellow,,lineup_bubble,https://www.soccerbase.com/tournaments/tournament_tab.sd?tourn_id=1764&tab_id=2167&roundTab=roundTab_9
soccerbase,820842,2021-11-12,World Cup,2022,Europe (Qualifying): I,Qualifying Group 9 Matches and results,England,Albania,Albania,England,0,92873,A Ismajli,yellow,,lineup_bubble,https://www.soccerbase.com/tournaments/tournament_tab.sd?tourn_id=1764&tab_id=2167&roundTab=roundTab_9
soccerbase,820842,2021-11-12,World Cup,2022,Europe (Qualifying): I,Qualifying Group 9 Matches and results,England,Albania,Albania,England,0,81604,K Gjasula,yellow,,lineup_bubble,https://www.soccerbase.com/tournaments/tournament_tab.sd?tourn_id=1764&tab_id=2167&roundTab=roundTab_9
soccerbase,820842,2021-11-12,World Cup,2022,Europe (Qualifying): I,Qualifying Group 9 Matches and results,England,Albania,Albania,England,0,87177,G Laci,yellow,,lineup_bubble,https://www.soccerbase.com/tournaments/tournament_tab.sd?tourn_id=1764&tab_id=2167&roundTab=roundTab_9
soccerbase,820842,2021-11-12,World Cup,2022,Europe (Qualifying): I,Qualifying Group 9 Matches and results,England,Albania,Albania,England,0,77826,S Cikalleshi,yellow,,lineup_bubble,https://www.soccerbase.com/tournaments/tournament_tab.sd?tourn_id=1764&tab_id=2167&roundTab=roundTab_9
soccerbase,820844,2021-11-12,World Cup,2022,Europe (Qualifying): I,Qualifying Group 9 Matches and results,Hungary,San Marino,San Marino,Hungary,0,125188,K Zonzini,yellow,,lineup_bubble,https://www.soccerbase.com/tournaments/tournament_tab.sd?tourn_id=1764&tab_id=2167&roundTab=roundTab_9
soccerbase,820808,2021-10-12,World Cup,2022,Europe (Qualifying): I,Qualifying Group 9 Matches and results,Albania,Poland,Albania,Poland,1,92873,A Ismajli,yellow,,lineup_bubble,https://www.soccerbase.com/tournaments/tournament_tab.sd?tourn_id=1764&tab_id=2167&roundTab=roundTab_9
soccerbase,820808,2021-10-12,World Cup,2022,Europe (Qualifying): I,Qualifying Group 9 Matches and results,Albania,Poland,Albania,Poland,1,69625,E Hysaj,yellow,,lineup_bubble,https://www.soccerbase.com/tournaments/tournament_tab.sd?tourn_id=1764&tab_id=2167&roundTab=roundTab_9
soccerbase,820808,2021-10-12,World Cup,2022,Europe (Qualifying): I,Qualifying Group 9 Matches and results,Albania,Poland,Albania,Poland,1,108960,Y Ramadani,yellow,,lineup_bubble,https://www.soccerbase.com/tournaments/tournament_tab.sd?tourn_id=1764&tab_id=2167&roundTab=roundTab_9
soccerbase,820808,2021-10-12,World Cup,2022,Europe (Qualifying): I,Qualifying Group 9 Matches and results,Albania,Poland,Poland,Albania,0,72632,J Bednarek,yellow,,lineup_bubble,https://www.soccerbase.com/tournaments/tournament_tab.sd?tourn_id=1764&tab_id=2167&roundTab=roundTab_9
soccerbase,820808,2021-10-12,World Cup,2022,Europe (Qualifying): I,Qualifying Group 9 Matches and results,Albania,Poland,Poland,Albania,0,101070,T Puchacz,yellow,,lineup_bubble,https://www.soccerbase.com/tournaments/tournament_tab.sd?tourn_id=1764&tab_id=2167&roundTab=roundTab_9
soccerbase,820808,2021-10-12,World Cup,2022,Europe (Qualifying): I,Qualifying Group 9 Matches and results,Albania,Poland,Poland,Albania,0,76552,A Buksa,yellow,,lineup_bubble,https://www.soccerbase.com/tournaments/tournament_tab.sd?tourn_id=1764&tab_id=2167&roundTab=roundTab_9
soccerbase,820810,2021-10-12,World Cup,2022,Europe (Qualifying): I,Qualifying Group 9 Matches and results,England,Hungary,England,Hungary,1,62471,L Shaw,yellow,,lineup_bubble,https://www.soccerbase.com/tournaments/tournament_tab.sd?tourn_id=1764&tab_id=2167&roundTab=roundTab_9
soccerbase,820810,2021-10-12,World Cup,2022,Europe (Qualifying): I,Qualifying Group 9 Matches and results,England,Hungary,Hungary,England,0,103053,D Szoboszlai,yellow,,lineup_bubble,https://www.soccerbase.com/tournaments/tournament_tab.sd?tourn_id=1764&tab_id=2167&roundTab=roundTab_9
soccerbase,820811,2021-10-12,World Cup,2022,Europe (Qualifying): I,Qualifying Group 9 Matches and results,San Marino,Andorra,San Marino,Andorra,1,107519,A Grandoni,yellow,,lineup_bubble,https://www.soccerbase.com/tournaments/tournament_tab.sd?tourn_id=1764&tab_id=2167&roundTab=roundTab_9
soccerbase,820811,2021-10-12,World Cup,2022,Europe (Qualifying): I,Qualifying Group 9 Matches and results,San Marino,Andorra,San Marino,Andorra,1,44778,D Simoncini,yellow,,lineup_bubble,https://www.soccerbase.com/tournaments/tournament_tab.sd?tourn_id=1764&tab_id=2167&roundTab=roundTab_9
soccerbase,820811,2021-10-12,World Cup,2022,Europe (Qualifying): I,Qualifying Group 9 Matches and results,San Marino,Andorra,San Marino,Andorra,1,77864,E Golinucci,yellow,,lineup_bubble,https://www.soccerbase.com/tournaments/tournament_tab.sd?tourn_id=1764&tab_id=2167&roundTab=roundTab_9
soccerbase,820811,2021-10-12,World Cup,2022,Europe (Qualifying): I,Qualifying Group 9 Matches and results,San Marino,Andorra,San Marino,Andorra,1,97189,L Censoni,yellow,,lineup_bubble,https://www.soccerbase.com/tournaments/tournament_tab.sd?tourn_id=1764&tab_id=2167&roundTab=roundTab_9
soccerbase,820811,2021-10-12,World Cup,2022,Europe (Qualifying): I,Qualifying Group 9 Matches and results,San Marino,Andorra,Andorra,San Marino,0,67278,M San Nicolas,yellow,,lineup_bubble,https://www.soccerbase.com/tournaments/tournament_tab.sd?tourn_id=1764&tab_id=2167&roundTab=roundTab_9
soccerbase,820849,2021-10-09,World Cup,2022,Europe (Qualifying): I,Qualifying Group 9 Matches and results,Andorra,England,Andorra,England,1,72282,C Martinez Alejo,yellow,,lineup_bubble,https://www.soccerbase.com/tournaments/tournament_tab.sd?tourn_id=1764&tab_id=2167&roundTab=roundTab_9
soccerbase,820849,2021-10-09,World Cup,2022,Europe (Qualifying): I,Qualifying Group 9 Matches and results,Andorra,England,Andorra,England,1,83180,M Rebes,yellow,,lineup_bubble,https://www.soccerbase.com/tournaments/tournament_tab.sd?tourn_id=1764&tab_id=2167&roundTab=roundTab_9
soccerbase,820849,2021-10-09,World Cup,2022,Europe (Qualifying): I,Qualifying Group 9 Matches and results,Andorra,England,England,Andorra,0,58424,C Coady,yellow,,lineup_bubble,https://www.soccerbase.com/tournaments/tournament_tab.sd?tourn_id=1764&tab_id=2167&roundTab=roundTab_9
soccerbase,820849,2021-10-09,World Cup,2022,Europe (Qualifying): I,Qualifying Group 9 Matches and results,Andorra,England,England,Andorra,0,59460,J Stones,yellow,,lineup_bubble,https://www.soccerbase.com/tournaments/tournament_tab.sd?tourn_id=1764&tab_id=2167&roundTab=roundTab_9
soccerbase,820849,2021-10-09,World Cup,2022,Europe (Qualifying): I,Qualifying Group 9 Matches and results,Andorra,England,England,Andorra,0,105272,J Sancho,yellow,,lineup_bubble,https://www.soccerbase.com/tournaments/tournament_tab.sd?tourn_id=1764&tab_id=2167&roundTab=roundTab_9
soccerbase,820850,2021-10-09,World Cup,2022,Europe (Qualifying): I,Qualifying Group 9 Matches and results,Hungary,Albania,Hungary,Albania,1,78395,E Botka,yellow,,lineup_bubble,https://www.soccerbase.com/tournaments/tournament_tab.sd?tourn_id=1764&tab_id=2167&roundTab=roundTab_9
soccerbase,820850,2021-10-09,World Cup,2022,Europe (Qualifying): I,Qualifying Group 9 Matches and results,Hungary,Albania,Hungary,Albania,1,85224,L Kleinheisler,yellow,,lineup_bubble,https://www.soccerbase.com/tournaments/tournament_tab.sd?tourn_id=1764&tab_id=2167&roundTab=roundTab_9
soccerbase,820850,2021-10-09,World Cup,2022,Europe (Qualifying): I,Qualifying Group 9 Matches and results,Hungary,Albania,Albania,Hungary,0,57094,F Veseli,yellow,,lineup_bubble,https://www.soccerbase.com/tournaments/tournament_tab.sd?tourn_id=1764&tab_id=2167&roundTab=roundTab_9
soccerbase,820850,2021-10-09,World Cup,2022,Europe (Qualifying): I,Qualifying Group 9 Matches and results,Hungary,Albania,Albania,Hungary,0,119440,L Trashi,yellow,,lineup_bubble,https://www.soccerbase.com/tournaments/tournament_tab.sd?tourn_id=1764&tab_id=2167&roundTab=roundTab_9
soccerbase,820850,2021-10-09,World Cup,2022,Europe (Qualifying): I,Qualifying Group 9 Matches and results,Hungary,Albania,Albania,Hungary,0,81604,K Gjasula,yellow,,lineup_bubble,https://www.soccerbase.com/tournaments/tournament_tab.sd?tourn_id=1764&tab_id=2167&roundTab=roundTab_9
soccerbase,820850,2021-10-09,World Cup,2022,Europe (Qualifying): I,Qualifying Group 9 Matches and results,Hungary,Albania,Albania,Hungary,0,86749,E Cekici,yellow,,lineup_bubble,https://www.soccerbase.com/tournaments/tournament_tab.sd?tourn_id=1764&tab_id=2167&roundTab=roundTab_9
soccerbase,820852,2021-10-09,World Cup,2022,Europe (Qualifying): I,Qualifying Group 9 Matches and results,Poland,San Marino,Poland,San Marino,1,68004,K Linetty,yellow,,lineup_bubble,https://www.soccerbase.com/tournaments/tournament_tab.sd?tourn_id=1764&tab_id=2167&roundTab=roundTab_9
soccerbase,820852,2021-10-09,World Cup,2022,Europe (Qualifying): I,Qualifying Group 9 Matches and results,Poland,San Marino,San Marino,Poland,0,78448,A Golinucci,yellow,,lineup_bubble,https://www.soccerbase.com/tournaments/tournament_tab.sd?tourn_id=1764&tab_id=2167&roundTab=roundTab_9
soccerbase,820765,2021-09-08,World Cup,2022,Europe (Qualifying): I,Qualifying Group 9 Matches and results,Albania,San Marino,Albania,San Marino,1,60899,O Roshi,yellow,,lineup_bubble,https://www.soccerbase.com/tournaments/tournament_tab.sd?tourn_id=1764&tab_id=2167&roundTab=roundTab_9
soccerbase,820765,2021-09-08,World Cup,2022,Europe (Qualifying): I,Qualifying Group 9 Matches and results,Albania,San Marino,San Marino,Albania,0,138836,D Tomassini,yellow,,lineup_bubble,https://www.soccerbase.com/tournaments/tournament_tab.sd?tourn_id=1764&tab_id=2167&roundTab=roundTab_9
soccerbase,820766,2021-09-08,World Cup,2022,Europe (Qualifying): I,Qualifying Group 9 Matches and results,Hungary,Andorra,Hungary,Andorra,1,76770,M Tamas,yellow,,lineup_bubble,https://www.soccerbase.com/tournaments/tournament_tab.sd?tourn_id=1764&tab_id=2167&roundTab=roundTab_9
soccerbase,820766,2021-09-08,World Cup,2022,Europe (Qualifying): I,Qualifying Group 9 Matches and results,Hungary,Andorra,Hungary,Andorra,1,50597,A Szalai,yellow,,lineup_bubble,https://www.soccerbase.com/tournaments/tournament_tab.sd?tourn_id=1764&tab_id=2167&roundTab=roundTab_9
soccerbase,820766,2021-09-08,World Cup,2022,Europe (Qualifying): I,Qualifying Group 9 Matches and results,Hungary,Andorra,Hungary,Andorra,1,77975,R Sallai,yellow,,lineup_bubble,https://www.soccerbase.com/tournaments/tournament_tab.sd?tourn_id=1764&tab_id=2167&roundTab=roundTab_9
soccerbase,820766,2021-09-08,World Cup,2022,Europe (Qualifying): I,Qualifying Group 9 Matches and results,Hungary,Andorra,Andorra,Hungary,0,126484,A Alavedra,yellow,,lineup_bubble,https://www.soccerbase.com/tournaments/tournament_tab.sd?tourn_id=1764&tab_id=2167&roundTab=roundTab_9
soccerbase,820766,2021-09-08,World Cup,2022,Europe (Qualifying): I,Qualifying Group 9 Matches and results,Hungary,Andorra,Andorra,Hungary,0,58799,E Garcia,yellow,,lineup_bubble,https://www.soccerbase.com/tournaments/tournament_tab.sd?tourn_id=1764&tab_id=2167&roundTab=roundTab_9
soccerbase,820766,2021-09-08,World Cup,2022,Europe (Qualifying): I,Qualifying Group 9 Matches and results,Hungary,Andorra,Andorra,Hungary,0,67278,M San Nicolas,yellow,,lineup_bubble,https://www.soccerbase.com/tournaments/tournament_tab.sd?tourn_id=1764&tab_id=2167&roundTab=roundTab_9
soccerbase,820766,2021-09-08,World Cup,2022,Europe (Qualifying): I,Qualifying Group 9 Matches and results,Hungary,Andorra,Andorra,Hungary,0,42395,M Vieira,yellow,,lineup_bubble,https://www.soccerbase.com/tournaments/tournament_tab.sd?tourn_id=1764&tab_id=2167&roundTab=roundTab_9
soccerbase,820767,2021-09-08,World Cup,2022,Europe (Qualifying): I,Qualifying Group 9 Matches and results,Poland,England,Poland,England,1,56435,K Glik,yellow,,lineup_bubble,https://www.soccerbase.com/tournaments/tournament_tab.sd?tourn_id=1764&tab_id=2167&roundTab=roundTab_9
soccerbase,820767,2021-09-08,World Cup,2022,Europe (Qualifying): I,Qualifying Group 9 Matches and results,Poland,England,Poland,England,1,76438,D Szymanski,yellow,,lineup_bubble,https://www.soccerbase.com/tournaments/tournament_tab.sd?tourn_id=1764&tab_id=2167&roundTab=roundTab_9
soccerbase,820767,2021-09-08,World Cup,2022,Europe (Qualifying): I,Qualifying Group 9 Matches and results,Poland,England,Poland,England,1,54307,G Krychowiak,yellow,,lineup_bubble,https://www.soccerbase.com/tournaments/tournament_tab.sd?tourn_id=1764&tab_id=2167&roundTab=roundTab_9
soccerbase,820767,2021-09-08,World Cup,2022,Europe (Qualifying): I,Qualifying Group 9 Matches and results,Poland,England,Poland,England,1,101070,T Puchacz,yellow,,lineup_bubble,https://www.soccerbase.com/tournaments/tournament_tab.sd?tourn_id=1764&tab_id=2167&roundTab=roundTab_9
soccerbase,820767,2021-09-08,World Cup,2022,Europe (Qualifying): I,Qualifying Group 9 Matches and results,Poland,England,Poland,England,1,68004,K Linetty,yellow,,lineup_bubble,https://www.soccerbase.com/tournaments/tournament_tab.sd?tourn_id=1764&tab_id=2167&roundTab=roundTab_9
soccerbase,820767,2021-09-08,World Cup,2022,Europe (Qualifying): I,Qualifying Group 9 Matches and results,Poland,England,England,Poland,0,58712,H Maguire,yellow,,lineup_bubble,https://www.soccerbase.com/tournaments/tournament_tab.sd?tourn_id=1764&tab_id=2167&roundTab=roundTab_9
soccerbase,820767,2021-09-08,World Cup,2022,Europe (Qualifying): I,Qualifying Group 9 Matches and results,Poland,England,England,Poland,0,80307,K Phillips,yellow,,lineup_bubble,https://www.soccerbase.com/tournaments/tournament_tab.sd?tourn_id=1764&tab_id=2167&roundTab=roundTab_9
soccerbase,820772,2021-09-05,World Cup,2022,Europe (Qualifying): I,Qualifying Group 9 Matches and results,Albania,Hungary,Albania,Hungary,1,123411,A Broja,yellow,,lineup_bubble,https://www.soccerbase.com/tournaments/tournament_tab.sd?tourn_id=1764&tab_id=2167&roundTab=roundTab_9
soccerbase,820772,2021-09-05,World Cup,2022,Europe (Qualifying): I,Qualifying Group 9 Matches and results,Albania,Hungary,Albania,Hungary,1,86749,E Cekici,yellow,,lineup_bubble,https://www.soccerbase.com/tournaments/tournament_tab.sd?tourn_id=1764&tab_id=2167&roundTab=roundTab_9
soccerbase,820772,2021-09-05,World Cup,2022,Europe (Qualifying): I,Qualifying Group 9 Matches and results,Albania,Hungary,Albania,Hungary,1,81604,K Gjasula,yellow,,lineup_bubble,https://www.soccerbase.com/tournaments/tournament_tab.sd?tourn_id=1764&tab_id=2167&roundTab=roundTab_9
soccerbase,820772,2021-09-05,World Cup,2022,Europe (Qualifying): I,Qualifying Group 9 Matches and results,Albania,Hungary,Hungary,Albania,0,60469,W Orban,yellow,,lineup_bubble,https://www.soccerbase.com/tournaments/tournament_tab.sd?tourn_id=1764&tab_id=2167&roundTab=roundTab_9
soccerbase,820773,2021-09-05,World Cup,2022,Europe (Qualifying): I,Qualifying Group 9 Matches and results,England,Andorra,England,Andorra,1,69420,T Mings,yellow,,lineup_bubble,https://www.soccerbase.com/tournaments/tournament_tab.sd?tourn_id=1764&tab_id=2167&roundTab=roundTab_9
soccerbase,820773,2021-09-05,World Cup,2022,Europe (Qualifying): I,Qualifying Group 9 Matches and results,England,Andorra,Andorra,England,0,51600,M Vales,yellow,,lineup_bubble,https://www.soccerbase.com/tournaments/tournament_tab.sd?tourn_id=1764&tab_id=2167&roundTab=roundTab_9
soccerbase,820773,2021-09-05,World Cup,2022,Europe (Qualifying): I,Qualifying Group 9 Matches and results,England,Andorra,Andorra,England,0,88331,Chus Rubio,yellow,,lineup_bubble,https://www.soccerbase.com/tournaments/tournament_tab.sd?tourn_id=1764&tab_id=2167&roundTab=roundTab_9
soccerbase,820773,2021-09-05,World Cup,2022,Europe (Qualifying): I,Qualifying Group 9 Matches and results,England,Andorra,Andorra,England,0,136376,C Garcia,yellow,,lineup_bubble,https://www.soccerbase.com/tournaments/tournament_tab.sd?tourn_id=1764&tab_id=2167&roundTab=roundTab_9
soccerbase,820773,2021-09-05,World Cup,2022,Europe (Qualifying): I,Qualifying Group 9 Matches and results,England,Andorra,Andorra,England,0,44546,J Rubio,yellow,,lineup_bubble,https://www.soccerbase.com/tournaments/tournament_tab.sd?tourn_id=1764&tab_id=2167&roundTab=roundTab_9
soccerbase,820773,2021-09-05,World Cup,2022,Europe (Qualifying): I,Qualifying Group 9 Matches and results,England,Andorra,Andorra,England,0,83180,M Rebes,yellow,,lineup_bubble,https://www.soccerbase.com/tournaments/tournament_tab.sd?tourn_id=1764&tab_id=2167&roundTab=roundTab_9
soccerbase,820773,2021-09-05,World Cup,2022,Europe (Qualifying): I,Qualifying Group 9 Matches and results,England,Andorra,Andorra,England,0,117368,R Cucu,yellow,,lineup_bubble,https://www.soccerbase.com/tournaments/tournament_tab.sd?tourn_id=1764&tab_id=2167&roundTab=roundTab_9
soccerbase,820784,2021-09-05,World Cup,2022,Europe (Qualifying): I,Qualifying Group 9 Matches and results,San Marino,Poland,San Marino,Poland,1,81887,F Tomassini,yellow,,lineup_bubble,https://www.soccerbase.com/tournaments/tournament_tab.sd?tourn_id=1764&tab_id=2167&roundTab=roundTab_9
soccerbase,820784,2021-09-05,World Cup,2022,Europe (Qualifying): I,Qualifying Group 9 Matches and results,San Marino,Poland,San Marino,Poland,1,101888,L Lunadei,yellow,,lineup_bubble,https://www.soccerbase.com/tournaments/tournament_tab.sd?tourn_id=1764&tab_id=2167&roundTab=roundTab_9
soccerbase,820784,2021-09-05,World Cup,2022,Europe (Qualifying): I,Qualifying Group 9 Matches and results,San Marino,Poland,San Marino,Poland,1,117085,M Mularoni,yellow,,lineup_bubble,https://www.soccerbase.com/tournaments/tournament_tab.sd?tourn_id=1764&tab_id=2167&roundTab=roundTab_9
soccerbase,820784,2021-09-05,World Cup,2022,Europe (Qualifying): I,Qualifying Group 9 Matches and results,San Marino,Poland,San Marino,Poland,1,114796,N Nanni,yellow,,lineup_bubble,https://www.soccerbase.com/tournaments/tournament_tab.sd?tourn_id=1764&tab_id=2167&roundTab=roundTab_9
soccerbase,820726,2021-09-02,World Cup,2022,Europe (Qualifying): I,Qualifying Group 9 Matches and results,Andorra,San Marino,Andorra,San Marino,1,96476,J Alaez,yellow,,lineup_bubble,https://www.soccerbase.com/tournaments/tournament_tab.sd?tourn_id=1764&tab_id=2167&roundTab=roundTab_9
soccerbase,820726,2021-09-02,World Cup,2022,Europe (Qualifying): I,Qualifying Group 9 Matches and results,Andorra,San Marino,Andorra,San Marino,1,22104,M Pujol,yellow,,lineup_bubble,https://www.soccerbase.com/tournaments/tournament_tab.sd?tourn_id=1764&tab_id=2167&roundTab=roundTab_9
soccerbase,820726,2021-09-02,World Cup,2022,Europe (Qualifying): I,Qualifying Group 9 Matches and results,Andorra,San Marino,San Marino,Andorra,0,73089,M Battistini,yellow,,lineup_bubble,https://www.soccerbase.com/tournaments/tournament_tab.sd?tourn_id=1764&tab_id=2167&roundTab=roundTab_9
soccerbase,820726,2021-09-02,World Cup,2022,Europe (Qualifying): I,Qualifying Group 9 Matches and results,Andorra,San Marino,San Marino,Andorra,0,77867,J Hirsch,yellow,,lineup_bubble,https://www.soccerbase.com/tournaments/tournament_tab.sd?tourn_id=1764&tab_id=2167&roundTab=roundTab_9
soccerbase,820727,2021-09-02,World Cup,2022,Europe (Qualifying): I,Qualifying Group 9 Matches and results,Hungary,England,Hungary,England,1,60469,W Orban,yellow,,lineup_bubble,https://www.soccerbase.com/tournaments/tournament_tab.sd?tourn_id=1764&tab_id=2167&roundTab=roundTab_9
soccerbase,820727,2021-09-02,World Cup,2022,Europe (Qualifying): I,Qualifying Group 9 Matches and results,Hungary,England,Hungary,England,1,78635,D Gazdag,yellow,,lineup_bubble,https://www.soccerbase.com/tournaments/tournament_tab.sd?tourn_id=1764&tab_id=2167&roundTab=roundTab_9
soccerbase,820727,2021-09-02,World Cup,2022,Europe (Qualifying): I,Qualifying Group 9 Matches and results,Hungary,England,Hungary,England,1,107227,B Bolla,yellow,,lineup_bubble,https://www.soccerbase.com/tournaments/tournament_tab.sd?tourn_id=1764&tab_id=2167&roundTab=roundTab_9
soccerbase,820727,2021-09-02,World Cup,2022,Europe (Qualifying): I,Qualifying Group 9 Matches and results,Hungary,England,England,Hungary,0,96150,D Rice,yellow,,lineup_bubble,https://www.soccerbase.com/tournaments/tournament_tab.sd?tourn_id=1764&tab_id=2167&roundTab=roundTab_9
soccerbase,820727,2021-09-02,World Cup,2022,Europe (Qualifying): I,Qualifying Group 9 Matches and results,Hungary,England,England,Hungary,0,58401,R Sterling,yellow,,lineup_bubble,https://www.soccerbase.com/tournaments/tournament_tab.sd?tourn_id=1764&tab_id=2167&roundTab=roundTab_9
soccerbase,820728,2021-09-02,World Cup,2022,Europe (Qualifying): I,Qualifying Group 9 Matches and results,Poland,Albania,Poland,Albania,1,76415,K Swiderski,yellow,,lineup_bubble,https://www.soccerbase.com/tournaments/tournament_tab.sd?tourn_id=1764&tab_id=2167&roundTab=roundTab_9
soccerbase,820728,2021-09-02,World Cup,2022,Europe (Qualifying): I,Qualifying Group 9 Matches and results,Poland,Albania,Poland,Albania,1,72632,J Bednarek,yellow,,lineup_bubble,https://www.soccerbase.com/tournaments/tournament_tab.sd?tourn_id=1764&tab_id=2167&roundTab=roundTab_9
soccerbase,820728,2021-09-02,World Cup,2022,Europe (Qualifying): I,Qualifying Group 9 Matches and results,Poland,Albania,Albania,Poland,0,99843,K Bare,yellow,,lineup_bubble,https://www.soccerbase.com/tournaments/tournament_tab.sd?tourn_id=1764&tab_id=2167&roundTab=roundTab_9
soccerbase,820728,2021-09-02,World Cup,2022,Europe (Qualifying): I,Qualifying Group 9 Matches and results,Poland,Albania,Albania,Poland,0,81604,K Gjasula,yellow,,lineup_bubble,https://www.soccerbase.com/tournaments/tournament_tab.sd?tourn_id=1764&tab_id=2167&roundTab=roundTab_9
soccerbase,820728,2021-09-02,World Cup,2022,Europe (Qualifying): I,Qualifying Group 9 Matches and results,Poland,Albania,Albania,Poland,0,57787,A Abrashi,yellow,,lineup_bubble,https://www.soccerbase.com/tournaments/tournament_tab.sd?tourn_id=1764&tab_id=2167&roundTab=roundTab_9
soccerbase,820728,2021-09-02,World Cup,2022,Europe (Qualifying): I,Qualifying Group 9 Matches and results,Poland,Albania,Albania,Poland,0,69625,E Hysaj,yellow,,lineup_bubble,https://www.soccerbase.com/tournaments/tournament_tab.sd?tourn_id=1764&tab_id=2167&roundTab=roundTab_9
soccerbase,820728,2021-09-02,World Cup,2022,Europe (Qualifying): I,Qualifying Group 9 Matches and results,Poland,Albania,Albania,Poland,0,87646,R Manaj,yellow,,lineup_bubble,https://www.soccerbase.com/tournaments/tournament_tab.sd?tourn_id=1764&tab_id=2167&roundTab=roundTab_9
soccerbase,820712,2021-03-31,World Cup,2022,Europe (Qualifying): I,Qualifying Group 9 Matches and results,Andorra,Hungary,Andorra,Hungary,1,22104,M Pujol,yellow,,lineup_bubble,https://www.soccerbase.com/tournaments/tournament_tab.sd?tourn_id=1764&tab_id=2167&roundTab=roundTab_9
soccerbase,820712,2021-03-31,World Cup,2022,Europe (Qualifying): I,Qualifying Group 9 Matches and results,Andorra,Hungary,Andorra,Hungary,1,126484,A Alavedra,yellow,,lineup_bubble,https://www.soccerbase.com/tournaments/tournament_tab.sd?tourn_id=1764&tab_id=2167&roundTab=roundTab_9
soccerbase,820712,2021-03-31,World Cup,2022,Europe (Qualifying): I,Qualifying Group 9 Matches and results,Andorra,Hungary,Andorra,Hungary,1,67278,M San Nicolas,yellow,,lineup_bubble,https://www.soccerbase.com/tournaments/tournament_tab.sd?tourn_id=1764&tab_id=2167&roundTab=roundTab_9
soccerbase,820712,2021-03-31,World Cup,2022,Europe (Qualifying): I,Qualifying Group 9 Matches and results,Andorra,Hungary,Andorra,Hungary,1,51600,M Vales,yellow,,lineup_bubble,https://www.soccerbase.com/tournaments/tournament_tab.sd?tourn_id=1764&tab_id=2167&roundTab=roundTab_9
soccerbase,820712,2021-03-31,World Cup,2022,Europe (Qualifying): I,Qualifying Group 9 Matches and results,Andorra,Hungary,Hungary,Andorra,0,88675,S Hangya,yellow,,lineup_bubble,https://www.soccerbase.com/tournaments/tournament_tab.sd?tourn_id=1764&tab_id=2167&roundTab=roundTab_9
soccerbase,820712,2021-03-31,World Cup,2022,Europe (Qualifying): I,Qualifying Group 9 Matches and results,Andorra,Hungary,Hungary,Andorra,0,86535,A Nagy,yellow,,lineup_bubble,https://www.soccerbase.com/tournaments/tournament_tab.sd?tourn_id=1764&tab_id=2167&roundTab=roundTab_9
soccerbase,820715,2021-03-31,World Cup,2022,Europe (Qualifying): I,Qualifying Group 9 Matches and results,England,Poland,Poland,England,0,60984,A Milik,yellow,,lineup_bubble,https://www.soccerbase.com/tournaments/tournament_tab.sd?tourn_id=1764&tab_id=2167&roundTab=roundTab_9
soccerbase,820717,2021-03-31,World Cup,2022,Europe (Qualifying): I,Qualifying Group 9 Matches and results,San Marino,Albania,San Marino,Albania,1,44778,D Simoncini,yellow,,lineup_bubble,https://www.soccerbase.com/tournaments/tournament_tab.sd?tourn_id=1764&tab_id=2167&roundTab=roundTab_9
soccerbase,820717,2021-03-31,World Cup,2022,Europe (Qualifying): I,Qualifying Group 9 Matches and results,San Marino,Albania,San Marino,Albania,1,117085,M Mularoni,yellow,,lineup_bubble,https://www.soccerbase.com/tournaments/tournament_tab.sd?tourn_id=1764&tab_id=2167&roundTab=roundTab_9
soccerbase,820672,2021-03-28,World Cup,2022,Europe (Qualifying): I,Qualifying Group 9 Matches and results,Albania,England,Albania,England,1,69625,E Hysaj,yellow,,lineup_bubble,https://www.soccerbase.com/tournaments/tournament_tab.sd?tourn_id=1764&tab_id=2167&roundTab=roundTab_9
soccerbase,820672,2021-03-28,World Cup,2022,Europe (Qualifying): I,Qualifying Group 9 Matches and results,Albania,England,Albania,England,1,99843,K Bare,yellow,,lineup_bubble,https://www.soccerbase.com/tournaments/tournament_tab.sd?tourn_id=1764&tab_id=2167&roundTab=roundTab_9
soccerbase,820672,2021-03-28,World Cup,2022,Europe (Qualifying): I,Qualifying Group 9 Matches and results,Albania,England,Albania,England,1,81604,K Gjasula,yellow,,lineup_bubble,https://www.soccerbase.com/tournaments/tournament_tab.sd?tourn_id=1764&tab_id=2167&roundTab=roundTab_9
soccerbase,820672,2021-03-28,World Cup,2022,Europe (Qualifying): I,Qualifying Group 9 Matches and results,Albania,England,England,Albania,0,50562,K Walker,yellow,,lineup_bubble,https://www.soccerbase.com/tournaments/tournament_tab.sd?tourn_id=1764&tab_id=2167&roundTab=roundTab_9
soccerbase,820672,2021-03-28,World Cup,2022,Europe (Qualifying): I,Qualifying Group 9 Matches and results,Albania,England,England,Albania,0,52657,H Kane,yellow,,lineup_bubble,https://www.soccerbase.com/tournaments/tournament_tab.sd?tourn_id=1764&tab_id=2167&roundTab=roundTab_9
soccerbase,820687,2021-03-28,World Cup,2022,Europe (Qualifying): I,Qualifying Group 9 Matches and results,Poland,Andorra,Andorra,Poland,0,136376,C Garcia,yellow,,lineup_bubble,https://www.soccerbase.com/tournaments/tournament_tab.sd?tourn_id=1764&tab_id=2167&roundTab=roundTab_9
soccerbase,820687,2021-03-28,World Cup,2022,Europe (Qualifying): I,Qualifying Group 9 Matches and results,Poland,Andorra,Andorra,Poland,0,96476,J Alaez,yellow,,lineup_bubble,https://www.soccerbase.com/tournaments/tournament_tab.sd?tourn_id=1764&tab_id=2167&roundTab=roundTab_9
soccerbase,820689,2021-03-28,World Cup,2022,Europe (Qualifying): I,Qualifying Group 9 Matches and results,San Marino,Hungary,San Marino,Hungary,1,138719,F Fabbri,yellow,,lineup_bubble,https://www.soccerbase.com/tournaments/tournament_tab.sd?tourn_id=1764&tab_id=2167&roundTab=roundTab_9
soccerbase,820689,2021-03-28,World Cup,2022,Europe (Qualifying): I,Qualifying Group 9 Matches and results,San Marino,Hungary,San Marino,Hungary,1,133175,D Rossi,yellow,,lineup_bubble,https://www.soccerbase.com/tournaments/tournament_tab.sd?tourn_id=1764&tab_id=2167&roundTab=roundTab_9
soccerbase,820689,2021-03-28,World Cup,2022,Europe (Qualifying): I,Qualifying Group 9 Matches and results,San Marino,Hungary,San Marino,Hungary,1,73089,M Battistini,yellow,,lineup_bubble,https://www.soccerbase.com/tournaments/tournament_tab.sd?tourn_id=1764&tab_id=2167&roundTab=roundTab_9
soccerbase,820689,2021-03-28,World Cup,2022,Europe (Qualifying): I,Qualifying Group 9 Matches and results,San Marino,Hungary,San Marino,Hungary,1,101888,L Lunadei,yellow,,lineup_bubble,https://www.soccerbase.com/tournaments/tournament_tab.sd?tourn_id=1764&tab_id=2167&roundTab=roundTab_9
soccerbase,820689,2021-03-28,World Cup,2022,Europe (Qualifying): I,Qualifying Group 9 Matches and results,San Marino,Hungary,Hungary,San Marino,0,78395,E Botka,yellow,,lineup_bubble,https://www.soccerbase.com/tournaments/tournament_tab.sd?tourn_id=1764&tab_id=2167&roundTab=roundTab_9
soccerbase,820689,2021-03-28,World Cup,2022,Europe (Qualifying): I,Qualifying Group 9 Matches and results,San Marino,Hungary,Hungary,San Marino,0,104629,T Cseri,yellow,,lineup_bubble,https://www.soccerbase.com/tournaments/tournament_tab.sd?tourn_id=1764&tab_id=2167&roundTab=roundTab_9
soccerbase,820651,2021-03-25,World Cup,2022,Europe (Qualifying): I,Qualifying Group 9 Matches and results,Andorra,Albania,Andorra,Albania,1,88331,Chus Rubio,yellow,,lineup_bubble,https://www.soccerbase.com/tournaments/tournament_tab.sd?tourn_id=1764&tab_id=2167&roundTab=roundTab_9
soccerbase,820651,2021-03-25,World Cup,2022,Europe (Qualifying): I,Qualifying Group 9 Matches and results,Andorra,Albania,Andorra,Albania,1,42395,M Vieira,yellow,,lineup_bubble,https://www.soccerbase.com/tournaments/tournament_tab.sd?tourn_id=1764&tab_id=2167&roundTab=roundTab_9
soccerbase,820651,2021-03-25,World Cup,2022,Europe (Qualifying): I,Qualifying Group 9 Matches and results,Andorra,Albania,Andorra,Albania,1,83180,M Rebes,yellow,,lineup_bubble,https://www.soccerbase.com/tournaments/tournament_tab.sd?tourn_id=1764&tab_id=2167&roundTab=roundTab_9
soccerbase,820651,2021-03-25,World Cup,2022,Europe (Qualifying): I,Qualifying Group 9 Matches and results,Andorra,Albania,Albania,Andorra,0,62943,B Djimsiti,yellow,,lineup_bubble,https://www.soccerbase.com/tournaments/tournament_tab.sd?tourn_id=1764&tab_id=2167&roundTab=roundTab_9
soccerbase,820651,2021-03-25,World Cup,2022,Europe (Qualifying): I,Qualifying Group 9 Matches and results,Andorra,Albania,Albania,Andorra,0,79188,L Memushaj,yellow,,lineup_bubble,https://www.soccerbase.com/tournaments/tournament_tab.sd?tourn_id=1764&tab_id=2167&roundTab=roundTab_9
soccerbase,820651,2021-03-25,World Cup,2022,Europe (Qualifying): I,Qualifying Group 9 Matches and results,Andorra,Albania,Albania,Andorra,0,81604,K Gjasula,yellow,,lineup_bubble,https://www.soccerbase.com/tournaments/tournament_tab.sd?tourn_id=1764&tab_id=2167&roundTab=roundTab_9
soccerbase,820651,2021-03-25,World Cup,2022,Europe (Qualifying): I,Qualifying Group 9 Matches and results,Andorra,Albania,Albania,Andorra,0,77826,S Cikalleshi,yellow,,lineup_bubble,https://www.soccerbase.com/tournaments/tournament_tab.sd?tourn_id=1764&tab_id=2167&roundTab=roundTab_9
soccerbase,820651,2021-03-25,World Cup,2022,Europe (Qualifying): I,Qualifying Group 9 Matches and results,Andorra,Albania,Albania,Andorra,0,87646,R Manaj,yellow,,lineup_bubble,https://www.soccerbase.com/tournaments/tournament_tab.sd?tourn_id=1764&tab_id=2167&roundTab=roundTab_9
soccerbase,820652,2021-03-25,World Cup,2022,Europe (Qualifying): I,Qualifying Group 9 Matches and results,England,San Marino,England,San Marino,1,69420,T Mings,yellow,,lineup_bubble,https://www.soccerbase.com/tournaments/tournament_tab.sd?tourn_id=1764&tab_id=2167&roundTab=roundTab_9
soccerbase,820653,2021-03-25,World Cup,2022,Europe (Qualifying): I,Qualifying Group 9 Matches and results,Hungary,Poland,Hungary,Poland,1,72281,A Fiola,yellow,,lineup_bubble,https://www.soccerbase.com/tournaments/tournament_tab.sd?tourn_id=1764&tab_id=2167&roundTab=roundTab_9
soccerbase,820653,2021-03-25,World Cup,2022,Europe (Qualifying): I,Qualifying Group 9 Matches and results,Hungary,Poland,Hungary,Poland,1,72281,A Fiola,red,,lineup_bubble,https://www.soccerbase.com/tournaments/tournament_tab.sd?tourn_id=1764&tab_id=2167&roundTab=roundTab_9
soccerbase,820653,2021-03-25,World Cup,2022,Europe (Qualifying): I,Qualifying Group 9 Matches and results,Hungary,Poland,Hungary,Poland,1,91490,A Szalai,yellow,,lineup_bubble,https://www.soccerbase.com/tournaments/tournament_tab.sd?tourn_id=1764&tab_id=2167&roundTab=roundTab_9
soccerbase,820653,2021-03-25,World Cup,2022,Europe (Qualifying): I,Qualifying Group 9 Matches and results,Hungary,Poland,Hungary,Poland,1,76231,A Lang,yellow,,lineup_bubble,https://www.soccerbase.com/tournaments/tournament_tab.sd?tourn_id=1764&tab_id=2167&roundTab=roundTab_9
soccerbase,820653,2021-03-25,World Cup,2022,Europe (Qualifying): I,Qualifying Group 9 Matches and results,Hungary,Poland,Hungary,Poland,1,86535,A Nagy,yellow,,lineup_bubble,https://www.soccerbase.com/tournaments/tournament_tab.sd?tourn_id=1764&tab_id=2167&roundTab=roundTab_9
soccerbase,820653,2021-03-25,World Cup,2022,Europe (Qualifying): I,Qualifying Group 9 Matches and results,Hungary,Poland,Poland,Hungary,0,72505,M Helik,yellow,,lineup_bubble,https://www.soccerbase.com/tournaments/tournament_tab.sd?tourn_id=1764&tab_id=2167&roundTab=roundTab_9
soccerbase,820653,2021-03-25,World Cup,2022,Europe (Qualifying): I,Qualifying Group 9 Matches and results,Hungary,Poland,Poland,Hungary,0,56796,B Bereszynski,yellow,,lineup_bubble,https://www.soccerbase.com/tournaments/tournament_tab.sd?tourn_id=1764&tab_id=2167&roundTab=roundTab_9
soccerbase,820860,2021-11-14,World Cup,2022,Europe (Qualifying): J,Qualifying Group 10 Matches and results,Armenia,Germany,Armenia,Germany,1,70302,T Voskanyan,yellow,,lineup_bubble,https://www.soccerbase.com/tournaments/tournament_tab.sd?tourn_id=1764&tab_id=2167&roundTab=roundTab_10
soccerbase,820860,2021-11-14,World Cup,2022,Europe (Qualifying): J,Qualifying Group 10 Matches and results,Armenia,Germany,Germany,Armenia,0,97091,F Neuhaus,yellow,,lineup_bubble,https://www.soccerbase.com/tournaments/tournament_tab.sd?tourn_id=1764&tab_id=2167&roundTab=roundTab_10
soccerbase,820860,2021-11-14,World Cup,2022,Europe (Qualifying): J,Qualifying Group 10 Matches and results,Armenia,Germany,Germany,Armenia,0,63308,M Arnold,yellow,,lineup_bubble,https://www.soccerbase.com/tournaments/tournament_tab.sd?tourn_id=1764&tab_id=2167&roundTab=roundTab_10
soccerbase,820861,2021-11-14,World Cup,2022,Europe (Qualifying): J,Qualifying Group 10 Matches and results,Liechtenstein,Romania,Liechtenstein,Romania,1,125724,N Frommelt,yellow,,lineup_bubble,https://www.soccerbase.com/tournaments/tournament_tab.sd?tourn_id=1764&tab_id=2167&roundTab=roundTab_10
soccerbase,820861,2021-11-14,World Cup,2022,Europe (Qualifying): J,Qualifying Group 10 Matches and results,Liechtenstein,Romania,Liechtenstein,Romania,1,72271,S Sandro Wolfinger,yellow,,lineup_bubble,https://www.soccerbase.com/tournaments/tournament_tab.sd?tourn_id=1764&tab_id=2167&roundTab=roundTab_10
soccerbase,820861,2021-11-14,World Cup,2022,Europe (Qualifying): J,Qualifying Group 10 Matches and results,Liechtenstein,Romania,Liechtenstein,Romania,1,103099,L Meier,yellow,,lineup_bubble,https://www.soccerbase.com/tournaments/tournament_tab.sd?tourn_id=1764&tab_id=2167&roundTab=roundTab_10
soccerbase,820862,2021-11-14,World Cup,2022,Europe (Qualifying): J,Qualifying Group 10 Matches and results,N Macedonia,Iceland,N Macedonia,Iceland,1,74209,S Dimitrievski,yellow,,lineup_bubble,https://www.soccerbase.com/tournaments/tournament_tab.sd?tourn_id=1764&tab_id=2167&roundTab=roundTab_10
soccerbase,820862,2021-11-14,World Cup,2022,Europe (Qualifying): J,Qualifying Group 10 Matches and results,N Macedonia,Iceland,N Macedonia,Iceland,1,59656,S Ristovski,yellow,,lineup_bubble,https://www.soccerbase.com/tournaments/tournament_tab.sd?tourn_id=1764&tab_id=2167&roundTab=roundTab_10
soccerbase,820862,2021-11-14,World Cup,2022,Europe (Qualifying): J,Qualifying Group 10 Matches and results,N Macedonia,Iceland,N Macedonia,Iceland,1,103185,T Kostadinov,yellow,,lineup_bubble,https://www.soccerbase.com/tournaments/tournament_tab.sd?tourn_id=1764&tab_id=2167&roundTab=roundTab_10
soccerbase,820862,2021-11-14,World Cup,2022,Europe (Qualifying): J,Qualifying Group 10 Matches and results,N Macedonia,Iceland,N Macedonia,Iceland,1,103006,E Elmas,yellow,,lineup_bubble,https://www.soccerbase.com/tournaments/tournament_tab.sd?tourn_id=1764&tab_id=2167&roundTab=roundTab_10
soccerbase,820862,2021-11-14,World Cup,2022,Europe (Qualifying): J,Qualifying Group 10 Matches and results,N Macedonia,Iceland,N Macedonia,Iceland,1,114673,B Miovski,yellow,,lineup_bubble,https://www.soccerbase.com/tournaments/tournament_tab.sd?tourn_id=1764&tab_id=2167&roundTab=roundTab_10
soccerbase,820862,2021-11-14,World Cup,2022,Europe (Qualifying): J,Qualifying Group 10 Matches and results,N Macedonia,Iceland,Iceland,N Macedonia,0,128902,S Thordarson,yellow,,lineup_bubble,https://www.soccerbase.com/tournaments/tournament_tab.sd?tourn_id=1764&tab_id=2167&roundTab=roundTab_10
soccerbase,820862,2021-11-14,World Cup,2022,Europe (Qualifying): J,Qualifying Group 10 Matches and results,N Macedonia,Iceland,Iceland,N Macedonia,0,119155,I Johannesson,yellow,,lineup_bubble,https://www.soccerbase.com/tournaments/tournament_tab.sd?tourn_id=1764&tab_id=2167&roundTab=roundTab_10
soccerbase,820862,2021-11-14,World Cup,2022,Europe (Qualifying): J,Qualifying Group 10 Matches and results,N Macedonia,Iceland,Iceland,N Macedonia,0,119155,I Johannesson,red,,lineup_bubble,https://www.soccerbase.com/tournaments/tournament_tab.sd?tourn_id=1764&tab_id=2167&roundTab=roundTab_10
soccerbase,820862,2021-11-14,World Cup,2022,Europe (Qualifying): J,Qualifying Group 10 Matches and results,N Macedonia,Iceland,Iceland,N Macedonia,0,61529,B Bjarnason,yellow,,lineup_bubble,https://www.soccerbase.com/tournaments/tournament_tab.sd?tourn_id=1764&tab_id=2167&roundTab=roundTab_10
soccerbase,820862,2021-11-14,World Cup,2022,Europe (Qualifying): J,Qualifying Group 10 Matches and results,N Macedonia,Iceland,Iceland,N Macedonia,0,115752,S Gudjohnsen,yellow,,lineup_bubble,https://www.soccerbase.com/tournaments/tournament_tab.sd?tourn_id=1764&tab_id=2167&roundTab=roundTab_10
soccerbase,820819,2021-11-11,World Cup,2022,Europe (Qualifying): J,Qualifying Group 10 Matches and results,Armenia,N Macedonia,N Macedonia,Armenia,0,103185,T Kostadinov,yellow,,lineup_bubble,https://www.soccerbase.com/tournaments/tournament_tab.sd?tourn_id=1764&tab_id=2167&roundTab=roundTab_10
soccerbase,820828,2021-11-11,World Cup,2022,Europe (Qualifying): J,Qualifying Group 10 Matches and results,Germany,Liechtenstein,Germany,Liechtenstein,1,63478,A Rudiger,yellow,,lineup_bubble,https://www.soccerbase.com/tournaments/tournament_tab.sd?tourn_id=1764&tab_id=2167&roundTab=roundTab_10
soccerbase,820828,2021-11-11,World Cup,2022,Europe (Qualifying): J,Qualifying Group 10 Matches and results,Germany,Liechtenstein,Liechtenstein,Germany,0,101866,J Hofer,red,,lineup_bubble,https://www.soccerbase.com/tournaments/tournament_tab.sd?tourn_id=1764&tab_id=2167&roundTab=roundTab_10
soccerbase,820829,2021-11-11,World Cup,2022,Europe (Qualifying): J,Qualifying Group 10 Matches and results,Romania,Iceland,Romania,Iceland,1,119624,A Ratiu,yellow,,lineup_bubble,https://www.soccerbase.com/tournaments/tournament_tab.sd?tourn_id=1764&tab_id=2167&roundTab=roundTab_10
soccerbase,820829,2021-11-11,World Cup,2022,Europe (Qualifying): J,Qualifying Group 10 Matches and results,Romania,Iceland,Iceland,Romania,0,119155,I Johannesson,yellow,,lineup_bubble,https://www.soccerbase.com/tournaments/tournament_tab.sd?tourn_id=1764&tab_id=2167&roundTab=roundTab_10
soccerbase,820790,2021-10-11,World Cup,2022,Europe (Qualifying): J,Qualifying Group 10 Matches and results,Iceland,Liechtenstein,Liechtenstein,Iceland,0,138691,M Marxer,yellow,,lineup_bubble,https://www.soccerbase.com/tournaments/tournament_tab.sd?tourn_id=1764&tab_id=2167&roundTab=roundTab_10
soccerbase,820790,2021-10-11,World Cup,2022,Europe (Qualifying): J,Qualifying Group 10 Matches and results,Iceland,Liechtenstein,Liechtenstein,Iceland,0,138691,M Marxer,red,,lineup_bubble,https://www.soccerbase.com/tournaments/tournament_tab.sd?tourn_id=1764&tab_id=2167&roundTab=roundTab_10
soccerbase,820790,2021-10-11,World Cup,2022,Europe (Qualifying): J,Qualifying Group 10 Matches and results,Iceland,Liechtenstein,Liechtenstein,Iceland,0,125724,N Frommelt,yellow,,lineup_bubble,https://www.soccerbase.com/tournaments/tournament_tab.sd?tourn_id=1764&tab_id=2167&roundTab=roundTab_10
soccerbase,820791,2021-10-11,World Cup,2022,Europe (Qualifying): J,Qualifying Group 10 Matches and results,N Macedonia,Germany,N Macedonia,Germany,1,59656,S Ristovski,yellow,,lineup_bubble,https://www.soccerbase.com/tournaments/tournament_tab.sd?tourn_id=1764&tab_id=2167&roundTab=roundTab_10
soccerbase,820791,2021-10-11,World Cup,2022,Europe (Qualifying): J,Qualifying Group 10 Matches and results,N Macedonia,Germany,Germany,N Macedonia,0,96629,K Havertz,yellow,,lineup_bubble,https://www.soccerbase.com/tournaments/tournament_tab.sd?tourn_id=1764&tab_id=2167&roundTab=roundTab_10
soccerbase,820792,2021-10-11,World Cup,2022,Europe (Qualifying): J,Qualifying Group 10 Matches and results,Romania,Armenia,Romania,Armenia,1,90215,A Cicaldau,yellow,,lineup_bubble,https://www.soccerbase.com/tournaments/tournament_tab.sd?tourn_id=1764&tab_id=2167&roundTab=roundTab_10
soccerbase,820792,2021-10-11,World Cup,2022,Europe (Qualifying): J,Qualifying Group 10 Matches and results,Romania,Armenia,Romania,Armenia,1,108516,M Mihaila,yellow,,lineup_bubble,https://www.soccerbase.com/tournaments/tournament_tab.sd?tourn_id=1764&tab_id=2167&roundTab=roundTab_10
soccerbase,820792,2021-10-11,World Cup,2022,Europe (Qualifying): J,Qualifying Group 10 Matches and results,Romania,Armenia,Armenia,Romania,0,70302,T Voskanyan,yellow,,lineup_bubble,https://www.soccerbase.com/tournaments/tournament_tab.sd?tourn_id=1764&tab_id=2167&roundTab=roundTab_10
soccerbase,820792,2021-10-11,World Cup,2022,Europe (Qualifying): J,Qualifying Group 10 Matches and results,Romania,Armenia,Armenia,Romania,0,62655,Varaz Haroyan,yellow,,lineup_bubble,https://www.soccerbase.com/tournaments/tournament_tab.sd?tourn_id=1764&tab_id=2167&roundTab=roundTab_10
soccerbase,820792,2021-10-11,World Cup,2022,Europe (Qualifying): J,Qualifying Group 10 Matches and results,Romania,Armenia,Armenia,Romania,0,70324,S Adamyan,yellow,,lineup_bubble,https://www.soccerbase.com/tournaments/tournament_tab.sd?tourn_id=1764&tab_id=2167&roundTab=roundTab_10
soccerbase,820792,2021-10-11,World Cup,2022,Europe (Qualifying): J,Qualifying Group 10 Matches and results,Romania,Armenia,Armenia,Romania,0,90629,T Barseghyan,yellow,,lineup_bubble,https://www.soccerbase.com/tournaments/tournament_tab.sd?tourn_id=1764&tab_id=2167&roundTab=roundTab_10
soccerbase,820792,2021-10-11,World Cup,2022,Europe (Qualifying): J,Qualifying Group 10 Matches and results,Romania,Armenia,Armenia,Romania,0,133945,E Spertsyan,yellow,,lineup_bubble,https://www.soccerbase.com/tournaments/tournament_tab.sd?tourn_id=1764&tab_id=2167&roundTab=roundTab_10
soccerbase,820816,2021-10-08,World Cup,2022,Europe (Qualifying): J,Qualifying Group 10 Matches and results,Germany,Romania,Germany,Romania,1,79372,T Kehrer,yellow,,lineup_bubble,https://www.soccerbase.com/tournaments/tournament_tab.sd?tourn_id=1764&tab_id=2167&roundTab=roundTab_10
soccerbase,820816,2021-10-08,World Cup,2022,Europe (Qualifying): J,Qualifying Group 10 Matches and results,Germany,Romania,Romania,Germany,0,119624,A Ratiu,yellow,,lineup_bubble,https://www.soccerbase.com/tournaments/tournament_tab.sd?tourn_id=1764&tab_id=2167&roundTab=roundTab_10
soccerbase,820816,2021-10-08,World Cup,2022,Europe (Qualifying): J,Qualifying Group 10 Matches and results,Germany,Romania,Romania,Germany,0,72542,N Stanciu,yellow,,lineup_bubble,https://www.soccerbase.com/tournaments/tournament_tab.sd?tourn_id=1764&tab_id=2167&roundTab=roundTab_10
soccerbase,820816,2021-10-08,World Cup,2022,Europe (Qualifying): J,Qualifying Group 10 Matches and results,Germany,Romania,Romania,Germany,0,73404,G Puscas,yellow,,lineup_bubble,https://www.soccerbase.com/tournaments/tournament_tab.sd?tourn_id=1764&tab_id=2167&roundTab=roundTab_10
soccerbase,820820,2021-10-08,World Cup,2022,Europe (Qualifying): J,Qualifying Group 10 Matches and results,Iceland,Armenia,Iceland,Armenia,1,49127,B Saevarsson,yellow,,lineup_bubble,https://www.soccerbase.com/tournaments/tournament_tab.sd?tourn_id=1764&tab_id=2167&roundTab=roundTab_10
soccerbase,820820,2021-10-08,World Cup,2022,Europe (Qualifying): J,Qualifying Group 10 Matches and results,Iceland,Armenia,Iceland,Armenia,1,47990,A Skulason,yellow,,lineup_bubble,https://www.soccerbase.com/tournaments/tournament_tab.sd?tourn_id=1764&tab_id=2167&roundTab=roundTab_10
soccerbase,820820,2021-10-08,World Cup,2022,Europe (Qualifying): J,Qualifying Group 10 Matches and results,Iceland,Armenia,Iceland,Armenia,1,119155,I Johannesson,yellow,,lineup_bubble,https://www.soccerbase.com/tournaments/tournament_tab.sd?tourn_id=1764&tab_id=2167&roundTab=roundTab_10
soccerbase,820820,2021-10-08,World Cup,2022,Europe (Qualifying): J,Qualifying Group 10 Matches and results,Iceland,Armenia,Armenia,Iceland,0,133945,E Spertsyan,yellow,,lineup_bubble,https://www.soccerbase.com/tournaments/tournament_tab.sd?tourn_id=1764&tab_id=2167&roundTab=roundTab_10
soccerbase,820821,2021-10-08,World Cup,2022,Europe (Qualifying): J,Qualifying Group 10 Matches and results,Liechtenstein,N Macedonia,Liechtenstein,N Macedonia,1,58820,D Kaufmann,yellow,,lineup_bubble,https://www.soccerbase.com/tournaments/tournament_tab.sd?tourn_id=1764&tab_id=2167&roundTab=roundTab_10
soccerbase,820821,2021-10-08,World Cup,2022,Europe (Qualifying): J,Qualifying Group 10 Matches and results,Liechtenstein,N Macedonia,Liechtenstein,N Macedonia,1,103009,F Fabio Wolfinger,yellow,,lineup_bubble,https://www.soccerbase.com/tournaments/tournament_tab.sd?tourn_id=1764&tab_id=2167&roundTab=roundTab_10
soccerbase,820821,2021-10-08,World Cup,2022,Europe (Qualifying): J,Qualifying Group 10 Matches and results,Liechtenstein,N Macedonia,N Macedonia,Liechtenstein,0,115328,M Ristovski,yellow,,lineup_bubble,https://www.soccerbase.com/tournaments/tournament_tab.sd?tourn_id=1764&tab_id=2167&roundTab=roundTab_10
soccerbase,820751,2021-09-08,World Cup,2022,Europe (Qualifying): J,Qualifying Group 10 Matches and results,Armenia,Liechtenstein,Liechtenstein,Armenia,0,58820,D Kaufmann,yellow,,lineup_bubble,https://www.soccerbase.com/tournaments/tournament_tab.sd?tourn_id=1764&tab_id=2167&roundTab=roundTab_10
soccerbase,820751,2021-09-08,World Cup,2022,Europe (Qualifying): J,Qualifying Group 10 Matches and results,Armenia,Liechtenstein,Liechtenstein,Armenia,0,97342,A Sele,yellow,,lineup_bubble,https://www.soccerbase.com/tournaments/tournament_tab.sd?tourn_id=1764&tab_id=2167&roundTab=roundTab_10
soccerbase,820751,2021-09-08,World Cup,2022,Europe (Qualifying): J,Qualifying Group 10 Matches and results,Armenia,Liechtenstein,Liechtenstein,Armenia,0,125724,N Frommelt,yellow,,lineup_bubble,https://www.soccerbase.com/tournaments/tournament_tab.sd?tourn_id=1764&tab_id=2167&roundTab=roundTab_10
soccerbase,820768,2021-09-08,World Cup,2022,Europe (Qualifying): J,Qualifying Group 10 Matches and results,Iceland,Germany,Iceland,Germany,1,50889,V Palsson,yellow,,lineup_bubble,https://www.soccerbase.com/tournaments/tournament_tab.sd?tourn_id=1764&tab_id=2167&roundTab=roundTab_10
soccerbase,820768,2021-09-08,World Cup,2022,Europe (Qualifying): J,Qualifying Group 10 Matches and results,Iceland,Germany,Iceland,Germany,1,61529,B Bjarnason,yellow,,lineup_bubble,https://www.soccerbase.com/tournaments/tournament_tab.sd?tourn_id=1764&tab_id=2167&roundTab=roundTab_10
soccerbase,820769,2021-09-08,World Cup,2022,Europe (Qualifying): J,Qualifying Group 10 Matches and results,N Macedonia,Romania,N Macedonia,Romania,1,103134,V Musliu,yellow,,lineup_bubble,https://www.soccerbase.com/tournaments/tournament_tab.sd?tourn_id=1764&tab_id=2167&roundTab=roundTab_10
soccerbase,820769,2021-09-08,World Cup,2022,Europe (Qualifying): J,Qualifying Group 10 Matches and results,N Macedonia,Romania,N Macedonia,Romania,1,103185,T Kostadinov,yellow,,lineup_bubble,https://www.soccerbase.com/tournaments/tournament_tab.sd?tourn_id=1764&tab_id=2167&roundTab=roundTab_10
soccerbase,820769,2021-09-08,World Cup,2022,Europe (Qualifying): J,Qualifying Group 10 Matches and results,N Macedonia,Romania,N Macedonia,Romania,1,115328,M Ristovski,yellow,,lineup_bubble,https://www.soccerbase.com/tournaments/tournament_tab.sd?tourn_id=1764&tab_id=2167&roundTab=roundTab_10
soccerbase,820769,2021-09-08,World Cup,2022,Europe (Qualifying): J,Qualifying Group 10 Matches and results,N Macedonia,Romania,Romania,N Macedonia,0,76724,D Nedelcu,yellow,,lineup_bubble,https://www.soccerbase.com/tournaments/tournament_tab.sd?tourn_id=1764&tab_id=2167&roundTab=roundTab_10
soccerbase,820786,2021-09-05,World Cup,2022,Europe (Qualifying): J,Qualifying Group 10 Matches and results,Germany,Armenia,Armenia,Germany,0,62655,Varaz Haroyan,yellow,,lineup_bubble,https://www.soccerbase.com/tournaments/tournament_tab.sd?tourn_id=1764&tab_id=2167&roundTab=roundTab_10
soccerbase,820774,2021-09-05,World Cup,2022,Europe (Qualifying): J,Qualifying Group 10 Matches and results,Iceland,N Macedonia,Iceland,N Macedonia,1,49127,B Saevarsson,yellow,,lineup_bubble,https://www.soccerbase.com/tournaments/tournament_tab.sd?tourn_id=1764&tab_id=2167&roundTab=roundTab_10
soccerbase,820774,2021-09-05,World Cup,2022,Europe (Qualifying): J,Qualifying Group 10 Matches and results,Iceland,N Macedonia,Iceland,N Macedonia,1,100628,A Albert Gudmundsson,yellow,,lineup_bubble,https://www.soccerbase.com/tournaments/tournament_tab.sd?tourn_id=1764&tab_id=2167&roundTab=roundTab_10
soccerbase,820774,2021-09-05,World Cup,2022,Europe (Qualifying): J,Qualifying Group 10 Matches and results,Iceland,N Macedonia,N Macedonia,Iceland,0,59656,S Ristovski,yellow,,lineup_bubble,https://www.soccerbase.com/tournaments/tournament_tab.sd?tourn_id=1764&tab_id=2167&roundTab=roundTab_10
soccerbase,820774,2021-09-05,World Cup,2022,Europe (Qualifying): J,Qualifying Group 10 Matches and results,Iceland,N Macedonia,N Macedonia,Iceland,0,67955,A Jahovic,yellow,,lineup_bubble,https://www.soccerbase.com/tournaments/tournament_tab.sd?tourn_id=1764&tab_id=2167&roundTab=roundTab_10
soccerbase,820774,2021-09-05,World Cup,2022,Europe (Qualifying): J,Qualifying Group 10 Matches and results,Iceland,N Macedonia,N Macedonia,Iceland,0,67760,S Spirovski,yellow,,lineup_bubble,https://www.soccerbase.com/tournaments/tournament_tab.sd?tourn_id=1764&tab_id=2167&roundTab=roundTab_10
soccerbase,820789,2021-09-05,World Cup,2022,Europe (Qualifying): J,Qualifying Group 10 Matches and results,Romania,Liechtenstein,Liechtenstein,Romania,0,93112,M Goppel,yellow,,lineup_bubble,https://www.soccerbase.com/tournaments/tournament_tab.sd?tourn_id=1764&tab_id=2167&roundTab=roundTab_10
soccerbase,820729,2021-09-02,World Cup,2022,Europe (Qualifying): J,Qualifying Group 10 Matches and results,Iceland,Romania,Iceland,Romania,1,107092,J Thorsteinsson,yellow,,lineup_bubble,https://www.soccerbase.com/tournaments/tournament_tab.sd?tourn_id=1764&tab_id=2167&roundTab=roundTab_10
soccerbase,820729,2021-09-02,World Cup,2022,Europe (Qualifying): J,Qualifying Group 10 Matches and results,Iceland,Romania,Iceland,Romania,1,119155,I Johannesson,yellow,,lineup_bubble,https://www.soccerbase.com/tournaments/tournament_tab.sd?tourn_id=1764&tab_id=2167&roundTab=roundTab_10
soccerbase,820729,2021-09-02,World Cup,2022,Europe (Qualifying): J,Qualifying Group 10 Matches and results,Iceland,Romania,Romania,Iceland,0,71573,F Nita,yellow,,lineup_bubble,https://www.soccerbase.com/tournaments/tournament_tab.sd?tourn_id=1764&tab_id=2167&roundTab=roundTab_10
soccerbase,820729,2021-09-02,World Cup,2022,Europe (Qualifying): J,Qualifying Group 10 Matches and results,Iceland,Romania,Romania,Iceland,0,61918,V Chiriches,yellow,,lineup_bubble,https://www.soccerbase.com/tournaments/tournament_tab.sd?tourn_id=1764&tab_id=2167&roundTab=roundTab_10
soccerbase,820729,2021-09-02,World Cup,2022,Europe (Qualifying): J,Qualifying Group 10 Matches and results,Iceland,Romania,Romania,Iceland,0,79353,I Hagi,yellow,,lineup_bubble,https://www.soccerbase.com/tournaments/tournament_tab.sd?tourn_id=1764&tab_id=2167&roundTab=roundTab_10
soccerbase,820729,2021-09-02,World Cup,2022,Europe (Qualifying): J,Qualifying Group 10 Matches and results,Iceland,Romania,Romania,Iceland,0,76724,D Nedelcu,yellow,,lineup_bubble,https://www.soccerbase.com/tournaments/tournament_tab.sd?tourn_id=1764&tab_id=2167&roundTab=roundTab_10
soccerbase,820731,2021-09-02,World Cup,2022,Europe (Qualifying): J,Qualifying Group 10 Matches and results,N Macedonia,Armenia,N Macedonia,Armenia,1,103134,V Musliu,yellow,,lineup_bubble,https://www.soccerbase.com/tournaments/tournament_tab.sd?tourn_id=1764&tab_id=2167&roundTab=roundTab_10
soccerbase,820731,2021-09-02,World Cup,2022,Europe (Qualifying): J,Qualifying Group 10 Matches and results,N Macedonia,Armenia,N Macedonia,Armenia,1,103185,T Kostadinov,yellow,,lineup_bubble,https://www.soccerbase.com/tournaments/tournament_tab.sd?tourn_id=1764&tab_id=2167&roundTab=roundTab_10
soccerbase,820731,2021-09-02,World Cup,2022,Europe (Qualifying): J,Qualifying Group 10 Matches and results,N Macedonia,Armenia,Armenia,N Macedonia,0,67290,K Hovhannisyan,yellow,,lineup_bubble,https://www.soccerbase.com/tournaments/tournament_tab.sd?tourn_id=1764&tab_id=2167&roundTab=roundTab_10
soccerbase,820731,2021-09-02,World Cup,2022,Europe (Qualifying): J,Qualifying Group 10 Matches and results,N Macedonia,Armenia,Armenia,N Macedonia,0,70302,T Voskanyan,yellow,,lineup_bubble,https://www.soccerbase.com/tournaments/tournament_tab.sd?tourn_id=1764&tab_id=2167&roundTab=roundTab_10
soccerbase,820731,2021-09-02,World Cup,2022,Europe (Qualifying): J,Qualifying Group 10 Matches and results,N Macedonia,Armenia,Armenia,N Macedonia,0,54851,H Mkhitaryan,yellow,,lineup_bubble,https://www.soccerbase.com/tournaments/tournament_tab.sd?tourn_id=1764&tab_id=2167&roundTab=roundTab_10
soccerbase,820692,2021-03-31,World Cup,2022,Europe (Qualifying): J,Qualifying Group 10 Matches and results,Armenia,Romania,Armenia,Romania,1,62655,Varaz Haroyan,yellow,,lineup_bubble,https://www.soccerbase.com/tournaments/tournament_tab.sd?tourn_id=1764&tab_id=2167&roundTab=roundTab_10
soccerbase,820692,2021-03-31,World Cup,2022,Europe (Qualifying): J,Qualifying Group 10 Matches and results,Armenia,Romania,Armenia,Romania,1,66915,K Bayramyan,yellow,,lineup_bubble,https://www.soccerbase.com/tournaments/tournament_tab.sd?tourn_id=1764&tab_id=2167&roundTab=roundTab_10
soccerbase,820692,2021-03-31,World Cup,2022,Europe (Qualifying): J,Qualifying Group 10 Matches and results,Armenia,Romania,Armenia,Romania,1,90629,T Barseghyan,yellow,,lineup_bubble,https://www.soccerbase.com/tournaments/tournament_tab.sd?tourn_id=1764&tab_id=2167&roundTab=roundTab_10
soccerbase,820692,2021-03-31,World Cup,2022,Europe (Qualifying): J,Qualifying Group 10 Matches and results,Armenia,Romania,Romania,Armenia,0,76549,N Bancu,yellow,,lineup_bubble,https://www.soccerbase.com/tournaments/tournament_tab.sd?tourn_id=1764&tab_id=2167&roundTab=roundTab_10
soccerbase,820692,2021-03-31,World Cup,2022,Europe (Qualifying): J,Qualifying Group 10 Matches and results,Armenia,Romania,Romania,Armenia,0,105485,V Mogos,yellow,,lineup_bubble,https://www.soccerbase.com/tournaments/tournament_tab.sd?tourn_id=1764&tab_id=2167&roundTab=roundTab_10
soccerbase,820692,2021-03-31,World Cup,2022,Europe (Qualifying): J,Qualifying Group 10 Matches and results,Armenia,Romania,Romania,Armenia,0,67294,A Maxim,yellow,,lineup_bubble,https://www.soccerbase.com/tournaments/tournament_tab.sd?tourn_id=1764&tab_id=2167&roundTab=roundTab_10
soccerbase,820692,2021-03-31,World Cup,2022,Europe (Qualifying): J,Qualifying Group 10 Matches and results,Armenia,Romania,Romania,Armenia,0,73404,G Puscas,yellow,,lineup_bubble,https://www.soccerbase.com/tournaments/tournament_tab.sd?tourn_id=1764&tab_id=2167&roundTab=roundTab_10
soccerbase,820692,2021-03-31,World Cup,2022,Europe (Qualifying): J,Qualifying Group 10 Matches and results,Armenia,Romania,Romania,Armenia,0,73404,G Puscas,red,,lineup_bubble,https://www.soccerbase.com/tournaments/tournament_tab.sd?tourn_id=1764&tab_id=2167&roundTab=roundTab_10
soccerbase,820718,2021-03-31,World Cup,2022,Europe (Qualifying): J,Qualifying Group 10 Matches and results,Germany,N Macedonia,Germany,N Macedonia,1,130023,J Musiala,yellow,,lineup_bubble,https://www.soccerbase.com/tournaments/tournament_tab.sd?tourn_id=1764&tab_id=2167&roundTab=roundTab_10
soccerbase,820718,2021-03-31,World Cup,2022,Europe (Qualifying): J,Qualifying Group 10 Matches and results,Germany,N Macedonia,Germany,N Macedonia,1,63478,A Rudiger,yellow,,lineup_bubble,https://www.soccerbase.com/tournaments/tournament_tab.sd?tourn_id=1764&tab_id=2167&roundTab=roundTab_10
soccerbase,820718,2021-03-31,World Cup,2022,Europe (Qualifying): J,Qualifying Group 10 Matches and results,Germany,N Macedonia,Germany,N Macedonia,1,64176,E Can,yellow,,lineup_bubble,https://www.soccerbase.com/tournaments/tournament_tab.sd?tourn_id=1764&tab_id=2167&roundTab=roundTab_10
soccerbase,820718,2021-03-31,World Cup,2022,Europe (Qualifying): J,Qualifying Group 10 Matches and results,Germany,N Macedonia,Germany,N Macedonia,1,77042,R Gosens,yellow,,lineup_bubble,https://www.soccerbase.com/tournaments/tournament_tab.sd?tourn_id=1764&tab_id=2167&roundTab=roundTab_10
soccerbase,820718,2021-03-31,World Cup,2022,Europe (Qualifying): J,Qualifying Group 10 Matches and results,Germany,N Macedonia,Germany,N Macedonia,1,75435,L Sane,yellow,,lineup_bubble,https://www.soccerbase.com/tournaments/tournament_tab.sd?tourn_id=1764&tab_id=2167&roundTab=roundTab_10
soccerbase,820718,2021-03-31,World Cup,2022,Europe (Qualifying): J,Qualifying Group 10 Matches and results,Germany,N Macedonia,N Macedonia,Germany,0,77862,D Darko Velkovski,yellow,,lineup_bubble,https://www.soccerbase.com/tournaments/tournament_tab.sd?tourn_id=1764&tab_id=2167&roundTab=roundTab_10
soccerbase,820718,2021-03-31,World Cup,2022,Europe (Qualifying): J,Qualifying Group 10 Matches and results,Germany,N Macedonia,N Macedonia,Germany,0,103006,E Elmas,yellow,,lineup_bubble,https://www.soccerbase.com/tournaments/tournament_tab.sd?tourn_id=1764&tab_id=2167&roundTab=roundTab_10
soccerbase,820718,2021-03-31,World Cup,2022,Europe (Qualifying): J,Qualifying Group 10 Matches and results,Germany,N Macedonia,N Macedonia,Germany,0,24907,G Pandev,yellow,,lineup_bubble,https://www.soccerbase.com/tournaments/tournament_tab.sd?tourn_id=1764&tab_id=2167&roundTab=roundTab_10
soccerbase,820674,2021-03-28,World Cup,2022,Europe (Qualifying): J,Qualifying Group 10 Matches and results,Armenia,Iceland,Armenia,Iceland,1,62655,Varaz Haroyan,yellow,,lineup_bubble,https://www.soccerbase.com/tournaments/tournament_tab.sd?tourn_id=1764&tab_id=2167&roundTab=roundTab_10
soccerbase,820674,2021-03-28,World Cup,2022,Europe (Qualifying): J,Qualifying Group 10 Matches and results,Armenia,Iceland,Armenia,Iceland,1,90629,T Barseghyan,yellow,,lineup_bubble,https://www.soccerbase.com/tournaments/tournament_tab.sd?tourn_id=1764&tab_id=2167&roundTab=roundTab_10
soccerbase,820674,2021-03-28,World Cup,2022,Europe (Qualifying): J,Qualifying Group 10 Matches and results,Armenia,Iceland,Iceland,Armenia,0,75366,S Ingason,yellow,,lineup_bubble,https://www.soccerbase.com/tournaments/tournament_tab.sd?tourn_id=1764&tab_id=2167&roundTab=roundTab_10
soccerbase,820674,2021-03-28,World Cup,2022,Europe (Qualifying): J,Qualifying Group 10 Matches and results,Armenia,Iceland,Iceland,Armenia,0,47990,A Skulason,yellow,,lineup_bubble,https://www.soccerbase.com/tournaments/tournament_tab.sd?tourn_id=1764&tab_id=2167&roundTab=roundTab_10
soccerbase,820674,2021-03-28,World Cup,2022,Europe (Qualifying): J,Qualifying Group 10 Matches and results,Armenia,Iceland,Iceland,Armenia,0,100628,A Albert Gudmundsson,yellow,,lineup_bubble,https://www.soccerbase.com/tournaments/tournament_tab.sd?tourn_id=1764&tab_id=2167&roundTab=roundTab_10
soccerbase,820690,2021-03-28,World Cup,2022,Europe (Qualifying): J,Qualifying Group 10 Matches and results,N Macedonia,Liechtenstein,N Macedonia,Liechtenstein,1,77863,M Radeski,yellow,,lineup_bubble,https://www.soccerbase.com/tournaments/tournament_tab.sd?tourn_id=1764&tab_id=2167&roundTab=roundTab_10
soccerbase,820690,2021-03-28,World Cup,2022,Europe (Qualifying): J,Qualifying Group 10 Matches and results,N Macedonia,Liechtenstein,Liechtenstein,N Macedonia,0,82678,A Malin,yellow,,lineup_bubble,https://www.soccerbase.com/tournaments/tournament_tab.sd?tourn_id=1764&tab_id=2167&roundTab=roundTab_10
soccerbase,820690,2021-03-28,World Cup,2022,Europe (Qualifying): J,Qualifying Group 10 Matches and results,N Macedonia,Liechtenstein,Liechtenstein,N Macedonia,0,72271,S Sandro Wolfinger,yellow,,lineup_bubble,https://www.soccerbase.com/tournaments/tournament_tab.sd?tourn_id=1764&tab_id=2167&roundTab=roundTab_10
soccerbase,820690,2021-03-28,World Cup,2022,Europe (Qualifying): J,Qualifying Group 10 Matches and results,N Macedonia,Liechtenstein,Liechtenstein,N Macedonia,0,120589,A Marxer,yellow,,lineup_bubble,https://www.soccerbase.com/tournaments/tournament_tab.sd?tourn_id=1764&tab_id=2167&roundTab=roundTab_10
soccerbase,820690,2021-03-28,World Cup,2022,Europe (Qualifying): J,Qualifying Group 10 Matches and results,N Macedonia,Liechtenstein,Liechtenstein,N Macedonia,0,125724,N Frommelt,yellow,,lineup_bubble,https://www.soccerbase.com/tournaments/tournament_tab.sd?tourn_id=1764&tab_id=2167&roundTab=roundTab_10
soccerbase,820690,2021-03-28,World Cup,2022,Europe (Qualifying): J,Qualifying Group 10 Matches and results,N Macedonia,Liechtenstein,Liechtenstein,N Macedonia,0,103009,F Fabio Wolfinger,yellow,,lineup_bubble,https://www.soccerbase.com/tournaments/tournament_tab.sd?tourn_id=1764&tab_id=2167&roundTab=roundTab_10
soccerbase,820691,2021-03-28,World Cup,2022,Europe (Qualifying): J,Qualifying Group 10 Matches and results,Romania,Germany,Romania,Germany,1,85174,O Popescu,yellow,,lineup_bubble,https://www.soccerbase.com/tournaments/tournament_tab.sd?tourn_id=1764&tab_id=2167&roundTab=roundTab_10
soccerbase,820691,2021-03-28,World Cup,2022,Europe (Qualifying): J,Qualifying Group 10 Matches and results,Romania,Germany,Germany,Romania,0,81586,J Kimmich,yellow,,lineup_bubble,https://www.soccerbase.com/tournaments/tournament_tab.sd?tourn_id=1764&tab_id=2167&roundTab=roundTab_10
soccerbase,820654,2021-03-25,World Cup,2022,Europe (Qualifying): J,Qualifying Group 10 Matches and results,Germany,Iceland,Germany,Iceland,1,96629,K Havertz,yellow,,lineup_bubble,https://www.soccerbase.com/tournaments/tournament_tab.sd?tourn_id=1764&tab_id=2167&roundTab=roundTab_10
soccerbase,820654,2021-03-25,World Cup,2022,Europe (Qualifying): J,Qualifying Group 10 Matches and results,Germany,Iceland,Iceland,Germany,0,32663,K Arnason,yellow,,lineup_bubble,https://www.soccerbase.com/tournaments/tournament_tab.sd?tourn_id=1764&tab_id=2167&roundTab=roundTab_10
soccerbase,820654,2021-03-25,World Cup,2022,Europe (Qualifying): J,Qualifying Group 10 Matches and results,Germany,Iceland,Iceland,Germany,0,100628,A Albert Gudmundsson,yellow,,lineup_bubble,https://www.soccerbase.com/tournaments/tournament_tab.sd?tourn_id=1764&tab_id=2167&roundTab=roundTab_10
soccerbase,820655,2021-03-25,World Cup,2022,Europe (Qualifying): J,Qualifying Group 10 Matches and results,Liechtenstein,Armenia,Liechtenstein,Armenia,1,101866,J Hofer,yellow,,lineup_bubble,https://www.soccerbase.com/tournaments/tournament_tab.sd?tourn_id=1764&tab_id=2167&roundTab=roundTab_10
soccerbase,820655,2021-03-25,World Cup,2022,Europe (Qualifying): J,Qualifying Group 10 Matches and results,Liechtenstein,Armenia,Liechtenstein,Armenia,1,97142,Y Frick,yellow,,lineup_bubble,https://www.soccerbase.com/tournaments/tournament_tab.sd?tourn_id=1764&tab_id=2167&roundTab=roundTab_10
soccerbase,820655,2021-03-25,World Cup,2022,Europe (Qualifying): J,Qualifying Group 10 Matches and results,Liechtenstein,Armenia,Armenia,Liechtenstein,0,56471,H Hambardzumyan,yellow,,lineup_bubble,https://www.soccerbase.com/tournaments/tournament_tab.sd?tourn_id=1764&tab_id=2167&roundTab=roundTab_10
soccerbase,820655,2021-03-25,World Cup,2022,Europe (Qualifying): J,Qualifying Group 10 Matches and results,Liechtenstein,Armenia,Armenia,Liechtenstein,0,66915,K Bayramyan,yellow,,lineup_bubble,https://www.soccerbase.com/tournaments/tournament_tab.sd?tourn_id=1764&tab_id=2167&roundTab=roundTab_10
soccerbase,820655,2021-03-25,World Cup,2022,Europe (Qualifying): J,Qualifying Group 10 Matches and results,Liechtenstein,Armenia,Armenia,Liechtenstein,0,70324,S Adamyan,yellow,,lineup_bubble,https://www.soccerbase.com/tournaments/tournament_tab.sd?tourn_id=1764&tab_id=2167&roundTab=roundTab_10
soccerbase,820656,2021-03-25,World Cup,2022,Europe (Qualifying): J,Qualifying Group 10 Matches and results,Romania,N Macedonia,Romania,N Macedonia,1,76549,N Bancu,yellow,,lineup_bubble,https://www.soccerbase.com/tournaments/tournament_tab.sd?tourn_id=1764&tab_id=2167&roundTab=roundTab_10
soccerbase,820656,2021-03-25,World Cup,2022,Europe (Qualifying): J,Qualifying Group 10 Matches and results,Romania,N Macedonia,Romania,N Macedonia,1,67294,A Maxim,yellow,,lineup_bubble,https://www.soccerbase.com/tournaments/tournament_tab.sd?tourn_id=1764&tab_id=2167&roundTab=roundTab_10
soccerbase,820656,2021-03-25,World Cup,2022,Europe (Qualifying): J,Qualifying Group 10 Matches and results,Romania,N Macedonia,Romania,N Macedonia,1,108516,M Mihaila,yellow,,lineup_bubble,https://www.soccerbase.com/tournaments/tournament_tab.sd?tourn_id=1764&tab_id=2167&roundTab=roundTab_10
soccerbase,820656,2021-03-25,World Cup,2022,Europe (Qualifying): J,Qualifying Group 10 Matches and results,Romania,N Macedonia,N Macedonia,Romania,0,73047,E Alioski,yellow,,lineup_bubble,https://www.soccerbase.com/tournaments/tournament_tab.sd?tourn_id=1764&tab_id=2167&roundTab=roundTab_10
soccerbase,820656,2021-03-25,World Cup,2022,Europe (Qualifying): J,Qualifying Group 10 Matches and results,Romania,N Macedonia,N Macedonia,Romania,0,75796,B Nikolov,yellow,,lineup_bubble,https://www.soccerbase.com/tournaments/tournament_tab.sd?tourn_id=1764&tab_id=2167&roundTab=roundTab_10
soccerbase,820656,2021-03-25,World Cup,2022,Europe (Qualifying): J,Qualifying Group 10 Matches and results,Romania,N Macedonia,N Macedonia,Romania,0,121716,V Stojanovski,yellow,,lineup_bubble,https://www.soccerbase.com/tournaments/tournament_tab.sd?tourn_id=1764&tab_id=2167&roundTab=roundTab_10
soccerbase,820656,2021-03-25,World Cup,2022,Europe (Qualifying): J,Qualifying Group 10 Matches and results,Romania,N Macedonia,N Macedonia,Romania,0,24907,G Pandev,yellow,,lineup_bubble,https://www.soccerbase.com/tournaments/tournament_tab.sd?tourn_id=1764&tab_id=2167&roundTab=roundTab_10
soccerbase,801474,2022-03-30,World Cup,2022,Conmebol (Qualifying),CONMEBOL Qualifying Matches and results,Bolivia,Brazil,Bolivia,Brazil,1,101640,Ramiro Vaca,yellow,,lineup_bubble,https://www.soccerbase.com/tournaments/tournament.sd?tourn_id=1764&tab=tab-2168
soccerbase,801474,2022-03-30,World Cup,2022,Conmebol (Qualifying),CONMEBOL Qualifying Matches and results,Bolivia,Brazil,Bolivia,Brazil,1,107184,Henry Vaca,yellow,,lineup_bubble,https://www.soccerbase.com/tournaments/tournament.sd?tourn_id=1764&tab=tab-2168
soccerbase,801475,2022-03-30,World Cup,2022,Conmebol (Qualifying),CONMEBOL Qualifying Matches and results,Chile,Uruguay,Chile,Uruguay,1,110468,B Kuscevic,yellow,,lineup_bubble,https://www.soccerbase.com/tournaments/tournament.sd?tourn_id=1764&tab=tab-2168
soccerbase,801475,2022-03-30,World Cup,2022,Conmebol (Qualifying),CONMEBOL Qualifying Matches and results,Chile,Uruguay,Chile,Uruguay,1,49255,G Medel,yellow,,lineup_bubble,https://www.soccerbase.com/tournaments/tournament.sd?tourn_id=1764&tab=tab-2168
soccerbase,801475,2022-03-30,World Cup,2022,Conmebol (Qualifying),CONMEBOL Qualifying Matches and results,Chile,Uruguay,Uruguay,Chile,0,105849,R Bentancur,yellow,,lineup_bubble,https://www.soccerbase.com/tournaments/tournament.sd?tourn_id=1764&tab=tab-2168
soccerbase,801476,2022-03-30,World Cup,2022,Conmebol (Qualifying),CONMEBOL Qualifying Matches and results,Ecuador,Argentina,Ecuador,Argentina,1,139591,P Hincapie,yellow,,lineup_bubble,https://www.soccerbase.com/tournaments/tournament.sd?tourn_id=1764&tab=tab-2168
soccerbase,801476,2022-03-30,World Cup,2022,Conmebol (Qualifying),CONMEBOL Qualifying Matches and results,Ecuador,Argentina,Ecuador,Argentina,1,144578,B Castillo,yellow,,lineup_bubble,https://www.soccerbase.com/tournaments/tournament.sd?tourn_id=1764&tab=tab-2168
soccerbase,801476,2022-03-30,World Cup,2022,Conmebol (Qualifying),CONMEBOL Qualifying Matches and results,Ecuador,Argentina,Ecuador,Argentina,1,98676,M Estrada,yellow,,lineup_bubble,https://www.soccerbase.com/tournaments/tournament.sd?tourn_id=1764&tab=tab-2168
soccerbase,801476,2022-03-30,World Cup,2022,Conmebol (Qualifying),CONMEBOL Qualifying Matches and results,Ecuador,Argentina,Ecuador,Argentina,1,115768,A Franco,yellow,,lineup_bubble,https://www.soccerbase.com/tournaments/tournament.sd?tourn_id=1764&tab=tab-2168
soccerbase,801476,2022-03-30,World Cup,2022,Conmebol (Qualifying),CONMEBOL Qualifying Matches and results,Ecuador,Argentina,Ecuador,Argentina,1,134664,M Caicedo,yellow,,lineup_bubble,https://www.soccerbase.com/tournaments/tournament.sd?tourn_id=1764&tab=tab-2168
soccerbase,801476,2022-03-30,World Cup,2022,Conmebol (Qualifying),CONMEBOL Qualifying Matches and results,Ecuador,Argentina,Argentina,Ecuador,0,67517,N Tagliafico,yellow,,lineup_bubble,https://www.soccerbase.com/tournaments/tournament.sd?tourn_id=1764&tab=tab-2168
soccerbase,801476,2022-03-30,World Cup,2022,Conmebol (Qualifying),CONMEBOL Qualifying Matches and results,Ecuador,Argentina,Argentina,Ecuador,0,54605,N Otamendi,yellow,,lineup_bubble,https://www.soccerbase.com/tournaments/tournament.sd?tourn_id=1764&tab=tab-2168
soccerbase,801476,2022-03-30,World Cup,2022,Conmebol (Qualifying),CONMEBOL Qualifying Matches and results,Ecuador,Argentina,Argentina,Ecuador,0,121587,A Mac Allister,yellow,,lineup_bubble,https://www.soccerbase.com/tournaments/tournament.sd?tourn_id=1764&tab=tab-2168
soccerbase,801472,2022-03-30,World Cup,2022,Conmebol (Qualifying),CONMEBOL Qualifying Matches and results,Peru,Paraguay,Peru,Paraguay,1,66735,G Lapadula,yellow,,lineup_bubble,https://www.soccerbase.com/tournaments/tournament.sd?tourn_id=1764&tab=tab-2168
soccerbase,801472,2022-03-30,World Cup,2022,Conmebol (Qualifying),CONMEBOL Qualifying Matches and results,Peru,Paraguay,Paraguay,Peru,0,107309,R Robert Rojas,yellow,,lineup_bubble,https://www.soccerbase.com/tournaments/tournament.sd?tourn_id=1764&tab=tab-2168
soccerbase,801472,2022-03-30,World Cup,2022,Conmebol (Qualifying),CONMEBOL Qualifying Matches and results,Peru,Paraguay,Paraguay,Peru,0,62710,R Ortiz,yellow,,lineup_bubble,https://www.soccerbase.com/tournaments/tournament.sd?tourn_id=1764&tab=tab-2168
soccerbase,801473,2022-03-30,World Cup,2022,Conmebol (Qualifying),CONMEBOL Qualifying Matches and results,Venezuela,Colombia,Venezuela,Colombia,1,107963,R Hernandez,yellow,,lineup_bubble,https://www.soccerbase.com/tournaments/tournament.sd?tourn_id=1764&tab=tab-2168
soccerbase,801473,2022-03-30,World Cup,2022,Conmebol (Qualifying),CONMEBOL Qualifying Matches and results,Venezuela,Colombia,Colombia,Venezuela,0,120225,Yairo Moreno,yellow,,lineup_bubble,https://www.soccerbase.com/tournaments/tournament.sd?tourn_id=1764&tab=tab-2168
soccerbase,801471,2022-03-25,World Cup,2022,Conmebol (Qualifying),CONMEBOL Qualifying Matches and results,Argentina,Venezuela,Venezuela,Argentina,0,49256,R Rosales,yellow,,lineup_bubble,https://www.soccerbase.com/tournaments/tournament.sd?tourn_id=1764&tab=tab-2168
soccerbase,801471,2022-03-25,World Cup,2022,Conmebol (Qualifying),CONMEBOL Qualifying Matches and results,Argentina,Venezuela,Venezuela,Argentina,0,89090,J Chancellor,yellow,,lineup_bubble,https://www.soccerbase.com/tournaments/tournament.sd?tourn_id=1764&tab=tab-2168
soccerbase,801471,2022-03-25,World Cup,2022,Conmebol (Qualifying),CONMEBOL Qualifying Matches and results,Argentina,Venezuela,Venezuela,Argentina,0,129088,M Navarro,yellow,,lineup_bubble,https://www.soccerbase.com/tournaments/tournament.sd?tourn_id=1764&tab=tab-2168
soccerbase,801471,2022-03-25,World Cup,2022,Conmebol (Qualifying),CONMEBOL Qualifying Matches and results,Argentina,Venezuela,Venezuela,Argentina,0,91408,Y Herrera,yellow,,lineup_bubble,https://www.soccerbase.com/tournaments/tournament.sd?tourn_id=1764&tab=tab-2168
soccerbase,801469,2022-03-24,World Cup,2022,Conmebol (Qualifying),CONMEBOL Qualifying Matches and results,Brazil,Chile,Brazil,Chile,1,114115,Vinicius Junior,yellow,,lineup_bubble,https://www.soccerbase.com/tournaments/tournament.sd?tourn_id=1764&tab=tab-2168
soccerbase,801469,2022-03-24,World Cup,2022,Conmebol (Qualifying),CONMEBOL Qualifying Matches and results,Brazil,Chile,Brazil,Chile,1,115473,Lucas Paqueta,yellow,,lineup_bubble,https://www.soccerbase.com/tournaments/tournament.sd?tourn_id=1764&tab=tab-2168
soccerbase,801469,2022-03-24,World Cup,2022,Conmebol (Qualifying),CONMEBOL Qualifying Matches and results,Brazil,Chile,Brazil,Chile,1,65160,Casemiro,yellow,,lineup_bubble,https://www.soccerbase.com/tournaments/tournament.sd?tourn_id=1764&tab=tab-2168
soccerbase,801469,2022-03-24,World Cup,2022,Conmebol (Qualifying),CONMEBOL Qualifying Matches and results,Brazil,Chile,Brazil,Chile,1,55850,Neymar,yellow,,lineup_bubble,https://www.soccerbase.com/tournaments/tournament.sd?tourn_id=1764&tab=tab-2168
soccerbase,801469,2022-03-24,World Cup,2022,Conmebol (Qualifying),CONMEBOL Qualifying Matches and results,Brazil,Chile,Chile,Brazil,0,38643,C Bravo,yellow,,lineup_bubble,https://www.soccerbase.com/tournaments/tournament.sd?tourn_id=1764&tab=tab-2168
soccerbase,801469,2022-03-24,World Cup,2022,Conmebol (Qualifying),CONMEBOL Qualifying Matches and results,Brazil,Chile,Chile,Brazil,0,49255,G Medel,yellow,,lineup_bubble,https://www.soccerbase.com/tournaments/tournament.sd?tourn_id=1764&tab=tab-2168
soccerbase,801469,2022-03-24,World Cup,2022,Conmebol (Qualifying),CONMEBOL Qualifying Matches and results,Brazil,Chile,Chile,Brazil,0,90641,P Diaz,yellow,,lineup_bubble,https://www.soccerbase.com/tournaments/tournament.sd?tourn_id=1764&tab=tab-2168
soccerbase,801468,2022-03-24,World Cup,2022,Conmebol (Qualifying),CONMEBOL Qualifying Matches and results,Colombia,Bolivia,Colombia,Bolivia,1,53525,J Cuadrado,yellow,,lineup_bubble,https://www.soccerbase.com/tournaments/tournament.sd?tourn_id=1764&tab=tab-2168
soccerbase,801468,2022-03-24,World Cup,2022,Conmebol (Qualifying),CONMEBOL Qualifying Matches and results,Colombia,Bolivia,Bolivia,Colombia,0,101639,L Haquin,yellow,,lineup_bubble,https://www.soccerbase.com/tournaments/tournament.sd?tourn_id=1764&tab=tab-2168
soccerbase,801468,2022-03-24,World Cup,2022,Conmebol (Qualifying),CONMEBOL Qualifying Matches and results,Colombia,Bolivia,Bolivia,Colombia,0,103013,J Carrasco,yellow,,lineup_bubble,https://www.soccerbase.com/tournaments/tournament.sd?tourn_id=1764&tab=tab-2168
soccerbase,801468,2022-03-24,World Cup,2022,Conmebol (Qualifying),CONMEBOL Qualifying Matches and results,Colombia,Bolivia,Bolivia,Colombia,0,144600,M Enoumba,yellow,,lineup_bubble,https://www.soccerbase.com/tournaments/tournament.sd?tourn_id=1764&tab=tab-2168
soccerbase,801468,2022-03-24,World Cup,2022,Conmebol (Qualifying),CONMEBOL Qualifying Matches and results,Colombia,Bolivia,Bolivia,Colombia,0,103092,J John Garcia,yellow,,lineup_bubble,https://www.soccerbase.com/tournaments/tournament.sd?tourn_id=1764&tab=tab-2168
soccerbase,801470,2022-03-24,World Cup,2022,Conmebol (Qualifying),CONMEBOL Qualifying Matches and results,Paraguay,Ecuador,Paraguay,Ecuador,1,71542,G Gomez,yellow,,lineup_bubble,https://www.soccerbase.com/tournaments/tournament.sd?tourn_id=1764&tab=tab-2168
soccerbase,801470,2022-03-24,World Cup,2022,Conmebol (Qualifying),CONMEBOL Qualifying Matches and results,Paraguay,Ecuador,Paraguay,Ecuador,1,90573,B Riveros,yellow,,lineup_bubble,https://www.soccerbase.com/tournaments/tournament.sd?tourn_id=1764&tab=tab-2168
soccerbase,801470,2022-03-24,World Cup,2022,Conmebol (Qualifying),CONMEBOL Qualifying Matches and results,Paraguay,Ecuador,Paraguay,Ecuador,1,90573,B Riveros,red,,lineup_bubble,https://www.soccerbase.com/tournaments/tournament.sd?tourn_id=1764&tab=tab-2168
soccerbase,801470,2022-03-24,World Cup,2022,Conmebol (Qualifying),CONMEBOL Qualifying Matches and results,Paraguay,Ecuador,Paraguay,Ecuador,1,125673,M Villasanti,yellow,,lineup_bubble,https://www.soccerbase.com/tournaments/tournament.sd?tourn_id=1764&tab=tab-2168
soccerbase,801470,2022-03-24,World Cup,2022,Conmebol (Qualifying),CONMEBOL Qualifying Matches and results,Paraguay,Ecuador,Paraguay,Ecuador,1,100713,A Cubas,yellow,,lineup_bubble,https://www.soccerbase.com/tournaments/tournament.sd?tourn_id=1764&tab=tab-2168
soccerbase,801470,2022-03-24,World Cup,2022,Conmebol (Qualifying),CONMEBOL Qualifying Matches and results,Paraguay,Ecuador,Paraguay,Ecuador,1,87725,M Almiron,yellow,,lineup_bubble,https://www.soccerbase.com/tournaments/tournament.sd?tourn_id=1764&tab=tab-2168
soccerbase,801470,2022-03-24,World Cup,2022,Conmebol (Qualifying),CONMEBOL Qualifying Matches and results,Paraguay,Ecuador,Ecuador,Paraguay,0,125125,F Torres,yellow,,lineup_bubble,https://www.soccerbase.com/tournaments/tournament.sd?tourn_id=1764&tab=tab-2168
soccerbase,801470,2022-03-24,World Cup,2022,Conmebol (Qualifying),CONMEBOL Qualifying Matches and results,Paraguay,Ecuador,Ecuador,Paraguay,0,72263,E Valencia,yellow,,lineup_bubble,https://www.soccerbase.com/tournaments/tournament.sd?tourn_id=1764&tab=tab-2168
soccerbase,801467,2022-03-24,World Cup,2022,Conmebol (Qualifying),CONMEBOL Qualifying Matches and results,Uruguay,Peru,Uruguay,Peru,1,134677,F Pellistri,yellow,,lineup_bubble,https://www.soccerbase.com/tournaments/tournament.sd?tourn_id=1764&tab=tab-2168
soccerbase,801467,2022-03-24,World Cup,2022,Conmebol (Qualifying),CONMEBOL Qualifying Matches and results,Uruguay,Peru,Uruguay,Peru,1,47538,L Suarez,yellow,,lineup_bubble,https://www.soccerbase.com/tournaments/tournament.sd?tourn_id=1764&tab=tab-2168
soccerbase,801464,2022-02-02,World Cup,2022,Conmebol (Qualifying),CONMEBOL Qualifying Matches and results,Brazil,Paraguay,Paraguay,Brazil,0,117369,S Arzamendia,yellow,,lineup_bubble,https://www.soccerbase.com/tournaments/tournament.sd?tourn_id=1764&tab=tab-2168
soccerbase,801464,2022-02-02,World Cup,2022,Conmebol (Qualifying),CONMEBOL Qualifying Matches and results,Brazil,Paraguay,Paraguay,Brazil,0,72317,J Alonso,yellow,,lineup_bubble,https://www.soccerbase.com/tournaments/tournament.sd?tourn_id=1764&tab=tab-2168
soccerbase,801464,2022-02-02,World Cup,2022,Conmebol (Qualifying),CONMEBOL Qualifying Matches and results,Brazil,Paraguay,Paraguay,Brazil,0,125673,M Villasanti,yellow,,lineup_bubble,https://www.soccerbase.com/tournaments/tournament.sd?tourn_id=1764&tab=tab-2168
soccerbase,801463,2022-02-02,World Cup,2022,Conmebol (Qualifying),CONMEBOL Qualifying Matches and results,Peru,Ecuador,Peru,Ecuador,1,59837,L Advincula,yellow,,lineup_bubble,https://www.soccerbase.com/tournaments/tournament.sd?tourn_id=1764&tab=tab-2168
soccerbase,801463,2022-02-02,World Cup,2022,Conmebol (Qualifying),CONMEBOL Qualifying Matches and results,Peru,Ecuador,Peru,Ecuador,1,134436,R Garcia,yellow,,lineup_bubble,https://www.soccerbase.com/tournaments/tournament.sd?tourn_id=1764&tab=tab-2168
soccerbase,801463,2022-02-02,World Cup,2022,Conmebol (Qualifying),CONMEBOL Qualifying Matches and results,Peru,Ecuador,Ecuador,Peru,0,115768,A Franco,yellow,,lineup_bubble,https://www.soccerbase.com/tournaments/tournament.sd?tourn_id=1764&tab=tab-2168
soccerbase,801463,2022-02-02,World Cup,2022,Conmebol (Qualifying),CONMEBOL Qualifying Matches and results,Peru,Ecuador,Ecuador,Peru,0,134664,M Caicedo,yellow,,lineup_bubble,https://www.soccerbase.com/tournaments/tournament.sd?tourn_id=1764&tab=tab-2168
soccerbase,801463,2022-02-02,World Cup,2022,Conmebol (Qualifying),CONMEBOL Qualifying Matches and results,Peru,Ecuador,Ecuador,Peru,0,118494,G Plata,yellow,,lineup_bubble,https://www.soccerbase.com/tournaments/tournament.sd?tourn_id=1764&tab=tab-2168
soccerbase,801466,2022-02-01,World Cup,2022,Conmebol (Qualifying),CONMEBOL Qualifying Matches and results,Argentina,Colombia,Argentina,Colombia,1,97936,M Acuna,yellow,,lineup_bubble,https://www.soccerbase.com/tournaments/tournament.sd?tourn_id=1764&tab=tab-2168
soccerbase,801466,2022-02-01,World Cup,2022,Conmebol (Qualifying),CONMEBOL Qualifying Matches and results,Argentina,Colombia,Argentina,Colombia,1,117769,G Montiel,yellow,,lineup_bubble,https://www.soccerbase.com/tournaments/tournament.sd?tourn_id=1764&tab=tab-2168
soccerbase,801466,2022-02-01,World Cup,2022,Conmebol (Qualifying),CONMEBOL Qualifying Matches and results,Argentina,Colombia,Colombia,Argentina,0,76131,C Vargas,yellow,,lineup_bubble,https://www.soccerbase.com/tournaments/tournament.sd?tourn_id=1764&tab=tab-2168
soccerbase,801466,2022-02-01,World Cup,2022,Conmebol (Qualifying),CONMEBOL Qualifying Matches and results,Argentina,Colombia,Colombia,Argentina,0,92531,D Sanchez,yellow,,lineup_bubble,https://www.soccerbase.com/tournaments/tournament.sd?tourn_id=1764&tab=tab-2168
soccerbase,801466,2022-02-01,World Cup,2022,Conmebol (Qualifying),CONMEBOL Qualifying Matches and results,Argentina,Colombia,Colombia,Argentina,0,111762,L Suarez,yellow,,lineup_bubble,https://www.soccerbase.com/tournaments/tournament.sd?tourn_id=1764&tab=tab-2168
soccerbase,801465,2022-02-01,World Cup,2022,Conmebol (Qualifying),CONMEBOL Qualifying Matches and results,Bolivia,Chile,Bolivia,Chile,1,91406,B Miranda,yellow,,lineup_bubble,https://www.soccerbase.com/tournaments/tournament.sd?tourn_id=1764&tab=tab-2168
soccerbase,801465,2022-02-01,World Cup,2022,Conmebol (Qualifying),CONMEBOL Qualifying Matches and results,Bolivia,Chile,Bolivia,Chile,1,48034,M Moreno,yellow,,lineup_bubble,https://www.soccerbase.com/tournaments/tournament.sd?tourn_id=1764&tab=tab-2168
soccerbase,801465,2022-02-01,World Cup,2022,Conmebol (Qualifying),CONMEBOL Qualifying Matches and results,Bolivia,Chile,Chile,Bolivia,0,108298,B Cortes,yellow,,lineup_bubble,https://www.soccerbase.com/tournaments/tournament.sd?tourn_id=1764&tab=tab-2168
soccerbase,801465,2022-02-01,World Cup,2022,Conmebol (Qualifying),CONMEBOL Qualifying Matches and results,Bolivia,Chile,Chile,Bolivia,0,110468,B Kuscevic,yellow,,lineup_bubble,https://www.soccerbase.com/tournaments/tournament.sd?tourn_id=1764&tab=tab-2168
soccerbase,801462,2022-02-01,World Cup,2022,Conmebol (Qualifying),CONMEBOL Qualifying Matches and results,Uruguay,Venezuela,Uruguay,Venezuela,1,107042,M Olivera,yellow,,lineup_bubble,https://www.soccerbase.com/tournaments/tournament.sd?tourn_id=1764&tab=tab-2168
soccerbase,801462,2022-02-01,World Cup,2022,Conmebol (Qualifying),CONMEBOL Qualifying Matches and results,Uruguay,Venezuela,Venezuela,Uruguay,0,89090,J Chancellor,yellow,,lineup_bubble,https://www.soccerbase.com/tournaments/tournament.sd?tourn_id=1764&tab=tab-2168
soccerbase,801462,2022-02-01,World Cup,2022,Conmebol (Qualifying),CONMEBOL Qualifying Matches and results,Uruguay,Venezuela,Venezuela,Uruguay,0,144630,Oscar Gonzalez,yellow,,lineup_bubble,https://www.soccerbase.com/tournaments/tournament.sd?tourn_id=1764&tab=tab-2168
soccerbase,801462,2022-02-01,World Cup,2022,Conmebol (Qualifying),CONMEBOL Qualifying Matches and results,Uruguay,Venezuela,Venezuela,Uruguay,0,90568,Y Soteldo,yellow,,lineup_bubble,https://www.soccerbase.com/tournaments/tournament.sd?tourn_id=1764&tab=tab-2168
soccerbase,801462,2022-02-01,World Cup,2022,Conmebol (Qualifying),CONMEBOL Qualifying Matches and results,Uruguay,Venezuela,Venezuela,Uruguay,0,49286,T Rincon,yellow,,lineup_bubble,https://www.soccerbase.com/tournaments/tournament.sd?tourn_id=1764&tab=tab-2168
soccerbase,801462,2022-02-01,World Cup,2022,Conmebol (Qualifying),CONMEBOL Qualifying Matches and results,Uruguay,Venezuela,Venezuela,Uruguay,0,83116,J Murillo,yellow,,lineup_bubble,https://www.soccerbase.com/tournaments/tournament.sd?tourn_id=1764&tab=tab-2168
soccerbase,801462,2022-02-01,World Cup,2022,Conmebol (Qualifying),CONMEBOL Qualifying Matches and results,Uruguay,Venezuela,Venezuela,Uruguay,0,54084,S Rondon,yellow,,lineup_bubble,https://www.soccerbase.com/tournaments/tournament.sd?tourn_id=1764&tab=tab-2168
soccerbase,801460,2022-01-28,World Cup,2022,Conmebol (Qualifying),CONMEBOL Qualifying Matches and results,Chile,Argentina,Chile,Argentina,1,100416,G Maripan,yellow,,lineup_bubble,https://www.soccerbase.com/tournaments/tournament.sd?tourn_id=1764&tab=tab-2168
soccerbase,801460,2022-01-28,World Cup,2022,Conmebol (Qualifying),CONMEBOL Qualifying Matches and results,Chile,Argentina,Chile,Argentina,1,100415,S Vegas,yellow,,lineup_bubble,https://www.soccerbase.com/tournaments/tournament.sd?tourn_id=1764&tab=tab-2168
soccerbase,801460,2022-01-28,World Cup,2022,Conmebol (Qualifying),CONMEBOL Qualifying Matches and results,Chile,Argentina,Chile,Argentina,1,145238,J Montecinos,yellow,,lineup_bubble,https://www.soccerbase.com/tournaments/tournament.sd?tourn_id=1764&tab=tab-2168
soccerbase,801460,2022-01-28,World Cup,2022,Conmebol (Qualifying),CONMEBOL Qualifying Matches and results,Chile,Argentina,Chile,Argentina,1,83103,E Pulgar,yellow,,lineup_bubble,https://www.soccerbase.com/tournaments/tournament.sd?tourn_id=1764&tab=tab-2168
soccerbase,801460,2022-01-28,World Cup,2022,Conmebol (Qualifying),CONMEBOL Qualifying Matches and results,Chile,Argentina,Chile,Argentina,1,43819,A Sanchez,yellow,,lineup_bubble,https://www.soccerbase.com/tournaments/tournament.sd?tourn_id=1764&tab=tab-2168
soccerbase,801460,2022-01-28,World Cup,2022,Conmebol (Qualifying),CONMEBOL Qualifying Matches and results,Chile,Argentina,Argentina,Chile,0,54605,N Otamendi,yellow,,lineup_bubble,https://www.soccerbase.com/tournaments/tournament.sd?tourn_id=1764&tab=tab-2168
soccerbase,801460,2022-01-28,World Cup,2022,Conmebol (Qualifying),CONMEBOL Qualifying Matches and results,Chile,Argentina,Argentina,Chile,0,67517,N Tagliafico,yellow,,lineup_bubble,https://www.soccerbase.com/tournaments/tournament.sd?tourn_id=1764&tab=tab-2168
soccerbase,801460,2022-01-28,World Cup,2022,Conmebol (Qualifying),CONMEBOL Qualifying Matches and results,Chile,Argentina,Argentina,Chile,0,77479,R De Paul,yellow,,lineup_bubble,https://www.soccerbase.com/tournaments/tournament.sd?tourn_id=1764&tab=tab-2168
soccerbase,801460,2022-01-28,World Cup,2022,Conmebol (Qualifying),CONMEBOL Qualifying Matches and results,Chile,Argentina,Argentina,Chile,0,75352,L Paredes,yellow,,lineup_bubble,https://www.soccerbase.com/tournaments/tournament.sd?tourn_id=1764&tab=tab-2168
soccerbase,801457,2022-01-28,World Cup,2022,Conmebol (Qualifying),CONMEBOL Qualifying Matches and results,Colombia,Peru,Colombia,Peru,1,91545,Y Mina,yellow,,lineup_bubble,https://www.soccerbase.com/tournaments/tournament.sd?tourn_id=1764&tab=tab-2168
soccerbase,801457,2022-01-28,World Cup,2022,Conmebol (Qualifying),CONMEBOL Qualifying Matches and results,Colombia,Peru,Peru,Colombia,0,59814,A Corzo,yellow,,lineup_bubble,https://www.soccerbase.com/tournaments/tournament.sd?tourn_id=1764&tab=tab-2168
soccerbase,801457,2022-01-28,World Cup,2022,Conmebol (Qualifying),CONMEBOL Qualifying Matches and results,Colombia,Peru,Peru,Colombia,0,59831,C Cueva,yellow,,lineup_bubble,https://www.soccerbase.com/tournaments/tournament.sd?tourn_id=1764&tab=tab-2168
soccerbase,801457,2022-01-28,World Cup,2022,Conmebol (Qualifying),CONMEBOL Qualifying Matches and results,Colombia,Peru,Peru,Colombia,0,59838,A Carrillo,yellow,,lineup_bubble,https://www.soccerbase.com/tournaments/tournament.sd?tourn_id=1764&tab=tab-2168
soccerbase,801458,2022-01-28,World Cup,2022,Conmebol (Qualifying),CONMEBOL Qualifying Matches and results,Venezuela,Bolivia,Venezuela,Bolivia,1,110938,C Casseres,yellow,,lineup_bubble,https://www.soccerbase.com/tournaments/tournament.sd?tourn_id=1764&tab=tab-2168
soccerbase,801458,2022-01-28,World Cup,2022,Conmebol (Qualifying),CONMEBOL Qualifying Matches and results,Venezuela,Bolivia,Bolivia,Venezuela,0,101628,Jose Sagredo,yellow,,lineup_bubble,https://www.soccerbase.com/tournaments/tournament.sd?tourn_id=1764&tab=tab-2168
soccerbase,801458,2022-01-28,World Cup,2022,Conmebol (Qualifying),CONMEBOL Qualifying Matches and results,Venezuela,Bolivia,Bolivia,Venezuela,0,101627,L Justiniano,red,,lineup_bubble,https://www.soccerbase.com/tournaments/tournament.sd?tourn_id=1764&tab=tab-2168
soccerbase,801461,2022-01-27,World Cup,2022,Conmebol (Qualifying),CONMEBOL Qualifying Matches and results,Ecuador,Brazil,Ecuador,Brazil,1,59848,A Dominguez,red,,lineup_bubble,https://www.soccerbase.com/tournaments/tournament.sd?tourn_id=1764&tab=tab-2168
soccerbase,801461,2022-01-27,World Cup,2022,Conmebol (Qualifying),CONMEBOL Qualifying Matches and results,Ecuador,Brazil,Ecuador,Brazil,1,134664,M Caicedo,yellow,,lineup_bubble,https://www.soccerbase.com/tournaments/tournament.sd?tourn_id=1764&tab=tab-2168
soccerbase,801461,2022-01-27,World Cup,2022,Conmebol (Qualifying),CONMEBOL Qualifying Matches and results,Ecuador,Brazil,Ecuador,Brazil,1,72263,E Valencia,yellow,,lineup_bubble,https://www.soccerbase.com/tournaments/tournament.sd?tourn_id=1764&tab=tab-2168
soccerbase,801461,2022-01-27,World Cup,2022,Conmebol (Qualifying),CONMEBOL Qualifying Matches and results,Ecuador,Brazil,Brazil,Ecuador,0,87246,Alisson Becker,yellow,,lineup_bubble,https://www.soccerbase.com/tournaments/tournament.sd?tourn_id=1764&tab=tab-2168
soccerbase,801461,2022-01-27,World Cup,2022,Conmebol (Qualifying),CONMEBOL Qualifying Matches and results,Ecuador,Brazil,Brazil,Ecuador,0,113795,Eder Militao,yellow,,lineup_bubble,https://www.soccerbase.com/tournaments/tournament.sd?tourn_id=1764&tab=tab-2168
soccerbase,801461,2022-01-27,World Cup,2022,Conmebol (Qualifying),CONMEBOL Qualifying Matches and results,Ecuador,Brazil,Brazil,Ecuador,0,118479,Emerson Royal,yellow,,lineup_bubble,https://www.soccerbase.com/tournaments/tournament.sd?tourn_id=1764&tab=tab-2168
soccerbase,801461,2022-01-27,World Cup,2022,Conmebol (Qualifying),CONMEBOL Qualifying Matches and results,Ecuador,Brazil,Brazil,Ecuador,0,118479,Emerson Royal,red,,lineup_bubble,https://www.soccerbase.com/tournaments/tournament.sd?tourn_id=1764&tab=tab-2168
soccerbase,801461,2022-01-27,World Cup,2022,Conmebol (Qualifying),CONMEBOL Qualifying Matches and results,Ecuador,Brazil,Brazil,Ecuador,0,90450,Raphinha,yellow,,lineup_bubble,https://www.soccerbase.com/tournaments/tournament.sd?tourn_id=1764&tab=tab-2168
soccerbase,801459,2022-01-27,World Cup,2022,Conmebol (Qualifying),CONMEBOL Qualifying Matches and results,Paraguay,Uruguay,Paraguay,Uruguay,1,72317,J Alonso,yellow,,lineup_bubble,https://www.soccerbase.com/tournaments/tournament.sd?tourn_id=1764&tab=tab-2168
soccerbase,801459,2022-01-27,World Cup,2022,Conmebol (Qualifying),CONMEBOL Qualifying Matches and results,Paraguay,Uruguay,Paraguay,Uruguay,1,71542,G Gomez,yellow,,lineup_bubble,https://www.soccerbase.com/tournaments/tournament.sd?tourn_id=1764&tab=tab-2168
soccerbase,801459,2022-01-27,World Cup,2022,Conmebol (Qualifying),CONMEBOL Qualifying Matches and results,Paraguay,Uruguay,Paraguay,Uruguay,1,71542,G Gomez,red,,lineup_bubble,https://www.soccerbase.com/tournaments/tournament.sd?tourn_id=1764&tab=tab-2168
soccerbase,801459,2022-01-27,World Cup,2022,Conmebol (Qualifying),CONMEBOL Qualifying Matches and results,Paraguay,Uruguay,Paraguay,Uruguay,1,119229,Matias Rojas,yellow,,lineup_bubble,https://www.soccerbase.com/tournaments/tournament.sd?tourn_id=1764&tab=tab-2168
soccerbase,801459,2022-01-27,World Cup,2022,Conmebol (Qualifying),CONMEBOL Qualifying Matches and results,Paraguay,Uruguay,Uruguay,Paraguay,0,122520,R Araujo,yellow,,lineup_bubble,https://www.soccerbase.com/tournaments/tournament.sd?tourn_id=1764&tab=tab-2168
soccerbase,801459,2022-01-27,World Cup,2022,Conmebol (Qualifying),CONMEBOL Qualifying Matches and results,Paraguay,Uruguay,Uruguay,Paraguay,0,134677,F Pellistri,yellow,,lineup_bubble,https://www.soccerbase.com/tournaments/tournament.sd?tourn_id=1764&tab=tab-2168
soccerbase,801459,2022-01-27,World Cup,2022,Conmebol (Qualifying),CONMEBOL Qualifying Matches and results,Paraguay,Uruguay,Uruguay,Paraguay,0,72038,M Vecino,yellow,,lineup_bubble,https://www.soccerbase.com/tournaments/tournament.sd?tourn_id=1764&tab=tab-2168
soccerbase,801459,2022-01-27,World Cup,2022,Conmebol (Qualifying),CONMEBOL Qualifying Matches and results,Paraguay,Uruguay,Uruguay,Paraguay,0,105849,R Bentancur,yellow,,lineup_bubble,https://www.soccerbase.com/tournaments/tournament.sd?tourn_id=1764&tab=tab-2168
soccerbase,801456,2021-11-17,World Cup,2022,Conmebol (Qualifying),CONMEBOL Qualifying Matches and results,Chile,Ecuador,Chile,Ecuador,1,48942,A Vidal,red,,lineup_bubble,https://www.soccerbase.com/tournaments/tournament.sd?tourn_id=1764&tab=tab-2168
soccerbase,801456,2021-11-17,World Cup,2022,Conmebol (Qualifying),CONMEBOL Qualifying Matches and results,Chile,Ecuador,Chile,Ecuador,1,119253,J Meneses,yellow,,lineup_bubble,https://www.soccerbase.com/tournaments/tournament.sd?tourn_id=1764&tab=tab-2168
soccerbase,801456,2021-11-17,World Cup,2022,Conmebol (Qualifying),CONMEBOL Qualifying Matches and results,Chile,Ecuador,Ecuador,Chile,0,144578,B Castillo,yellow,,lineup_bubble,https://www.soccerbase.com/tournaments/tournament.sd?tourn_id=1764&tab=tab-2168
soccerbase,801456,2021-11-17,World Cup,2022,Conmebol (Qualifying),CONMEBOL Qualifying Matches and results,Chile,Ecuador,Ecuador,Chile,0,115768,A Franco,yellow,,lineup_bubble,https://www.soccerbase.com/tournaments/tournament.sd?tourn_id=1764&tab=tab-2168
soccerbase,801455,2021-11-16,World Cup,2022,Conmebol (Qualifying),CONMEBOL Qualifying Matches and results,Argentina,Brazil,Argentina,Brazil,1,85638,G Pezzella,yellow,,lineup_bubble,https://www.soccerbase.com/tournaments/tournament.sd?tourn_id=1764&tab=tab-2168
soccerbase,801455,2021-11-16,World Cup,2022,Conmebol (Qualifying),CONMEBOL Qualifying Matches and results,Argentina,Brazil,Argentina,Brazil,1,114081,C Romero,yellow,,lineup_bubble,https://www.soccerbase.com/tournaments/tournament.sd?tourn_id=1764&tab=tab-2168
soccerbase,801455,2021-11-16,World Cup,2022,Conmebol (Qualifying),CONMEBOL Qualifying Matches and results,Argentina,Brazil,Argentina,Brazil,1,97936,M Acuna,yellow,,lineup_bubble,https://www.soccerbase.com/tournaments/tournament.sd?tourn_id=1764&tab=tab-2168
soccerbase,801455,2021-11-16,World Cup,2022,Conmebol (Qualifying),CONMEBOL Qualifying Matches and results,Argentina,Brazil,Argentina,Brazil,1,75352,L Paredes,yellow,,lineup_bubble,https://www.soccerbase.com/tournaments/tournament.sd?tourn_id=1764&tab=tab-2168
soccerbase,801455,2021-11-16,World Cup,2022,Conmebol (Qualifying),CONMEBOL Qualifying Matches and results,Argentina,Brazil,Brazil,Argentina,0,66466,Fabinho,yellow,,lineup_bubble,https://www.soccerbase.com/tournaments/tournament.sd?tourn_id=1764&tab=tab-2168
soccerbase,801455,2021-11-16,World Cup,2022,Conmebol (Qualifying),CONMEBOL Qualifying Matches and results,Argentina,Brazil,Brazil,Argentina,0,130502,Antony,yellow,,lineup_bubble,https://www.soccerbase.com/tournaments/tournament.sd?tourn_id=1764&tab=tab-2168
soccerbase,801455,2021-11-16,World Cup,2022,Conmebol (Qualifying),CONMEBOL Qualifying Matches and results,Argentina,Brazil,Brazil,Argentina,0,115473,Lucas Paqueta,yellow,,lineup_bubble,https://www.soccerbase.com/tournaments/tournament.sd?tourn_id=1764&tab=tab-2168
soccerbase,801454,2021-11-16,World Cup,2022,Conmebol (Qualifying),CONMEBOL Qualifying Matches and results,Bolivia,Uruguay,Bolivia,Uruguay,1,129262,J Quinteros,yellow,,lineup_bubble,https://www.soccerbase.com/tournaments/tournament.sd?tourn_id=1764&tab=tab-2168
soccerbase,801454,2021-11-16,World Cup,2022,Conmebol (Qualifying),CONMEBOL Qualifying Matches and results,Bolivia,Uruguay,Bolivia,Uruguay,1,90572,C Algaranaz,red,,lineup_bubble,https://www.soccerbase.com/tournaments/tournament.sd?tourn_id=1764&tab=tab-2168
soccerbase,801454,2021-11-16,World Cup,2022,Conmebol (Qualifying),CONMEBOL Qualifying Matches and results,Bolivia,Uruguay,Uruguay,Bolivia,0,119218,G Gonzalez,yellow,,lineup_bubble,https://www.soccerbase.com/tournaments/tournament.sd?tourn_id=1764&tab=tab-2168
soccerbase,801452,2021-11-16,World Cup,2022,Conmebol (Qualifying),CONMEBOL Qualifying Matches and results,Colombia,Paraguay,Colombia,Paraguay,1,146689,D Valoyes,yellow,,lineup_bubble,https://www.soccerbase.com/tournaments/tournament.sd?tourn_id=1764&tab=tab-2168
soccerbase,801452,2021-11-16,World Cup,2022,Conmebol (Qualifying),CONMEBOL Qualifying Matches and results,Colombia,Paraguay,Colombia,Paraguay,1,87849,G Cuellar,yellow,,lineup_bubble,https://www.soccerbase.com/tournaments/tournament.sd?tourn_id=1764&tab=tab-2168
soccerbase,801452,2021-11-16,World Cup,2022,Conmebol (Qualifying),CONMEBOL Qualifying Matches and results,Colombia,Paraguay,Colombia,Paraguay,1,87091,J Lerma,yellow,,lineup_bubble,https://www.soccerbase.com/tournaments/tournament.sd?tourn_id=1764&tab=tab-2168
soccerbase,801452,2021-11-16,World Cup,2022,Conmebol (Qualifying),CONMEBOL Qualifying Matches and results,Colombia,Paraguay,Paraguay,Colombia,0,83117,F Balbuena,yellow,,lineup_bubble,https://www.soccerbase.com/tournaments/tournament.sd?tourn_id=1764&tab=tab-2168
soccerbase,801452,2021-11-16,World Cup,2022,Conmebol (Qualifying),CONMEBOL Qualifying Matches and results,Colombia,Paraguay,Paraguay,Colombia,0,100713,A Cubas,yellow,,lineup_bubble,https://www.soccerbase.com/tournaments/tournament.sd?tourn_id=1764&tab=tab-2168
soccerbase,801452,2021-11-16,World Cup,2022,Conmebol (Qualifying),CONMEBOL Qualifying Matches and results,Colombia,Paraguay,Paraguay,Colombia,0,100713,A Cubas,red,,lineup_bubble,https://www.soccerbase.com/tournaments/tournament.sd?tourn_id=1764&tab=tab-2168
soccerbase,801453,2021-11-16,World Cup,2022,Conmebol (Qualifying),CONMEBOL Qualifying Matches and results,Venezuela,Peru,Venezuela,Peru,1,144630,Oscar Gonzalez,yellow,,lineup_bubble,https://www.soccerbase.com/tournaments/tournament.sd?tourn_id=1764&tab=tab-2168
soccerbase,801453,2021-11-16,World Cup,2022,Conmebol (Qualifying),CONMEBOL Qualifying Matches and results,Venezuela,Peru,Venezuela,Peru,1,107963,R Hernandez,yellow,,lineup_bubble,https://www.soccerbase.com/tournaments/tournament.sd?tourn_id=1764&tab=tab-2168
soccerbase,801453,2021-11-16,World Cup,2022,Conmebol (Qualifying),CONMEBOL Qualifying Matches and results,Venezuela,Peru,Peru,Venezuela,0,76189,M Trauco,yellow,,lineup_bubble,https://www.soccerbase.com/tournaments/tournament.sd?tourn_id=1764&tab=tab-2168
soccerbase,801453,2021-11-16,World Cup,2022,Conmebol (Qualifying),CONMEBOL Qualifying Matches and results,Venezuela,Peru,Peru,Venezuela,0,59837,L Advincula,yellow,,lineup_bubble,https://www.soccerbase.com/tournaments/tournament.sd?tourn_id=1764&tab=tab-2168
soccerbase,801453,2021-11-16,World Cup,2022,Conmebol (Qualifying),CONMEBOL Qualifying Matches and results,Venezuela,Peru,Peru,Venezuela,0,59813,Y Yotun,yellow,,lineup_bubble,https://www.soccerbase.com/tournaments/tournament.sd?tourn_id=1764&tab=tab-2168
soccerbase,801449,2021-11-12,World Cup,2022,Conmebol (Qualifying),CONMEBOL Qualifying Matches and results,Brazil,Colombia,Brazil,Colombia,1,114115,Vinicius Junior,yellow,,lineup_bubble,https://www.soccerbase.com/tournaments/tournament.sd?tourn_id=1764&tab=tab-2168
soccerbase,801449,2021-11-12,World Cup,2022,Conmebol (Qualifying),CONMEBOL Qualifying Matches and results,Brazil,Colombia,Brazil,Colombia,1,72533,Fred,yellow,,lineup_bubble,https://www.soccerbase.com/tournaments/tournament.sd?tourn_id=1764&tab=tab-2168
soccerbase,801449,2021-11-12,World Cup,2022,Conmebol (Qualifying),CONMEBOL Qualifying Matches and results,Brazil,Colombia,Brazil,Colombia,1,65160,Casemiro,yellow,,lineup_bubble,https://www.soccerbase.com/tournaments/tournament.sd?tourn_id=1764&tab=tab-2168
soccerbase,801449,2021-11-12,World Cup,2022,Conmebol (Qualifying),CONMEBOL Qualifying Matches and results,Brazil,Colombia,Brazil,Colombia,1,55850,Neymar,yellow,,lineup_bubble,https://www.soccerbase.com/tournaments/tournament.sd?tourn_id=1764&tab=tab-2168
soccerbase,801449,2021-11-12,World Cup,2022,Conmebol (Qualifying),CONMEBOL Qualifying Matches and results,Brazil,Colombia,Colombia,Brazil,0,72117,J Mojica,yellow,,lineup_bubble,https://www.soccerbase.com/tournaments/tournament.sd?tourn_id=1764&tab=tab-2168
soccerbase,801449,2021-11-12,World Cup,2022,Conmebol (Qualifying),CONMEBOL Qualifying Matches and results,Brazil,Colombia,Colombia,Brazil,0,83125,W Barrios,yellow,,lineup_bubble,https://www.soccerbase.com/tournaments/tournament.sd?tourn_id=1764&tab=tab-2168
soccerbase,801449,2021-11-12,World Cup,2022,Conmebol (Qualifying),CONMEBOL Qualifying Matches and results,Brazil,Colombia,Colombia,Brazil,0,53525,J Cuadrado,yellow,,lineup_bubble,https://www.soccerbase.com/tournaments/tournament.sd?tourn_id=1764&tab=tab-2168
soccerbase,801448,2021-11-12,World Cup,2022,Conmebol (Qualifying),CONMEBOL Qualifying Matches and results,Peru,Bolivia,Peru,Bolivia,1,76189,M Trauco,yellow,,lineup_bubble,https://www.soccerbase.com/tournaments/tournament.sd?tourn_id=1764&tab=tab-2168
soccerbase,801448,2021-11-12,World Cup,2022,Conmebol (Qualifying),CONMEBOL Qualifying Matches and results,Peru,Bolivia,Peru,Bolivia,1,59831,C Cueva,yellow,,lineup_bubble,https://www.soccerbase.com/tournaments/tournament.sd?tourn_id=1764&tab=tab-2168
soccerbase,801448,2021-11-12,World Cup,2022,Conmebol (Qualifying),CONMEBOL Qualifying Matches and results,Peru,Bolivia,Bolivia,Peru,0,111382,F Gonzales,yellow,,lineup_bubble,https://www.soccerbase.com/tournaments/tournament.sd?tourn_id=1764&tab=tab-2168
soccerbase,801447,2021-11-12,World Cup,2022,Conmebol (Qualifying),CONMEBOL Qualifying Matches and results,Uruguay,Argentina,Uruguay,Argentina,1,48843,M Caceres,yellow,,lineup_bubble,https://www.soccerbase.com/tournaments/tournament.sd?tourn_id=1764&tab=tab-2168
soccerbase,801447,2021-11-12,World Cup,2022,Conmebol (Qualifying),CONMEBOL Qualifying Matches and results,Uruguay,Argentina,Argentina,Uruguay,0,66771,P Dybala,yellow,,lineup_bubble,https://www.soccerbase.com/tournaments/tournament.sd?tourn_id=1764&tab=tab-2168
soccerbase,801450,2021-11-11,World Cup,2022,Conmebol (Qualifying),CONMEBOL Qualifying Matches and results,Ecuador,Venezuela,Ecuador,Venezuela,1,118494,G Plata,yellow,,lineup_bubble,https://www.soccerbase.com/tournaments/tournament.sd?tourn_id=1764&tab=tab-2168
soccerbase,801450,2021-11-11,World Cup,2022,Conmebol (Qualifying),CONMEBOL Qualifying Matches and results,Ecuador,Venezuela,Venezuela,Ecuador,0,139921,L Adrian Martinez,yellow,,lineup_bubble,https://www.soccerbase.com/tournaments/tournament.sd?tourn_id=1764&tab=tab-2168
soccerbase,801450,2021-11-11,World Cup,2022,Conmebol (Qualifying),CONMEBOL Qualifying Matches and results,Ecuador,Venezuela,Venezuela,Ecuador,0,128611,J Martinez,yellow,,lineup_bubble,https://www.soccerbase.com/tournaments/tournament.sd?tourn_id=1764&tab=tab-2168
soccerbase,801450,2021-11-11,World Cup,2022,Conmebol (Qualifying),CONMEBOL Qualifying Matches and results,Ecuador,Venezuela,Venezuela,Ecuador,0,108186,E Ramirez,yellow,,lineup_bubble,https://www.soccerbase.com/tournaments/tournament.sd?tourn_id=1764&tab=tab-2168
soccerbase,801451,2021-11-11,World Cup,2022,Conmebol (Qualifying),CONMEBOL Qualifying Matches and results,Paraguay,Chile,Paraguay,Chile,1,125672,J Morel,yellow,,lineup_bubble,https://www.soccerbase.com/tournaments/tournament.sd?tourn_id=1764&tab=tab-2168
soccerbase,801451,2021-11-11,World Cup,2022,Conmebol (Qualifying),CONMEBOL Qualifying Matches and results,Paraguay,Chile,Paraguay,Chile,1,87725,M Almiron,yellow,,lineup_bubble,https://www.soccerbase.com/tournaments/tournament.sd?tourn_id=1764&tab=tab-2168
soccerbase,801451,2021-11-11,World Cup,2022,Conmebol (Qualifying),CONMEBOL Qualifying Matches and results,Paraguay,Chile,Chile,Paraguay,0,38643,C Bravo,yellow,,lineup_bubble,https://www.soccerbase.com/tournaments/tournament.sd?tourn_id=1764&tab=tab-2168
soccerbase,801451,2021-11-11,World Cup,2022,Conmebol (Qualifying),CONMEBOL Qualifying Matches and results,Paraguay,Chile,Chile,Paraguay,0,77765,E Roco,yellow,,lineup_bubble,https://www.soccerbase.com/tournaments/tournament.sd?tourn_id=1764&tab=tab-2168
soccerbase,801451,2021-11-11,World Cup,2022,Conmebol (Qualifying),CONMEBOL Qualifying Matches and results,Paraguay,Chile,Chile,Paraguay,0,100711,B Brereton,yellow,,lineup_bubble,https://www.soccerbase.com/tournaments/tournament.sd?tourn_id=1764&tab=tab-2168
soccerbase,801444,2021-10-15,World Cup,2022,Conmebol (Qualifying),CONMEBOL Qualifying Matches and results,Argentina,Peru,Peru,Argentina,0,134436,R Garcia,yellow,,lineup_bubble,https://www.soccerbase.com/tournaments/tournament.sd?tourn_id=1764&tab=tab-2168
soccerbase,801444,2021-10-15,World Cup,2022,Conmebol (Qualifying),CONMEBOL Qualifying Matches and results,Argentina,Peru,Peru,Argentina,0,59813,Y Yotun,yellow,,lineup_bubble,https://www.soccerbase.com/tournaments/tournament.sd?tourn_id=1764&tab=tab-2168
soccerbase,801443,2021-10-15,World Cup,2022,Conmebol (Qualifying),CONMEBOL Qualifying Matches and results,Brazil,Uruguay,Brazil,Uruguay,1,66466,Fabinho,yellow,,lineup_bubble,https://www.soccerbase.com/tournaments/tournament.sd?tourn_id=1764&tab=tab-2168
soccerbase,801443,2021-10-15,World Cup,2022,Conmebol (Qualifying),CONMEBOL Qualifying Matches and results,Brazil,Uruguay,Uruguay,Brazil,0,59893,S Coates,yellow,,lineup_bubble,https://www.soccerbase.com/tournaments/tournament.sd?tourn_id=1764&tab=tab-2168
soccerbase,801443,2021-10-15,World Cup,2022,Conmebol (Qualifying),CONMEBOL Qualifying Matches and results,Brazil,Uruguay,Uruguay,Brazil,0,105012,F Valverde,yellow,,lineup_bubble,https://www.soccerbase.com/tournaments/tournament.sd?tourn_id=1764&tab=tab-2168
soccerbase,801443,2021-10-15,World Cup,2022,Conmebol (Qualifying),CONMEBOL Qualifying Matches and results,Brazil,Uruguay,Uruguay,Brazil,0,51359,E Cavani,yellow,,lineup_bubble,https://www.soccerbase.com/tournaments/tournament.sd?tourn_id=1764&tab=tab-2168
soccerbase,801445,2021-10-15,World Cup,2022,Conmebol (Qualifying),CONMEBOL Qualifying Matches and results,Chile,Venezuela,Chile,Venezuela,1,90704,D Valdes,yellow,,lineup_bubble,https://www.soccerbase.com/tournaments/tournament.sd?tourn_id=1764&tab=tab-2168
soccerbase,801445,2021-10-15,World Cup,2022,Conmebol (Qualifying),CONMEBOL Qualifying Matches and results,Chile,Venezuela,Chile,Venezuela,1,83103,E Pulgar,yellow,,lineup_bubble,https://www.soccerbase.com/tournaments/tournament.sd?tourn_id=1764&tab=tab-2168
soccerbase,801445,2021-10-15,World Cup,2022,Conmebol (Qualifying),CONMEBOL Qualifying Matches and results,Chile,Venezuela,Venezuela,Chile,0,144630,Oscar Gonzalez,yellow,,lineup_bubble,https://www.soccerbase.com/tournaments/tournament.sd?tourn_id=1764&tab=tab-2168
soccerbase,801445,2021-10-15,World Cup,2022,Conmebol (Qualifying),CONMEBOL Qualifying Matches and results,Chile,Venezuela,Venezuela,Chile,0,107963,R Hernandez,yellow,,lineup_bubble,https://www.soccerbase.com/tournaments/tournament.sd?tourn_id=1764&tab=tab-2168
soccerbase,801446,2021-10-14,World Cup,2022,Conmebol (Qualifying),CONMEBOL Qualifying Matches and results,Bolivia,Paraguay,Bolivia,Paraguay,1,72266,R Ramallo,yellow,,lineup_bubble,https://www.soccerbase.com/tournaments/tournament.sd?tourn_id=1764&tab=tab-2168
soccerbase,801446,2021-10-14,World Cup,2022,Conmebol (Qualifying),CONMEBOL Qualifying Matches and results,Bolivia,Paraguay,Bolivia,Paraguay,1,38573,J Arce,yellow,,lineup_bubble,https://www.soccerbase.com/tournaments/tournament.sd?tourn_id=1764&tab=tab-2168
soccerbase,801446,2021-10-14,World Cup,2022,Conmebol (Qualifying),CONMEBOL Qualifying Matches and results,Bolivia,Paraguay,Paraguay,Bolivia,0,71542,G Gomez,yellow,,lineup_bubble,https://www.soccerbase.com/tournaments/tournament.sd?tourn_id=1764&tab=tab-2168
soccerbase,801446,2021-10-14,World Cup,2022,Conmebol (Qualifying),CONMEBOL Qualifying Matches and results,Bolivia,Paraguay,Paraguay,Bolivia,0,108304,A Lucena,yellow,,lineup_bubble,https://www.soccerbase.com/tournaments/tournament.sd?tourn_id=1764&tab=tab-2168
soccerbase,801442,2021-10-14,World Cup,2022,Conmebol (Qualifying),CONMEBOL Qualifying Matches and results,Colombia,Ecuador,Ecuador,Colombia,0,113775,D Diego Palacios,yellow,,lineup_bubble,https://www.soccerbase.com/tournaments/tournament.sd?tourn_id=1764&tab=tab-2168
soccerbase,801442,2021-10-14,World Cup,2022,Conmebol (Qualifying),CONMEBOL Qualifying Matches and results,Colombia,Ecuador,Ecuador,Colombia,0,101519,P Estupinan,yellow,,lineup_bubble,https://www.soccerbase.com/tournaments/tournament.sd?tourn_id=1764&tab=tab-2168
soccerbase,801442,2021-10-14,World Cup,2022,Conmebol (Qualifying),CONMEBOL Qualifying Matches and results,Colombia,Ecuador,Ecuador,Colombia,0,76126,A Mena,yellow,,lineup_bubble,https://www.soccerbase.com/tournaments/tournament.sd?tourn_id=1764&tab=tab-2168
soccerbase,801442,2021-10-14,World Cup,2022,Conmebol (Qualifying),CONMEBOL Qualifying Matches and results,Colombia,Ecuador,Ecuador,Colombia,0,98676,M Estrada,yellow,,lineup_bubble,https://www.soccerbase.com/tournaments/tournament.sd?tourn_id=1764&tab=tab-2168
soccerbase,801411,2021-10-11,World Cup,2022,Conmebol (Qualifying),CONMEBOL Qualifying Matches and results,Chile,Paraguay,Chile,Paraguay,1,38559,L Jimenez,yellow,,lineup_bubble,https://www.soccerbase.com/tournaments/tournament.sd?tourn_id=1764&tab=tab-2168
soccerbase,801411,2021-10-11,World Cup,2022,Conmebol (Qualifying),CONMEBOL Qualifying Matches and results,Chile,Paraguay,Chile,Paraguay,1,62616,C Aranguiz,yellow,,lineup_bubble,https://www.soccerbase.com/tournaments/tournament.sd?tourn_id=1764&tab=tab-2168
soccerbase,801411,2021-10-11,World Cup,2022,Conmebol (Qualifying),CONMEBOL Qualifying Matches and results,Chile,Paraguay,Chile,Paraguay,1,62616,C Aranguiz,red,,lineup_bubble,https://www.soccerbase.com/tournaments/tournament.sd?tourn_id=1764&tab=tab-2168
soccerbase,801411,2021-10-11,World Cup,2022,Conmebol (Qualifying),CONMEBOL Qualifying Matches and results,Chile,Paraguay,Chile,Paraguay,1,100711,B Brereton,yellow,,lineup_bubble,https://www.soccerbase.com/tournaments/tournament.sd?tourn_id=1764&tab=tab-2168
soccerbase,801411,2021-10-11,World Cup,2022,Conmebol (Qualifying),CONMEBOL Qualifying Matches and results,Chile,Paraguay,Paraguay,Chile,0,117360,O Alderete,yellow,,lineup_bubble,https://www.soccerbase.com/tournaments/tournament.sd?tourn_id=1764&tab=tab-2168
soccerbase,801411,2021-10-11,World Cup,2022,Conmebol (Qualifying),CONMEBOL Qualifying Matches and results,Chile,Paraguay,Paraguay,Chile,0,117360,O Alderete,red,,lineup_bubble,https://www.soccerbase.com/tournaments/tournament.sd?tourn_id=1764&tab=tab-2168
soccerbase,801411,2021-10-11,World Cup,2022,Conmebol (Qualifying),CONMEBOL Qualifying Matches and results,Chile,Paraguay,Paraguay,Chile,0,125672,J Morel,yellow,,lineup_bubble,https://www.soccerbase.com/tournaments/tournament.sd?tourn_id=1764&tab=tab-2168
soccerbase,801411,2021-10-11,World Cup,2022,Conmebol (Qualifying),CONMEBOL Qualifying Matches and results,Chile,Paraguay,Paraguay,Chile,0,54141,H Perez,yellow,,lineup_bubble,https://www.soccerbase.com/tournaments/tournament.sd?tourn_id=1764&tab=tab-2168
soccerbase,801409,2021-10-10,World Cup,2022,Conmebol (Qualifying),CONMEBOL Qualifying Matches and results,Bolivia,Peru,Bolivia,Peru,1,119064,A Jusino,yellow,,lineup_bubble,https://www.soccerbase.com/tournaments/tournament.sd?tourn_id=1764&tab=tab-2168
soccerbase,801409,2021-10-10,World Cup,2022,Conmebol (Qualifying),CONMEBOL Qualifying Matches and results,Bolivia,Peru,Bolivia,Peru,1,101627,L Justiniano,yellow,,lineup_bubble,https://www.soccerbase.com/tournaments/tournament.sd?tourn_id=1764&tab=tab-2168
soccerbase,801409,2021-10-10,World Cup,2022,Conmebol (Qualifying),CONMEBOL Qualifying Matches and results,Bolivia,Peru,Bolivia,Peru,1,89096,M Moises Villarroel,yellow,,lineup_bubble,https://www.soccerbase.com/tournaments/tournament.sd?tourn_id=1764&tab=tab-2168
soccerbase,801409,2021-10-10,World Cup,2022,Conmebol (Qualifying),CONMEBOL Qualifying Matches and results,Bolivia,Peru,Bolivia,Peru,1,107184,Henry Vaca,red,,lineup_bubble,https://www.soccerbase.com/tournaments/tournament.sd?tourn_id=1764&tab=tab-2168
soccerbase,801409,2021-10-10,World Cup,2022,Conmebol (Qualifying),CONMEBOL Qualifying Matches and results,Bolivia,Peru,Peru,Bolivia,0,78179,W Cartagena,yellow,,lineup_bubble,https://www.soccerbase.com/tournaments/tournament.sd?tourn_id=1764&tab=tab-2168
soccerbase,801409,2021-10-10,World Cup,2022,Conmebol (Qualifying),CONMEBOL Qualifying Matches and results,Bolivia,Peru,Peru,Bolivia,0,88938,C Gonzales,yellow,,lineup_bubble,https://www.soccerbase.com/tournaments/tournament.sd?tourn_id=1764&tab=tab-2168
soccerbase,801407,2021-10-10,World Cup,2022,Conmebol (Qualifying),CONMEBOL Qualifying Matches and results,Colombia,Brazil,Colombia,Brazil,1,87091,J Lerma,yellow,,lineup_bubble,https://www.soccerbase.com/tournaments/tournament.sd?tourn_id=1764&tab=tab-2168
soccerbase,801407,2021-10-10,World Cup,2022,Conmebol (Qualifying),CONMEBOL Qualifying Matches and results,Colombia,Brazil,Colombia,Brazil,1,83160,R Borre,yellow,,lineup_bubble,https://www.soccerbase.com/tournaments/tournament.sd?tourn_id=1764&tab=tab-2168
soccerbase,801408,2021-10-10,World Cup,2022,Conmebol (Qualifying),CONMEBOL Qualifying Matches and results,Venezuela,Ecuador,Venezuela,Ecuador,1,102961,J Moreno,yellow,,lineup_bubble,https://www.soccerbase.com/tournaments/tournament.sd?tourn_id=1764&tab=tab-2168
soccerbase,801408,2021-10-10,World Cup,2022,Conmebol (Qualifying),CONMEBOL Qualifying Matches and results,Venezuela,Ecuador,Venezuela,Ecuador,1,49286,T Rincon,yellow,,lineup_bubble,https://www.soccerbase.com/tournaments/tournament.sd?tourn_id=1764&tab=tab-2168
soccerbase,801408,2021-10-10,World Cup,2022,Conmebol (Qualifying),CONMEBOL Qualifying Matches and results,Venezuela,Ecuador,Venezuela,Ecuador,1,128611,J Martinez,yellow,,lineup_bubble,https://www.soccerbase.com/tournaments/tournament.sd?tourn_id=1764&tab=tab-2168
soccerbase,801408,2021-10-10,World Cup,2022,Conmebol (Qualifying),CONMEBOL Qualifying Matches and results,Venezuela,Ecuador,Venezuela,Ecuador,1,62678,F Aristeguieta,yellow,,lineup_bubble,https://www.soccerbase.com/tournaments/tournament.sd?tourn_id=1764&tab=tab-2168
soccerbase,801408,2021-10-10,World Cup,2022,Conmebol (Qualifying),CONMEBOL Qualifying Matches and results,Venezuela,Ecuador,Ecuador,Venezuela,0,125125,F Torres,yellow,,lineup_bubble,https://www.soccerbase.com/tournaments/tournament.sd?tourn_id=1764&tab=tab-2168
soccerbase,801408,2021-10-10,World Cup,2022,Conmebol (Qualifying),CONMEBOL Qualifying Matches and results,Venezuela,Ecuador,Ecuador,Venezuela,0,76126,A Mena,yellow,,lineup_bubble,https://www.soccerbase.com/tournaments/tournament.sd?tourn_id=1764&tab=tab-2168
soccerbase,801441,2021-10-08,World Cup,2022,Conmebol (Qualifying),CONMEBOL Qualifying Matches and results,Paraguay,Argentina,Paraguay,Argentina,1,72317,J Alonso,yellow,,lineup_bubble,https://www.soccerbase.com/tournaments/tournament.sd?tourn_id=1764&tab=tab-2168
soccerbase,801441,2021-10-08,World Cup,2022,Conmebol (Qualifying),CONMEBOL Qualifying Matches and results,Paraguay,Argentina,Paraguay,Argentina,1,125673,M Villasanti,yellow,,lineup_bubble,https://www.soccerbase.com/tournaments/tournament.sd?tourn_id=1764&tab=tab-2168
soccerbase,801438,2021-10-08,World Cup,2022,Conmebol (Qualifying),CONMEBOL Qualifying Matches and results,Peru,Chile,Peru,Chile,1,76189,M Trauco,yellow,,lineup_bubble,https://www.soccerbase.com/tournaments/tournament.sd?tourn_id=1764&tab=tab-2168
soccerbase,801438,2021-10-08,World Cup,2022,Conmebol (Qualifying),CONMEBOL Qualifying Matches and results,Peru,Chile,Peru,Chile,1,70328,A Callens,yellow,,lineup_bubble,https://www.soccerbase.com/tournaments/tournament.sd?tourn_id=1764&tab=tab-2168
soccerbase,801438,2021-10-08,World Cup,2022,Conmebol (Qualifying),CONMEBOL Qualifying Matches and results,Peru,Chile,Chile,Peru,0,49255,G Medel,yellow,,lineup_bubble,https://www.soccerbase.com/tournaments/tournament.sd?tourn_id=1764&tab=tab-2168
soccerbase,801438,2021-10-08,World Cup,2022,Conmebol (Qualifying),CONMEBOL Qualifying Matches and results,Peru,Chile,Chile,Peru,0,50143,M Isla,yellow,,lineup_bubble,https://www.soccerbase.com/tournaments/tournament.sd?tourn_id=1764&tab=tab-2168
soccerbase,801438,2021-10-08,World Cup,2022,Conmebol (Qualifying),CONMEBOL Qualifying Matches and results,Peru,Chile,Chile,Peru,0,100415,S Vegas,yellow,,lineup_bubble,https://www.soccerbase.com/tournaments/tournament.sd?tourn_id=1764&tab=tab-2168
soccerbase,801438,2021-10-08,World Cup,2022,Conmebol (Qualifying),CONMEBOL Qualifying Matches and results,Peru,Chile,Chile,Peru,0,100416,G Maripan,yellow,,lineup_bubble,https://www.soccerbase.com/tournaments/tournament.sd?tourn_id=1764&tab=tab-2168
soccerbase,801438,2021-10-08,World Cup,2022,Conmebol (Qualifying),CONMEBOL Qualifying Matches and results,Peru,Chile,Chile,Peru,0,83103,E Pulgar,yellow,,lineup_bubble,https://www.soccerbase.com/tournaments/tournament.sd?tourn_id=1764&tab=tab-2168
soccerbase,801437,2021-10-08,World Cup,2022,Conmebol (Qualifying),CONMEBOL Qualifying Matches and results,Uruguay,Colombia,Uruguay,Colombia,1,105849,R Bentancur,yellow,,lineup_bubble,https://www.soccerbase.com/tournaments/tournament.sd?tourn_id=1764&tab=tab-2168
soccerbase,801437,2021-10-08,World Cup,2022,Conmebol (Qualifying),CONMEBOL Qualifying Matches and results,Uruguay,Colombia,Colombia,Uruguay,0,72117,J Mojica,yellow,,lineup_bubble,https://www.soccerbase.com/tournaments/tournament.sd?tourn_id=1764&tab=tab-2168
soccerbase,801437,2021-10-08,World Cup,2022,Conmebol (Qualifying),CONMEBOL Qualifying Matches and results,Uruguay,Colombia,Colombia,Uruguay,0,53525,J Cuadrado,yellow,,lineup_bubble,https://www.soccerbase.com/tournaments/tournament.sd?tourn_id=1764&tab=tab-2168
soccerbase,801437,2021-10-08,World Cup,2022,Conmebol (Qualifying),CONMEBOL Qualifying Matches and results,Uruguay,Colombia,Colombia,Uruguay,0,100755,M Mateus Uribe,yellow,,lineup_bubble,https://www.soccerbase.com/tournaments/tournament.sd?tourn_id=1764&tab=tab-2168
soccerbase,801439,2021-10-08,World Cup,2022,Conmebol (Qualifying),CONMEBOL Qualifying Matches and results,Venezuela,Brazil,Venezuela,Brazil,1,107963,R Hernandez,yellow,,lineup_bubble,https://www.soccerbase.com/tournaments/tournament.sd?tourn_id=1764&tab=tab-2168
soccerbase,801439,2021-10-08,World Cup,2022,Conmebol (Qualifying),CONMEBOL Qualifying Matches and results,Venezuela,Brazil,Venezuela,Brazil,1,98673,E Bello,yellow,,lineup_bubble,https://www.soccerbase.com/tournaments/tournament.sd?tourn_id=1764&tab=tab-2168
soccerbase,801439,2021-10-08,World Cup,2022,Conmebol (Qualifying),CONMEBOL Qualifying Matches and results,Venezuela,Brazil,Brazil,Venezuela,0,66754,Marquinhos,yellow,,lineup_bubble,https://www.soccerbase.com/tournaments/tournament.sd?tourn_id=1764&tab=tab-2168
soccerbase,801436,2021-09-10,World Cup,2022,Conmebol (Qualifying),CONMEBOL Qualifying Matches and results,Argentina,Bolivia,Bolivia,Argentina,0,101639,L Haquin,yellow,,lineup_bubble,https://www.soccerbase.com/tournaments/tournament.sd?tourn_id=1764&tab=tab-2168
soccerbase,801436,2021-09-10,World Cup,2022,Conmebol (Qualifying),CONMEBOL Qualifying Matches and results,Argentina,Bolivia,Bolivia,Argentina,0,101640,Ramiro Vaca,yellow,,lineup_bubble,https://www.soccerbase.com/tournaments/tournament.sd?tourn_id=1764&tab=tab-2168
soccerbase,801436,2021-09-10,World Cup,2022,Conmebol (Qualifying),CONMEBOL Qualifying Matches and results,Argentina,Bolivia,Bolivia,Argentina,0,89096,M Moises Villarroel,yellow,,lineup_bubble,https://www.soccerbase.com/tournaments/tournament.sd?tourn_id=1764&tab=tab-2168
soccerbase,801434,2021-09-10,World Cup,2022,Conmebol (Qualifying),CONMEBOL Qualifying Matches and results,Brazil,Peru,Brazil,Peru,1,115473,Lucas Paqueta,yellow,,lineup_bubble,https://www.soccerbase.com/tournaments/tournament.sd?tourn_id=1764&tab=tab-2168
soccerbase,801434,2021-09-10,World Cup,2022,Conmebol (Qualifying),CONMEBOL Qualifying Matches and results,Brazil,Peru,Brazil,Peru,1,65160,Casemiro,yellow,,lineup_bubble,https://www.soccerbase.com/tournaments/tournament.sd?tourn_id=1764&tab=tab-2168
soccerbase,801434,2021-09-10,World Cup,2022,Conmebol (Qualifying),CONMEBOL Qualifying Matches and results,Brazil,Peru,Brazil,Peru,1,90702,Gabriel Barbosa,yellow,,lineup_bubble,https://www.soccerbase.com/tournaments/tournament.sd?tourn_id=1764&tab=tab-2168
soccerbase,801434,2021-09-10,World Cup,2022,Conmebol (Qualifying),CONMEBOL Qualifying Matches and results,Brazil,Peru,Brazil,Peru,1,55850,Neymar,yellow,,lineup_bubble,https://www.soccerbase.com/tournaments/tournament.sd?tourn_id=1764&tab=tab-2168
soccerbase,801434,2021-09-10,World Cup,2022,Conmebol (Qualifying),CONMEBOL Qualifying Matches and results,Brazil,Peru,Peru,Brazil,0,95630,A Santamaria,yellow,,lineup_bubble,https://www.soccerbase.com/tournaments/tournament.sd?tourn_id=1764&tab=tab-2168
soccerbase,801434,2021-09-10,World Cup,2022,Conmebol (Qualifying),CONMEBOL Qualifying Matches and results,Brazil,Peru,Peru,Brazil,0,72735,R Tapia,yellow,,lineup_bubble,https://www.soccerbase.com/tournaments/tournament.sd?tourn_id=1764&tab=tab-2168
soccerbase,801434,2021-09-10,World Cup,2022,Conmebol (Qualifying),CONMEBOL Qualifying Matches and results,Brazil,Peru,Peru,Brazil,0,120215,G Costa,yellow,,lineup_bubble,https://www.soccerbase.com/tournaments/tournament.sd?tourn_id=1764&tab=tab-2168
soccerbase,801434,2021-09-10,World Cup,2022,Conmebol (Qualifying),CONMEBOL Qualifying Matches and results,Brazil,Peru,Peru,Brazil,0,59813,Y Yotun,yellow,,lineup_bubble,https://www.soccerbase.com/tournaments/tournament.sd?tourn_id=1764&tab=tab-2168
soccerbase,801434,2021-09-10,World Cup,2022,Conmebol (Qualifying),CONMEBOL Qualifying Matches and results,Brazil,Peru,Peru,Brazil,0,88938,C Gonzales,yellow,,lineup_bubble,https://www.soccerbase.com/tournaments/tournament.sd?tourn_id=1764&tab=tab-2168
soccerbase,801433,2021-09-10,World Cup,2022,Conmebol (Qualifying),CONMEBOL Qualifying Matches and results,Colombia,Chile,Colombia,Chile,1,66807,J Quintero,yellow,,lineup_bubble,https://www.soccerbase.com/tournaments/tournament.sd?tourn_id=1764&tab=tab-2168
soccerbase,801433,2021-09-10,World Cup,2022,Conmebol (Qualifying),CONMEBOL Qualifying Matches and results,Colombia,Chile,Chile,Colombia,0,83103,E Pulgar,yellow,,lineup_bubble,https://www.soccerbase.com/tournaments/tournament.sd?tourn_id=1764&tab=tab-2168
soccerbase,801433,2021-09-10,World Cup,2022,Conmebol (Qualifying),CONMEBOL Qualifying Matches and results,Colombia,Chile,Chile,Colombia,0,134439,N Diaz,yellow,,lineup_bubble,https://www.soccerbase.com/tournaments/tournament.sd?tourn_id=1764&tab=tab-2168
soccerbase,801433,2021-09-10,World Cup,2022,Conmebol (Qualifying),CONMEBOL Qualifying Matches and results,Colombia,Chile,Chile,Colombia,0,48942,A Vidal,yellow,,lineup_bubble,https://www.soccerbase.com/tournaments/tournament.sd?tourn_id=1764&tab=tab-2168
soccerbase,801435,2021-09-09,World Cup,2022,Conmebol (Qualifying),CONMEBOL Qualifying Matches and results,Paraguay,Venezuela,Paraguay,Venezuela,1,83117,F Balbuena,yellow,,lineup_bubble,https://www.soccerbase.com/tournaments/tournament.sd?tourn_id=1764&tab=tab-2168
soccerbase,801435,2021-09-09,World Cup,2022,Conmebol (Qualifying),CONMEBOL Qualifying Matches and results,Paraguay,Venezuela,Paraguay,Venezuela,1,72317,J Alonso,yellow,,lineup_bubble,https://www.soccerbase.com/tournaments/tournament.sd?tourn_id=1764&tab=tab-2168
soccerbase,801435,2021-09-09,World Cup,2022,Conmebol (Qualifying),CONMEBOL Qualifying Matches and results,Paraguay,Venezuela,Venezuela,Paraguay,0,144630,Oscar Gonzalez,yellow,,lineup_bubble,https://www.soccerbase.com/tournaments/tournament.sd?tourn_id=1764&tab=tab-2168
soccerbase,801432,2021-09-09,World Cup,2022,Conmebol (Qualifying),CONMEBOL Qualifying Matches and results,Uruguay,Ecuador,Uruguay,Ecuador,1,87802,N Nandez,yellow,,lineup_bubble,https://www.soccerbase.com/tournaments/tournament.sd?tourn_id=1764&tab=tab-2168
soccerbase,801432,2021-09-09,World Cup,2022,Conmebol (Qualifying),CONMEBOL Qualifying Matches and results,Uruguay,Ecuador,Uruguay,Ecuador,1,105849,R Bentancur,yellow,,lineup_bubble,https://www.soccerbase.com/tournaments/tournament.sd?tourn_id=1764&tab=tab-2168
soccerbase,801432,2021-09-09,World Cup,2022,Conmebol (Qualifying),CONMEBOL Qualifying Matches and results,Uruguay,Ecuador,Ecuador,Uruguay,0,144578,B Castillo,yellow,,lineup_bubble,https://www.soccerbase.com/tournaments/tournament.sd?tourn_id=1764&tab=tab-2168
soccerbase,801413,2021-09-06,World Cup,2022,Conmebol (Qualifying),CONMEBOL Qualifying Matches and results,Peru,Venezuela,Peru,Venezuela,1,88938,C Gonzales,yellow,,lineup_bubble,https://www.soccerbase.com/tournaments/tournament.sd?tourn_id=1764&tab=tab-2168
soccerbase,801413,2021-09-06,World Cup,2022,Conmebol (Qualifying),CONMEBOL Qualifying Matches and results,Peru,Venezuela,Peru,Venezuela,1,40486,P Guerrero,yellow,,lineup_bubble,https://www.soccerbase.com/tournaments/tournament.sd?tourn_id=1764&tab=tab-2168
soccerbase,801413,2021-09-06,World Cup,2022,Conmebol (Qualifying),CONMEBOL Qualifying Matches and results,Peru,Venezuela,Venezuela,Peru,0,115475,N Ferraresi,yellow,,lineup_bubble,https://www.soccerbase.com/tournaments/tournament.sd?tourn_id=1764&tab=tab-2168
soccerbase,801413,2021-09-06,World Cup,2022,Conmebol (Qualifying),CONMEBOL Qualifying Matches and results,Peru,Venezuela,Venezuela,Peru,0,49286,T Rincon,yellow,,lineup_bubble,https://www.soccerbase.com/tournaments/tournament.sd?tourn_id=1764&tab=tab-2168
soccerbase,801413,2021-09-06,World Cup,2022,Conmebol (Qualifying),CONMEBOL Qualifying Matches and results,Peru,Venezuela,Venezuela,Peru,0,49286,T Rincon,red,,lineup_bubble,https://www.soccerbase.com/tournaments/tournament.sd?tourn_id=1764&tab=tab-2168
soccerbase,801416,2021-09-05,World Cup,2022,Conmebol (Qualifying),CONMEBOL Qualifying Matches and results,Ecuador,Chile,Ecuador,Chile,1,72263,E Valencia,yellow,,lineup_bubble,https://www.soccerbase.com/tournaments/tournament.sd?tourn_id=1764&tab=tab-2168
soccerbase,801416,2021-09-05,World Cup,2022,Conmebol (Qualifying),CONMEBOL Qualifying Matches and results,Ecuador,Chile,Ecuador,Chile,1,73070,J Sornoza,red,,lineup_bubble,https://www.soccerbase.com/tournaments/tournament.sd?tourn_id=1764&tab=tab-2168
soccerbase,801416,2021-09-05,World Cup,2022,Conmebol (Qualifying),CONMEBOL Qualifying Matches and results,Ecuador,Chile,Chile,Ecuador,0,77765,E Roco,yellow,,lineup_bubble,https://www.soccerbase.com/tournaments/tournament.sd?tourn_id=1764&tab=tab-2168
soccerbase,801416,2021-09-05,World Cup,2022,Conmebol (Qualifying),CONMEBOL Qualifying Matches and results,Ecuador,Chile,Chile,Ecuador,0,100415,S Vegas,yellow,,lineup_bubble,https://www.soccerbase.com/tournaments/tournament.sd?tourn_id=1764&tab=tab-2168
soccerbase,801416,2021-09-05,World Cup,2022,Conmebol (Qualifying),CONMEBOL Qualifying Matches and results,Ecuador,Chile,Chile,Ecuador,0,62617,E Vargas,yellow,,lineup_bubble,https://www.soccerbase.com/tournaments/tournament.sd?tourn_id=1764&tab=tab-2168
soccerbase,801415,2021-09-05,World Cup,2022,Conmebol (Qualifying),CONMEBOL Qualifying Matches and results,Paraguay,Colombia,Paraguay,Colombia,1,71542,G Gomez,yellow,,lineup_bubble,https://www.soccerbase.com/tournaments/tournament.sd?tourn_id=1764&tab=tab-2168
soccerbase,801415,2021-09-05,World Cup,2022,Conmebol (Qualifying),CONMEBOL Qualifying Matches and results,Paraguay,Colombia,Paraguay,Colombia,1,117247,G Gimenez,yellow,,lineup_bubble,https://www.soccerbase.com/tournaments/tournament.sd?tourn_id=1764&tab=tab-2168
soccerbase,801415,2021-09-05,World Cup,2022,Conmebol (Qualifying),CONMEBOL Qualifying Matches and results,Paraguay,Colombia,Paraguay,Colombia,1,125672,J Morel,yellow,,lineup_bubble,https://www.soccerbase.com/tournaments/tournament.sd?tourn_id=1764&tab=tab-2168
soccerbase,801415,2021-09-05,World Cup,2022,Conmebol (Qualifying),CONMEBOL Qualifying Matches and results,Paraguay,Colombia,Colombia,Paraguay,0,92531,D Sanchez,yellow,,lineup_bubble,https://www.soccerbase.com/tournaments/tournament.sd?tourn_id=1764&tab=tab-2168
soccerbase,801415,2021-09-05,World Cup,2022,Conmebol (Qualifying),CONMEBOL Qualifying Matches and results,Paraguay,Colombia,Colombia,Paraguay,0,83125,W Barrios,yellow,,lineup_bubble,https://www.soccerbase.com/tournaments/tournament.sd?tourn_id=1764&tab=tab-2168
soccerbase,801415,2021-09-05,World Cup,2022,Conmebol (Qualifying),CONMEBOL Qualifying Matches and results,Paraguay,Colombia,Colombia,Paraguay,0,91366,R Martinez,yellow,,lineup_bubble,https://www.soccerbase.com/tournaments/tournament.sd?tourn_id=1764&tab=tab-2168
soccerbase,801415,2021-09-05,World Cup,2022,Conmebol (Qualifying),CONMEBOL Qualifying Matches and results,Paraguay,Colombia,Colombia,Paraguay,0,65208,A Mejia,yellow,,lineup_bubble,https://www.soccerbase.com/tournaments/tournament.sd?tourn_id=1764&tab=tab-2168
soccerbase,801412,2021-09-05,World Cup,2022,Conmebol (Qualifying),CONMEBOL Qualifying Matches and results,Uruguay,Bolivia,Bolivia,Uruguay,0,72266,R Ramallo,yellow,,lineup_bubble,https://www.soccerbase.com/tournaments/tournament.sd?tourn_id=1764&tab=tab-2168
soccerbase,801412,2021-09-05,World Cup,2022,Conmebol (Qualifying),CONMEBOL Qualifying Matches and results,Uruguay,Bolivia,Bolivia,Uruguay,0,144600,M Enoumba,yellow,,lineup_bubble,https://www.soccerbase.com/tournaments/tournament.sd?tourn_id=1764&tab=tab-2168
soccerbase,801430,2021-09-03,World Cup,2022,Conmebol (Qualifying),CONMEBOL Qualifying Matches and results,Chile,Brazil,Chile,Brazil,1,100416,G Maripan,yellow,,lineup_bubble,https://www.soccerbase.com/tournaments/tournament.sd?tourn_id=1764&tab=tab-2168
soccerbase,801430,2021-09-03,World Cup,2022,Conmebol (Qualifying),CONMEBOL Qualifying Matches and results,Chile,Brazil,Chile,Brazil,1,83103,E Pulgar,yellow,,lineup_bubble,https://www.soccerbase.com/tournaments/tournament.sd?tourn_id=1764&tab=tab-2168
soccerbase,801430,2021-09-03,World Cup,2022,Conmebol (Qualifying),CONMEBOL Qualifying Matches and results,Chile,Brazil,Chile,Brazil,1,119265,I Ivan Morales,yellow,,lineup_bubble,https://www.soccerbase.com/tournaments/tournament.sd?tourn_id=1764&tab=tab-2168
soccerbase,801430,2021-09-03,World Cup,2022,Conmebol (Qualifying),CONMEBOL Qualifying Matches and results,Chile,Brazil,Brazil,Chile,0,66754,Marquinhos,yellow,,lineup_bubble,https://www.soccerbase.com/tournaments/tournament.sd?tourn_id=1764&tab=tab-2168
soccerbase,801430,2021-09-03,World Cup,2022,Conmebol (Qualifying),CONMEBOL Qualifying Matches and results,Chile,Brazil,Brazil,Chile,0,93547,Gerson,yellow,,lineup_bubble,https://www.soccerbase.com/tournaments/tournament.sd?tourn_id=1764&tab=tab-2168
soccerbase,801430,2021-09-03,World Cup,2022,Conmebol (Qualifying),CONMEBOL Qualifying Matches and results,Chile,Brazil,Brazil,Chile,0,129105,Bruno Guimaraes,yellow,,lineup_bubble,https://www.soccerbase.com/tournaments/tournament.sd?tourn_id=1764&tab=tab-2168
soccerbase,801430,2021-09-03,World Cup,2022,Conmebol (Qualifying),CONMEBOL Qualifying Matches and results,Chile,Brazil,Brazil,Chile,0,55850,Neymar,yellow,,lineup_bubble,https://www.soccerbase.com/tournaments/tournament.sd?tourn_id=1764&tab=tab-2168
soccerbase,801427,2021-09-03,World Cup,2022,Conmebol (Qualifying),CONMEBOL Qualifying Matches and results,Peru,Uruguay,Uruguay,Peru,0,43562,D Godin,yellow,,lineup_bubble,https://www.soccerbase.com/tournaments/tournament.sd?tourn_id=1764&tab=tab-2168
soccerbase,801428,2021-09-03,World Cup,2022,Conmebol (Qualifying),CONMEBOL Qualifying Matches and results,Venezuela,Argentina,Venezuela,Argentina,1,139921,L Adrian Martinez,red,,lineup_bubble,https://www.soccerbase.com/tournaments/tournament.sd?tourn_id=1764&tab=tab-2168
soccerbase,801428,2021-09-03,World Cup,2022,Conmebol (Qualifying),CONMEBOL Qualifying Matches and results,Venezuela,Argentina,Venezuela,Argentina,1,119328,J Hurtado,yellow,,lineup_bubble,https://www.soccerbase.com/tournaments/tournament.sd?tourn_id=1764&tab=tab-2168
soccerbase,801428,2021-09-03,World Cup,2022,Conmebol (Qualifying),CONMEBOL Qualifying Matches and results,Venezuela,Argentina,Venezuela,Argentina,1,90568,Y Soteldo,yellow,,lineup_bubble,https://www.soccerbase.com/tournaments/tournament.sd?tourn_id=1764&tab=tab-2168
soccerbase,801429,2021-09-02,World Cup,2022,Conmebol (Qualifying),CONMEBOL Qualifying Matches and results,Bolivia,Colombia,Bolivia,Colombia,1,119064,A Jusino,yellow,,lineup_bubble,https://www.soccerbase.com/tournaments/tournament.sd?tourn_id=1764&tab=tab-2168
soccerbase,801429,2021-09-02,World Cup,2022,Conmebol (Qualifying),CONMEBOL Qualifying Matches and results,Bolivia,Colombia,Bolivia,Colombia,1,90572,C Algaranaz,yellow,,lineup_bubble,https://www.soccerbase.com/tournaments/tournament.sd?tourn_id=1764&tab=tab-2168
soccerbase,801429,2021-09-02,World Cup,2022,Conmebol (Qualifying),CONMEBOL Qualifying Matches and results,Bolivia,Colombia,Bolivia,Colombia,1,90572,C Algaranaz,red,,lineup_bubble,https://www.soccerbase.com/tournaments/tournament.sd?tourn_id=1764&tab=tab-2168
soccerbase,801429,2021-09-02,World Cup,2022,Conmebol (Qualifying),CONMEBOL Qualifying Matches and results,Bolivia,Colombia,Bolivia,Colombia,1,89096,M Moises Villarroel,yellow,,lineup_bubble,https://www.soccerbase.com/tournaments/tournament.sd?tourn_id=1764&tab=tab-2168
soccerbase,801429,2021-09-02,World Cup,2022,Conmebol (Qualifying),CONMEBOL Qualifying Matches and results,Bolivia,Colombia,Colombia,Bolivia,0,124929,D Munoz,yellow,,lineup_bubble,https://www.soccerbase.com/tournaments/tournament.sd?tourn_id=1764&tab=tab-2168
soccerbase,801431,2021-09-02,World Cup,2022,Conmebol (Qualifying),CONMEBOL Qualifying Matches and results,Ecuador,Paraguay,Ecuador,Paraguay,1,101519,P Estupinan,yellow,,lineup_bubble,https://www.soccerbase.com/tournaments/tournament.sd?tourn_id=1764&tab=tab-2168
soccerbase,801431,2021-09-02,World Cup,2022,Conmebol (Qualifying),CONMEBOL Qualifying Matches and results,Ecuador,Paraguay,Ecuador,Paraguay,1,98676,M Estrada,yellow,,lineup_bubble,https://www.soccerbase.com/tournaments/tournament.sd?tourn_id=1764&tab=tab-2168
soccerbase,801431,2021-09-02,World Cup,2022,Conmebol (Qualifying),CONMEBOL Qualifying Matches and results,Ecuador,Paraguay,Ecuador,Paraguay,1,90678,J Rojas,yellow,,lineup_bubble,https://www.soccerbase.com/tournaments/tournament.sd?tourn_id=1764&tab=tab-2168
soccerbase,801431,2021-09-02,World Cup,2022,Conmebol (Qualifying),CONMEBOL Qualifying Matches and results,Ecuador,Paraguay,Paraguay,Ecuador,0,72317,J Alonso,yellow,,lineup_bubble,https://www.soccerbase.com/tournaments/tournament.sd?tourn_id=1764&tab=tab-2168
soccerbase,801431,2021-09-02,World Cup,2022,Conmebol (Qualifying),CONMEBOL Qualifying Matches and results,Ecuador,Paraguay,Paraguay,Ecuador,0,125672,J Morel,yellow,,lineup_bubble,https://www.soccerbase.com/tournaments/tournament.sd?tourn_id=1764&tab=tab-2168
soccerbase,801425,2021-06-09,World Cup,2022,Conmebol (Qualifying),CONMEBOL Qualifying Matches and results,Chile,Bolivia,Chile,Bolivia,1,49255,G Medel,yellow,,lineup_bubble,https://www.soccerbase.com/tournaments/tournament.sd?tourn_id=1764&tab=tab-2168
soccerbase,801425,2021-06-09,World Cup,2022,Conmebol (Qualifying),CONMEBOL Qualifying Matches and results,Chile,Bolivia,Chile,Bolivia,1,83103,E Pulgar,yellow,,lineup_bubble,https://www.soccerbase.com/tournaments/tournament.sd?tourn_id=1764&tab=tab-2168
soccerbase,801425,2021-06-09,World Cup,2022,Conmebol (Qualifying),CONMEBOL Qualifying Matches and results,Chile,Bolivia,Bolivia,Chile,0,107184,Henry Vaca,yellow,,lineup_bubble,https://www.soccerbase.com/tournaments/tournament.sd?tourn_id=1764&tab=tab-2168
soccerbase,801425,2021-06-09,World Cup,2022,Conmebol (Qualifying),CONMEBOL Qualifying Matches and results,Chile,Bolivia,Bolivia,Chile,0,101627,L Justiniano,yellow,,lineup_bubble,https://www.soccerbase.com/tournaments/tournament.sd?tourn_id=1764&tab=tab-2168
soccerbase,801425,2021-06-09,World Cup,2022,Conmebol (Qualifying),CONMEBOL Qualifying Matches and results,Chile,Bolivia,Bolivia,Chile,0,69576,D Bejarano,yellow,,lineup_bubble,https://www.soccerbase.com/tournaments/tournament.sd?tourn_id=1764&tab=tab-2168
soccerbase,801425,2021-06-09,World Cup,2022,Conmebol (Qualifying),CONMEBOL Qualifying Matches and results,Chile,Bolivia,Bolivia,Chile,0,88283,J Flores,yellow,,lineup_bubble,https://www.soccerbase.com/tournaments/tournament.sd?tourn_id=1764&tab=tab-2168
soccerbase,801422,2021-06-09,World Cup,2022,Conmebol (Qualifying),CONMEBOL Qualifying Matches and results,Colombia,Argentina,Colombia,Argentina,1,90639,W Tesillo,yellow,,lineup_bubble,https://www.soccerbase.com/tournaments/tournament.sd?tourn_id=1764&tab=tab-2168
soccerbase,801422,2021-06-09,World Cup,2022,Conmebol (Qualifying),CONMEBOL Qualifying Matches and results,Colombia,Argentina,Colombia,Argentina,1,91545,Y Mina,yellow,,lineup_bubble,https://www.soccerbase.com/tournaments/tournament.sd?tourn_id=1764&tab=tab-2168
soccerbase,801422,2021-06-09,World Cup,2022,Conmebol (Qualifying),CONMEBOL Qualifying Matches and results,Colombia,Argentina,Colombia,Argentina,1,70265,S Medina,yellow,,lineup_bubble,https://www.soccerbase.com/tournaments/tournament.sd?tourn_id=1764&tab=tab-2168
soccerbase,801422,2021-06-09,World Cup,2022,Conmebol (Qualifying),CONMEBOL Qualifying Matches and results,Colombia,Argentina,Colombia,Argentina,1,70667,D Zapata,yellow,,lineup_bubble,https://www.soccerbase.com/tournaments/tournament.sd?tourn_id=1764&tab=tab-2168
soccerbase,801422,2021-06-09,World Cup,2022,Conmebol (Qualifying),CONMEBOL Qualifying Matches and results,Colombia,Argentina,Colombia,Argentina,1,72655,M Borja,yellow,,lineup_bubble,https://www.soccerbase.com/tournaments/tournament.sd?tourn_id=1764&tab=tab-2168
soccerbase,801422,2021-06-09,World Cup,2022,Conmebol (Qualifying),CONMEBOL Qualifying Matches and results,Colombia,Argentina,Argentina,Colombia,0,85638,G Pezzella,yellow,,lineup_bubble,https://www.soccerbase.com/tournaments/tournament.sd?tourn_id=1764&tab=tab-2168
soccerbase,801422,2021-06-09,World Cup,2022,Conmebol (Qualifying),CONMEBOL Qualifying Matches and results,Colombia,Argentina,Argentina,Colombia,0,114081,C Romero,yellow,,lineup_bubble,https://www.soccerbase.com/tournaments/tournament.sd?tourn_id=1764&tab=tab-2168
soccerbase,801422,2021-06-09,World Cup,2022,Conmebol (Qualifying),CONMEBOL Qualifying Matches and results,Colombia,Argentina,Argentina,Colombia,0,54605,N Otamendi,yellow,,lineup_bubble,https://www.soccerbase.com/tournaments/tournament.sd?tourn_id=1764&tab=tab-2168
soccerbase,801422,2021-06-09,World Cup,2022,Conmebol (Qualifying),CONMEBOL Qualifying Matches and results,Colombia,Argentina,Argentina,Colombia,0,75352,L Paredes,yellow,,lineup_bubble,https://www.soccerbase.com/tournaments/tournament.sd?tourn_id=1764&tab=tab-2168
soccerbase,801424,2021-06-09,World Cup,2022,Conmebol (Qualifying),CONMEBOL Qualifying Matches and results,Paraguay,Brazil,Paraguay,Brazil,1,117360,O Alderete,yellow,,lineup_bubble,https://www.soccerbase.com/tournaments/tournament.sd?tourn_id=1764&tab=tab-2168
soccerbase,801424,2021-06-09,World Cup,2022,Conmebol (Qualifying),CONMEBOL Qualifying Matches and results,Paraguay,Brazil,Paraguay,Brazil,1,72317,J Alonso,yellow,,lineup_bubble,https://www.soccerbase.com/tournaments/tournament.sd?tourn_id=1764&tab=tab-2168
soccerbase,801424,2021-06-09,World Cup,2022,Conmebol (Qualifying),CONMEBOL Qualifying Matches and results,Paraguay,Brazil,Paraguay,Brazil,1,71542,G Gomez,yellow,,lineup_bubble,https://www.soccerbase.com/tournaments/tournament.sd?tourn_id=1764&tab=tab-2168
soccerbase,801424,2021-06-09,World Cup,2022,Conmebol (Qualifying),CONMEBOL Qualifying Matches and results,Paraguay,Brazil,Paraguay,Brazil,1,103550,A Bareiro,yellow,,lineup_bubble,https://www.soccerbase.com/tournaments/tournament.sd?tourn_id=1764&tab=tab-2168
soccerbase,801424,2021-06-09,World Cup,2022,Conmebol (Qualifying),CONMEBOL Qualifying Matches and results,Paraguay,Brazil,Brazil,Paraguay,0,91392,Gabriel Jesus,yellow,,lineup_bubble,https://www.soccerbase.com/tournaments/tournament.sd?tourn_id=1764&tab=tab-2168
soccerbase,801424,2021-06-09,World Cup,2022,Conmebol (Qualifying),CONMEBOL Qualifying Matches and results,Paraguay,Brazil,Brazil,Paraguay,0,72533,Fred,yellow,,lineup_bubble,https://www.soccerbase.com/tournaments/tournament.sd?tourn_id=1764&tab=tab-2168
soccerbase,801426,2021-06-08,World Cup,2022,Conmebol (Qualifying),CONMEBOL Qualifying Matches and results,Ecuador,Peru,Ecuador,Peru,1,59848,A Dominguez,yellow,,lineup_bubble,https://www.soccerbase.com/tournaments/tournament.sd?tourn_id=1764&tab=tab-2168
soccerbase,801426,2021-06-08,World Cup,2022,Conmebol (Qualifying),CONMEBOL Qualifying Matches and results,Ecuador,Peru,Ecuador,Peru,1,134664,M Caicedo,yellow,,lineup_bubble,https://www.soccerbase.com/tournaments/tournament.sd?tourn_id=1764&tab=tab-2168
soccerbase,801426,2021-06-08,World Cup,2022,Conmebol (Qualifying),CONMEBOL Qualifying Matches and results,Ecuador,Peru,Peru,Ecuador,0,59837,L Advincula,yellow,,lineup_bubble,https://www.soccerbase.com/tournaments/tournament.sd?tourn_id=1764&tab=tab-2168
soccerbase,801426,2021-06-08,World Cup,2022,Conmebol (Qualifying),CONMEBOL Qualifying Matches and results,Ecuador,Peru,Peru,Ecuador,0,95597,P Aquino,yellow,,lineup_bubble,https://www.soccerbase.com/tournaments/tournament.sd?tourn_id=1764&tab=tab-2168
soccerbase,801426,2021-06-08,World Cup,2022,Conmebol (Qualifying),CONMEBOL Qualifying Matches and results,Ecuador,Peru,Peru,Ecuador,0,66735,G Lapadula,yellow,,lineup_bubble,https://www.soccerbase.com/tournaments/tournament.sd?tourn_id=1764&tab=tab-2168
soccerbase,801423,2021-06-08,World Cup,2022,Conmebol (Qualifying),CONMEBOL Qualifying Matches and results,Venezuela,Uruguay,Venezuela,Uruguay,1,90571,M Villanueva,yellow,,lineup_bubble,https://www.soccerbase.com/tournaments/tournament.sd?tourn_id=1764&tab=tab-2168
soccerbase,801423,2021-06-08,World Cup,2022,Conmebol (Qualifying),CONMEBOL Qualifying Matches and results,Venezuela,Uruguay,Venezuela,Uruguay,1,49286,T Rincon,yellow,,lineup_bubble,https://www.soccerbase.com/tournaments/tournament.sd?tourn_id=1764&tab=tab-2168
soccerbase,801423,2021-06-08,World Cup,2022,Conmebol (Qualifying),CONMEBOL Qualifying Matches and results,Venezuela,Uruguay,Venezuela,Uruguay,1,102961,J Moreno,yellow,,lineup_bubble,https://www.soccerbase.com/tournaments/tournament.sd?tourn_id=1764&tab=tab-2168
soccerbase,801423,2021-06-08,World Cup,2022,Conmebol (Qualifying),CONMEBOL Qualifying Matches and results,Venezuela,Uruguay,Uruguay,Venezuela,0,48843,M Caceres,yellow,,lineup_bubble,https://www.soccerbase.com/tournaments/tournament.sd?tourn_id=1764&tab=tab-2168
soccerbase,801419,2021-06-05,World Cup,2022,Conmebol (Qualifying),CONMEBOL Qualifying Matches and results,Brazil,Ecuador,Brazil,Ecuador,1,113795,Eder Militao,yellow,,lineup_bubble,https://www.soccerbase.com/tournaments/tournament.sd?tourn_id=1764&tab=tab-2168
soccerbase,801419,2021-06-05,World Cup,2022,Conmebol (Qualifying),CONMEBOL Qualifying Matches and results,Brazil,Ecuador,Brazil,Ecuador,1,72533,Fred,yellow,,lineup_bubble,https://www.soccerbase.com/tournaments/tournament.sd?tourn_id=1764&tab=tab-2168
soccerbase,801419,2021-06-05,World Cup,2022,Conmebol (Qualifying),CONMEBOL Qualifying Matches and results,Brazil,Ecuador,Ecuador,Brazil,0,59848,A Dominguez,yellow,,lineup_bubble,https://www.soccerbase.com/tournaments/tournament.sd?tourn_id=1764&tab=tab-2168
soccerbase,801419,2021-06-05,World Cup,2022,Conmebol (Qualifying),CONMEBOL Qualifying Matches and results,Brazil,Ecuador,Ecuador,Brazil,0,115792,A Preciado,yellow,,lineup_bubble,https://www.soccerbase.com/tournaments/tournament.sd?tourn_id=1764&tab=tab-2168
soccerbase,801419,2021-06-05,World Cup,2022,Conmebol (Qualifying),CONMEBOL Qualifying Matches and results,Brazil,Ecuador,Ecuador,Brazil,0,98675,A Preciado,yellow,,lineup_bubble,https://www.soccerbase.com/tournaments/tournament.sd?tourn_id=1764&tab=tab-2168
soccerbase,801419,2021-06-05,World Cup,2022,Conmebol (Qualifying),CONMEBOL Qualifying Matches and results,Brazil,Ecuador,Ecuador,Brazil,0,72263,E Valencia,yellow,,lineup_bubble,https://www.soccerbase.com/tournaments/tournament.sd?tourn_id=1764&tab=tab-2168
soccerbase,801421,2021-06-04,World Cup,2022,Conmebol (Qualifying),CONMEBOL Qualifying Matches and results,Argentina,Chile,Argentina,Chile,1,117768,L Martinez Quarta,yellow,,lineup_bubble,https://www.soccerbase.com/tournaments/tournament.sd?tourn_id=1764&tab=tab-2168
soccerbase,801421,2021-06-04,World Cup,2022,Conmebol (Qualifying),CONMEBOL Qualifying Matches and results,Argentina,Chile,Argentina,Chile,1,114081,C Romero,yellow,,lineup_bubble,https://www.soccerbase.com/tournaments/tournament.sd?tourn_id=1764&tab=tab-2168
soccerbase,801421,2021-06-04,World Cup,2022,Conmebol (Qualifying),CONMEBOL Qualifying Matches and results,Argentina,Chile,Chile,Argentina,0,62616,C Aranguiz,yellow,,lineup_bubble,https://www.soccerbase.com/tournaments/tournament.sd?tourn_id=1764&tab=tab-2168
soccerbase,801421,2021-06-04,World Cup,2022,Conmebol (Qualifying),CONMEBOL Qualifying Matches and results,Argentina,Chile,Chile,Argentina,0,100417,P Galdames,yellow,,lineup_bubble,https://www.soccerbase.com/tournaments/tournament.sd?tourn_id=1764&tab=tab-2168
soccerbase,801418,2021-06-04,World Cup,2022,Conmebol (Qualifying),CONMEBOL Qualifying Matches and results,Peru,Colombia,Peru,Colombia,1,59814,A Corzo,yellow,,lineup_bubble,https://www.soccerbase.com/tournaments/tournament.sd?tourn_id=1764&tab=tab-2168
soccerbase,801418,2021-06-04,World Cup,2022,Conmebol (Qualifying),CONMEBOL Qualifying Matches and results,Peru,Colombia,Peru,Colombia,1,76189,M Trauco,yellow,,lineup_bubble,https://www.soccerbase.com/tournaments/tournament.sd?tourn_id=1764&tab=tab-2168
soccerbase,801418,2021-06-04,World Cup,2022,Conmebol (Qualifying),CONMEBOL Qualifying Matches and results,Peru,Colombia,Peru,Colombia,1,76189,M Trauco,red,,lineup_bubble,https://www.soccerbase.com/tournaments/tournament.sd?tourn_id=1764&tab=tab-2168
soccerbase,801418,2021-06-04,World Cup,2022,Conmebol (Qualifying),CONMEBOL Qualifying Matches and results,Peru,Colombia,Peru,Colombia,1,66735,G Lapadula,yellow,,lineup_bubble,https://www.soccerbase.com/tournaments/tournament.sd?tourn_id=1764&tab=tab-2168
soccerbase,801418,2021-06-04,World Cup,2022,Conmebol (Qualifying),CONMEBOL Qualifying Matches and results,Peru,Colombia,Peru,Colombia,1,40486,P Guerrero,yellow,,lineup_bubble,https://www.soccerbase.com/tournaments/tournament.sd?tourn_id=1764&tab=tab-2168
soccerbase,801418,2021-06-04,World Cup,2022,Conmebol (Qualifying),CONMEBOL Qualifying Matches and results,Peru,Colombia,Colombia,Peru,0,53996,D Ospina,yellow,,lineup_bubble,https://www.soccerbase.com/tournaments/tournament.sd?tourn_id=1764&tab=tab-2168
soccerbase,801418,2021-06-04,World Cup,2022,Conmebol (Qualifying),CONMEBOL Qualifying Matches and results,Peru,Colombia,Colombia,Peru,0,124929,D Munoz,red,,lineup_bubble,https://www.soccerbase.com/tournaments/tournament.sd?tourn_id=1764&tab=tab-2168
soccerbase,801418,2021-06-04,World Cup,2022,Conmebol (Qualifying),CONMEBOL Qualifying Matches and results,Peru,Colombia,Colombia,Peru,0,70265,S Medina,yellow,,lineup_bubble,https://www.soccerbase.com/tournaments/tournament.sd?tourn_id=1764&tab=tab-2168
soccerbase,801418,2021-06-04,World Cup,2022,Conmebol (Qualifying),CONMEBOL Qualifying Matches and results,Peru,Colombia,Colombia,Peru,0,87849,G Cuellar,yellow,,lineup_bubble,https://www.soccerbase.com/tournaments/tournament.sd?tourn_id=1764&tab=tab-2168
soccerbase,801420,2021-06-03,World Cup,2022,Conmebol (Qualifying),CONMEBOL Qualifying Matches and results,Bolivia,Venezuela,Bolivia,Venezuela,1,78117,D Bejarano,yellow,,lineup_bubble,https://www.soccerbase.com/tournaments/tournament.sd?tourn_id=1764&tab=tab-2168
soccerbase,801420,2021-06-03,World Cup,2022,Conmebol (Qualifying),CONMEBOL Qualifying Matches and results,Bolivia,Venezuela,Bolivia,Venezuela,1,101627,L Justiniano,yellow,,lineup_bubble,https://www.soccerbase.com/tournaments/tournament.sd?tourn_id=1764&tab=tab-2168
soccerbase,801420,2021-06-03,World Cup,2022,Conmebol (Qualifying),CONMEBOL Qualifying Matches and results,Bolivia,Venezuela,Bolivia,Venezuela,1,88278,E Saavedra,yellow,,lineup_bubble,https://www.soccerbase.com/tournaments/tournament.sd?tourn_id=1764&tab=tab-2168
soccerbase,801420,2021-06-03,World Cup,2022,Conmebol (Qualifying),CONMEBOL Qualifying Matches and results,Bolivia,Venezuela,Venezuela,Bolivia,0,83161,W Angel,yellow,,lineup_bubble,https://www.soccerbase.com/tournaments/tournament.sd?tourn_id=1764&tab=tab-2168
soccerbase,801420,2021-06-03,World Cup,2022,Conmebol (Qualifying),CONMEBOL Qualifying Matches and results,Bolivia,Venezuela,Venezuela,Bolivia,0,59878,A Gonzalez,yellow,,lineup_bubble,https://www.soccerbase.com/tournaments/tournament.sd?tourn_id=1764&tab=tab-2168
soccerbase,801417,2021-06-03,World Cup,2022,Conmebol (Qualifying),CONMEBOL Qualifying Matches and results,Uruguay,Paraguay,Uruguay,Paraguay,1,72038,M Vecino,yellow,,lineup_bubble,https://www.soccerbase.com/tournaments/tournament.sd?tourn_id=1764&tab=tab-2168
soccerbase,801417,2021-06-03,World Cup,2022,Conmebol (Qualifying),CONMEBOL Qualifying Matches and results,Uruguay,Paraguay,Uruguay,Paraguay,1,105012,F Valverde,yellow,,lineup_bubble,https://www.soccerbase.com/tournaments/tournament.sd?tourn_id=1764&tab=tab-2168
soccerbase,801417,2021-06-03,World Cup,2022,Conmebol (Qualifying),CONMEBOL Qualifying Matches and results,Uruguay,Paraguay,Uruguay,Paraguay,1,105849,R Bentancur,yellow,,lineup_bubble,https://www.soccerbase.com/tournaments/tournament.sd?tourn_id=1764&tab=tab-2168
soccerbase,801417,2021-06-03,World Cup,2022,Conmebol (Qualifying),CONMEBOL Qualifying Matches and results,Uruguay,Paraguay,Paraguay,Uruguay,0,117360,O Alderete,yellow,,lineup_bubble,https://www.soccerbase.com/tournaments/tournament.sd?tourn_id=1764&tab=tab-2168
soccerbase,801403,2020-11-18,World Cup,2022,Conmebol (Qualifying),CONMEBOL Qualifying Matches and results,Peru,Argentina,Peru,Argentina,1,76195,P Gallese,yellow,,lineup_bubble,https://www.soccerbase.com/tournaments/tournament.sd?tourn_id=1764&tab=tab-2168
soccerbase,801403,2020-11-18,World Cup,2022,Conmebol (Qualifying),CONMEBOL Qualifying Matches and results,Peru,Argentina,Peru,Argentina,1,76189,M Trauco,yellow,,lineup_bubble,https://www.soccerbase.com/tournaments/tournament.sd?tourn_id=1764&tab=tab-2168
soccerbase,801403,2020-11-18,World Cup,2022,Conmebol (Qualifying),CONMEBOL Qualifying Matches and results,Peru,Argentina,Peru,Argentina,1,95597,P Aquino,yellow,,lineup_bubble,https://www.soccerbase.com/tournaments/tournament.sd?tourn_id=1764&tab=tab-2168
soccerbase,801403,2020-11-18,World Cup,2022,Conmebol (Qualifying),CONMEBOL Qualifying Matches and results,Peru,Argentina,Argentina,Peru,0,54605,N Otamendi,yellow,,lineup_bubble,https://www.soccerbase.com/tournaments/tournament.sd?tourn_id=1764&tab=tab-2168
soccerbase,801403,2020-11-18,World Cup,2022,Conmebol (Qualifying),CONMEBOL Qualifying Matches and results,Peru,Argentina,Argentina,Peru,0,100402,G Lo Celso,yellow,,lineup_bubble,https://www.soccerbase.com/tournaments/tournament.sd?tourn_id=1764&tab=tab-2168
soccerbase,801403,2020-11-18,World Cup,2022,Conmebol (Qualifying),CONMEBOL Qualifying Matches and results,Peru,Argentina,Argentina,Peru,0,71391,L Ocampos,yellow,,lineup_bubble,https://www.soccerbase.com/tournaments/tournament.sd?tourn_id=1764&tab=tab-2168
soccerbase,801406,2020-11-17,World Cup,2022,Conmebol (Qualifying),CONMEBOL Qualifying Matches and results,Ecuador,Colombia,Ecuador,Colombia,1,126427,P Perlaza,yellow,,lineup_bubble,https://www.soccerbase.com/tournaments/tournament.sd?tourn_id=1764&tab=tab-2168
soccerbase,801406,2020-11-17,World Cup,2022,Conmebol (Qualifying),CONMEBOL Qualifying Matches and results,Ecuador,Colombia,Ecuador,Colombia,1,115176,J Mendez,yellow,,lineup_bubble,https://www.soccerbase.com/tournaments/tournament.sd?tourn_id=1764&tab=tab-2168
soccerbase,801406,2020-11-17,World Cup,2022,Conmebol (Qualifying),CONMEBOL Qualifying Matches and results,Ecuador,Colombia,Ecuador,Colombia,1,118494,G Plata,yellow,,lineup_bubble,https://www.soccerbase.com/tournaments/tournament.sd?tourn_id=1764&tab=tab-2168
soccerbase,801406,2020-11-17,World Cup,2022,Conmebol (Qualifying),CONMEBOL Qualifying Matches and results,Ecuador,Colombia,Ecuador,Colombia,1,118494,G Plata,red,,lineup_bubble,https://www.soccerbase.com/tournaments/tournament.sd?tourn_id=1764&tab=tab-2168
soccerbase,801406,2020-11-17,World Cup,2022,Conmebol (Qualifying),CONMEBOL Qualifying Matches and results,Ecuador,Colombia,Ecuador,Colombia,1,62834,R Ibarra,yellow,,lineup_bubble,https://www.soccerbase.com/tournaments/tournament.sd?tourn_id=1764&tab=tab-2168
soccerbase,801406,2020-11-17,World Cup,2022,Conmebol (Qualifying),CONMEBOL Qualifying Matches and results,Ecuador,Colombia,Colombia,Ecuador,0,66607,J Murillo,yellow,,lineup_bubble,https://www.soccerbase.com/tournaments/tournament.sd?tourn_id=1764&tab=tab-2168
soccerbase,801406,2020-11-17,World Cup,2022,Conmebol (Qualifying),CONMEBOL Qualifying Matches and results,Ecuador,Colombia,Colombia,Ecuador,0,87851,F Fabra,yellow,,lineup_bubble,https://www.soccerbase.com/tournaments/tournament.sd?tourn_id=1764&tab=tab-2168
soccerbase,801406,2020-11-17,World Cup,2022,Conmebol (Qualifying),CONMEBOL Qualifying Matches and results,Ecuador,Colombia,Colombia,Ecuador,0,111762,L Suarez,yellow,,lineup_bubble,https://www.soccerbase.com/tournaments/tournament.sd?tourn_id=1764&tab=tab-2168
soccerbase,801406,2020-11-17,World Cup,2022,Conmebol (Qualifying),CONMEBOL Qualifying Matches and results,Ecuador,Colombia,Colombia,Ecuador,0,53525,J Cuadrado,yellow,,lineup_bubble,https://www.soccerbase.com/tournaments/tournament.sd?tourn_id=1764&tab=tab-2168
soccerbase,801406,2020-11-17,World Cup,2022,Conmebol (Qualifying),CONMEBOL Qualifying Matches and results,Ecuador,Colombia,Colombia,Ecuador,0,87091,J Lerma,yellow,,lineup_bubble,https://www.soccerbase.com/tournaments/tournament.sd?tourn_id=1764&tab=tab-2168
soccerbase,801405,2020-11-17,World Cup,2022,Conmebol (Qualifying),CONMEBOL Qualifying Matches and results,Paraguay,Bolivia,Paraguay,Bolivia,1,119229,Matias Rojas,yellow,,lineup_bubble,https://www.soccerbase.com/tournaments/tournament.sd?tourn_id=1764&tab=tab-2168
soccerbase,801405,2020-11-17,World Cup,2022,Conmebol (Qualifying),CONMEBOL Qualifying Matches and results,Paraguay,Bolivia,Paraguay,Bolivia,1,54141,H Perez,yellow,,lineup_bubble,https://www.soccerbase.com/tournaments/tournament.sd?tourn_id=1764&tab=tab-2168
soccerbase,801405,2020-11-17,World Cup,2022,Conmebol (Qualifying),CONMEBOL Qualifying Matches and results,Paraguay,Bolivia,Bolivia,Paraguay,0,101633,Oscar Ribera,yellow,,lineup_bubble,https://www.soccerbase.com/tournaments/tournament.sd?tourn_id=1764&tab=tab-2168
soccerbase,801405,2020-11-17,World Cup,2022,Conmebol (Qualifying),CONMEBOL Qualifying Matches and results,Paraguay,Bolivia,Bolivia,Paraguay,0,119064,A Jusino,yellow,,lineup_bubble,https://www.soccerbase.com/tournaments/tournament.sd?tourn_id=1764&tab=tab-2168
soccerbase,801405,2020-11-17,World Cup,2022,Conmebol (Qualifying),CONMEBOL Qualifying Matches and results,Paraguay,Bolivia,Bolivia,Paraguay,0,88278,E Saavedra,yellow,,lineup_bubble,https://www.soccerbase.com/tournaments/tournament.sd?tourn_id=1764&tab=tab-2168
soccerbase,801402,2020-11-17,World Cup,2022,Conmebol (Qualifying),CONMEBOL Qualifying Matches and results,Uruguay,Brazil,Uruguay,Brazil,1,48843,M Caceres,yellow,,lineup_bubble,https://www.soccerbase.com/tournaments/tournament.sd?tourn_id=1764&tab=tab-2168
soccerbase,801402,2020-11-17,World Cup,2022,Conmebol (Qualifying),CONMEBOL Qualifying Matches and results,Uruguay,Brazil,Uruguay,Brazil,1,71557,J Gimenez,yellow,,lineup_bubble,https://www.soccerbase.com/tournaments/tournament.sd?tourn_id=1764&tab=tab-2168
soccerbase,801402,2020-11-17,World Cup,2022,Conmebol (Qualifying),CONMEBOL Qualifying Matches and results,Uruguay,Brazil,Uruguay,Brazil,1,87802,N Nandez,yellow,,lineup_bubble,https://www.soccerbase.com/tournaments/tournament.sd?tourn_id=1764&tab=tab-2168
soccerbase,801402,2020-11-17,World Cup,2022,Conmebol (Qualifying),CONMEBOL Qualifying Matches and results,Uruguay,Brazil,Uruguay,Brazil,1,82175,J Rodriguez,yellow,,lineup_bubble,https://www.soccerbase.com/tournaments/tournament.sd?tourn_id=1764&tab=tab-2168
soccerbase,801402,2020-11-17,World Cup,2022,Conmebol (Qualifying),CONMEBOL Qualifying Matches and results,Uruguay,Brazil,Uruguay,Brazil,1,51359,E Cavani,red,,lineup_bubble,https://www.soccerbase.com/tournaments/tournament.sd?tourn_id=1764&tab=tab-2168
soccerbase,801402,2020-11-17,World Cup,2022,Conmebol (Qualifying),CONMEBOL Qualifying Matches and results,Uruguay,Brazil,Brazil,Uruguay,0,66754,Marquinhos,yellow,,lineup_bubble,https://www.soccerbase.com/tournaments/tournament.sd?tourn_id=1764&tab=tab-2168
soccerbase,801402,2020-11-17,World Cup,2022,Conmebol (Qualifying),CONMEBOL Qualifying Matches and results,Uruguay,Brazil,Brazil,Uruguay,0,106189,Douglas Luiz,yellow,,lineup_bubble,https://www.soccerbase.com/tournaments/tournament.sd?tourn_id=1764&tab=tab-2168
soccerbase,801402,2020-11-17,World Cup,2022,Conmebol (Qualifying),CONMEBOL Qualifying Matches and results,Uruguay,Brazil,Brazil,Uruguay,0,106787,Richarlison,yellow,,lineup_bubble,https://www.soccerbase.com/tournaments/tournament.sd?tourn_id=1764&tab=tab-2168
soccerbase,801404,2020-11-17,World Cup,2022,Conmebol (Qualifying),CONMEBOL Qualifying Matches and results,Venezuela,Chile,Venezuela,Chile,1,115472,L Mago,yellow,,lineup_bubble,https://www.soccerbase.com/tournaments/tournament.sd?tourn_id=1764&tab=tab-2168
soccerbase,801404,2020-11-17,World Cup,2022,Conmebol (Qualifying),CONMEBOL Qualifying Matches and results,Venezuela,Chile,Chile,Venezuela,0,50143,M Isla,yellow,,lineup_bubble,https://www.soccerbase.com/tournaments/tournament.sd?tourn_id=1764&tab=tab-2168
soccerbase,801404,2020-11-17,World Cup,2022,Conmebol (Qualifying),CONMEBOL Qualifying Matches and results,Venezuela,Chile,Chile,Venezuela,0,100416,G Maripan,yellow,,lineup_bubble,https://www.soccerbase.com/tournaments/tournament.sd?tourn_id=1764&tab=tab-2168
soccerbase,801398,2020-11-14,World Cup,2022,Conmebol (Qualifying),CONMEBOL Qualifying Matches and results,Brazil,Venezuela,Brazil,Venezuela,1,106189,Douglas Luiz,yellow,,lineup_bubble,https://www.soccerbase.com/tournaments/tournament.sd?tourn_id=1764&tab=tab-2168
soccerbase,801398,2020-11-14,World Cup,2022,Conmebol (Qualifying),CONMEBOL Qualifying Matches and results,Brazil,Venezuela,Venezuela,Brazil,0,49286,T Rincon,yellow,,lineup_bubble,https://www.soccerbase.com/tournaments/tournament.sd?tourn_id=1764&tab=tab-2168
soccerbase,801398,2020-11-14,World Cup,2022,Conmebol (Qualifying),CONMEBOL Qualifying Matches and results,Brazil,Venezuela,Venezuela,Brazil,0,110938,C Casseres,yellow,,lineup_bubble,https://www.soccerbase.com/tournaments/tournament.sd?tourn_id=1764&tab=tab-2168
soccerbase,801398,2020-11-14,World Cup,2022,Conmebol (Qualifying),CONMEBOL Qualifying Matches and results,Brazil,Venezuela,Venezuela,Brazil,0,66151,D Machis,yellow,,lineup_bubble,https://www.soccerbase.com/tournaments/tournament.sd?tourn_id=1764&tab=tab-2168
soccerbase,801400,2020-11-13,World Cup,2022,Conmebol (Qualifying),CONMEBOL Qualifying Matches and results,Argentina,Paraguay,Argentina,Paraguay,1,117769,G Montiel,yellow,,lineup_bubble,https://www.soccerbase.com/tournaments/tournament.sd?tourn_id=1764&tab=tab-2168
soccerbase,801400,2020-11-13,World Cup,2022,Conmebol (Qualifying),CONMEBOL Qualifying Matches and results,Argentina,Paraguay,Argentina,Paraguay,1,77479,R De Paul,yellow,,lineup_bubble,https://www.soccerbase.com/tournaments/tournament.sd?tourn_id=1764&tab=tab-2168
soccerbase,801400,2020-11-13,World Cup,2022,Conmebol (Qualifying),CONMEBOL Qualifying Matches and results,Argentina,Paraguay,Paraguay,Argentina,0,54141,H Perez,yellow,,lineup_bubble,https://www.soccerbase.com/tournaments/tournament.sd?tourn_id=1764&tab=tab-2168
soccerbase,801400,2020-11-13,World Cup,2022,Conmebol (Qualifying),CONMEBOL Qualifying Matches and results,Argentina,Paraguay,Paraguay,Argentina,0,108304,A Lucena,yellow,,lineup_bubble,https://www.soccerbase.com/tournaments/tournament.sd?tourn_id=1764&tab=tab-2168
soccerbase,801400,2020-11-13,World Cup,2022,Conmebol (Qualifying),CONMEBOL Qualifying Matches and results,Argentina,Paraguay,Paraguay,Argentina,0,95594,A Romero,yellow,,lineup_bubble,https://www.soccerbase.com/tournaments/tournament.sd?tourn_id=1764&tab=tab-2168
soccerbase,801400,2020-11-13,World Cup,2022,Conmebol (Qualifying),CONMEBOL Qualifying Matches and results,Argentina,Paraguay,Paraguay,Argentina,0,87725,M Almiron,yellow,,lineup_bubble,https://www.soccerbase.com/tournaments/tournament.sd?tourn_id=1764&tab=tab-2168
soccerbase,801401,2020-11-13,World Cup,2022,Conmebol (Qualifying),CONMEBOL Qualifying Matches and results,Chile,Peru,Chile,Peru,1,54750,J Beausejour,yellow,,lineup_bubble,https://www.soccerbase.com/tournaments/tournament.sd?tourn_id=1764&tab=tab-2168
soccerbase,801401,2020-11-13,World Cup,2022,Conmebol (Qualifying),CONMEBOL Qualifying Matches and results,Chile,Peru,Chile,Peru,1,134654,R Echeverria,yellow,,lineup_bubble,https://www.soccerbase.com/tournaments/tournament.sd?tourn_id=1764&tab=tab-2168
soccerbase,801401,2020-11-13,World Cup,2022,Conmebol (Qualifying),CONMEBOL Qualifying Matches and results,Chile,Peru,Peru,Chile,0,88938,C Gonzales,yellow,,lineup_bubble,https://www.soccerbase.com/tournaments/tournament.sd?tourn_id=1764&tab=tab-2168
soccerbase,801401,2020-11-13,World Cup,2022,Conmebol (Qualifying),CONMEBOL Qualifying Matches and results,Chile,Peru,Peru,Chile,0,72735,R Tapia,yellow,,lineup_bubble,https://www.soccerbase.com/tournaments/tournament.sd?tourn_id=1764&tab=tab-2168
soccerbase,801397,2020-11-13,World Cup,2022,Conmebol (Qualifying),CONMEBOL Qualifying Matches and results,Colombia,Uruguay,Colombia,Uruguay,1,91545,Y Mina,yellow,,lineup_bubble,https://www.soccerbase.com/tournaments/tournament.sd?tourn_id=1764&tab=tab-2168
soccerbase,801397,2020-11-13,World Cup,2022,Conmebol (Qualifying),CONMEBOL Qualifying Matches and results,Colombia,Uruguay,Colombia,Uruguay,1,91545,Y Mina,red,,lineup_bubble,https://www.soccerbase.com/tournaments/tournament.sd?tourn_id=1764&tab=tab-2168
soccerbase,801397,2020-11-13,World Cup,2022,Conmebol (Qualifying),CONMEBOL Qualifying Matches and results,Colombia,Uruguay,Colombia,Uruguay,1,87091,J Lerma,yellow,,lineup_bubble,https://www.soccerbase.com/tournaments/tournament.sd?tourn_id=1764&tab=tab-2168
soccerbase,801397,2020-11-13,World Cup,2022,Conmebol (Qualifying),CONMEBOL Qualifying Matches and results,Colombia,Uruguay,Colombia,Uruguay,1,83138,E Cardona,yellow,,lineup_bubble,https://www.soccerbase.com/tournaments/tournament.sd?tourn_id=1764&tab=tab-2168
soccerbase,801397,2020-11-13,World Cup,2022,Conmebol (Qualifying),CONMEBOL Qualifying Matches and results,Colombia,Uruguay,Colombia,Uruguay,1,115476,L Diaz,yellow,,lineup_bubble,https://www.soccerbase.com/tournaments/tournament.sd?tourn_id=1764&tab=tab-2168
soccerbase,801397,2020-11-13,World Cup,2022,Conmebol (Qualifying),CONMEBOL Qualifying Matches and results,Colombia,Uruguay,Uruguay,Colombia,0,87802,N Nandez,yellow,,lineup_bubble,https://www.soccerbase.com/tournaments/tournament.sd?tourn_id=1764&tab=tab-2168
soccerbase,801399,2020-11-12,World Cup,2022,Conmebol (Qualifying),CONMEBOL Qualifying Matches and results,Bolivia,Ecuador,Bolivia,Ecuador,1,89094,R Montero,yellow,,lineup_bubble,https://www.soccerbase.com/tournaments/tournament.sd?tourn_id=1764&tab=tab-2168
soccerbase,801399,2020-11-12,World Cup,2022,Conmebol (Qualifying),CONMEBOL Qualifying Matches and results,Bolivia,Ecuador,Bolivia,Ecuador,1,119064,A Jusino,yellow,,lineup_bubble,https://www.soccerbase.com/tournaments/tournament.sd?tourn_id=1764&tab=tab-2168
soccerbase,801399,2020-11-12,World Cup,2022,Conmebol (Qualifying),CONMEBOL Qualifying Matches and results,Bolivia,Ecuador,Ecuador,Bolivia,0,74804,C Gruezo,yellow,,lineup_bubble,https://www.soccerbase.com/tournaments/tournament.sd?tourn_id=1764&tab=tab-2168
soccerbase,801399,2020-11-12,World Cup,2022,Conmebol (Qualifying),CONMEBOL Qualifying Matches and results,Bolivia,Ecuador,Ecuador,Bolivia,0,134664,M Caicedo,yellow,,lineup_bubble,https://www.soccerbase.com/tournaments/tournament.sd?tourn_id=1764&tab=tab-2168
soccerbase,801395,2020-10-14,World Cup,2022,Conmebol (Qualifying),CONMEBOL Qualifying Matches and results,Chile,Colombia,Chile,Colombia,1,108298,B Cortes,yellow,,lineup_bubble,https://www.soccerbase.com/tournaments/tournament.sd?tourn_id=1764&tab=tab-2168
soccerbase,801395,2020-10-14,World Cup,2022,Conmebol (Qualifying),CONMEBOL Qualifying Matches and results,Chile,Colombia,Chile,Colombia,1,90641,P Diaz,yellow,,lineup_bubble,https://www.soccerbase.com/tournaments/tournament.sd?tourn_id=1764&tab=tab-2168
soccerbase,801395,2020-10-14,World Cup,2022,Conmebol (Qualifying),CONMEBOL Qualifying Matches and results,Chile,Colombia,Chile,Colombia,1,106984,F Sierralta,yellow,,lineup_bubble,https://www.soccerbase.com/tournaments/tournament.sd?tourn_id=1764&tab=tab-2168
soccerbase,801395,2020-10-14,World Cup,2022,Conmebol (Qualifying),CONMEBOL Qualifying Matches and results,Chile,Colombia,Chile,Colombia,1,48942,A Vidal,yellow,,lineup_bubble,https://www.soccerbase.com/tournaments/tournament.sd?tourn_id=1764&tab=tab-2168
soccerbase,801395,2020-10-14,World Cup,2022,Conmebol (Qualifying),CONMEBOL Qualifying Matches and results,Chile,Colombia,Chile,Colombia,1,62617,E Vargas,yellow,,lineup_bubble,https://www.soccerbase.com/tournaments/tournament.sd?tourn_id=1764&tab=tab-2168
soccerbase,801395,2020-10-14,World Cup,2022,Conmebol (Qualifying),CONMEBOL Qualifying Matches and results,Chile,Colombia,Colombia,Chile,0,92531,D Sanchez,yellow,,lineup_bubble,https://www.soccerbase.com/tournaments/tournament.sd?tourn_id=1764&tab=tab-2168
soccerbase,801395,2020-10-14,World Cup,2022,Conmebol (Qualifying),CONMEBOL Qualifying Matches and results,Chile,Colombia,Colombia,Chile,0,58707,J Rodriguez,yellow,,lineup_bubble,https://www.soccerbase.com/tournaments/tournament.sd?tourn_id=1764&tab=tab-2168
soccerbase,801392,2020-10-14,World Cup,2022,Conmebol (Qualifying),CONMEBOL Qualifying Matches and results,Peru,Brazil,Peru,Brazil,1,49238,C Zambrano,red,,lineup_bubble,https://www.soccerbase.com/tournaments/tournament.sd?tourn_id=1764&tab=tab-2168
soccerbase,801392,2020-10-14,World Cup,2022,Conmebol (Qualifying),CONMEBOL Qualifying Matches and results,Peru,Brazil,Peru,Brazil,1,72735,R Tapia,yellow,,lineup_bubble,https://www.soccerbase.com/tournaments/tournament.sd?tourn_id=1764&tab=tab-2168
soccerbase,801392,2020-10-14,World Cup,2022,Conmebol (Qualifying),CONMEBOL Qualifying Matches and results,Peru,Brazil,Peru,Brazil,1,88938,C Gonzales,yellow,,lineup_bubble,https://www.soccerbase.com/tournaments/tournament.sd?tourn_id=1764&tab=tab-2168
soccerbase,801394,2020-10-13,World Cup,2022,Conmebol (Qualifying),CONMEBOL Qualifying Matches and results,Bolivia,Argentina,Bolivia,Argentina,1,103013,J Carrasco,yellow,,lineup_bubble,https://www.soccerbase.com/tournaments/tournament.sd?tourn_id=1764&tab=tab-2168
soccerbase,801394,2020-10-13,World Cup,2022,Conmebol (Qualifying),CONMEBOL Qualifying Matches and results,Bolivia,Argentina,Bolivia,Argentina,1,99071,G Valverde,yellow,,lineup_bubble,https://www.soccerbase.com/tournaments/tournament.sd?tourn_id=1764&tab=tab-2168
soccerbase,801394,2020-10-13,World Cup,2022,Conmebol (Qualifying),CONMEBOL Qualifying Matches and results,Bolivia,Argentina,Bolivia,Argentina,1,119062,S Torres,yellow,,lineup_bubble,https://www.soccerbase.com/tournaments/tournament.sd?tourn_id=1764&tab=tab-2168
soccerbase,801394,2020-10-13,World Cup,2022,Conmebol (Qualifying),CONMEBOL Qualifying Matches and results,Bolivia,Argentina,Bolivia,Argentina,1,48034,M Moreno,yellow,,lineup_bubble,https://www.soccerbase.com/tournaments/tournament.sd?tourn_id=1764&tab=tab-2168
soccerbase,801394,2020-10-13,World Cup,2022,Conmebol (Qualifying),CONMEBOL Qualifying Matches and results,Bolivia,Argentina,Argentina,Bolivia,0,67517,N Tagliafico,yellow,,lineup_bubble,https://www.soccerbase.com/tournaments/tournament.sd?tourn_id=1764&tab=tab-2168
soccerbase,801394,2020-10-13,World Cup,2022,Conmebol (Qualifying),CONMEBOL Qualifying Matches and results,Bolivia,Argentina,Argentina,Bolivia,0,115439,E Palacios,yellow,,lineup_bubble,https://www.soccerbase.com/tournaments/tournament.sd?tourn_id=1764&tab=tab-2168
soccerbase,801394,2020-10-13,World Cup,2022,Conmebol (Qualifying),CONMEBOL Qualifying Matches and results,Bolivia,Argentina,Argentina,Bolivia,0,124694,N Dominguez,yellow,,lineup_bubble,https://www.soccerbase.com/tournaments/tournament.sd?tourn_id=1764&tab=tab-2168
soccerbase,801394,2020-10-13,World Cup,2022,Conmebol (Qualifying),CONMEBOL Qualifying Matches and results,Bolivia,Argentina,Argentina,Bolivia,0,111235,Lautaro Martinez,yellow,,lineup_bubble,https://www.soccerbase.com/tournaments/tournament.sd?tourn_id=1764&tab=tab-2168
soccerbase,801396,2020-10-13,World Cup,2022,Conmebol (Qualifying),CONMEBOL Qualifying Matches and results,Ecuador,Uruguay,Ecuador,Uruguay,1,113775,D Diego Palacios,yellow,,lineup_bubble,https://www.soccerbase.com/tournaments/tournament.sd?tourn_id=1764&tab=tab-2168
soccerbase,801396,2020-10-13,World Cup,2022,Conmebol (Qualifying),CONMEBOL Qualifying Matches and results,Ecuador,Uruguay,Ecuador,Uruguay,1,74804,C Gruezo,yellow,,lineup_bubble,https://www.soccerbase.com/tournaments/tournament.sd?tourn_id=1764&tab=tab-2168
soccerbase,801393,2020-10-13,World Cup,2022,Conmebol (Qualifying),CONMEBOL Qualifying Matches and results,Venezuela,Paraguay,Venezuela,Paraguay,1,57405,R Feltscher,yellow,,lineup_bubble,https://www.soccerbase.com/tournaments/tournament.sd?tourn_id=1764&tab=tab-2168
soccerbase,801393,2020-10-13,World Cup,2022,Conmebol (Qualifying),CONMEBOL Qualifying Matches and results,Venezuela,Paraguay,Venezuela,Paraguay,1,49286,T Rincon,yellow,,lineup_bubble,https://www.soccerbase.com/tournaments/tournament.sd?tourn_id=1764&tab=tab-2168
soccerbase,801393,2020-10-13,World Cup,2022,Conmebol (Qualifying),CONMEBOL Qualifying Matches and results,Venezuela,Paraguay,Venezuela,Paraguay,1,91408,Y Herrera,yellow,,lineup_bubble,https://www.soccerbase.com/tournaments/tournament.sd?tourn_id=1764&tab=tab-2168
soccerbase,801393,2020-10-13,World Cup,2022,Conmebol (Qualifying),CONMEBOL Qualifying Matches and results,Venezuela,Paraguay,Paraguay,Venezuela,0,100713,A Cubas,yellow,,lineup_bubble,https://www.soccerbase.com/tournaments/tournament.sd?tourn_id=1764&tab=tab-2168
soccerbase,801393,2020-10-13,World Cup,2022,Conmebol (Qualifying),CONMEBOL Qualifying Matches and results,Venezuela,Paraguay,Paraguay,Venezuela,0,87725,M Almiron,yellow,,lineup_bubble,https://www.soccerbase.com/tournaments/tournament.sd?tourn_id=1764&tab=tab-2168
soccerbase,801393,2020-10-13,World Cup,2022,Conmebol (Qualifying),CONMEBOL Qualifying Matches and results,Venezuela,Paraguay,Paraguay,Venezuela,0,58354,D Lezcano,yellow,,lineup_bubble,https://www.soccerbase.com/tournaments/tournament.sd?tourn_id=1764&tab=tab-2168
soccerbase,801389,2020-10-10,World Cup,2022,Conmebol (Qualifying),CONMEBOL Qualifying Matches and results,Brazil,Bolivia,Brazil,Bolivia,1,52608,T Thiago Silva,yellow,,lineup_bubble,https://www.soccerbase.com/tournaments/tournament.sd?tourn_id=1764&tab=tab-2168
soccerbase,801389,2020-10-10,World Cup,2022,Conmebol (Qualifying),CONMEBOL Qualifying Matches and results,Brazil,Bolivia,Bolivia,Brazil,0,103013,J Carrasco,yellow,,lineup_bubble,https://www.soccerbase.com/tournaments/tournament.sd?tourn_id=1764&tab=tab-2168
soccerbase,801389,2020-10-10,World Cup,2022,Conmebol (Qualifying),CONMEBOL Qualifying Matches and results,Brazil,Bolivia,Bolivia,Brazil,0,46600,J Campos,yellow,,lineup_bubble,https://www.soccerbase.com/tournaments/tournament.sd?tourn_id=1764&tab=tab-2168
soccerbase,801389,2020-10-10,World Cup,2022,Conmebol (Qualifying),CONMEBOL Qualifying Matches and results,Brazil,Bolivia,Bolivia,Brazil,0,121841,B Cespedes,yellow,,lineup_bubble,https://www.soccerbase.com/tournaments/tournament.sd?tourn_id=1764&tab=tab-2168
soccerbase,801389,2020-10-10,World Cup,2022,Conmebol (Qualifying),CONMEBOL Qualifying Matches and results,Brazil,Bolivia,Bolivia,Brazil,0,134663,L Zabala,yellow,,lineup_bubble,https://www.soccerbase.com/tournaments/tournament.sd?tourn_id=1764&tab=tab-2168
soccerbase,801388,2020-10-10,World Cup,2022,Conmebol (Qualifying),CONMEBOL Qualifying Matches and results,Colombia,Venezuela,Venezuela,Colombia,0,83161,W Angel,yellow,,lineup_bubble,https://www.soccerbase.com/tournaments/tournament.sd?tourn_id=1764&tab=tab-2168
soccerbase,801388,2020-10-10,World Cup,2022,Conmebol (Qualifying),CONMEBOL Qualifying Matches and results,Colombia,Venezuela,Venezuela,Colombia,0,49256,R Rosales,yellow,,lineup_bubble,https://www.soccerbase.com/tournaments/tournament.sd?tourn_id=1764&tab=tab-2168
soccerbase,801388,2020-10-10,World Cup,2022,Conmebol (Qualifying),CONMEBOL Qualifying Matches and results,Colombia,Venezuela,Venezuela,Colombia,0,91408,Y Herrera,yellow,,lineup_bubble,https://www.soccerbase.com/tournaments/tournament.sd?tourn_id=1764&tab=tab-2168
soccerbase,801391,2020-10-09,World Cup,2022,Conmebol (Qualifying),CONMEBOL Qualifying Matches and results,Argentina,Ecuador,Argentina,Ecuador,1,54605,N Otamendi,yellow,,lineup_bubble,https://www.soccerbase.com/tournaments/tournament.sd?tourn_id=1764&tab=tab-2168
soccerbase,801391,2020-10-09,World Cup,2022,Conmebol (Qualifying),CONMEBOL Qualifying Matches and results,Argentina,Ecuador,Argentina,Ecuador,1,75352,L Paredes,yellow,,lineup_bubble,https://www.soccerbase.com/tournaments/tournament.sd?tourn_id=1764&tab=tab-2168
soccerbase,801391,2020-10-09,World Cup,2022,Conmebol (Qualifying),CONMEBOL Qualifying Matches and results,Argentina,Ecuador,Ecuador,Argentina,0,72263,E Valencia,yellow,,lineup_bubble,https://www.soccerbase.com/tournaments/tournament.sd?tourn_id=1764&tab=tab-2168
soccerbase,801390,2020-10-08,World Cup,2022,Conmebol (Qualifying),CONMEBOL Qualifying Matches and results,Paraguay,Peru,Paraguay,Peru,1,134435,Alberto Espinola,yellow,,lineup_bubble,https://www.soccerbase.com/tournaments/tournament.sd?tourn_id=1764&tab=tab-2168
soccerbase,801390,2020-10-08,World Cup,2022,Conmebol (Qualifying),CONMEBOL Qualifying Matches and results,Paraguay,Peru,Paraguay,Peru,1,125673,M Villasanti,yellow,,lineup_bubble,https://www.soccerbase.com/tournaments/tournament.sd?tourn_id=1764&tab=tab-2168
soccerbase,801390,2020-10-08,World Cup,2022,Conmebol (Qualifying),CONMEBOL Qualifying Matches and results,Paraguay,Peru,Paraguay,Peru,1,100713,A Cubas,yellow,,lineup_bubble,https://www.soccerbase.com/tournaments/tournament.sd?tourn_id=1764&tab=tab-2168
soccerbase,801390,2020-10-08,World Cup,2022,Conmebol (Qualifying),CONMEBOL Qualifying Matches and results,Paraguay,Peru,Peru,Paraguay,0,49238,C Zambrano,yellow,,lineup_bubble,https://www.soccerbase.com/tournaments/tournament.sd?tourn_id=1764&tab=tab-2168
soccerbase,801387,2020-10-08,World Cup,2022,Conmebol (Qualifying),CONMEBOL Qualifying Matches and results,Uruguay,Chile,Uruguay,Chile,1,59893,S Coates,yellow,,lineup_bubble,https://www.soccerbase.com/tournaments/tournament.sd?tourn_id=1764&tab=tab-2168
soccerbase,801387,2020-10-08,World Cup,2022,Conmebol (Qualifying),CONMEBOL Qualifying Matches and results,Uruguay,Chile,Uruguay,Chile,1,105011,M Gomez,yellow,,lineup_bubble,https://www.soccerbase.com/tournaments/tournament.sd?tourn_id=1764&tab=tab-2168
soccerbase,801387,2020-10-08,World Cup,2022,Conmebol (Qualifying),CONMEBOL Qualifying Matches and results,Uruguay,Chile,Uruguay,Chile,1,105849,R Bentancur,yellow,,lineup_bubble,https://www.soccerbase.com/tournaments/tournament.sd?tourn_id=1764&tab=tab-2168
soccerbase,801387,2020-10-08,World Cup,2022,Conmebol (Qualifying),CONMEBOL Qualifying Matches and results,Uruguay,Chile,Chile,Uruguay,0,106984,F Sierralta,yellow,,lineup_bubble,https://www.soccerbase.com/tournaments/tournament.sd?tourn_id=1764&tab=tab-2168
soccerbase,801387,2020-10-08,World Cup,2022,Conmebol (Qualifying),CONMEBOL Qualifying Matches and results,Uruguay,Chile,Chile,Uruguay,0,87938,C Baeza,yellow,,lineup_bubble,https://www.soccerbase.com/tournaments/tournament.sd?tourn_id=1764&tab=tab-2168
soccerbase,832626,2022-03-29,World Cup,2022,Asia (Qualifying): rd 3 A,Asia rd 3 grp 1 Matches and results,Iran,Lebanon,Iran,Lebanon,1,90309,S Ezatolahi,yellow,,lineup_bubble,https://www.soccerbase.com/tournaments/tournament_tab.sd?tourn_id=1764&tab_id=2170&roundTab=roundTab_1
soccerbase,832626,2022-03-29,World Cup,2022,Asia (Qualifying): rd 3 A,Asia rd 3 grp 1 Matches and results,Iran,Lebanon,Lebanon,Iran,0,74530,M Mohamad Haidar,yellow,,lineup_bubble,https://www.soccerbase.com/tournaments/tournament_tab.sd?tourn_id=1764&tab_id=2170&roundTab=roundTab_1
soccerbase,832626,2022-03-29,World Cup,2022,Asia (Qualifying): rd 3 A,Asia rd 3 grp 1 Matches and results,Iran,Lebanon,Lebanon,Iran,0,139942,Mohamad Kdouh,yellow,,lineup_bubble,https://www.soccerbase.com/tournaments/tournament_tab.sd?tourn_id=1764&tab_id=2170&roundTab=roundTab_1
soccerbase,832625,2022-03-29,World Cup,2022,Asia (Qualifying): rd 3 A,Asia rd 3 grp 1 Matches and results,Syria,Iraq,Syria,Iraq,1,107745,M Mohammad Al Marmour,yellow,,lineup_bubble,https://www.soccerbase.com/tournaments/tournament_tab.sd?tourn_id=1764&tab_id=2170&roundTab=roundTab_1
soccerbase,832628,2022-03-29,World Cup,2022,Asia (Qualifying): rd 3 A,Asia rd 3 grp 1 Matches and results,UAE,South Korea,UAE,South Korea,1,139658,Khalil Al Hammadi,yellow,,lineup_bubble,https://www.soccerbase.com/tournaments/tournament_tab.sd?tourn_id=1764&tab_id=2170&roundTab=roundTab_1
soccerbase,832628,2022-03-29,World Cup,2022,Asia (Qualifying): rd 3 A,Asia rd 3 grp 1 Matches and results,UAE,South Korea,South Korea,UAE,0,107740,M Kim Min-Jae,yellow,,lineup_bubble,https://www.soccerbase.com/tournaments/tournament_tab.sd?tourn_id=1764&tab_id=2170&roundTab=roundTab_1
soccerbase,832628,2022-03-29,World Cup,2022,Asia (Qualifying): rd 3 A,Asia rd 3 grp 1 Matches and results,UAE,South Korea,South Korea,UAE,0,95633,Jung Woo-Young,yellow,,lineup_bubble,https://www.soccerbase.com/tournaments/tournament_tab.sd?tourn_id=1764&tab_id=2170&roundTab=roundTab_1
soccerbase,832620,2022-03-24,World Cup,2022,Asia (Qualifying): rd 3 A,Asia rd 3 grp 1 Matches and results,Iraq,UAE,Iraq,UAE,1,80532,Ali Faez Atiyah,yellow,,lineup_bubble,https://www.soccerbase.com/tournaments/tournament_tab.sd?tourn_id=1764&tab_id=2170&roundTab=roundTab_1
soccerbase,832620,2022-03-24,World Cup,2022,Asia (Qualifying): rd 3 A,Asia rd 3 grp 1 Matches and results,Iraq,UAE,UAE,Iraq,0,139799,Mohammed Marzooq,yellow,,lineup_bubble,https://www.soccerbase.com/tournaments/tournament_tab.sd?tourn_id=1764&tab_id=2170&roundTab=roundTab_1
soccerbase,832620,2022-03-24,World Cup,2022,Asia (Qualifying): rd 3 A,Asia rd 3 grp 1 Matches and results,Iraq,UAE,UAE,Iraq,0,69131,A Ali Mabkhout,yellow,,lineup_bubble,https://www.soccerbase.com/tournaments/tournament_tab.sd?tourn_id=1764&tab_id=2170&roundTab=roundTab_1
soccerbase,832620,2022-03-24,World Cup,2022,Asia (Qualifying): rd 3 A,Asia rd 3 grp 1 Matches and results,Iraq,UAE,UAE,Iraq,0,139736,Harib Abdalla,yellow,,lineup_bubble,https://www.soccerbase.com/tournaments/tournament_tab.sd?tourn_id=1764&tab_id=2170&roundTab=roundTab_1
soccerbase,832619,2022-03-24,World Cup,2022,Asia (Qualifying): rd 3 A,Asia rd 3 grp 1 Matches and results,Lebanon,Syria,Lebanon,Syria,1,139941,Hussein Al Zein,yellow,,lineup_bubble,https://www.soccerbase.com/tournaments/tournament_tab.sd?tourn_id=1764&tab_id=2170&roundTab=roundTab_1
soccerbase,832619,2022-03-24,World Cup,2022,Asia (Qualifying): rd 3 A,Asia rd 3 grp 1 Matches and results,Lebanon,Syria,Syria,Lebanon,0,129151,K Kamel Hmeisha,yellow,,lineup_bubble,https://www.soccerbase.com/tournaments/tournament_tab.sd?tourn_id=1764&tab_id=2170&roundTab=roundTab_1
soccerbase,832619,2022-03-24,World Cup,2022,Asia (Qualifying): rd 3 A,Asia rd 3 grp 1 Matches and results,Lebanon,Syria,Syria,Lebanon,0,138840,M Mohammad Rihanieh,yellow,,lineup_bubble,https://www.soccerbase.com/tournaments/tournament_tab.sd?tourn_id=1764&tab_id=2170&roundTab=roundTab_1
soccerbase,832619,2022-03-24,World Cup,2022,Asia (Qualifying): rd 3 A,Asia rd 3 grp 1 Matches and results,Lebanon,Syria,Syria,Lebanon,0,139708,Alaa Al Dali,yellow,,lineup_bubble,https://www.soccerbase.com/tournaments/tournament_tab.sd?tourn_id=1764&tab_id=2170&roundTab=roundTab_1
soccerbase,832622,2022-03-24,World Cup,2022,Asia (Qualifying): rd 3 A,Asia rd 3 grp 1 Matches and results,South Korea,Iran,Iran,South Korea,0,116642,A Noorollahi,yellow,,lineup_bubble,https://www.soccerbase.com/tournaments/tournament_tab.sd?tourn_id=1764&tab_id=2170&roundTab=roundTab_1
soccerbase,832612,2022-02-01,World Cup,2022,Asia (Qualifying): rd 3 A,Asia rd 3 grp 1 Matches and results,Iran,UAE,Iran,UAE,1,113786,S Moharrami,yellow,,lineup_bubble,https://www.soccerbase.com/tournaments/tournament_tab.sd?tourn_id=1764&tab_id=2170&roundTab=roundTab_1
soccerbase,832612,2022-02-01,World Cup,2022,Asia (Qualifying): rd 3 A,Asia rd 3 grp 1 Matches and results,Iran,UAE,Iran,UAE,1,113786,S Moharrami,red,,lineup_bubble,https://www.soccerbase.com/tournaments/tournament_tab.sd?tourn_id=1764&tab_id=2170&roundTab=roundTab_1
soccerbase,832612,2022-02-01,World Cup,2022,Asia (Qualifying): rd 3 A,Asia rd 3 grp 1 Matches and results,Iran,UAE,Iran,UAE,1,90309,S Ezatolahi,yellow,,lineup_bubble,https://www.soccerbase.com/tournaments/tournament_tab.sd?tourn_id=1764&tab_id=2170&roundTab=roundTab_1
soccerbase,832612,2022-02-01,World Cup,2022,Asia (Qualifying): rd 3 A,Asia rd 3 grp 1 Matches and results,Iran,UAE,Iran,UAE,1,71138,A Jahanbakhsh,yellow,,lineup_bubble,https://www.soccerbase.com/tournaments/tournament_tab.sd?tourn_id=1764&tab_id=2170&roundTab=roundTab_1
soccerbase,832612,2022-02-01,World Cup,2022,Asia (Qualifying): rd 3 A,Asia rd 3 grp 1 Matches and results,Iran,UAE,UAE,Iran,0,139693,Tahnoon Al Zaabi,yellow,,lineup_bubble,https://www.soccerbase.com/tournaments/tournament_tab.sd?tourn_id=1764&tab_id=2170&roundTab=roundTab_1
soccerbase,832612,2022-02-01,World Cup,2022,Asia (Qualifying): rd 3 A,Asia rd 3 grp 1 Matches and results,Iran,UAE,UAE,Iran,0,109575,Abdalla Ramadan,yellow,,lineup_bubble,https://www.soccerbase.com/tournaments/tournament_tab.sd?tourn_id=1764&tab_id=2170&roundTab=roundTab_1
soccerbase,832614,2022-02-01,World Cup,2022,Asia (Qualifying): rd 3 A,Asia rd 3 grp 1 Matches and results,Lebanon,Iraq,Lebanon,Iraq,1,139940,Maher Sabra,yellow,,lineup_bubble,https://www.soccerbase.com/tournaments/tournament_tab.sd?tourn_id=1764&tab_id=2170&roundTab=roundTab_1
soccerbase,832614,2022-02-01,World Cup,2022,Asia (Qualifying): rd 3 A,Asia rd 3 grp 1 Matches and results,Lebanon,Iraq,Lebanon,Iraq,1,69959,F Felix Michel,yellow,,lineup_bubble,https://www.soccerbase.com/tournaments/tournament_tab.sd?tourn_id=1764&tab_id=2170&roundTab=roundTab_1
soccerbase,832614,2022-02-01,World Cup,2022,Asia (Qualifying): rd 3 A,Asia rd 3 grp 1 Matches and results,Lebanon,Iraq,Iraq,Lebanon,0,144622,Sajad Jassim,yellow,,lineup_bubble,https://www.soccerbase.com/tournaments/tournament_tab.sd?tourn_id=1764&tab_id=2170&roundTab=roundTab_1
soccerbase,832616,2022-02-01,World Cup,2022,Asia (Qualifying): rd 3 A,Asia rd 3 grp 1 Matches and results,Syria,South Korea,Syria,South Korea,1,103190,O Omar Al Midani,yellow,,lineup_bubble,https://www.soccerbase.com/tournaments/tournament_tab.sd?tourn_id=1764&tab_id=2170&roundTab=roundTab_1
soccerbase,832616,2022-02-01,World Cup,2022,Asia (Qualifying): rd 3 A,Asia rd 3 grp 1 Matches and results,Syria,South Korea,Syria,South Korea,1,96220,Mahmoud Al Mawas,yellow,,lineup_bubble,https://www.soccerbase.com/tournaments/tournament_tab.sd?tourn_id=1764&tab_id=2170&roundTab=roundTab_1
soccerbase,832616,2022-02-01,World Cup,2022,Asia (Qualifying): rd 3 A,Asia rd 3 grp 1 Matches and results,Syria,South Korea,South Korea,Syria,0,115902,Hwang In-Beom,yellow,,lineup_bubble,https://www.soccerbase.com/tournaments/tournament_tab.sd?tourn_id=1764&tab_id=2170&roundTab=roundTab_1
soccerbase,832604,2021-11-16,World Cup,2022,Asia (Qualifying): rd 3 A,Asia rd 3 grp 1 Matches and results,Iraq,South Korea,Iraq,South Korea,1,70423,A Ali Adnan,yellow,,lineup_bubble,https://www.soccerbase.com/tournaments/tournament_tab.sd?tourn_id=1764&tab_id=2170&roundTab=roundTab_1
soccerbase,832604,2021-11-16,World Cup,2022,Asia (Qualifying): rd 3 A,Asia rd 3 grp 1 Matches and results,Iraq,South Korea,South Korea,Iraq,0,91943,Hong Chul,yellow,,lineup_bubble,https://www.soccerbase.com/tournaments/tournament_tab.sd?tourn_id=1764&tab_id=2170&roundTab=roundTab_1
soccerbase,832607,2021-11-16,World Cup,2022,Asia (Qualifying): rd 3 A,Asia rd 3 grp 1 Matches and results,Lebanon,UAE,UAE,Lebanon,0,139693,Tahnoon Al Zaabi,yellow,,lineup_bubble,https://www.soccerbase.com/tournaments/tournament_tab.sd?tourn_id=1764&tab_id=2170&roundTab=roundTab_1
soccerbase,832607,2021-11-16,World Cup,2022,Asia (Qualifying): rd 3 A,Asia rd 3 grp 1 Matches and results,Lebanon,UAE,UAE,Lebanon,0,139632,S Tagliabue,yellow,,lineup_bubble,https://www.soccerbase.com/tournaments/tournament_tab.sd?tourn_id=1764&tab_id=2170&roundTab=roundTab_1
soccerbase,832607,2021-11-16,World Cup,2022,Asia (Qualifying): rd 3 A,Asia rd 3 grp 1 Matches and results,Lebanon,UAE,UAE,Lebanon,0,116600,Bandar Al Ahbabi,yellow,,lineup_bubble,https://www.soccerbase.com/tournaments/tournament_tab.sd?tourn_id=1764&tab_id=2170&roundTab=roundTab_1
soccerbase,832602,2021-11-16,World Cup,2022,Asia (Qualifying): rd 3 A,Asia rd 3 grp 1 Matches and results,Syria,Iran,Syria,Iran,1,96353,A Ahmed Ashkar,yellow,,lineup_bubble,https://www.soccerbase.com/tournaments/tournament_tab.sd?tourn_id=1764&tab_id=2170&roundTab=roundTab_1
soccerbase,832596,2021-11-11,World Cup,2022,Asia (Qualifying): rd 3 A,Asia rd 3 grp 1 Matches and results,Iraq,Syria,Iraq,Syria,1,97301,M Mustafa Nadhim,yellow,,lineup_bubble,https://www.soccerbase.com/tournaments/tournament_tab.sd?tourn_id=1764&tab_id=2170&roundTab=roundTab_1
soccerbase,832596,2021-11-11,World Cup,2022,Asia (Qualifying): rd 3 A,Asia rd 3 grp 1 Matches and results,Iraq,Syria,Iraq,Syria,1,137974,Amir Al Ammari,yellow,,lineup_bubble,https://www.soccerbase.com/tournaments/tournament_tab.sd?tourn_id=1764&tab_id=2170&roundTab=roundTab_1
soccerbase,832596,2021-11-11,World Cup,2022,Asia (Qualifying): rd 3 A,Asia rd 3 grp 1 Matches and results,Iraq,Syria,Syria,Iraq,0,92649,A Aias Aosman,yellow,,lineup_bubble,https://www.soccerbase.com/tournaments/tournament_tab.sd?tourn_id=1764&tab_id=2170&roundTab=roundTab_1
soccerbase,832596,2021-11-11,World Cup,2022,Asia (Qualifying): rd 3 A,Asia rd 3 grp 1 Matches and results,Iraq,Syria,Syria,Iraq,0,96220,Mahmoud Al Mawas,yellow,,lineup_bubble,https://www.soccerbase.com/tournaments/tournament_tab.sd?tourn_id=1764&tab_id=2170&roundTab=roundTab_1
soccerbase,832596,2021-11-11,World Cup,2022,Asia (Qualifying): rd 3 A,Asia rd 3 grp 1 Matches and results,Iraq,Syria,Syria,Iraq,0,96353,A Ahmed Ashkar,yellow,,lineup_bubble,https://www.soccerbase.com/tournaments/tournament_tab.sd?tourn_id=1764&tab_id=2170&roundTab=roundTab_1
soccerbase,832598,2021-11-11,World Cup,2022,Asia (Qualifying): rd 3 A,Asia rd 3 grp 1 Matches and results,Lebanon,Iran,Iran,Lebanon,0,113786,S Moharrami,yellow,,lineup_bubble,https://www.soccerbase.com/tournaments/tournament_tab.sd?tourn_id=1764&tab_id=2170&roundTab=roundTab_1
soccerbase,832598,2021-11-11,World Cup,2022,Asia (Qualifying): rd 3 A,Asia rd 3 grp 1 Matches and results,Lebanon,Iran,Iran,Lebanon,0,71138,A Jahanbakhsh,yellow,,lineup_bubble,https://www.soccerbase.com/tournaments/tournament_tab.sd?tourn_id=1764&tab_id=2170&roundTab=roundTab_1
soccerbase,832598,2021-11-11,World Cup,2022,Asia (Qualifying): rd 3 A,Asia rd 3 grp 1 Matches and results,Lebanon,Iran,Iran,Lebanon,0,89748,S Ghoddos,yellow,,lineup_bubble,https://www.soccerbase.com/tournaments/tournament_tab.sd?tourn_id=1764&tab_id=2170&roundTab=roundTab_1
soccerbase,832599,2021-11-11,World Cup,2022,Asia (Qualifying): rd 3 A,Asia rd 3 grp 1 Matches and results,South Korea,UAE,South Korea,UAE,1,95633,Jung Woo-Young,yellow,,lineup_bubble,https://www.soccerbase.com/tournaments/tournament_tab.sd?tourn_id=1764&tab_id=2170&roundTab=roundTab_1
soccerbase,832599,2021-11-11,World Cup,2022,Asia (Qualifying): rd 3 A,Asia rd 3 grp 1 Matches and results,South Korea,UAE,South Korea,UAE,1,144619,Cho Gue-Sung,yellow,,lineup_bubble,https://www.soccerbase.com/tournaments/tournament_tab.sd?tourn_id=1764&tab_id=2170&roundTab=roundTab_1
soccerbase,832599,2021-11-11,World Cup,2022,Asia (Qualifying): rd 3 A,Asia rd 3 grp 1 Matches and results,South Korea,UAE,UAE,South Korea,0,73745,Walid Abbas,yellow,,lineup_bubble,https://www.soccerbase.com/tournaments/tournament_tab.sd?tourn_id=1764&tab_id=2170&roundTab=roundTab_1
soccerbase,832595,2021-10-12,World Cup,2022,Asia (Qualifying): rd 3 A,Asia rd 3 grp 1 Matches and results,Iran,South Korea,Iran,South Korea,1,107738,O Noorafkan,yellow,,lineup_bubble,https://www.soccerbase.com/tournaments/tournament_tab.sd?tourn_id=1764&tab_id=2170&roundTab=roundTab_1
soccerbase,832595,2021-10-12,World Cup,2022,Asia (Qualifying): rd 3 A,Asia rd 3 grp 1 Matches and results,Iran,South Korea,Iran,South Korea,1,69884,S Azmoun,yellow,,lineup_bubble,https://www.soccerbase.com/tournaments/tournament_tab.sd?tourn_id=1764&tab_id=2170&roundTab=roundTab_1
soccerbase,832590,2021-10-12,World Cup,2022,Asia (Qualifying): rd 3 A,Asia rd 3 grp 1 Matches and results,Syria,Lebanon,Syria,Lebanon,1,102662,A Abdul Rahman Weiss,yellow,,lineup_bubble,https://www.soccerbase.com/tournaments/tournament_tab.sd?tourn_id=1764&tab_id=2170&roundTab=roundTab_1
soccerbase,832590,2021-10-12,World Cup,2022,Asia (Qualifying): rd 3 A,Asia rd 3 grp 1 Matches and results,Syria,Lebanon,Syria,Lebanon,1,96349,O Omari,yellow,,lineup_bubble,https://www.soccerbase.com/tournaments/tournament_tab.sd?tourn_id=1764&tab_id=2170&roundTab=roundTab_1
soccerbase,832590,2021-10-12,World Cup,2022,Asia (Qualifying): rd 3 A,Asia rd 3 grp 1 Matches and results,Syria,Lebanon,Lebanon,Syria,0,139942,Mohamad Kdouh,yellow,,lineup_bubble,https://www.soccerbase.com/tournaments/tournament_tab.sd?tourn_id=1764&tab_id=2170&roundTab=roundTab_1
soccerbase,832593,2021-10-12,World Cup,2022,Asia (Qualifying): rd 3 A,Asia rd 3 grp 1 Matches and results,UAE,Iraq,UAE,Iraq,1,119415,Shaheen Abdalla,yellow,,lineup_bubble,https://www.soccerbase.com/tournaments/tournament_tab.sd?tourn_id=1764&tab_id=2170&roundTab=roundTab_1
soccerbase,832593,2021-10-12,World Cup,2022,Asia (Qualifying): rd 3 A,Asia rd 3 grp 1 Matches and results,UAE,Iraq,UAE,Iraq,1,139731,Abdulla Hamad,yellow,,lineup_bubble,https://www.soccerbase.com/tournaments/tournament_tab.sd?tourn_id=1764&tab_id=2170&roundTab=roundTab_1
soccerbase,832593,2021-10-12,World Cup,2022,Asia (Qualifying): rd 3 A,Asia rd 3 grp 1 Matches and results,UAE,Iraq,Iraq,UAE,0,99565,A Aymen Hussein,yellow,,lineup_bubble,https://www.soccerbase.com/tournaments/tournament_tab.sd?tourn_id=1764&tab_id=2170&roundTab=roundTab_1
soccerbase,832593,2021-10-12,World Cup,2022,Asia (Qualifying): rd 3 A,Asia rd 3 grp 1 Matches and results,UAE,Iraq,Iraq,UAE,0,138891,Shareef Abdulkadhim,yellow,,lineup_bubble,https://www.soccerbase.com/tournaments/tournament_tab.sd?tourn_id=1764&tab_id=2170&roundTab=roundTab_1
soccerbase,832588,2021-10-07,World Cup,2022,Asia (Qualifying): rd 3 A,Asia rd 3 grp 1 Matches and results,Iraq,Lebanon,Iraq,Lebanon,1,97308,A Amjad Attwan,yellow,,lineup_bubble,https://www.soccerbase.com/tournaments/tournament_tab.sd?tourn_id=1764&tab_id=2170&roundTab=roundTab_1
soccerbase,832588,2021-10-07,World Cup,2022,Asia (Qualifying): rd 3 A,Asia rd 3 grp 1 Matches and results,Iraq,Lebanon,Iraq,Lebanon,1,97307,Bashar Rasan,yellow,,lineup_bubble,https://www.soccerbase.com/tournaments/tournament_tab.sd?tourn_id=1764&tab_id=2170&roundTab=roundTab_1
soccerbase,832588,2021-10-07,World Cup,2022,Asia (Qualifying): rd 3 A,Asia rd 3 grp 1 Matches and results,Iraq,Lebanon,Iraq,Lebanon,1,70421,H Tariq,yellow,,lineup_bubble,https://www.soccerbase.com/tournaments/tournament_tab.sd?tourn_id=1764&tab_id=2170&roundTab=roundTab_1
soccerbase,832588,2021-10-07,World Cup,2022,Asia (Qualifying): rd 3 A,Asia rd 3 grp 1 Matches and results,Iraq,Lebanon,Lebanon,Iraq,0,117371,K Kassem Al Zein,yellow,,lineup_bubble,https://www.soccerbase.com/tournaments/tournament_tab.sd?tourn_id=1764&tab_id=2170&roundTab=roundTab_1
soccerbase,832588,2021-10-07,World Cup,2022,Asia (Qualifying): rd 3 A,Asia rd 3 grp 1 Matches and results,Iraq,Lebanon,Lebanon,Iraq,0,69959,F Felix Michel,yellow,,lineup_bubble,https://www.soccerbase.com/tournaments/tournament_tab.sd?tourn_id=1764&tab_id=2170&roundTab=roundTab_1
soccerbase,832589,2021-10-07,World Cup,2022,Asia (Qualifying): rd 3 A,Asia rd 3 grp 1 Matches and results,South Korea,Syria,South Korea,Syria,1,73052,Lee Yong,yellow,,lineup_bubble,https://www.soccerbase.com/tournaments/tournament_tab.sd?tourn_id=1764&tab_id=2170&roundTab=roundTab_1
soccerbase,832589,2021-10-07,World Cup,2022,Asia (Qualifying): rd 3 A,Asia rd 3 grp 1 Matches and results,South Korea,Syria,Syria,South Korea,0,107743,O Omar Al Somah,yellow,,lineup_bubble,https://www.soccerbase.com/tournaments/tournament_tab.sd?tourn_id=1764&tab_id=2170&roundTab=roundTab_1
soccerbase,832589,2021-10-07,World Cup,2022,Asia (Qualifying): rd 3 A,Asia rd 3 grp 1 Matches and results,South Korea,Syria,Syria,South Korea,0,96355,O Omar Khrbin,yellow,,lineup_bubble,https://www.soccerbase.com/tournaments/tournament_tab.sd?tourn_id=1764&tab_id=2170&roundTab=roundTab_1
soccerbase,832587,2021-10-07,World Cup,2022,Asia (Qualifying): rd 3 A,Asia rd 3 grp 1 Matches and results,UAE,Iran,UAE,Iran,1,119415,Shaheen Abdalla,yellow,,lineup_bubble,https://www.soccerbase.com/tournaments/tournament_tab.sd?tourn_id=1764&tab_id=2170&roundTab=roundTab_1
soccerbase,832587,2021-10-07,World Cup,2022,Asia (Qualifying): rd 3 A,Asia rd 3 grp 1 Matches and results,UAE,Iran,UAE,Iran,1,116600,Bandar Al Ahbabi,yellow,,lineup_bubble,https://www.soccerbase.com/tournaments/tournament_tab.sd?tourn_id=1764&tab_id=2170&roundTab=roundTab_1
soccerbase,832587,2021-10-07,World Cup,2022,Asia (Qualifying): rd 3 A,Asia rd 3 grp 1 Matches and results,UAE,Iran,UAE,Iran,1,80499,M Majed Hassan,yellow,,lineup_bubble,https://www.soccerbase.com/tournaments/tournament_tab.sd?tourn_id=1764&tab_id=2170&roundTab=roundTab_1
soccerbase,832587,2021-10-07,World Cup,2022,Asia (Qualifying): rd 3 A,Asia rd 3 grp 1 Matches and results,UAE,Iran,Iran,UAE,0,107738,O Noorafkan,yellow,,lineup_bubble,https://www.soccerbase.com/tournaments/tournament_tab.sd?tourn_id=1764&tab_id=2170&roundTab=roundTab_1
soccerbase,832586,2021-09-07,World Cup,2022,Asia (Qualifying): rd 3 A,Asia rd 3 grp 1 Matches and results,Iraq,Iran,Iraq,Iran,1,80342,A Ibrahim,yellow,,lineup_bubble,https://www.soccerbase.com/tournaments/tournament_tab.sd?tourn_id=1764&tab_id=2170&roundTab=roundTab_1
soccerbase,832586,2021-09-07,World Cup,2022,Asia (Qualifying): rd 3 A,Asia rd 3 grp 1 Matches and results,Iraq,Iran,Iraq,Iran,1,97308,A Amjad Attwan,yellow,,lineup_bubble,https://www.soccerbase.com/tournaments/tournament_tab.sd?tourn_id=1764&tab_id=2170&roundTab=roundTab_1
soccerbase,832586,2021-09-07,World Cup,2022,Asia (Qualifying): rd 3 A,Asia rd 3 grp 1 Matches and results,Iraq,Iran,Iraq,Iran,1,99565,A Aymen Hussein,yellow,,lineup_bubble,https://www.soccerbase.com/tournaments/tournament_tab.sd?tourn_id=1764&tab_id=2170&roundTab=roundTab_1
soccerbase,832586,2021-09-07,World Cup,2022,Asia (Qualifying): rd 3 A,Asia rd 3 grp 1 Matches and results,Iraq,Iran,Iran,Iraq,0,71138,A Jahanbakhsh,yellow,,lineup_bubble,https://www.soccerbase.com/tournaments/tournament_tab.sd?tourn_id=1764&tab_id=2170&roundTab=roundTab_1
soccerbase,832586,2021-09-07,World Cup,2022,Asia (Qualifying): rd 3 A,Asia rd 3 grp 1 Matches and results,Iraq,Iran,Iran,Iraq,0,90309,S Ezatolahi,yellow,,lineup_bubble,https://www.soccerbase.com/tournaments/tournament_tab.sd?tourn_id=1764&tab_id=2170&roundTab=roundTab_1
soccerbase,832609,2021-09-07,World Cup,2022,Asia (Qualifying): rd 3 A,Asia rd 3 grp 1 Matches and results,South Korea,Lebanon,South Korea,Lebanon,1,91967,Kwon Chang-Hoon,yellow,,lineup_bubble,https://www.soccerbase.com/tournaments/tournament_tab.sd?tourn_id=1764&tab_id=2170&roundTab=roundTab_1
soccerbase,832609,2021-09-07,World Cup,2022,Asia (Qualifying): rd 3 A,Asia rd 3 grp 1 Matches and results,South Korea,Lebanon,Lebanon,South Korea,0,117371,K Kassem Al Zein,yellow,,lineup_bubble,https://www.soccerbase.com/tournaments/tournament_tab.sd?tourn_id=1764&tab_id=2170&roundTab=roundTab_1
soccerbase,832609,2021-09-07,World Cup,2022,Asia (Qualifying): rd 3 A,Asia rd 3 grp 1 Matches and results,South Korea,Lebanon,Lebanon,South Korea,0,144624,Walid Shour,yellow,,lineup_bubble,https://www.soccerbase.com/tournaments/tournament_tab.sd?tourn_id=1764&tab_id=2170&roundTab=roundTab_1
soccerbase,832609,2021-09-07,World Cup,2022,Asia (Qualifying): rd 3 A,Asia rd 3 grp 1 Matches and results,South Korea,Lebanon,Lebanon,South Korea,0,74930,H Hassan Maatouk,yellow,,lineup_bubble,https://www.soccerbase.com/tournaments/tournament_tab.sd?tourn_id=1764&tab_id=2170&roundTab=roundTab_1
soccerbase,832584,2021-09-07,World Cup,2022,Asia (Qualifying): rd 3 A,Asia rd 3 grp 1 Matches and results,Syria,UAE,Syria,UAE,1,96352,T Thaer Krouma,yellow,,lineup_bubble,https://www.soccerbase.com/tournaments/tournament_tab.sd?tourn_id=1764&tab_id=2170&roundTab=roundTab_1
soccerbase,832584,2021-09-07,World Cup,2022,Asia (Qualifying): rd 3 A,Asia rd 3 grp 1 Matches and results,Syria,UAE,UAE,Syria,0,73745,Walid Abbas,yellow,,lineup_bubble,https://www.soccerbase.com/tournaments/tournament_tab.sd?tourn_id=1764&tab_id=2170&roundTab=roundTab_1
soccerbase,832584,2021-09-07,World Cup,2022,Asia (Qualifying): rd 3 A,Asia rd 3 grp 1 Matches and results,Syria,UAE,UAE,Syria,0,80499,M Majed Hassan,yellow,,lineup_bubble,https://www.soccerbase.com/tournaments/tournament_tab.sd?tourn_id=1764&tab_id=2170&roundTab=roundTab_1
soccerbase,832584,2021-09-07,World Cup,2022,Asia (Qualifying): rd 3 A,Asia rd 3 grp 1 Matches and results,Syria,UAE,UAE,Syria,0,109575,Abdalla Ramadan,yellow,,lineup_bubble,https://www.soccerbase.com/tournaments/tournament_tab.sd?tourn_id=1764&tab_id=2170&roundTab=roundTab_1
soccerbase,832584,2021-09-07,World Cup,2022,Asia (Qualifying): rd 3 A,Asia rd 3 grp 1 Matches and results,Syria,UAE,UAE,Syria,0,69131,A Ali Mabkhout,yellow,,lineup_bubble,https://www.soccerbase.com/tournaments/tournament_tab.sd?tourn_id=1764&tab_id=2170&roundTab=roundTab_1
soccerbase,832581,2021-09-02,World Cup,2022,Asia (Qualifying): rd 3 A,Asia rd 3 grp 1 Matches and results,Iran,Syria,Iran,Syria,1,90345,M Mohammadi,yellow,,lineup_bubble,https://www.soccerbase.com/tournaments/tournament_tab.sd?tourn_id=1764&tab_id=2170&roundTab=roundTab_1
soccerbase,832581,2021-09-02,World Cup,2022,Asia (Qualifying): rd 3 A,Asia rd 3 grp 1 Matches and results,Iran,Syria,Iran,Syria,1,134586,S Khalilzadeh,yellow,,lineup_bubble,https://www.soccerbase.com/tournaments/tournament_tab.sd?tourn_id=1764&tab_id=2170&roundTab=roundTab_1
soccerbase,832581,2021-09-02,World Cup,2022,Asia (Qualifying): rd 3 A,Asia rd 3 grp 1 Matches and results,Iran,Syria,Iran,Syria,1,93146,M Taremi,yellow,,lineup_bubble,https://www.soccerbase.com/tournaments/tournament_tab.sd?tourn_id=1764&tab_id=2170&roundTab=roundTab_1
soccerbase,832581,2021-09-02,World Cup,2022,Asia (Qualifying): rd 3 A,Asia rd 3 grp 1 Matches and results,Iran,Syria,Syria,Iran,0,129147,K Khaled Kourdoghli,yellow,,lineup_bubble,https://www.soccerbase.com/tournaments/tournament_tab.sd?tourn_id=1764&tab_id=2170&roundTab=roundTab_1
soccerbase,832581,2021-09-02,World Cup,2022,Asia (Qualifying): rd 3 A,Asia rd 3 grp 1 Matches and results,Iran,Syria,Syria,Iran,0,108388,I Hamwiah,yellow,,lineup_bubble,https://www.soccerbase.com/tournaments/tournament_tab.sd?tourn_id=1764&tab_id=2170&roundTab=roundTab_1
soccerbase,832582,2021-09-02,World Cup,2022,Asia (Qualifying): rd 3 A,Asia rd 3 grp 1 Matches and results,South Korea,Iraq,South Korea,Iraq,1,110465,Son Jun-Ho,yellow,,lineup_bubble,https://www.soccerbase.com/tournaments/tournament_tab.sd?tourn_id=1764&tab_id=2170&roundTab=roundTab_1
soccerbase,832582,2021-09-02,World Cup,2022,Asia (Qualifying): rd 3 A,Asia rd 3 grp 1 Matches and results,South Korea,Iraq,Iraq,South Korea,0,80342,A Ibrahim,yellow,,lineup_bubble,https://www.soccerbase.com/tournaments/tournament_tab.sd?tourn_id=1764&tab_id=2170&roundTab=roundTab_1
soccerbase,832582,2021-09-02,World Cup,2022,Asia (Qualifying): rd 3 A,Asia rd 3 grp 1 Matches and results,South Korea,Iraq,Iraq,South Korea,0,51578,A Abdul-Zahra,yellow,,lineup_bubble,https://www.soccerbase.com/tournaments/tournament_tab.sd?tourn_id=1764&tab_id=2170&roundTab=roundTab_1
soccerbase,832582,2021-09-02,World Cup,2022,Asia (Qualifying): rd 3 A,Asia rd 3 grp 1 Matches and results,South Korea,Iraq,Iraq,South Korea,0,137974,Amir Al Ammari,yellow,,lineup_bubble,https://www.soccerbase.com/tournaments/tournament_tab.sd?tourn_id=1764&tab_id=2170&roundTab=roundTab_1
soccerbase,832583,2021-09-02,World Cup,2022,Asia (Qualifying): rd 3 A,Asia rd 3 grp 1 Matches and results,UAE,Lebanon,Lebanon,UAE,0,69959,F Felix Michel,yellow,,lineup_bubble,https://www.soccerbase.com/tournaments/tournament_tab.sd?tourn_id=1764&tab_id=2170&roundTab=roundTab_1
soccerbase,832583,2021-09-02,World Cup,2022,Asia (Qualifying): rd 3 A,Asia rd 3 grp 1 Matches and results,UAE,Lebanon,Lebanon,UAE,0,117373,R Rabih Ataya,yellow,,lineup_bubble,https://www.soccerbase.com/tournaments/tournament_tab.sd?tourn_id=1764&tab_id=2170&roundTab=roundTab_1
soccerbase,832583,2021-09-02,World Cup,2022,Asia (Qualifying): rd 3 A,Asia rd 3 grp 1 Matches and results,UAE,Lebanon,Lebanon,UAE,0,70901,B Bassel Jradi,yellow,,lineup_bubble,https://www.soccerbase.com/tournaments/tournament_tab.sd?tourn_id=1764&tab_id=2170&roundTab=roundTab_1
soccerbase,832639,2022-03-29,World Cup,2022,Asia (Qualifying): rd 3 B,Asia rd 3 grp 2 Matches and results,Japan,Vietnam,Japan,Vietnam,1,77873,G Shibasaki,yellow,,lineup_bubble,https://www.soccerbase.com/tournaments/tournament_tab.sd?tourn_id=1764&tab_id=2170&roundTab=roundTab_2
soccerbase,832639,2022-03-29,World Cup,2022,Asia (Qualifying): rd 3 B,Asia rd 3 grp 2 Matches and results,Japan,Vietnam,Vietnam,Japan,0,117486,Ha Duc Chinh,yellow,,lineup_bubble,https://www.soccerbase.com/tournaments/tournament_tab.sd?tourn_id=1764&tab_id=2170&roundTab=roundTab_2
soccerbase,832638,2022-03-29,World Cup,2022,Asia (Qualifying): rd 3 B,Asia rd 3 grp 2 Matches and results,Oman,China,Oman,China,1,139427,J Juma Al Habsi,yellow,,lineup_bubble,https://www.soccerbase.com/tournaments/tournament_tab.sd?tourn_id=1764&tab_id=2170&roundTab=roundTab_2
soccerbase,832638,2022-03-29,World Cup,2022,Asia (Qualifying): rd 3 B,Asia rd 3 grp 2 Matches and results,Oman,China,China,Oman,0,57313,Z Zhang Linpeng,yellow,,lineup_bubble,https://www.soccerbase.com/tournaments/tournament_tab.sd?tourn_id=1764&tab_id=2170&roundTab=roundTab_2
soccerbase,832638,2022-03-29,World Cup,2022,Asia (Qualifying): rd 3 B,Asia rd 3 grp 2 Matches and results,Oman,China,China,Oman,0,90086,Zhang Yuning,yellow,,lineup_bubble,https://www.soccerbase.com/tournaments/tournament_tab.sd?tourn_id=1764&tab_id=2170&roundTab=roundTab_2
soccerbase,832637,2022-03-24,World Cup,2022,Asia (Qualifying): rd 3 B,Asia rd 3 grp 2 Matches and results,Australia,Japan,Australia,Japan,1,119133,G Stensness,yellow,,lineup_bubble,https://www.soccerbase.com/tournaments/tournament_tab.sd?tourn_id=1764&tab_id=2170&roundTab=roundTab_2
soccerbase,832637,2022-03-24,World Cup,2022,Asia (Qualifying): rd 3 B,Asia rd 3 grp 2 Matches and results,Australia,Japan,Australia,Japan,1,106166,C Metcalfe,yellow,,lineup_bubble,https://www.soccerbase.com/tournaments/tournament_tab.sd?tourn_id=1764&tab_id=2170&roundTab=roundTab_2
soccerbase,832637,2022-03-24,World Cup,2022,Asia (Qualifying): rd 3 B,Asia rd 3 grp 2 Matches and results,Australia,Japan,Japan,Australia,0,51087,Y Nagatomo,yellow,,lineup_bubble,https://www.soccerbase.com/tournaments/tournament_tab.sd?tourn_id=1764&tab_id=2170&roundTab=roundTab_2
soccerbase,832636,2022-03-24,World Cup,2022,Asia (Qualifying): rd 3 B,Asia rd 3 grp 2 Matches and results,China,Saudi Arabia,China,Saudi Arabia,1,117212,Zhu Chenjie,yellow,,lineup_bubble,https://www.soccerbase.com/tournaments/tournament_tab.sd?tourn_id=1764&tab_id=2170&roundTab=roundTab_2
soccerbase,832636,2022-03-24,World Cup,2022,Asia (Qualifying): rd 3 B,Asia rd 3 grp 2 Matches and results,China,Saudi Arabia,China,Saudi Arabia,1,51518,Hao Junmin,yellow,,lineup_bubble,https://www.soccerbase.com/tournaments/tournament_tab.sd?tourn_id=1764&tab_id=2170&roundTab=roundTab_2
soccerbase,832636,2022-03-24,World Cup,2022,Asia (Qualifying): rd 3 B,Asia rd 3 grp 2 Matches and results,China,Saudi Arabia,China,Saudi Arabia,1,70381,Yu Dabao,yellow,,lineup_bubble,https://www.soccerbase.com/tournaments/tournament_tab.sd?tourn_id=1764&tab_id=2170&roundTab=roundTab_2
soccerbase,832636,2022-03-24,World Cup,2022,Asia (Qualifying): rd 3 B,Asia rd 3 grp 2 Matches and results,China,Saudi Arabia,Saudi Arabia,China,0,117969,Abdulelah Al Amri,yellow,,lineup_bubble,https://www.soccerbase.com/tournaments/tournament_tab.sd?tourn_id=1764&tab_id=2170&roundTab=roundTab_2
soccerbase,832635,2022-03-24,World Cup,2022,Asia (Qualifying): rd 3 B,Asia rd 3 grp 2 Matches and results,Vietnam,Oman,Vietnam,Oman,1,118075,Nguyen Thanh Chung,yellow,,lineup_bubble,https://www.soccerbase.com/tournaments/tournament_tab.sd?tourn_id=1764&tab_id=2170&roundTab=roundTab_2
soccerbase,832635,2022-03-24,World Cup,2022,Asia (Qualifying): rd 3 B,Asia rd 3 grp 2 Matches and results,Vietnam,Oman,Vietnam,Oman,1,139898,Bui Hoang Viet Anh,yellow,,lineup_bubble,https://www.soccerbase.com/tournaments/tournament_tab.sd?tourn_id=1764&tab_id=2170&roundTab=roundTab_2
soccerbase,832635,2022-03-24,World Cup,2022,Asia (Qualifying): rd 3 B,Asia rd 3 grp 2 Matches and results,Vietnam,Oman,Oman,Vietnam,0,129356,Ahmed Al Kaabi,yellow,,lineup_bubble,https://www.soccerbase.com/tournaments/tournament_tab.sd?tourn_id=1764&tab_id=2170&roundTab=roundTab_2
soccerbase,832632,2022-02-01,World Cup,2022,Asia (Qualifying): rd 3 B,Asia rd 3 grp 2 Matches and results,Japan,Saudi Arabia,Japan,Saudi Arabia,1,118275,K Itakura,yellow,,lineup_bubble,https://www.soccerbase.com/tournaments/tournament_tab.sd?tourn_id=1764&tab_id=2170&roundTab=roundTab_2
soccerbase,832632,2022-02-01,World Cup,2022,Asia (Qualifying): rd 3 B,Asia rd 3 grp 2 Matches and results,Japan,Saudi Arabia,Saudi Arabia,Japan,0,111929,A Ali Al Bulayhi,yellow,,lineup_bubble,https://www.soccerbase.com/tournaments/tournament_tab.sd?tourn_id=1764&tab_id=2170&roundTab=roundTab_2
soccerbase,832632,2022-02-01,World Cup,2022,Asia (Qualifying): rd 3 B,Asia rd 3 grp 2 Matches and results,Japan,Saudi Arabia,Saudi Arabia,Japan,0,110172,Hattan Bahbri,yellow,,lineup_bubble,https://www.soccerbase.com/tournaments/tournament_tab.sd?tourn_id=1764&tab_id=2170&roundTab=roundTab_2
soccerbase,832634,2022-02-01,World Cup,2022,Asia (Qualifying): rd 3 B,Asia rd 3 grp 2 Matches and results,Oman,Australia,Oman,Australia,1,67402,Faiyz Al Rusheidi,yellow,,lineup_bubble,https://www.soccerbase.com/tournaments/tournament_tab.sd?tourn_id=1764&tab_id=2170&roundTab=roundTab_2
soccerbase,832634,2022-02-01,World Cup,2022,Asia (Qualifying): rd 3 B,Asia rd 3 grp 2 Matches and results,Oman,Australia,Oman,Australia,1,116377,Fahmi Durbin,yellow,,lineup_bubble,https://www.soccerbase.com/tournaments/tournament_tab.sd?tourn_id=1764&tab_id=2170&roundTab=roundTab_2
soccerbase,832634,2022-02-01,World Cup,2022,Asia (Qualifying): rd 3 B,Asia rd 3 grp 2 Matches and results,Oman,Australia,Australia,Oman,0,92526,F Karacic,yellow,,lineup_bubble,https://www.soccerbase.com/tournaments/tournament_tab.sd?tourn_id=1764&tab_id=2170&roundTab=roundTab_2
soccerbase,832633,2022-02-01,World Cup,2022,Asia (Qualifying): rd 3 B,Asia rd 3 grp 2 Matches and results,Vietnam,China,China,Vietnam,0,139631,Luo Guofu,yellow,,lineup_bubble,https://www.soccerbase.com/tournaments/tournament_tab.sd?tourn_id=1764&tab_id=2170&roundTab=roundTab_2
soccerbase,832633,2022-02-01,World Cup,2022,Asia (Qualifying): rd 3 B,Asia rd 3 grp 2 Matches and results,Vietnam,China,China,Vietnam,0,80461,Wu Xi,yellow,,lineup_bubble,https://www.soccerbase.com/tournaments/tournament_tab.sd?tourn_id=1764&tab_id=2170&roundTab=roundTab_2
soccerbase,832633,2022-02-01,World Cup,2022,Asia (Qualifying): rd 3 B,Asia rd 3 grp 2 Matches and results,Vietnam,China,China,Vietnam,0,120426,Xu Xin,yellow,,lineup_bubble,https://www.soccerbase.com/tournaments/tournament_tab.sd?tourn_id=1764&tab_id=2170&roundTab=roundTab_2
soccerbase,832630,2022-01-27,World Cup,2022,Asia (Qualifying): rd 3 B,Asia rd 3 grp 2 Matches and results,Australia,Vietnam,Australia,Vietnam,1,60406,M Leckie,yellow,,lineup_bubble,https://www.soccerbase.com/tournaments/tournament_tab.sd?tourn_id=1764&tab_id=2170&roundTab=roundTab_2
soccerbase,832630,2022-01-27,World Cup,2022,Asia (Qualifying): rd 3 B,Asia rd 3 grp 2 Matches and results,Australia,Vietnam,Vietnam,Australia,0,143350,Pham Xuan Manh,yellow,,lineup_bubble,https://www.soccerbase.com/tournaments/tournament_tab.sd?tourn_id=1764&tab_id=2170&roundTab=roundTab_2
soccerbase,832624,2021-11-16,World Cup,2022,Asia (Qualifying): rd 3 B,Asia rd 3 grp 2 Matches and results,China,Australia,China,Australia,1,139631,Luo Guofu,yellow,,lineup_bubble,https://www.soccerbase.com/tournaments/tournament_tab.sd?tourn_id=1764&tab_id=2170&roundTab=roundTab_2
soccerbase,832624,2021-11-16,World Cup,2022,Asia (Qualifying): rd 3 B,Asia rd 3 grp 2 Matches and results,China,Australia,China,Australia,1,90086,Zhang Yuning,yellow,,lineup_bubble,https://www.soccerbase.com/tournaments/tournament_tab.sd?tourn_id=1764&tab_id=2170&roundTab=roundTab_2
soccerbase,832624,2021-11-16,World Cup,2022,Asia (Qualifying): rd 3 B,Asia rd 3 grp 2 Matches and results,China,Australia,Australia,China,0,65354,M Degenek,yellow,,lineup_bubble,https://www.soccerbase.com/tournaments/tournament_tab.sd?tourn_id=1764&tab_id=2170&roundTab=roundTab_2
soccerbase,832624,2021-11-16,World Cup,2022,Asia (Qualifying): rd 3 B,Asia rd 3 grp 2 Matches and results,China,Australia,Australia,China,0,101120,A Hrustic,yellow,,lineup_bubble,https://www.soccerbase.com/tournaments/tournament_tab.sd?tourn_id=1764&tab_id=2170&roundTab=roundTab_2
soccerbase,832623,2021-11-16,World Cup,2022,Asia (Qualifying): rd 3 B,Asia rd 3 grp 2 Matches and results,Oman,Japan,Oman,Japan,1,95958,Harib Al Saadi,yellow,,lineup_bubble,https://www.soccerbase.com/tournaments/tournament_tab.sd?tourn_id=1764&tab_id=2170&roundTab=roundTab_2
soccerbase,832623,2021-11-16,World Cup,2022,Asia (Qualifying): rd 3 B,Asia rd 3 grp 2 Matches and results,Oman,Japan,Japan,Oman,0,91544,W Endo,yellow,,lineup_bubble,https://www.soccerbase.com/tournaments/tournament_tab.sd?tourn_id=1764&tab_id=2170&roundTab=roundTab_2
soccerbase,832627,2021-11-16,World Cup,2022,Asia (Qualifying): rd 3 B,Asia rd 3 grp 2 Matches and results,Vietnam,Saudi Arabia,Vietnam,Saudi Arabia,1,92140,Q Que Ngoc Hai,yellow,,lineup_bubble,https://www.soccerbase.com/tournaments/tournament_tab.sd?tourn_id=1764&tab_id=2170&roundTab=roundTab_2
soccerbase,832627,2021-11-16,World Cup,2022,Asia (Qualifying): rd 3 B,Asia rd 3 grp 2 Matches and results,Vietnam,Saudi Arabia,Vietnam,Saudi Arabia,1,118075,Nguyen Thanh Chung,yellow,,lineup_bubble,https://www.soccerbase.com/tournaments/tournament_tab.sd?tourn_id=1764&tab_id=2170&roundTab=roundTab_2
soccerbase,832627,2021-11-16,World Cup,2022,Asia (Qualifying): rd 3 B,Asia rd 3 grp 2 Matches and results,Vietnam,Saudi Arabia,Vietnam,Saudi Arabia,1,117488,Phan Van Duc,yellow,,lineup_bubble,https://www.soccerbase.com/tournaments/tournament_tab.sd?tourn_id=1764&tab_id=2170&roundTab=roundTab_2
soccerbase,832627,2021-11-16,World Cup,2022,Asia (Qualifying): rd 3 B,Asia rd 3 grp 2 Matches and results,Vietnam,Saudi Arabia,Vietnam,Saudi Arabia,1,139894,Nguyen Tuan Anh,yellow,,lineup_bubble,https://www.soccerbase.com/tournaments/tournament_tab.sd?tourn_id=1764&tab_id=2170&roundTab=roundTab_2
soccerbase,832627,2021-11-16,World Cup,2022,Asia (Qualifying): rd 3 B,Asia rd 3 grp 2 Matches and results,Vietnam,Saudi Arabia,Vietnam,Saudi Arabia,1,101271,T Nguyen Van Toan,yellow,,lineup_bubble,https://www.soccerbase.com/tournaments/tournament_tab.sd?tourn_id=1764&tab_id=2170&roundTab=roundTab_2
soccerbase,832627,2021-11-16,World Cup,2022,Asia (Qualifying): rd 3 B,Asia rd 3 grp 2 Matches and results,Vietnam,Saudi Arabia,Vietnam,Saudi Arabia,1,101272,Nguyen Cong Phuong,yellow,,lineup_bubble,https://www.soccerbase.com/tournaments/tournament_tab.sd?tourn_id=1764&tab_id=2170&roundTab=roundTab_2
soccerbase,832627,2021-11-16,World Cup,2022,Asia (Qualifying): rd 3 B,Asia rd 3 grp 2 Matches and results,Vietnam,Saudi Arabia,Saudi Arabia,Vietnam,0,80470,F Fahad Al Muwallad,yellow,,lineup_bubble,https://www.soccerbase.com/tournaments/tournament_tab.sd?tourn_id=1764&tab_id=2170&roundTab=roundTab_2
soccerbase,832627,2021-11-16,World Cup,2022,Asia (Qualifying): rd 3 B,Asia rd 3 grp 2 Matches and results,Vietnam,Saudi Arabia,Saudi Arabia,Vietnam,0,80467,S Salman Al Faraj,yellow,,lineup_bubble,https://www.soccerbase.com/tournaments/tournament_tab.sd?tourn_id=1764&tab_id=2170&roundTab=roundTab_2
soccerbase,832621,2021-11-11,World Cup,2022,Asia (Qualifying): rd 3 B,Asia rd 3 grp 2 Matches and results,Australia,Saudi Arabia,Australia,Saudi Arabia,1,74014,A Nabbout,yellow,,lineup_bubble,https://www.soccerbase.com/tournaments/tournament_tab.sd?tourn_id=1764&tab_id=2170&roundTab=roundTab_2
soccerbase,832621,2021-11-11,World Cup,2022,Asia (Qualifying): rd 3 B,Asia rd 3 grp 2 Matches and results,Australia,Saudi Arabia,Saudi Arabia,Australia,0,111929,A Ali Al Bulayhi,yellow,,lineup_bubble,https://www.soccerbase.com/tournaments/tournament_tab.sd?tourn_id=1764&tab_id=2170&roundTab=roundTab_2
soccerbase,832621,2021-11-11,World Cup,2022,Asia (Qualifying): rd 3 B,Asia rd 3 grp 2 Matches and results,Australia,Saudi Arabia,Saudi Arabia,Australia,0,117969,Abdulelah Al Amri,yellow,,lineup_bubble,https://www.soccerbase.com/tournaments/tournament_tab.sd?tourn_id=1764&tab_id=2170&roundTab=roundTab_2
soccerbase,832617,2021-11-11,World Cup,2022,Asia (Qualifying): rd 3 B,Asia rd 3 grp 2 Matches and results,China,Oman,China,Oman,1,57313,Z Zhang Linpeng,yellow,,lineup_bubble,https://www.soccerbase.com/tournaments/tournament_tab.sd?tourn_id=1764&tab_id=2170&roundTab=roundTab_2
soccerbase,832617,2021-11-11,World Cup,2022,Asia (Qualifying): rd 3 B,Asia rd 3 grp 2 Matches and results,China,Oman,Oman,China,0,116375,Mohsin Jouhar,yellow,,lineup_bubble,https://www.soccerbase.com/tournaments/tournament_tab.sd?tourn_id=1764&tab_id=2170&roundTab=roundTab_2
soccerbase,832618,2021-11-11,World Cup,2022,Asia (Qualifying): rd 3 B,Asia rd 3 grp 2 Matches and results,Vietnam,Japan,Vietnam,Japan,1,139894,Nguyen Tuan Anh,yellow,,lineup_bubble,https://www.soccerbase.com/tournaments/tournament_tab.sd?tourn_id=1764&tab_id=2170&roundTab=roundTab_2
soccerbase,832618,2021-11-11,World Cup,2022,Asia (Qualifying): rd 3 B,Asia rd 3 grp 2 Matches and results,Vietnam,Japan,Japan,Vietnam,0,115831,H Morita,yellow,,lineup_bubble,https://www.soccerbase.com/tournaments/tournament_tab.sd?tourn_id=1764&tab_id=2170&roundTab=roundTab_2
soccerbase,832615,2021-10-12,World Cup,2022,Asia (Qualifying): rd 3 B,Asia rd 3 grp 2 Matches and results,Japan,Australia,Japan,Australia,1,115831,H Morita,yellow,,lineup_bubble,https://www.soccerbase.com/tournaments/tournament_tab.sd?tourn_id=1764&tab_id=2170&roundTab=roundTab_2
soccerbase,832615,2021-10-12,World Cup,2022,Asia (Qualifying): rd 3 B,Asia rd 3 grp 2 Matches and results,Japan,Australia,Australia,Japan,0,68287,A Behich,yellow,,lineup_bubble,https://www.soccerbase.com/tournaments/tournament_tab.sd?tourn_id=1764&tab_id=2170&roundTab=roundTab_2
soccerbase,832615,2021-10-12,World Cup,2022,Asia (Qualifying): rd 3 B,Asia rd 3 grp 2 Matches and results,Japan,Australia,Australia,Japan,0,80788,H Souttar,yellow,,lineup_bubble,https://www.soccerbase.com/tournaments/tournament_tab.sd?tourn_id=1764&tab_id=2170&roundTab=roundTab_2
soccerbase,832611,2021-10-12,World Cup,2022,Asia (Qualifying): rd 3 B,Asia rd 3 grp 2 Matches and results,Oman,Vietnam,Oman,Vietnam,1,139427,J Juma Al Habsi,yellow,,lineup_bubble,https://www.soccerbase.com/tournaments/tournament_tab.sd?tourn_id=1764&tab_id=2170&roundTab=roundTab_2
soccerbase,832611,2021-10-12,World Cup,2022,Asia (Qualifying): rd 3 B,Asia rd 3 grp 2 Matches and results,Oman,Vietnam,Vietnam,Oman,0,92140,Q Que Ngoc Hai,yellow,,lineup_bubble,https://www.soccerbase.com/tournaments/tournament_tab.sd?tourn_id=1764&tab_id=2170&roundTab=roundTab_2
soccerbase,832611,2021-10-12,World Cup,2022,Asia (Qualifying): rd 3 B,Asia rd 3 grp 2 Matches and results,Oman,Vietnam,Vietnam,Oman,0,117479,Do Duy Manh,yellow,,lineup_bubble,https://www.soccerbase.com/tournaments/tournament_tab.sd?tourn_id=1764&tab_id=2170&roundTab=roundTab_2
soccerbase,832613,2021-10-12,World Cup,2022,Asia (Qualifying): rd 3 B,Asia rd 3 grp 2 Matches and results,Saudi Arabia,China,Saudi Arabia,China,1,125751,A Abdulelah Al Malki,yellow,,lineup_bubble,https://www.soccerbase.com/tournaments/tournament_tab.sd?tourn_id=1764&tab_id=2170&roundTab=roundTab_2
soccerbase,832606,2021-10-07,World Cup,2022,Asia (Qualifying): rd 3 B,Asia rd 3 grp 2 Matches and results,Australia,Oman,Australia,Oman,1,79061,R Rhyan Grant,yellow,,lineup_bubble,https://www.soccerbase.com/tournaments/tournament_tab.sd?tourn_id=1764&tab_id=2170&roundTab=roundTab_2
soccerbase,832606,2021-10-07,World Cup,2022,Asia (Qualifying): rd 3 B,Asia rd 3 grp 2 Matches and results,Australia,Oman,Australia,Oman,1,66873,J Irvine,yellow,,lineup_bubble,https://www.soccerbase.com/tournaments/tournament_tab.sd?tourn_id=1764&tab_id=2170&roundTab=roundTab_2
soccerbase,832606,2021-10-07,World Cup,2022,Asia (Qualifying): rd 3 B,Asia rd 3 grp 2 Matches and results,Australia,Oman,Oman,Australia,0,77802,Ali Al Busaidi,yellow,,lineup_bubble,https://www.soccerbase.com/tournaments/tournament_tab.sd?tourn_id=1764&tab_id=2170&roundTab=roundTab_2
soccerbase,832606,2021-10-07,World Cup,2022,Asia (Qualifying): rd 3 B,Asia rd 3 grp 2 Matches and results,Australia,Oman,Oman,Australia,0,129355,Rabia Alawi Al Mandhar,yellow,,lineup_bubble,https://www.soccerbase.com/tournaments/tournament_tab.sd?tourn_id=1764&tab_id=2170&roundTab=roundTab_2
soccerbase,832605,2021-10-07,World Cup,2022,Asia (Qualifying): rd 3 B,Asia rd 3 grp 2 Matches and results,China,Vietnam,China,Vietnam,1,77964,W Wei Shihao,yellow,,lineup_bubble,https://www.soccerbase.com/tournaments/tournament_tab.sd?tourn_id=1764&tab_id=2170&roundTab=roundTab_2
soccerbase,832605,2021-10-07,World Cup,2022,Asia (Qualifying): rd 3 B,Asia rd 3 grp 2 Matches and results,China,Vietnam,Vietnam,China,0,101269,T Luong Xuan,yellow,,lineup_bubble,https://www.soccerbase.com/tournaments/tournament_tab.sd?tourn_id=1764&tab_id=2170&roundTab=roundTab_2
soccerbase,832601,2021-09-07,World Cup,2022,Asia (Qualifying): rd 3 B,Asia rd 3 grp 2 Matches and results,China,Japan,China,Japan,1,139631,Luo Guofu,yellow,,lineup_bubble,https://www.soccerbase.com/tournaments/tournament_tab.sd?tourn_id=1764&tab_id=2170&roundTab=roundTab_2
soccerbase,832601,2021-09-07,World Cup,2022,Asia (Qualifying): rd 3 B,Asia rd 3 grp 2 Matches and results,China,Japan,China,Japan,1,58685,W Gang,yellow,,lineup_bubble,https://www.soccerbase.com/tournaments/tournament_tab.sd?tourn_id=1764&tab_id=2170&roundTab=roundTab_2
soccerbase,832601,2021-09-07,World Cup,2022,Asia (Qualifying): rd 3 B,Asia rd 3 grp 2 Matches and results,China,Japan,China,Japan,1,80461,Wu Xi,yellow,,lineup_bubble,https://www.soccerbase.com/tournaments/tournament_tab.sd?tourn_id=1764&tab_id=2170&roundTab=roundTab_2
soccerbase,832601,2021-09-07,World Cup,2022,Asia (Qualifying): rd 3 B,Asia rd 3 grp 2 Matches and results,China,Japan,Japan,China,0,109604,J Ito,yellow,,lineup_bubble,https://www.soccerbase.com/tournaments/tournament_tab.sd?tourn_id=1764&tab_id=2170&roundTab=roundTab_2
soccerbase,832597,2021-09-07,World Cup,2022,Asia (Qualifying): rd 3 B,Asia rd 3 grp 2 Matches and results,Oman,Saudi Arabia,Saudi Arabia,Oman,0,125751,A Abdulelah Al Malki,yellow,,lineup_bubble,https://www.soccerbase.com/tournaments/tournament_tab.sd?tourn_id=1764&tab_id=2170&roundTab=roundTab_2
soccerbase,832592,2021-09-02,World Cup,2022,Asia (Qualifying): rd 3 B,Asia rd 3 grp 2 Matches and results,Australia,China,Australia,China,1,101120,A Hrustic,yellow,,lineup_bubble,https://www.soccerbase.com/tournaments/tournament_tab.sd?tourn_id=1764&tab_id=2170&roundTab=roundTab_2
soccerbase,832592,2021-09-02,World Cup,2022,Asia (Qualifying): rd 3 B,Asia rd 3 grp 2 Matches and results,Australia,China,China,Australia,0,102966,Wang Shenchao,yellow,,lineup_bubble,https://www.soccerbase.com/tournaments/tournament_tab.sd?tourn_id=1764&tab_id=2170&roundTab=roundTab_2
soccerbase,832592,2021-09-02,World Cup,2022,Asia (Qualifying): rd 3 B,Asia rd 3 grp 2 Matches and results,Australia,China,China,Australia,0,101210,Yin Hongbo,yellow,,lineup_bubble,https://www.soccerbase.com/tournaments/tournament_tab.sd?tourn_id=1764&tab_id=2170&roundTab=roundTab_2
soccerbase,832591,2021-09-02,World Cup,2022,Asia (Qualifying): rd 3 B,Asia rd 3 grp 2 Matches and results,Japan,Oman,Japan,Oman,1,109604,J Ito,yellow,,lineup_bubble,https://www.soccerbase.com/tournaments/tournament_tab.sd?tourn_id=1764&tab_id=2170&roundTab=roundTab_2
soccerbase,832591,2021-09-02,World Cup,2022,Asia (Qualifying): rd 3 B,Asia rd 3 grp 2 Matches and results,Japan,Oman,Oman,Japan,0,139496,Amjad Al Harthi,yellow,,lineup_bubble,https://www.soccerbase.com/tournaments/tournament_tab.sd?tourn_id=1764&tab_id=2170&roundTab=roundTab_2
soccerbase,832591,2021-09-02,World Cup,2022,Asia (Qualifying): rd 3 B,Asia rd 3 grp 2 Matches and results,Japan,Oman,Oman,Japan,0,139444,Abdullah Fawaz,yellow,,lineup_bubble,https://www.soccerbase.com/tournaments/tournament_tab.sd?tourn_id=1764&tab_id=2170&roundTab=roundTab_2
soccerbase,832594,2021-09-02,World Cup,2022,Asia (Qualifying): rd 3 B,Asia rd 3 grp 2 Matches and results,Saudi Arabia,Vietnam,Vietnam,Saudi Arabia,0,117479,Do Duy Manh,yellow,,lineup_bubble,https://www.soccerbase.com/tournaments/tournament_tab.sd?tourn_id=1764&tab_id=2170&roundTab=roundTab_2
soccerbase,832594,2021-09-02,World Cup,2022,Asia (Qualifying): rd 3 B,Asia rd 3 grp 2 Matches and results,Saudi Arabia,Vietnam,Vietnam,Saudi Arabia,0,117479,Do Duy Manh,red,,lineup_bubble,https://www.soccerbase.com/tournaments/tournament_tab.sd?tourn_id=1764&tab_id=2170&roundTab=roundTab_2
soccerbase,832594,2021-09-02,World Cup,2022,Asia (Qualifying): rd 3 B,Asia rd 3 grp 2 Matches and results,Saudi Arabia,Vietnam,Vietnam,Saudi Arabia,0,101266,V Vu Van Thanh,yellow,,lineup_bubble,https://www.soccerbase.com/tournaments/tournament_tab.sd?tourn_id=1764&tab_id=2170&roundTab=roundTab_2
