source,source_url,resolved_url,source_page_title,competition,year,team,source_heading,shirt_number,position,player,date_of_birth,age,caps,goals,club,raw_date_of_birth_age,raw_player,raw_club
wikipedia,https://en.wikipedia.org/wiki/2026_FIFA_World_Cup_squads,https://en.wikipedia.org/wiki/2026_FIFA_World_Cup_squads,2026 FIFA World Cup squads,FIFA World Cup,2026,Czech Republic,Czech Republic,,GK,Matěj Kovář,"May 17, 2000",26,19,0,PSV Eindhoven,"May 17, 2000 (aged 26)",Matěj Kovář,PSV Eindhoven
wikipedia,https://en.wikipedia.org/wiki/2026_FIFA_World_Cup_squads,https://en.wikipedia.org/wiki/2026_FIFA_World_Cup_squads,2026 FIFA World Cup squads,FIFA World Cup,2026,Czech Republic,Czech Republic,,GK,Jindřich Staněk,"April 27, 1996",30,14,0,Slavia Prague,"April 27, 1996 (aged 30)",Jindřich Staněk,Slavia Prague
wikipedia,https://en.wikipedia.org/wiki/2026_FIFA_World_Cup_squads,https://en.wikipedia.org/wiki/2026_FIFA_World_Cup_squads,2026 FIFA World Cup squads,FIFA World Cup,2026,Czech Republic,Czech Republic,,GK,Lukáš Horníček,"July 13, 2002",23,1,0,Braga,"July 13, 2002 (aged 23)",Lukáš Horníček,Braga
wikipedia,https://en.wikipedia.org/wiki/2026_FIFA_World_Cup_squads,https://en.wikipedia.org/wiki/2026_FIFA_World_Cup_squads,2026 FIFA World Cup squads,FIFA World Cup,2026,Czech Republic,Czech Republic,,DF,Vladimír Coufal,"August 22, 1992",33,61,2,TSG Hoffenheim,"August 22, 1992 (aged 33)",Vladimír Coufal,TSG Hoffenheim
wikipedia,https://en.wikipedia.org/wiki/2026_FIFA_World_Cup_squads,https://en.wikipedia.org/wiki/2026_FIFA_World_Cup_squads,2026 FIFA World Cup squads,FIFA World Cup,2026,Czech Republic,Czech Republic,,DF,Tomáš Holeš,"March 31, 1993",33,40,2,Slavia Prague,"March 31, 1993 (aged 33)",Tomáš Holeš,Slavia Prague
wikipedia,https://en.wikipedia.org/wiki/2026_FIFA_World_Cup_squads,https://en.wikipedia.org/wiki/2026_FIFA_World_Cup_squads,2026 FIFA World Cup squads,FIFA World Cup,2026,Czech Republic,Czech Republic,,DF,Ladislav Krejčí (captain),"April 20, 1999",27,26,5,Wolverhampton Wanderers,"April 20, 1999 (aged 27)",Ladislav Krejčí (captain),Wolverhampton Wanderers
wikipedia,https://en.wikipedia.org/wiki/2026_FIFA_World_Cup_squads,https://en.wikipedia.org/wiki/2026_FIFA_World_Cup_squads,2026 FIFA World Cup squads,FIFA World Cup,2026,Czech Republic,Czech Republic,,DF,David Zima,"November 8, 2000",25,24,1,Slavia Prague,"November 8, 2000 (aged 25)",David Zima,Slavia Prague
wikipedia,https://en.wikipedia.org/wiki/2026_FIFA_World_Cup_squads,https://en.wikipedia.org/wiki/2026_FIFA_World_Cup_squads,2026 FIFA World Cup squads,FIFA World Cup,2026,Czech Republic,Czech Republic,,DF,Jaroslav Zelený,"August 20, 1992",33,22,0,Sparta Prague,"August 20, 1992 (aged 33)",Jaroslav Zelený,Sparta Prague
wikipedia,https://en.wikipedia.org/wiki/2026_FIFA_World_Cup_squads,https://en.wikipedia.org/wiki/2026_FIFA_World_Cup_squads,2026 FIFA World Cup squads,FIFA World Cup,2026,Czech Republic,Czech Republic,,DF,David Jurásek,"August 7, 2000",25,17,1,Slavia Prague,"August 7, 2000 (aged 25)",David Jurásek,Slavia Prague
wikipedia,https://en.wikipedia.org/wiki/2026_FIFA_World_Cup_squads,https://en.wikipedia.org/wiki/2026_FIFA_World_Cup_squads,2026 FIFA World Cup squads,FIFA World Cup,2026,Czech Republic,Czech Republic,,DF,David Douděra,"May 31, 1998",28,16,2,Slavia Prague,"May 31, 1998 (aged 28)",David Douděra,Slavia Prague
wikipedia,https://en.wikipedia.org/wiki/2026_FIFA_World_Cup_squads,https://en.wikipedia.org/wiki/2026_FIFA_World_Cup_squads,2026 FIFA World Cup squads,FIFA World Cup,2026,Czech Republic,Czech Republic,,DF,Robin Hranáč,"January 29, 2000",26,13,1,TSG Hoffenheim,"January 29, 2000 (aged 26)",Robin Hranáč,TSG Hoffenheim
wikipedia,https://en.wikipedia.org/wiki/2026_FIFA_World_Cup_squads,https://en.wikipedia.org/wiki/2026_FIFA_World_Cup_squads,2026 FIFA World Cup squads,FIFA World Cup,2026,Czech Republic,Czech Republic,,DF,Štěpán Chaloupek,"March 8, 2003",23,4,0,Slavia Prague,"March 8, 2003 (aged 23)",Štěpán Chaloupek,Slavia Prague
wikipedia,https://en.wikipedia.org/wiki/2026_FIFA_World_Cup_squads,https://en.wikipedia.org/wiki/2026_FIFA_World_Cup_squads,2026 FIFA World Cup squads,FIFA World Cup,2026,Czech Republic,Czech Republic,,MF,Tomáš Souček,"February 27, 1995",31,89,17,West Ham United,"February 27, 1995 (aged 31)",Tomáš Souček,West Ham United
wikipedia,https://en.wikipedia.org/wiki/2026_FIFA_World_Cup_squads,https://en.wikipedia.org/wiki/2026_FIFA_World_Cup_squads,2026 FIFA World Cup squads,FIFA World Cup,2026,Czech Republic,Czech Republic,,MF,Vladimír Darida,"August 8, 1990",35,78,8,Hradec Králové,"August 8, 1990 (aged 35)",Vladimír Darida,Hradec Králové
wikipedia,https://en.wikipedia.org/wiki/2026_FIFA_World_Cup_squads,https://en.wikipedia.org/wiki/2026_FIFA_World_Cup_squads,2026 FIFA World Cup squads,FIFA World Cup,2026,Czech Republic,Czech Republic,,MF,Lukáš Provod,"October 23, 1996",29,37,3,Slavia Prague,"October 23, 1996 (aged 29)",Lukáš Provod,Slavia Prague
wikipedia,https://en.wikipedia.org/wiki/2026_FIFA_World_Cup_squads,https://en.wikipedia.org/wiki/2026_FIFA_World_Cup_squads,2026 FIFA World Cup squads,FIFA World Cup,2026,Czech Republic,Czech Republic,,MF,Michal Sadílek,"May 31, 1999",27,34,1,Slavia Prague,"May 31, 1999 (aged 27)",Michal Sadílek,Slavia Prague
wikipedia,https://en.wikipedia.org/wiki/2026_FIFA_World_Cup_squads,https://en.wikipedia.org/wiki/2026_FIFA_World_Cup_squads,2026 FIFA World Cup squads,FIFA World Cup,2026,Czech Republic,Czech Republic,,MF,Pavel Šulc,"December 29, 2000",25,20,5,Lyon,"December 29, 2000 (aged 25)",Pavel Šulc,Lyon
wikipedia,https://en.wikipedia.org/wiki/2026_FIFA_World_Cup_squads,https://en.wikipedia.org/wiki/2026_FIFA_World_Cup_squads,2026 FIFA World Cup squads,FIFA World Cup,2026,Czech Republic,Czech Republic,,MF,Lukáš Červ,"April 10, 2001",25,16,2,Viktoria Plzeň,"April 10, 2001 (aged 25)",Lukáš Červ,Viktoria Plzeň
wikipedia,https://en.wikipedia.org/wiki/2026_FIFA_World_Cup_squads,https://en.wikipedia.org/wiki/2026_FIFA_World_Cup_squads,2026 FIFA World Cup squads,FIFA World Cup,2026,Czech Republic,Czech Republic,,MF,Hugo Sochůrek,"June 7, 2008",18,1,0,Sparta Prague,"June 7, 2008 (aged 18)",Hugo Sochůrek,Sparta Prague
wikipedia,https://en.wikipedia.org/wiki/2026_FIFA_World_Cup_squads,https://en.wikipedia.org/wiki/2026_FIFA_World_Cup_squads,2026 FIFA World Cup squads,FIFA World Cup,2026,Czech Republic,Czech Republic,,MF,Alexandr Sojka,"April 2, 2003",23,1,0,Viktoria Plzeň,"April 2, 2003 (aged 23)",Alexandr Sojka,Viktoria Plzeň
wikipedia,https://en.wikipedia.org/wiki/2026_FIFA_World_Cup_squads,https://en.wikipedia.org/wiki/2026_FIFA_World_Cup_squads,2026 FIFA World Cup squads,FIFA World Cup,2026,Czech Republic,Czech Republic,,MF,Denis Višinský,"March 21, 2003",23,1,0,Viktoria Plzeň,"March 21, 2003 (aged 23)",Denis Višinský,Viktoria Plzeň
wikipedia,https://en.wikipedia.org/wiki/2026_FIFA_World_Cup_squads,https://en.wikipedia.org/wiki/2026_FIFA_World_Cup_squads,2026 FIFA World Cup squads,FIFA World Cup,2026,Czech Republic,Czech Republic,,FW,Patrik Schick,"January 24, 1996",30,52,25,Bayer Leverkusen,"January 24, 1996 (aged 30)",Patrik Schick,Bayer Leverkusen
wikipedia,https://en.wikipedia.org/wiki/2026_FIFA_World_Cup_squads,https://en.wikipedia.org/wiki/2026_FIFA_World_Cup_squads,2026 FIFA World Cup squads,FIFA World Cup,2026,Czech Republic,Czech Republic,,FW,Adam Hložek,"July 25, 2002",23,42,5,TSG Hoffenheim,"July 25, 2002 (aged 23)",Adam Hložek,TSG Hoffenheim
wikipedia,https://en.wikipedia.org/wiki/2026_FIFA_World_Cup_squads,https://en.wikipedia.org/wiki/2026_FIFA_World_Cup_squads,2026 FIFA World Cup squads,FIFA World Cup,2026,Czech Republic,Czech Republic,,FW,Jan Kuchta,"January 8, 1997",29,31,3,Sparta Prague,"January 8, 1997 (aged 29)",Jan Kuchta,Sparta Prague
wikipedia,https://en.wikipedia.org/wiki/2026_FIFA_World_Cup_squads,https://en.wikipedia.org/wiki/2026_FIFA_World_Cup_squads,2026 FIFA World Cup squads,FIFA World Cup,2026,Czech Republic,Czech Republic,,FW,Mojmír Chytil,"April 29, 1999",27,22,6,Slavia Prague,"April 29, 1999 (aged 27)",Mojmír Chytil,Slavia Prague
wikipedia,https://en.wikipedia.org/wiki/2026_FIFA_World_Cup_squads,https://en.wikipedia.org/wiki/2026_FIFA_World_Cup_squads,2026 FIFA World Cup squads,FIFA World Cup,2026,Czech Republic,Czech Republic,,FW,Tomáš Chorý,"January 26, 1995",31,21,6,Slavia Prague,"January 26, 1995 (aged 31)",Tomáš Chorý,Slavia Prague
wikipedia,https://en.wikipedia.org/wiki/2026_FIFA_World_Cup_squads,https://en.wikipedia.org/wiki/2026_FIFA_World_Cup_squads,2026 FIFA World Cup squads,FIFA World Cup,2026,Mexico,Mexico,,GK,Guillermo Ochoa,"July 13, 1985",40,152,0,AEL Limassol,"July 13, 1985 (aged 40)",Guillermo Ochoa,AEL Limassol
wikipedia,https://en.wikipedia.org/wiki/2026_FIFA_World_Cup_squads,https://en.wikipedia.org/wiki/2026_FIFA_World_Cup_squads,2026 FIFA World Cup squads,FIFA World Cup,2026,Mexico,Mexico,,GK,Raúl Rangel,"February 25, 2000",26,13,0,Guadalajara,"February 25, 2000 (aged 26)",Raúl Rangel,Guadalajara
wikipedia,https://en.wikipedia.org/wiki/2026_FIFA_World_Cup_squads,https://en.wikipedia.org/wiki/2026_FIFA_World_Cup_squads,2026 FIFA World Cup squads,FIFA World Cup,2026,Mexico,Mexico,,GK,Carlos Acevedo,"April 19, 1996",30,7,0,Santos Laguna,"April 19, 1996 (aged 30)",Carlos Acevedo,Santos Laguna
wikipedia,https://en.wikipedia.org/wiki/2026_FIFA_World_Cup_squads,https://en.wikipedia.org/wiki/2026_FIFA_World_Cup_squads,2026 FIFA World Cup squads,FIFA World Cup,2026,Mexico,Mexico,,DF,Jesús Gallardo,"August 15, 1994",31,120,3,Toluca,"August 15, 1994 (aged 31)",Jesús Gallardo,Toluca
wikipedia,https://en.wikipedia.org/wiki/2026_FIFA_World_Cup_squads,https://en.wikipedia.org/wiki/2026_FIFA_World_Cup_squads,2026 FIFA World Cup squads,FIFA World Cup,2026,Mexico,Mexico,,DF,César Montes,"February 24, 1997",29,66,4,Lokomotiv Moscow,"February 24, 1997 (aged 29)",César Montes,Lokomotiv Moscow
wikipedia,https://en.wikipedia.org/wiki/2026_FIFA_World_Cup_squads,https://en.wikipedia.org/wiki/2026_FIFA_World_Cup_squads,2026 FIFA World Cup squads,FIFA World Cup,2026,Mexico,Mexico,,DF,Jorge Sánchez,"December 10, 1997",28,58,3,PAOK,"December 10, 1997 (aged 28)",Jorge Sánchez,PAOK
wikipedia,https://en.wikipedia.org/wiki/2026_FIFA_World_Cup_squads,https://en.wikipedia.org/wiki/2026_FIFA_World_Cup_squads,2026 FIFA World Cup squads,FIFA World Cup,2026,Mexico,Mexico,,DF,Johan Vásquez,"October 22, 1998",27,45,2,Genoa,"October 22, 1998 (aged 27)",Johan Vásquez,Genoa
wikipedia,https://en.wikipedia.org/wiki/2026_FIFA_World_Cup_squads,https://en.wikipedia.org/wiki/2026_FIFA_World_Cup_squads,2026 FIFA World Cup squads,FIFA World Cup,2026,Mexico,Mexico,,DF,Israel Reyes,"May 23, 2000",26,33,2,América,"May 23, 2000 (aged 26)",Israel Reyes,América
wikipedia,https://en.wikipedia.org/wiki/2026_FIFA_World_Cup_squads,https://en.wikipedia.org/wiki/2026_FIFA_World_Cup_squads,2026 FIFA World Cup squads,FIFA World Cup,2026,Mexico,Mexico,,DF,Mateo Chávez,"May 11, 2004",22,9,0,AZ,"May 11, 2004 (aged 22)",Mateo Chávez,AZ
wikipedia,https://en.wikipedia.org/wiki/2026_FIFA_World_Cup_squads,https://en.wikipedia.org/wiki/2026_FIFA_World_Cup_squads,2026 FIFA World Cup squads,FIFA World Cup,2026,Mexico,Mexico,,MF,Edson Álvarez (captain),"October 24, 1997",28,97,7,Fenerbahçe,"October 24, 1997 (aged 28)",Edson Álvarez (captain),Fenerbahçe
wikipedia,https://en.wikipedia.org/wiki/2026_FIFA_World_Cup_squads,https://en.wikipedia.org/wiki/2026_FIFA_World_Cup_squads,2026 FIFA World Cup squads,FIFA World Cup,2026,Mexico,Mexico,,MF,Orbelín Pineda,"March 24, 1996",30,91,12,AEK Athens,"March 24, 1996 (aged 30)",Orbelín Pineda,AEK Athens
wikipedia,https://en.wikipedia.org/wiki/2026_FIFA_World_Cup_squads,https://en.wikipedia.org/wiki/2026_FIFA_World_Cup_squads,2026 FIFA World Cup squads,FIFA World Cup,2026,Mexico,Mexico,,MF,Roberto Alvarado,"September 7, 1998",27,66,5,Guadalajara,"September 7, 1998 (aged 27)",Roberto Alvarado,Guadalajara
wikipedia,https://en.wikipedia.org/wiki/2026_FIFA_World_Cup_squads,https://en.wikipedia.org/wiki/2026_FIFA_World_Cup_squads,2026 FIFA World Cup squads,FIFA World Cup,2026,Mexico,Mexico,,MF,Luis Romo,"June 5, 1995",31,62,4,Guadalajara,"June 5, 1995 (aged 31)",Luis Romo,Guadalajara
wikipedia,https://en.wikipedia.org/wiki/2026_FIFA_World_Cup_squads,https://en.wikipedia.org/wiki/2026_FIFA_World_Cup_squads,2026 FIFA World Cup squads,FIFA World Cup,2026,Mexico,Mexico,,MF,Luis Chávez,"January 15, 1996",30,44,4,Dynamo Moscow,"January 15, 1996 (aged 30)",Luis Chávez,Dynamo Moscow
wikipedia,https://en.wikipedia.org/wiki/2026_FIFA_World_Cup_squads,https://en.wikipedia.org/wiki/2026_FIFA_World_Cup_squads,2026 FIFA World Cup squads,FIFA World Cup,2026,Mexico,Mexico,,MF,Érik Lira,"May 8, 2000",26,24,0,Cruz Azul,"May 8, 2000 (aged 26)",Érik Lira,Cruz Azul
wikipedia,https://en.wikipedia.org/wiki/2026_FIFA_World_Cup_squads,https://en.wikipedia.org/wiki/2026_FIFA_World_Cup_squads,2026 FIFA World Cup squads,FIFA World Cup,2026,Mexico,Mexico,,MF,Gilberto Mora,"October 14, 2008",17,7,0,Tijuana,"October 14, 2008 (aged 17)",Gilberto Mora,Tijuana
wikipedia,https://en.wikipedia.org/wiki/2026_FIFA_World_Cup_squads,https://en.wikipedia.org/wiki/2026_FIFA_World_Cup_squads,2026 FIFA World Cup squads,FIFA World Cup,2026,Mexico,Mexico,,MF,Brian Gutiérrez,"June 17, 2003",22,6,2,Guadalajara,"June 17, 2003 (aged 22)",Brian Gutiérrez,Guadalajara
wikipedia,https://en.wikipedia.org/wiki/2026_FIFA_World_Cup_squads,https://en.wikipedia.org/wiki/2026_FIFA_World_Cup_squads,2026 FIFA World Cup squads,FIFA World Cup,2026,Mexico,Mexico,,MF,Obed Vargas,"August 5, 2005",20,6,0,Atlético Madrid,"August 5, 2005 (aged 20)",Obed Vargas,Atlético Madrid
wikipedia,https://en.wikipedia.org/wiki/2026_FIFA_World_Cup_squads,https://en.wikipedia.org/wiki/2026_FIFA_World_Cup_squads,2026 FIFA World Cup squads,FIFA World Cup,2026,Mexico,Mexico,,MF,Álvaro Fidalgo,"April 9, 1997",29,3,0,Real Betis,"April 9, 1997 (aged 29)",Álvaro Fidalgo,Real Betis
wikipedia,https://en.wikipedia.org/wiki/2026_FIFA_World_Cup_squads,https://en.wikipedia.org/wiki/2026_FIFA_World_Cup_squads,2026 FIFA World Cup squads,FIFA World Cup,2026,Mexico,Mexico,,FW,Raúl Jiménez,"May 5, 1991",35,123,44,Fulham,"May 5, 1991 (aged 35)",Raúl Jiménez,Fulham
wikipedia,https://en.wikipedia.org/wiki/2026_FIFA_World_Cup_squads,https://en.wikipedia.org/wiki/2026_FIFA_World_Cup_squads,2026 FIFA World Cup squads,FIFA World Cup,2026,Mexico,Mexico,,FW,Alexis Vega,"November 25, 1997",28,51,7,Toluca,"November 25, 1997 (aged 28)",Alexis Vega,Toluca
wikipedia,https://en.wikipedia.org/wiki/2026_FIFA_World_Cup_squads,https://en.wikipedia.org/wiki/2026_FIFA_World_Cup_squads,2026 FIFA World Cup squads,FIFA World Cup,2026,Mexico,Mexico,,FW,Santiago Giménez,"April 18, 2001",25,47,6,Milan,"April 18, 2001 (aged 25)",Santiago Giménez,Milan
wikipedia,https://en.wikipedia.org/wiki/2026_FIFA_World_Cup_squads,https://en.wikipedia.org/wiki/2026_FIFA_World_Cup_squads,2026 FIFA World Cup squads,FIFA World Cup,2026,Mexico,Mexico,,FW,César Huerta,"December 3, 2000",25,26,3,Anderlecht,"December 3, 2000 (aged 25)",César Huerta,Anderlecht
wikipedia,https://en.wikipedia.org/wiki/2026_FIFA_World_Cup_squads,https://en.wikipedia.org/wiki/2026_FIFA_World_Cup_squads,2026 FIFA World Cup squads,FIFA World Cup,2026,Mexico,Mexico,,FW,Julián Quiñones,"March 24, 1997",29,21,2,Al-Qadsiah,"March 24, 1997 (aged 29)",Julián Quiñones,Al-Qadsiah
wikipedia,https://en.wikipedia.org/wiki/2026_FIFA_World_Cup_squads,https://en.wikipedia.org/wiki/2026_FIFA_World_Cup_squads,2026 FIFA World Cup squads,FIFA World Cup,2026,Mexico,Mexico,,FW,Guillermo Martínez,"March 15, 1995",31,11,3,UNAM,"March 15, 1995 (aged 31)",Guillermo Martínez,UNAM
wikipedia,https://en.wikipedia.org/wiki/2026_FIFA_World_Cup_squads,https://en.wikipedia.org/wiki/2026_FIFA_World_Cup_squads,2026 FIFA World Cup squads,FIFA World Cup,2026,Mexico,Mexico,,FW,Armando González,"April 20, 2003",23,7,1,Guadalajara,"April 20, 2003 (aged 23)",Armando González,Guadalajara
wikipedia,https://en.wikipedia.org/wiki/2026_FIFA_World_Cup_squads,https://en.wikipedia.org/wiki/2026_FIFA_World_Cup_squads,2026 FIFA World Cup squads,FIFA World Cup,2026,South Africa,South Africa,,GK,Ronwen Williams (captain),"January 21, 1992",34,62,0,Mamelodi Sundowns,"January 21, 1992 (aged 34)",Ronwen Williams (captain),Mamelodi Sundowns
wikipedia,https://en.wikipedia.org/wiki/2026_FIFA_World_Cup_squads,https://en.wikipedia.org/wiki/2026_FIFA_World_Cup_squads,2026 FIFA World Cup squads,FIFA World Cup,2026,South Africa,South Africa,,GK,Ricardo Goss,"April 2, 1994",32,4,0,Siwelele,"April 2, 1994 (aged 32)",Ricardo Goss,Siwelele
wikipedia,https://en.wikipedia.org/wiki/2026_FIFA_World_Cup_squads,https://en.wikipedia.org/wiki/2026_FIFA_World_Cup_squads,2026 FIFA World Cup squads,FIFA World Cup,2026,South Africa,South Africa,,GK,Sipho Chaine,"December 14, 1996",29,3,0,Orlando Pirates,"December 14, 1996 (aged 29)",Sipho Chaine,Orlando Pirates
wikipedia,https://en.wikipedia.org/wiki/2026_FIFA_World_Cup_squads,https://en.wikipedia.org/wiki/2026_FIFA_World_Cup_squads,2026 FIFA World Cup squads,FIFA World Cup,2026,South Africa,South Africa,,DF,Aubrey Modiba,"July 22, 1995",30,44,3,Mamelodi Sundowns,"July 22, 1995 (aged 30)",Aubrey Modiba,Mamelodi Sundowns
wikipedia,https://en.wikipedia.org/wiki/2026_FIFA_World_Cup_squads,https://en.wikipedia.org/wiki/2026_FIFA_World_Cup_squads,2026 FIFA World Cup squads,FIFA World Cup,2026,South Africa,South Africa,,DF,Khuliso Mudau,"April 26, 1995",31,32,1,Mamelodi Sundowns,"April 26, 1995 (aged 31)",Khuliso Mudau,Mamelodi Sundowns
wikipedia,https://en.wikipedia.org/wiki/2026_FIFA_World_Cup_squads,https://en.wikipedia.org/wiki/2026_FIFA_World_Cup_squads,2026 FIFA World Cup squads,FIFA World Cup,2026,South Africa,South Africa,,DF,Nkosinathi Sibisi,"September 22, 1995",30,19,0,Orlando Pirates,"September 22, 1995 (aged 30)",Nkosinathi Sibisi,Orlando Pirates
wikipedia,https://en.wikipedia.org/wiki/2026_FIFA_World_Cup_squads,https://en.wikipedia.org/wiki/2026_FIFA_World_Cup_squads,2026 FIFA World Cup squads,FIFA World Cup,2026,South Africa,South Africa,,DF,Mbekezeli Mbokazi,"September 19, 2005",20,10,1,Chicago Fire FC,"September 19, 2005 (aged 20)",Mbekezeli Mbokazi,Chicago Fire FC
wikipedia,https://en.wikipedia.org/wiki/2026_FIFA_World_Cup_squads,https://en.wikipedia.org/wiki/2026_FIFA_World_Cup_squads,2026 FIFA World Cup squads,FIFA World Cup,2026,South Africa,South Africa,,DF,Ime Okon,"February 20, 2004",22,7,1,Hannover 96,"February 20, 2004 (aged 22)",Ime Okon,Hannover 96
wikipedia,https://en.wikipedia.org/wiki/2026_FIFA_World_Cup_squads,https://en.wikipedia.org/wiki/2026_FIFA_World_Cup_squads,2026 FIFA World Cup squads,FIFA World Cup,2026,South Africa,South Africa,,DF,Samukele Kabini,"March 15, 2004",22,5,0,Molde,"March 15, 2004 (aged 22)",Samukele Kabini,Molde
wikipedia,https://en.wikipedia.org/wiki/2026_FIFA_World_Cup_squads,https://en.wikipedia.org/wiki/2026_FIFA_World_Cup_squads,2026 FIFA World Cup squads,FIFA World Cup,2026,South Africa,South Africa,,DF,Khulumani Ndamane,"February 5, 2004",22,5,0,Mamelodi Sundowns,"February 5, 2004 (aged 22)",Khulumani Ndamane,Mamelodi Sundowns
wikipedia,https://en.wikipedia.org/wiki/2026_FIFA_World_Cup_squads,https://en.wikipedia.org/wiki/2026_FIFA_World_Cup_squads,2026 FIFA World Cup squads,FIFA World Cup,2026,South Africa,South Africa,,DF,Thabang Matuludi,"January 14, 1999",27,2,0,Polokwane City,"January 14, 1999 (aged 27)",Thabang Matuludi,Polokwane City
wikipedia,https://en.wikipedia.org/wiki/2026_FIFA_World_Cup_squads,https://en.wikipedia.org/wiki/2026_FIFA_World_Cup_squads,2026 FIFA World Cup squads,FIFA World Cup,2026,South Africa,South Africa,,DF,Kamogelo Sebelebele,"July 21, 2002",23,2,0,Orlando Pirates,"July 21, 2002 (aged 23)",Kamogelo Sebelebele,Orlando Pirates
wikipedia,https://en.wikipedia.org/wiki/2026_FIFA_World_Cup_squads,https://en.wikipedia.org/wiki/2026_FIFA_World_Cup_squads,2026 FIFA World Cup squads,FIFA World Cup,2026,South Africa,South Africa,,DF,Bradley Cross,"January 30, 2001",25,0,0,Kaizer Chiefs,"January 30, 2001 (aged 25)",Bradley Cross,Kaizer Chiefs
wikipedia,https://en.wikipedia.org/wiki/2026_FIFA_World_Cup_squads,https://en.wikipedia.org/wiki/2026_FIFA_World_Cup_squads,2026 FIFA World Cup squads,FIFA World Cup,2026,South Africa,South Africa,,DF,Olwethu Makhanya,"April 30, 2004",22,0,0,Philadelphia Union,"April 30, 2004 (aged 22)",Olwethu Makhanya,Philadelphia Union
wikipedia,https://en.wikipedia.org/wiki/2026_FIFA_World_Cup_squads,https://en.wikipedia.org/wiki/2026_FIFA_World_Cup_squads,2026 FIFA World Cup squads,FIFA World Cup,2026,South Africa,South Africa,,MF,Teboho Mokoena,"January 24, 1997",29,51,9,Mamelodi Sundowns,"January 24, 1997 (aged 29)",Teboho Mokoena,Mamelodi Sundowns
wikipedia,https://en.wikipedia.org/wiki/2026_FIFA_World_Cup_squads,https://en.wikipedia.org/wiki/2026_FIFA_World_Cup_squads,2026 FIFA World Cup squads,FIFA World Cup,2026,South Africa,South Africa,,MF,Sphephelo Sithole,"March 3, 1999",27,27,1,Tondela,"March 3, 1999 (aged 27)",Sphephelo Sithole,Tondela
wikipedia,https://en.wikipedia.org/wiki/2026_FIFA_World_Cup_squads,https://en.wikipedia.org/wiki/2026_FIFA_World_Cup_squads,2026 FIFA World Cup squads,FIFA World Cup,2026,South Africa,South Africa,,MF,Thalente Mbatha,"March 6, 2000",26,14,3,Orlando Pirates,"March 6, 2000 (aged 26)",Thalente Mbatha,Orlando Pirates
wikipedia,https://en.wikipedia.org/wiki/2026_FIFA_World_Cup_squads,https://en.wikipedia.org/wiki/2026_FIFA_World_Cup_squads,2026 FIFA World Cup squads,FIFA World Cup,2026,South Africa,South Africa,,MF,Jayden Adams,"May 5, 2001",25,4,0,Mamelodi Sundowns,"May 5, 2001 (aged 25)",Jayden Adams,Mamelodi Sundowns
wikipedia,https://en.wikipedia.org/wiki/2026_FIFA_World_Cup_squads,https://en.wikipedia.org/wiki/2026_FIFA_World_Cup_squads,2026 FIFA World Cup squads,FIFA World Cup,2026,South Africa,South Africa,,FW,Themba Zwane,"August 3, 1989",36,53,12,Mamelodi Sundowns,"August 3, 1989 (aged 36)",Themba Zwane,Mamelodi Sundowns
wikipedia,https://en.wikipedia.org/wiki/2026_FIFA_World_Cup_squads,https://en.wikipedia.org/wiki/2026_FIFA_World_Cup_squads,2026 FIFA World Cup squads,FIFA World Cup,2026,South Africa,South Africa,,FW,Lyle Foster,"May 9, 2000",26,26,10,Burnley,"May 9, 2000 (aged 26)",Lyle Foster,Burnley
wikipedia,https://en.wikipedia.org/wiki/2026_FIFA_World_Cup_squads,https://en.wikipedia.org/wiki/2026_FIFA_World_Cup_squads,2026 FIFA World Cup squads,FIFA World Cup,2026,South Africa,South Africa,,FW,Evidence Makgopa,"June 5, 2000",26,26,6,Orlando Pirates,"June 5, 2000 (aged 26)",Evidence Makgopa,Orlando Pirates
wikipedia,https://en.wikipedia.org/wiki/2026_FIFA_World_Cup_squads,https://en.wikipedia.org/wiki/2026_FIFA_World_Cup_squads,2026 FIFA World Cup squads,FIFA World Cup,2026,South Africa,South Africa,,FW,Oswin Appollis,"August 25, 2001",24,25,8,Orlando Pirates,"August 25, 2001 (aged 24)",Oswin Appollis,Orlando Pirates
wikipedia,https://en.wikipedia.org/wiki/2026_FIFA_World_Cup_squads,https://en.wikipedia.org/wiki/2026_FIFA_World_Cup_squads,2026 FIFA World Cup squads,FIFA World Cup,2026,South Africa,South Africa,,FW,Iqraam Rayners,"December 19, 1995",30,13,4,Mamelodi Sundowns,"December 19, 1995 (aged 30)",Iqraam Rayners,Mamelodi Sundowns
wikipedia,https://en.wikipedia.org/wiki/2026_FIFA_World_Cup_squads,https://en.wikipedia.org/wiki/2026_FIFA_World_Cup_squads,2026 FIFA World Cup squads,FIFA World Cup,2026,South Africa,South Africa,,FW,Relebohile Mofokeng,"October 23, 2004",21,12,0,Orlando Pirates,"October 23, 2004 (aged 21)",Relebohile Mofokeng,Orlando Pirates
wikipedia,https://en.wikipedia.org/wiki/2026_FIFA_World_Cup_squads,https://en.wikipedia.org/wiki/2026_FIFA_World_Cup_squads,2026 FIFA World Cup squads,FIFA World Cup,2026,South Africa,South Africa,,FW,Thapelo Maseko,"November 11, 2003",22,9,1,AEL Limassol,"November 11, 2003 (aged 22)",Thapelo Maseko,AEL Limassol
wikipedia,https://en.wikipedia.org/wiki/2026_FIFA_World_Cup_squads,https://en.wikipedia.org/wiki/2026_FIFA_World_Cup_squads,2026 FIFA World Cup squads,FIFA World Cup,2026,South Africa,South Africa,,FW,Tshepang Moremi,"October 2, 2000",25,9,1,Orlando Pirates,"October 2, 2000 (aged 25)",Tshepang Moremi,Orlando Pirates
wikipedia,https://en.wikipedia.org/wiki/2026_FIFA_World_Cup_squads,https://en.wikipedia.org/wiki/2026_FIFA_World_Cup_squads,2026 FIFA World Cup squads,FIFA World Cup,2026,South Korea,South Korea,,GK,Kim Seung-gyu,"September 30, 1990",35,86,0,FC Tokyo,"September 30, 1990 (aged 35)",Kim Seung-gyu,FC Tokyo
wikipedia,https://en.wikipedia.org/wiki/2026_FIFA_World_Cup_squads,https://en.wikipedia.org/wiki/2026_FIFA_World_Cup_squads,2026 FIFA World Cup squads,FIFA World Cup,2026,South Korea,South Korea,,GK,Jo Hyeon-woo,"September 25, 1991",34,48,0,Ulsan HD,"September 25, 1991 (aged 34)",Jo Hyeon-woo,Ulsan HD
wikipedia,https://en.wikipedia.org/wiki/2026_FIFA_World_Cup_squads,https://en.wikipedia.org/wiki/2026_FIFA_World_Cup_squads,2026 FIFA World Cup squads,FIFA World Cup,2026,South Korea,South Korea,,GK,Song Bum-keun,"October 15, 1997",28,2,0,Jeonbuk Hyundai Motors,"October 15, 1997 (aged 28)",Song Bum-keun,Jeonbuk Hyundai Motors
wikipedia,https://en.wikipedia.org/wiki/2026_FIFA_World_Cup_squads,https://en.wikipedia.org/wiki/2026_FIFA_World_Cup_squads,2026 FIFA World Cup squads,FIFA World Cup,2026,South Korea,South Korea,,DF,Kim Min-jae,"November 15, 1996",29,78,4,Bayern Munich,"November 15, 1996 (aged 29)",Kim Min-jae,Bayern Munich
wikipedia,https://en.wikipedia.org/wiki/2026_FIFA_World_Cup_squads,https://en.wikipedia.org/wiki/2026_FIFA_World_Cup_squads,2026 FIFA World Cup squads,FIFA World Cup,2026,South Korea,South Korea,,DF,Kim Moon-hwan,"August 1, 1995",30,35,0,Daejeon Hana Citizen,"August 1, 1995 (aged 30)",Kim Moon-hwan,Daejeon Hana Citizen
wikipedia,https://en.wikipedia.org/wiki/2026_FIFA_World_Cup_squads,https://en.wikipedia.org/wiki/2026_FIFA_World_Cup_squads,2026 FIFA World Cup squads,FIFA World Cup,2026,South Korea,South Korea,,DF,Seol Young-woo,"December 5, 1998",27,33,0,Red Star Belgrade,"December 5, 1998 (aged 27)",Seol Young-woo,Red Star Belgrade
wikipedia,https://en.wikipedia.org/wiki/2026_FIFA_World_Cup_squads,https://en.wikipedia.org/wiki/2026_FIFA_World_Cup_squads,2026 FIFA World Cup squads,FIFA World Cup,2026,South Korea,South Korea,,DF,Lee Tae-seok,"July 28, 2002",23,14,1,Austria Wien,"July 28, 2002 (aged 23)",Lee Tae-seok,Austria Wien
wikipedia,https://en.wikipedia.org/wiki/2026_FIFA_World_Cup_squads,https://en.wikipedia.org/wiki/2026_FIFA_World_Cup_squads,2026 FIFA World Cup squads,FIFA World Cup,2026,South Korea,South Korea,,DF,Park Jin-seob,"October 23, 1995",30,13,1,Zhejiang,"October 23, 1995 (aged 30)",Park Jin-seob,Zhejiang
wikipedia,https://en.wikipedia.org/wiki/2026_FIFA_World_Cup_squads,https://en.wikipedia.org/wiki/2026_FIFA_World_Cup_squads,2026 FIFA World Cup squads,FIFA World Cup,2026,South Korea,South Korea,,DF,Kim Tae-hyeon,"September 17, 2000",25,7,0,Kashima Antlers,"September 17, 2000 (aged 25)",Kim Tae-hyeon,Kashima Antlers
wikipedia,https://en.wikipedia.org/wiki/2026_FIFA_World_Cup_squads,https://en.wikipedia.org/wiki/2026_FIFA_World_Cup_squads,2026 FIFA World Cup squads,FIFA World Cup,2026,South Korea,South Korea,,DF,Lee Han-beom,"June 17, 2002",23,7,0,Midtjylland,"June 17, 2002 (aged 23)",Lee Han-beom,Midtjylland
wikipedia,https://en.wikipedia.org/wiki/2026_FIFA_World_Cup_squads,https://en.wikipedia.org/wiki/2026_FIFA_World_Cup_squads,2026 FIFA World Cup squads,FIFA World Cup,2026,South Korea,South Korea,,DF,Jens Castrop,"July 29, 2003",22,6,0,Borussia Mönchengladbach,"July 29, 2003 (aged 22)",Jens Castrop,Borussia Mönchengladbach
wikipedia,https://en.wikipedia.org/wiki/2026_FIFA_World_Cup_squads,https://en.wikipedia.org/wiki/2026_FIFA_World_Cup_squads,2026 FIFA World Cup squads,FIFA World Cup,2026,South Korea,South Korea,,DF,Lee Ki-hyuk,"July 7, 2000",25,2,0,Gangwon FC,"July 7, 2000 (aged 25)",Lee Ki-hyuk,Gangwon FC
wikipedia,https://en.wikipedia.org/wiki/2026_FIFA_World_Cup_squads,https://en.wikipedia.org/wiki/2026_FIFA_World_Cup_squads,2026 FIFA World Cup squads,FIFA World Cup,2026,South Korea,South Korea,,DF,Cho Wi-je,"August 25, 2001",24,0,0,Jeonbuk Hyundai Motors,"August 25, 2001 (aged 24)",Cho Wi-je,Jeonbuk Hyundai Motors
wikipedia,https://en.wikipedia.org/wiki/2026_FIFA_World_Cup_squads,https://en.wikipedia.org/wiki/2026_FIFA_World_Cup_squads,2026 FIFA World Cup squads,FIFA World Cup,2026,South Korea,South Korea,,MF,Lee Jae-sung,"August 10, 1992",33,104,15,Mainz 05,"August 10, 1992 (aged 33)",Lee Jae-sung,Mainz 05
wikipedia,https://en.wikipedia.org/wiki/2026_FIFA_World_Cup_squads,https://en.wikipedia.org/wiki/2026_FIFA_World_Cup_squads,2026 FIFA World Cup squads,FIFA World Cup,2026,South Korea,South Korea,,MF,Hwang Hee-chan,"January 26, 1996",30,78,17,Wolverhampton Wanderers,"January 26, 1996 (aged 30)",Hwang Hee-chan,Wolverhampton Wanderers
wikipedia,https://en.wikipedia.org/wiki/2026_FIFA_World_Cup_squads,https://en.wikipedia.org/wiki/2026_FIFA_World_Cup_squads,2026 FIFA World Cup squads,FIFA World Cup,2026,South Korea,South Korea,,MF,Hwang In-beom,"September 20, 1996",29,72,6,Feyenoord,"September 20, 1996 (aged 29)",Hwang In-beom,Feyenoord
wikipedia,https://en.wikipedia.org/wiki/2026_FIFA_World_Cup_squads,https://en.wikipedia.org/wiki/2026_FIFA_World_Cup_squads,2026 FIFA World Cup squads,FIFA World Cup,2026,South Korea,South Korea,,MF,Lee Kang-in,"February 19, 2001",25,46,11,Paris Saint-Germain,"February 19, 2001 (aged 25)",Lee Kang-in,Paris Saint-Germain
wikipedia,https://en.wikipedia.org/wiki/2026_FIFA_World_Cup_squads,https://en.wikipedia.org/wiki/2026_FIFA_World_Cup_squads,2026 FIFA World Cup squads,FIFA World Cup,2026,South Korea,South Korea,,MF,Paik Seung-ho,"March 17, 1997",29,26,3,Birmingham City,"March 17, 1997 (aged 29)",Paik Seung-ho,Birmingham City
wikipedia,https://en.wikipedia.org/wiki/2026_FIFA_World_Cup_squads,https://en.wikipedia.org/wiki/2026_FIFA_World_Cup_squads,2026 FIFA World Cup squads,FIFA World Cup,2026,South Korea,South Korea,,MF,Kim Jin-gyu,"February 24, 1997",29,21,3,Jeonbuk Hyundai Motors,"February 24, 1997 (aged 29)",Kim Jin-gyu,Jeonbuk Hyundai Motors
wikipedia,https://en.wikipedia.org/wiki/2026_FIFA_World_Cup_squads,https://en.wikipedia.org/wiki/2026_FIFA_World_Cup_squads,2026 FIFA World Cup squads,FIFA World Cup,2026,South Korea,South Korea,,MF,Lee Dong-gyeong,"September 20, 1997",28,17,3,Ulsan HD,"September 20, 1997 (aged 28)",Lee Dong-gyeong,Ulsan HD
wikipedia,https://en.wikipedia.org/wiki/2026_FIFA_World_Cup_squads,https://en.wikipedia.org/wiki/2026_FIFA_World_Cup_squads,2026 FIFA World Cup squads,FIFA World Cup,2026,South Korea,South Korea,,MF,Bae Jun-ho,"August 21, 2003",22,13,2,Stoke City,"August 21, 2003 (aged 22)",Bae Jun-ho,Stoke City
wikipedia,https://en.wikipedia.org/wiki/2026_FIFA_World_Cup_squads,https://en.wikipedia.org/wiki/2026_FIFA_World_Cup_squads,2026 FIFA World Cup squads,FIFA World Cup,2026,South Korea,South Korea,,MF,Eom Ji-sung,"May 9, 2002",24,9,2,Swansea City,"May 9, 2002 (aged 24)",Eom Ji-sung,Swansea City
wikipedia,https://en.wikipedia.org/wiki/2026_FIFA_World_Cup_squads,https://en.wikipedia.org/wiki/2026_FIFA_World_Cup_squads,2026 FIFA World Cup squads,FIFA World Cup,2026,South Korea,South Korea,,MF,Yang Hyun-jun,"May 25, 2002",24,8,0,Celtic,"May 25, 2002 (aged 24)",Yang Hyun-jun,Celtic
wikipedia,https://en.wikipedia.org/wiki/2026_FIFA_World_Cup_squads,https://en.wikipedia.org/wiki/2026_FIFA_World_Cup_squads,2026 FIFA World Cup squads,FIFA World Cup,2026,South Korea,South Korea,,FW,Son Heung-min (captain),"July 8, 1992",33,143,56,Los Angeles FC,"July 8, 1992 (aged 33)",Son Heung-min (captain),Los Angeles FC
wikipedia,https://en.wikipedia.org/wiki/2026_FIFA_World_Cup_squads,https://en.wikipedia.org/wiki/2026_FIFA_World_Cup_squads,2026 FIFA World Cup squads,FIFA World Cup,2026,South Korea,South Korea,,FW,Cho Gue-sung,"January 25, 1998",28,43,12,Midtjylland,"January 25, 1998 (aged 28)",Cho Gue-sung,Midtjylland
wikipedia,https://en.wikipedia.org/wiki/2026_FIFA_World_Cup_squads,https://en.wikipedia.org/wiki/2026_FIFA_World_Cup_squads,2026 FIFA World Cup squads,FIFA World Cup,2026,South Korea,South Korea,,FW,Oh Hyeon-gyu,"April 12, 2001",25,26,6,Beşiktaş,"April 12, 2001 (aged 25)",Oh Hyeon-gyu,Beşiktaş
wikipedia,https://en.wikipedia.org/wiki/2026_FIFA_World_Cup_squads,https://en.wikipedia.org/wiki/2026_FIFA_World_Cup_squads,2026 FIFA World Cup squads,FIFA World Cup,2026,Bosnia and Herzegovina,Bosnia and Herzegovina,,GK,Nikola Vasilj,"December 2, 1995",30,25,0,FC St. Pauli,"December 2, 1995 (aged 30)",Nikola Vasilj,FC St. Pauli
wikipedia,https://en.wikipedia.org/wiki/2026_FIFA_World_Cup_squads,https://en.wikipedia.org/wiki/2026_FIFA_World_Cup_squads,2026 FIFA World Cup squads,FIFA World Cup,2026,Bosnia and Herzegovina,Bosnia and Herzegovina,,GK,Martin Zlomislić,"August 16, 1998",27,3,0,Rijeka,"August 16, 1998 (aged 27)",Martin Zlomislić,Rijeka
wikipedia,https://en.wikipedia.org/wiki/2026_FIFA_World_Cup_squads,https://en.wikipedia.org/wiki/2026_FIFA_World_Cup_squads,2026 FIFA World Cup squads,FIFA World Cup,2026,Bosnia and Herzegovina,Bosnia and Herzegovina,,GK,Osman Hadžikić,"March 12, 1996",30,0,0,Slaven Belupo,"March 12, 1996 (aged 30)",Osman Hadžikić,Slaven Belupo
wikipedia,https://en.wikipedia.org/wiki/2026_FIFA_World_Cup_squads,https://en.wikipedia.org/wiki/2026_FIFA_World_Cup_squads,2026 FIFA World Cup squads,FIFA World Cup,2026,Bosnia and Herzegovina,Bosnia and Herzegovina,,DF,Sead Kolašinac,"June 20, 1993",32,64,0,Atalanta,"June 20, 1993 (aged 32)",Sead Kolašinac,Atalanta
wikipedia,https://en.wikipedia.org/wiki/2026_FIFA_World_Cup_squads,https://en.wikipedia.org/wiki/2026_FIFA_World_Cup_squads,2026 FIFA World Cup squads,FIFA World Cup,2026,Bosnia and Herzegovina,Bosnia and Herzegovina,,DF,Dennis Hadžikadunić,"July 9, 1998",27,31,0,Sampdoria,"July 9, 1998 (aged 27)",Dennis Hadžikadunić,Sampdoria
wikipedia,https://en.wikipedia.org/wiki/2026_FIFA_World_Cup_squads,https://en.wikipedia.org/wiki/2026_FIFA_World_Cup_squads,2026 FIFA World Cup squads,FIFA World Cup,2026,Bosnia and Herzegovina,Bosnia and Herzegovina,,DF,Amar Dedić,"August 18, 2002",23,27,1,Benfica,"August 18, 2002 (aged 23)",Amar Dedić,Benfica
wikipedia,https://en.wikipedia.org/wiki/2026_FIFA_World_Cup_squads,https://en.wikipedia.org/wiki/2026_FIFA_World_Cup_squads,2026 FIFA World Cup squads,FIFA World Cup,2026,Bosnia and Herzegovina,Bosnia and Herzegovina,,DF,Nikola Katić,"October 10, 1996",29,16,1,Schalke 04,"October 10, 1996 (aged 29)",Nikola Katić,Schalke 04
wikipedia,https://en.wikipedia.org/wiki/2026_FIFA_World_Cup_squads,https://en.wikipedia.org/wiki/2026_FIFA_World_Cup_squads,2026 FIFA World Cup squads,FIFA World Cup,2026,Bosnia and Herzegovina,Bosnia and Herzegovina,,DF,Tarik Muharemović,"February 28, 2003",23,13,1,Sassuolo,"February 28, 2003 (aged 23)",Tarik Muharemović,Sassuolo
wikipedia,https://en.wikipedia.org/wiki/2026_FIFA_World_Cup_squads,https://en.wikipedia.org/wiki/2026_FIFA_World_Cup_squads,2026 FIFA World Cup squads,FIFA World Cup,2026,Bosnia and Herzegovina,Bosnia and Herzegovina,,DF,Nihad Mujakić,"April 15, 1998",28,11,1,Gaziantep,"April 15, 1998 (aged 28)",Nihad Mujakić,Gaziantep
wikipedia,https://en.wikipedia.org/wiki/2026_FIFA_World_Cup_squads,https://en.wikipedia.org/wiki/2026_FIFA_World_Cup_squads,2026 FIFA World Cup squads,FIFA World Cup,2026,Bosnia and Herzegovina,Bosnia and Herzegovina,,DF,Stjepan Radeljić,"September 5, 1997",28,5,0,Rijeka,"September 5, 1997 (aged 28)",Stjepan Radeljić,Rijeka
wikipedia,https://en.wikipedia.org/wiki/2026_FIFA_World_Cup_squads,https://en.wikipedia.org/wiki/2026_FIFA_World_Cup_squads,2026 FIFA World Cup squads,FIFA World Cup,2026,Bosnia and Herzegovina,Bosnia and Herzegovina,,DF,Nidal Čelik,"July 17, 2006",19,1,0,Lens,"July 17, 2006 (aged 19)",Nidal Čelik,Lens
wikipedia,https://en.wikipedia.org/wiki/2026_FIFA_World_Cup_squads,https://en.wikipedia.org/wiki/2026_FIFA_World_Cup_squads,2026 FIFA World Cup squads,FIFA World Cup,2026,Bosnia and Herzegovina,Bosnia and Herzegovina,,MF,Amir Hadžiahmetović,"March 8, 1997",29,35,0,Hull City,"March 8, 1997 (aged 29)",Amir Hadžiahmetović,Hull City
wikipedia,https://en.wikipedia.org/wiki/2026_FIFA_World_Cup_squads,https://en.wikipedia.org/wiki/2026_FIFA_World_Cup_squads,2026 FIFA World Cup squads,FIFA World Cup,2026,Bosnia and Herzegovina,Bosnia and Herzegovina,,MF,Benjamin Tahirović,"March 3, 2003",23,27,2,Brøndby,"March 3, 2003 (aged 23)",Benjamin Tahirović,Brøndby
wikipedia,https://en.wikipedia.org/wiki/2026_FIFA_World_Cup_squads,https://en.wikipedia.org/wiki/2026_FIFA_World_Cup_squads,2026 FIFA World Cup squads,FIFA World Cup,2026,Bosnia and Herzegovina,Bosnia and Herzegovina,,MF,Armin Gigović,"April 6, 2002",24,19,1,Young Boys,"April 6, 2002 (aged 24)",Armin Gigović,Young Boys
wikipedia,https://en.wikipedia.org/wiki/2026_FIFA_World_Cup_squads,https://en.wikipedia.org/wiki/2026_FIFA_World_Cup_squads,2026 FIFA World Cup squads,FIFA World Cup,2026,Bosnia and Herzegovina,Bosnia and Herzegovina,,MF,Dženis Burnić,"May 22, 1998",28,19,0,Karlsruher SC,"May 22, 1998 (aged 28)",Dženis Burnić,Karlsruher SC
wikipedia,https://en.wikipedia.org/wiki/2026_FIFA_World_Cup_squads,https://en.wikipedia.org/wiki/2026_FIFA_World_Cup_squads,2026 FIFA World Cup squads,FIFA World Cup,2026,Bosnia and Herzegovina,Bosnia and Herzegovina,,MF,Ivan Bašić,"April 30, 2002",24,16,0,Astana,"April 30, 2002 (aged 24)",Ivan Bašić,Astana
wikipedia,https://en.wikipedia.org/wiki/2026_FIFA_World_Cup_squads,https://en.wikipedia.org/wiki/2026_FIFA_World_Cup_squads,2026 FIFA World Cup squads,FIFA World Cup,2026,Bosnia and Herzegovina,Bosnia and Herzegovina,,MF,Esmir Bajraktarević,"March 10, 2005",21,15,1,PSV Eindhoven,"March 10, 2005 (aged 21)",Esmir Bajraktarević,PSV Eindhoven
wikipedia,https://en.wikipedia.org/wiki/2026_FIFA_World_Cup_squads,https://en.wikipedia.org/wiki/2026_FIFA_World_Cup_squads,2026 FIFA World Cup squads,FIFA World Cup,2026,Bosnia and Herzegovina,Bosnia and Herzegovina,,MF,Amar Memić,"January 20, 2001",25,12,1,Viktoria Plzeň,"January 20, 2001 (aged 25)",Amar Memić,Viktoria Plzeň
wikipedia,https://en.wikipedia.org/wiki/2026_FIFA_World_Cup_squads,https://en.wikipedia.org/wiki/2026_FIFA_World_Cup_squads,2026 FIFA World Cup squads,FIFA World Cup,2026,Bosnia and Herzegovina,Bosnia and Herzegovina,,MF,Ivan Šunjić,"October 9, 1996",29,11,0,Pafos,"October 9, 1996 (aged 29)",Ivan Šunjić,Pafos
wikipedia,https://en.wikipedia.org/wiki/2026_FIFA_World_Cup_squads,https://en.wikipedia.org/wiki/2026_FIFA_World_Cup_squads,2026 FIFA World Cup squads,FIFA World Cup,2026,Bosnia and Herzegovina,Bosnia and Herzegovina,,MF,Kerim Alajbegović,"September 21, 2007",18,9,1,Red Bull Salzburg,"September 21, 2007 (aged 18)",Kerim Alajbegović,Red Bull Salzburg
wikipedia,https://en.wikipedia.org/wiki/2026_FIFA_World_Cup_squads,https://en.wikipedia.org/wiki/2026_FIFA_World_Cup_squads,2026 FIFA World Cup squads,FIFA World Cup,2026,Bosnia and Herzegovina,Bosnia and Herzegovina,,MF,Ermin Mahmić,"March 14, 2005",21,1,0,Slovan Liberec,"March 14, 2005 (aged 21)",Ermin Mahmić,Slovan Liberec
wikipedia,https://en.wikipedia.org/wiki/2026_FIFA_World_Cup_squads,https://en.wikipedia.org/wiki/2026_FIFA_World_Cup_squads,2026 FIFA World Cup squads,FIFA World Cup,2026,Bosnia and Herzegovina,Bosnia and Herzegovina,,FW,Edin Džeko (captain),"March 17, 1986",40,148,73,Schalke 04,"March 17, 1986 (aged 40)",Edin Džeko (captain),Schalke 04
wikipedia,https://en.wikipedia.org/wiki/2026_FIFA_World_Cup_squads,https://en.wikipedia.org/wiki/2026_FIFA_World_Cup_squads,2026 FIFA World Cup squads,FIFA World Cup,2026,Bosnia and Herzegovina,Bosnia and Herzegovina,,FW,Ermedin Demirović,"March 25, 1998",28,39,4,VfB Stuttgart,"March 25, 1998 (aged 28)",Ermedin Demirović,VfB Stuttgart
wikipedia,https://en.wikipedia.org/wiki/2026_FIFA_World_Cup_squads,https://en.wikipedia.org/wiki/2026_FIFA_World_Cup_squads,2026 FIFA World Cup squads,FIFA World Cup,2026,Bosnia and Herzegovina,Bosnia and Herzegovina,,FW,Samed Baždar,"January 31, 2004",22,12,1,Jagiellonia Białystok,"January 31, 2004 (aged 22)",Samed Baždar,Jagiellonia Białystok
wikipedia,https://en.wikipedia.org/wiki/2026_FIFA_World_Cup_squads,https://en.wikipedia.org/wiki/2026_FIFA_World_Cup_squads,2026 FIFA World Cup squads,FIFA World Cup,2026,Bosnia and Herzegovina,Bosnia and Herzegovina,,FW,Haris Tabaković,"June 20, 1994",31,10,4,Borussia Mönchengladbach,"June 20, 1994 (aged 31)",Haris Tabaković,Borussia Mönchengladbach
wikipedia,https://en.wikipedia.org/wiki/2026_FIFA_World_Cup_squads,https://en.wikipedia.org/wiki/2026_FIFA_World_Cup_squads,2026 FIFA World Cup squads,FIFA World Cup,2026,Bosnia and Herzegovina,Bosnia and Herzegovina,,FW,Jovo Lukić,"November 28, 1998",27,2,0,Universitatea Cluj,"November 28, 1998 (aged 27)",Jovo Lukić,Universitatea Cluj
wikipedia,https://en.wikipedia.org/wiki/2026_FIFA_World_Cup_squads,https://en.wikipedia.org/wiki/2026_FIFA_World_Cup_squads,2026 FIFA World Cup squads,FIFA World Cup,2026,Canada,Canada,1,GK,Dayne St. Clair,"May 9, 1997",29,19,0,Inter Miami CF,"May 9, 1997 (aged 29)",Dayne St. Clair,Inter Miami CF
wikipedia,https://en.wikipedia.org/wiki/2026_FIFA_World_Cup_squads,https://en.wikipedia.org/wiki/2026_FIFA_World_Cup_squads,2026 FIFA World Cup squads,FIFA World Cup,2026,Canada,Canada,2,DF,Alistair Johnston,"October 8, 1998",27,56,1,Celtic,"October 8, 1998 (aged 27)",Alistair Johnston,Celtic
wikipedia,https://en.wikipedia.org/wiki/2026_FIFA_World_Cup_squads,https://en.wikipedia.org/wiki/2026_FIFA_World_Cup_squads,2026 FIFA World Cup squads,FIFA World Cup,2026,Canada,Canada,3,DF,Luc de Fougerolles,"October 12, 2005",20,11,0,Dender,"October 12, 2005 (aged 20)",Luc de Fougerolles,Dender
wikipedia,https://en.wikipedia.org/wiki/2026_FIFA_World_Cup_squads,https://en.wikipedia.org/wiki/2026_FIFA_World_Cup_squads,2026 FIFA World Cup squads,FIFA World Cup,2026,Canada,Canada,4,DF,Alfie Jones,"October 7, 1997",28,1,0,Middlesbrough,"October 7, 1997 (aged 28)",Alfie Jones,Middlesbrough
wikipedia,https://en.wikipedia.org/wiki/2026_FIFA_World_Cup_squads,https://en.wikipedia.org/wiki/2026_FIFA_World_Cup_squads,2026 FIFA World Cup squads,FIFA World Cup,2026,Canada,Canada,5,DF,Joel Waterman,"January 24, 1996",30,17,0,Chicago Fire FC,"January 24, 1996 (aged 30)",Joel Waterman,Chicago Fire FC
wikipedia,https://en.wikipedia.org/wiki/2026_FIFA_World_Cup_squads,https://en.wikipedia.org/wiki/2026_FIFA_World_Cup_squads,2026 FIFA World Cup squads,FIFA World Cup,2026,Canada,Canada,6,MF,Mathieu Choinière,"February 7, 1999",27,22,0,Los Angeles FC,"February 7, 1999 (aged 27)",Mathieu Choinière,Los Angeles FC
wikipedia,https://en.wikipedia.org/wiki/2026_FIFA_World_Cup_squads,https://en.wikipedia.org/wiki/2026_FIFA_World_Cup_squads,2026 FIFA World Cup squads,FIFA World Cup,2026,Canada,Canada,7,MF,Stephen Eustáquio,"December 21, 1996",29,54,4,Los Angeles FC,"December 21, 1996 (aged 29)",Stephen Eustáquio,Los Angeles FC
wikipedia,https://en.wikipedia.org/wiki/2026_FIFA_World_Cup_squads,https://en.wikipedia.org/wiki/2026_FIFA_World_Cup_squads,2026 FIFA World Cup squads,FIFA World Cup,2026,Canada,Canada,8,MF,Ismaël Koné,"June 16, 2002",23,38,4,Sassuolo,"June 16, 2002 (aged 23)",Ismaël Koné,Sassuolo
wikipedia,https://en.wikipedia.org/wiki/2026_FIFA_World_Cup_squads,https://en.wikipedia.org/wiki/2026_FIFA_World_Cup_squads,2026 FIFA World Cup squads,FIFA World Cup,2026,Canada,Canada,9,FW,Cyle Larin,"April 17, 1995",31,88,30,Southampton,"April 17, 1995 (aged 31)",Cyle Larin,Southampton
wikipedia,https://en.wikipedia.org/wiki/2026_FIFA_World_Cup_squads,https://en.wikipedia.org/wiki/2026_FIFA_World_Cup_squads,2026 FIFA World Cup squads,FIFA World Cup,2026,Canada,Canada,10,FW,Jonathan David,"January 14, 2000",26,75,39,Juventus,"January 14, 2000 (aged 26)",Jonathan David,Juventus
wikipedia,https://en.wikipedia.org/wiki/2026_FIFA_World_Cup_squads,https://en.wikipedia.org/wiki/2026_FIFA_World_Cup_squads,2026 FIFA World Cup squads,FIFA World Cup,2026,Canada,Canada,11,MF,Liam Millar,"September 27, 1999",26,39,1,Hull City,"September 27, 1999 (aged 26)",Liam Millar,Hull City
wikipedia,https://en.wikipedia.org/wiki/2026_FIFA_World_Cup_squads,https://en.wikipedia.org/wiki/2026_FIFA_World_Cup_squads,2026 FIFA World Cup squads,FIFA World Cup,2026,Canada,Canada,12,FW,Tani Oluwaseyi,"May 15, 2000",26,22,2,Villarreal,"May 15, 2000 (aged 26)",Tani Oluwaseyi,Villarreal
wikipedia,https://en.wikipedia.org/wiki/2026_FIFA_World_Cup_squads,https://en.wikipedia.org/wiki/2026_FIFA_World_Cup_squads,2026 FIFA World Cup squads,FIFA World Cup,2026,Canada,Canada,13,DF,Derek Cornelius,"November 25, 1997",28,42,1,Rangers,"November 25, 1997 (aged 28)",Derek Cornelius,Rangers
wikipedia,https://en.wikipedia.org/wiki/2026_FIFA_World_Cup_squads,https://en.wikipedia.org/wiki/2026_FIFA_World_Cup_squads,2026 FIFA World Cup squads,FIFA World Cup,2026,Canada,Canada,14,MF,Jacob Shaffelburg,"November 26, 1999",26,31,6,Los Angeles FC,"November 26, 1999 (aged 26)",Jacob Shaffelburg,Los Angeles FC
wikipedia,https://en.wikipedia.org/wiki/2026_FIFA_World_Cup_squads,https://en.wikipedia.org/wiki/2026_FIFA_World_Cup_squads,2026 FIFA World Cup squads,FIFA World Cup,2026,Canada,Canada,15,DF,Moïse Bombito,"March 30, 2000",26,19,0,Nice,"March 30, 2000 (aged 26)",Moïse Bombito,Nice
wikipedia,https://en.wikipedia.org/wiki/2026_FIFA_World_Cup_squads,https://en.wikipedia.org/wiki/2026_FIFA_World_Cup_squads,2026 FIFA World Cup squads,FIFA World Cup,2026,Canada,Canada,16,GK,Maxime Crépeau,"April 11, 1994",32,30,0,Orlando City SC,"April 11, 1994 (aged 32)",Maxime Crépeau,Orlando City SC
wikipedia,https://en.wikipedia.org/wiki/2026_FIFA_World_Cup_squads,https://en.wikipedia.org/wiki/2026_FIFA_World_Cup_squads,2026 FIFA World Cup squads,FIFA World Cup,2026,Canada,Canada,17,MF,Tajon Buchanan,"February 8, 1999",27,58,8,Villarreal,"February 8, 1999 (aged 27)",Tajon Buchanan,Villarreal
wikipedia,https://en.wikipedia.org/wiki/2026_FIFA_World_Cup_squads,https://en.wikipedia.org/wiki/2026_FIFA_World_Cup_squads,2026 FIFA World Cup squads,FIFA World Cup,2026,Canada,Canada,18,GK,Owen Goodman,"November 27, 2003",22,0,0,Barnsley,"November 27, 2003 (aged 22)",Owen Goodman,Barnsley
wikipedia,https://en.wikipedia.org/wiki/2026_FIFA_World_Cup_squads,https://en.wikipedia.org/wiki/2026_FIFA_World_Cup_squads,2026 FIFA World Cup squads,FIFA World Cup,2026,Canada,Canada,19,DF,Alphonso Davies (captain),"November 2, 2000",25,58,15,Bayern Munich,"November 2, 2000 (aged 25)",Alphonso Davies (captain),Bayern Munich
wikipedia,https://en.wikipedia.org/wiki/2026_FIFA_World_Cup_squads,https://en.wikipedia.org/wiki/2026_FIFA_World_Cup_squads,2026 FIFA World Cup squads,FIFA World Cup,2026,Canada,Canada,20,MF,Ali Ahmed,"October 10, 2000",25,24,1,Norwich City,"October 10, 2000 (aged 25)",Ali Ahmed,Norwich City
wikipedia,https://en.wikipedia.org/wiki/2026_FIFA_World_Cup_squads,https://en.wikipedia.org/wiki/2026_FIFA_World_Cup_squads,2026 FIFA World Cup squads,FIFA World Cup,2026,Canada,Canada,21,MF,Jonathan Osorio,"June 12, 1992",33,89,9,Toronto FC,"June 12, 1992 (aged 33)",Jonathan Osorio,Toronto FC
wikipedia,https://en.wikipedia.org/wiki/2026_FIFA_World_Cup_squads,https://en.wikipedia.org/wiki/2026_FIFA_World_Cup_squads,2026 FIFA World Cup squads,FIFA World Cup,2026,Canada,Canada,22,DF,Richie Laryea,"January 7, 1995",31,73,1,Toronto FC,"January 7, 1995 (aged 31)",Richie Laryea,Toronto FC
wikipedia,https://en.wikipedia.org/wiki/2026_FIFA_World_Cup_squads,https://en.wikipedia.org/wiki/2026_FIFA_World_Cup_squads,2026 FIFA World Cup squads,FIFA World Cup,2026,Canada,Canada,23,DF,Niko Sigur,"September 9, 2003",22,17,2,Hajduk Split,"September 9, 2003 (aged 22)",Niko Sigur,Hajduk Split
wikipedia,https://en.wikipedia.org/wiki/2026_FIFA_World_Cup_squads,https://en.wikipedia.org/wiki/2026_FIFA_World_Cup_squads,2026 FIFA World Cup squads,FIFA World Cup,2026,Canada,Canada,24,FW,Promise David,"July 3, 2001",24,8,3,Union Saint-Gilloise,"July 3, 2001 (aged 24)",Promise David,Union Saint-Gilloise
wikipedia,https://en.wikipedia.org/wiki/2026_FIFA_World_Cup_squads,https://en.wikipedia.org/wiki/2026_FIFA_World_Cup_squads,2026 FIFA World Cup squads,FIFA World Cup,2026,Canada,Canada,25,MF,Nathan Saliba,"February 7, 2004",22,13,2,Anderlecht,"February 7, 2004 (aged 22)",Nathan Saliba,Anderlecht
wikipedia,https://en.wikipedia.org/wiki/2026_FIFA_World_Cup_squads,https://en.wikipedia.org/wiki/2026_FIFA_World_Cup_squads,2026 FIFA World Cup squads,FIFA World Cup,2026,Qatar,Qatar,,GK,Meshaal Barsham,"February 14, 1998",28,52,0,Al-Sadd,"February 14, 1998 (aged 28)",Meshaal Barsham,Al-Sadd
wikipedia,https://en.wikipedia.org/wiki/2026_FIFA_World_Cup_squads,https://en.wikipedia.org/wiki/2026_FIFA_World_Cup_squads,2026 FIFA World Cup squads,FIFA World Cup,2026,Qatar,Qatar,,GK,Salah Zakaria,"April 24, 1999",27,8,0,Al-Duhail,"April 24, 1999 (aged 27)",Salah Zakaria,Al-Duhail
wikipedia,https://en.wikipedia.org/wiki/2026_FIFA_World_Cup_squads,https://en.wikipedia.org/wiki/2026_FIFA_World_Cup_squads,2026 FIFA World Cup squads,FIFA World Cup,2026,Qatar,Qatar,,GK,Mahmud Abunada,"February 5, 2000",26,4,0,Al-Rayyan,"February 5, 2000 (aged 26)",Mahmud Abunada,Al-Rayyan
wikipedia,https://en.wikipedia.org/wiki/2026_FIFA_World_Cup_squads,https://en.wikipedia.org/wiki/2026_FIFA_World_Cup_squads,2026 FIFA World Cup squads,FIFA World Cup,2026,Qatar,Qatar,,GK,Shehab Ellethy,"April 18, 2000",26,1,0,Al-Shahaniya,"April 18, 2000 (aged 26)",Shehab Ellethy,Al-Shahaniya
wikipedia,https://en.wikipedia.org/wiki/2026_FIFA_World_Cup_squads,https://en.wikipedia.org/wiki/2026_FIFA_World_Cup_squads,2026 FIFA World Cup squads,FIFA World Cup,2026,Qatar,Qatar,,DF,Boualem Khoukhi,"July 9, 1990",35,115,20,Al-Sadd,"July 9, 1990 (aged 35)",Boualem Khoukhi,Al-Sadd
wikipedia,https://en.wikipedia.org/wiki/2026_FIFA_World_Cup_squads,https://en.wikipedia.org/wiki/2026_FIFA_World_Cup_squads,2026 FIFA World Cup squads,FIFA World Cup,2026,Qatar,Qatar,,DF,Pedro Miguel,"August 6, 1990",35,98,3,Al-Sadd,"August 6, 1990 (aged 35)",Pedro Miguel,Al-Sadd
wikipedia,https://en.wikipedia.org/wiki/2026_FIFA_World_Cup_squads,https://en.wikipedia.org/wiki/2026_FIFA_World_Cup_squads,2026 FIFA World Cup squads,FIFA World Cup,2026,Qatar,Qatar,,DF,Homam Ahmed,"August 25, 1999",26,67,3,Cultural Leonesa,"August 25, 1999 (aged 26)",Homam Ahmed,Cultural Leonesa
wikipedia,https://en.wikipedia.org/wiki/2026_FIFA_World_Cup_squads,https://en.wikipedia.org/wiki/2026_FIFA_World_Cup_squads,2026 FIFA World Cup squads,FIFA World Cup,2026,Qatar,Qatar,,DF,Lucas Mendes,"July 3, 1990",35,25,1,Al-Wakrah,"July 3, 1990 (aged 35)",Lucas Mendes,Al-Wakrah
wikipedia,https://en.wikipedia.org/wiki/2026_FIFA_World_Cup_squads,https://en.wikipedia.org/wiki/2026_FIFA_World_Cup_squads,2026 FIFA World Cup squads,FIFA World Cup,2026,Qatar,Qatar,,DF,Sultan Al-Brake,"April 7, 1996",30,16,0,Al-Duhail,"April 7, 1996 (aged 30)",Sultan Al-Brake,Al-Duhail
wikipedia,https://en.wikipedia.org/wiki/2026_FIFA_World_Cup_squads,https://en.wikipedia.org/wiki/2026_FIFA_World_Cup_squads,2026 FIFA World Cup squads,FIFA World Cup,2026,Qatar,Qatar,,DF,Al-Hashmi Al-Hussain,"August 15, 2003",22,7,0,Al-Arabi,"August 15, 2003 (aged 22)",Al-Hashmi Al-Hussain,Al-Arabi
wikipedia,https://en.wikipedia.org/wiki/2026_FIFA_World_Cup_squads,https://en.wikipedia.org/wiki/2026_FIFA_World_Cup_squads,2026 FIFA World Cup squads,FIFA World Cup,2026,Qatar,Qatar,,DF,Ayoub Al-Oui,"March 11, 2005",21,5,0,Al-Gharafa,"March 11, 2005 (aged 21)",Ayoub Al-Oui,Al-Gharafa
wikipedia,https://en.wikipedia.org/wiki/2026_FIFA_World_Cup_squads,https://en.wikipedia.org/wiki/2026_FIFA_World_Cup_squads,2026 FIFA World Cup squads,FIFA World Cup,2026,Qatar,Qatar,,DF,Issa Laye,"December 22, 1997",28,3,0,Al-Arabi,"December 22, 1997 (aged 28)",Issa Laye,Al-Arabi
wikipedia,https://en.wikipedia.org/wiki/2026_FIFA_World_Cup_squads,https://en.wikipedia.org/wiki/2026_FIFA_World_Cup_squads,2026 FIFA World Cup squads,FIFA World Cup,2026,Qatar,Qatar,,DF,Rayyan Al-Ali,"March 26, 2006",20,1,0,Al-Gharafa,"March 26, 2006 (aged 20)",Rayyan Al-Ali,Al-Gharafa
wikipedia,https://en.wikipedia.org/wiki/2026_FIFA_World_Cup_squads,https://en.wikipedia.org/wiki/2026_FIFA_World_Cup_squads,2026 FIFA World Cup squads,FIFA World Cup,2026,Qatar,Qatar,,MF,Abdulaziz Hatem,"October 28, 1990",35,117,11,Al-Rayyan,"October 28, 1990 (aged 35)",Abdulaziz Hatem,Al-Rayyan
wikipedia,https://en.wikipedia.org/wiki/2026_FIFA_World_Cup_squads,https://en.wikipedia.org/wiki/2026_FIFA_World_Cup_squads,2026 FIFA World Cup squads,FIFA World Cup,2026,Qatar,Qatar,,MF,Karim Boudiaf,"September 16, 1990",35,117,5,Al-Duhail,"September 16, 1990 (aged 35)",Karim Boudiaf,Al-Duhail
wikipedia,https://en.wikipedia.org/wiki/2026_FIFA_World_Cup_squads,https://en.wikipedia.org/wiki/2026_FIFA_World_Cup_squads,2026 FIFA World Cup squads,FIFA World Cup,2026,Qatar,Qatar,,MF,Assim Madibo,"October 22, 1996",29,50,0,Al-Wakrah,"October 22, 1996 (aged 29)",Assim Madibo,Al-Wakrah
wikipedia,https://en.wikipedia.org/wiki/2026_FIFA_World_Cup_squads,https://en.wikipedia.org/wiki/2026_FIFA_World_Cup_squads,2026 FIFA World Cup squads,FIFA World Cup,2026,Qatar,Qatar,,MF,Ahmed Fathy,"January 25, 1993",33,47,0,Al-Arabi,"January 25, 1993 (aged 33)",Ahmed Fathy,Al-Arabi
wikipedia,https://en.wikipedia.org/wiki/2026_FIFA_World_Cup_squads,https://en.wikipedia.org/wiki/2026_FIFA_World_Cup_squads,2026 FIFA World Cup squads,FIFA World Cup,2026,Qatar,Qatar,,MF,Jassem Gaber,"February 20, 2002",24,31,1,Al-Rayyan,"February 20, 2002 (aged 24)",Jassem Gaber,Al-Rayyan
wikipedia,https://en.wikipedia.org/wiki/2026_FIFA_World_Cup_squads,https://en.wikipedia.org/wiki/2026_FIFA_World_Cup_squads,2026 FIFA World Cup squads,FIFA World Cup,2026,Qatar,Qatar,,MF,Mohamed Al-Mannai,"October 30, 2003",22,9,0,Al-Shamal,"October 30, 2003 (aged 22)",Mohamed Al-Mannai,Al-Shamal
wikipedia,https://en.wikipedia.org/wiki/2026_FIFA_World_Cup_squads,https://en.wikipedia.org/wiki/2026_FIFA_World_Cup_squads,2026 FIFA World Cup squads,FIFA World Cup,2026,Qatar,Qatar,,MF,Tahsin Jamshid,"June 16, 2006",19,2,0,Al-Duhail,"June 16, 2006 (aged 19)",Tahsin Jamshid,Al-Duhail
wikipedia,https://en.wikipedia.org/wiki/2026_FIFA_World_Cup_squads,https://en.wikipedia.org/wiki/2026_FIFA_World_Cup_squads,2026 FIFA World Cup squads,FIFA World Cup,2026,Qatar,Qatar,,FW,Hassan Al-Haydos (captain),"December 11, 1990",35,185,41,Al-Sadd,"December 11, 1990 (aged 35)",Hassan Al-Haydos (captain),Al-Sadd
wikipedia,https://en.wikipedia.org/wiki/2026_FIFA_World_Cup_squads,https://en.wikipedia.org/wiki/2026_FIFA_World_Cup_squads,2026 FIFA World Cup squads,FIFA World Cup,2026,Qatar,Qatar,,FW,Akram Afif,"November 18, 1996",29,124,39,Al-Sadd,"November 18, 1996 (aged 29)",Akram Afif,Al-Sadd
wikipedia,https://en.wikipedia.org/wiki/2026_FIFA_World_Cup_squads,https://en.wikipedia.org/wiki/2026_FIFA_World_Cup_squads,2026 FIFA World Cup squads,FIFA World Cup,2026,Qatar,Qatar,,FW,Almoez Ali,"August 19, 1996",29,115,55,Al-Duhail,"August 19, 1996 (aged 29)",Almoez Ali,Al-Duhail
wikipedia,https://en.wikipedia.org/wiki/2026_FIFA_World_Cup_squads,https://en.wikipedia.org/wiki/2026_FIFA_World_Cup_squads,2026 FIFA World Cup squads,FIFA World Cup,2026,Qatar,Qatar,,FW,Mohammed Muntari,"December 20, 1993",32,67,16,Al-Gharafa,"December 20, 1993 (aged 32)",Mohammed Muntari,Al-Gharafa
wikipedia,https://en.wikipedia.org/wiki/2026_FIFA_World_Cup_squads,https://en.wikipedia.org/wiki/2026_FIFA_World_Cup_squads,2026 FIFA World Cup squads,FIFA World Cup,2026,Qatar,Qatar,,FW,Ahmed Alaaeldin,"January 31, 1993",33,67,9,Al-Rayyan,"January 31, 1993 (aged 33)",Ahmed Alaaeldin,Al-Rayyan
wikipedia,https://en.wikipedia.org/wiki/2026_FIFA_World_Cup_squads,https://en.wikipedia.org/wiki/2026_FIFA_World_Cup_squads,2026 FIFA World Cup squads,FIFA World Cup,2026,Qatar,Qatar,,FW,Yusuf Abdurisag,"August 6, 1999",26,38,3,Al-Wakrah,"August 6, 1999 (aged 26)",Yusuf Abdurisag,Al-Wakrah
wikipedia,https://en.wikipedia.org/wiki/2026_FIFA_World_Cup_squads,https://en.wikipedia.org/wiki/2026_FIFA_World_Cup_squads,2026 FIFA World Cup squads,FIFA World Cup,2026,Qatar,Qatar,,FW,Edmilson Junior,"August 19, 1994",31,15,0,Al-Duhail,"August 19, 1994 (aged 31)",Edmilson Junior,Al-Duhail
wikipedia,https://en.wikipedia.org/wiki/2026_FIFA_World_Cup_squads,https://en.wikipedia.org/wiki/2026_FIFA_World_Cup_squads,2026 FIFA World Cup squads,FIFA World Cup,2026,Qatar,Qatar,,FW,Ahmed Al-Ganehi,"September 22, 2000",25,13,1,Al-Gharafa,"September 22, 2000 (aged 25)",Ahmed Al-Ganehi,Al-Gharafa
wikipedia,https://en.wikipedia.org/wiki/2026_FIFA_World_Cup_squads,https://en.wikipedia.org/wiki/2026_FIFA_World_Cup_squads,2026 FIFA World Cup squads,FIFA World Cup,2026,Switzerland,Switzerland,1,GK,Gregor Kobel,"December 6, 1997",28,20,0,Borussia Dortmund,"December 6, 1997 (aged 28)",Gregor Kobel,Borussia Dortmund
wikipedia,https://en.wikipedia.org/wiki/2026_FIFA_World_Cup_squads,https://en.wikipedia.org/wiki/2026_FIFA_World_Cup_squads,2026 FIFA World Cup squads,FIFA World Cup,2026,Switzerland,Switzerland,2,DF,Miro Muheim,"March 24, 1998",28,9,0,Hamburger SV,"March 24, 1998 (aged 28)",Miro Muheim,Hamburger SV
wikipedia,https://en.wikipedia.org/wiki/2026_FIFA_World_Cup_squads,https://en.wikipedia.org/wiki/2026_FIFA_World_Cup_squads,2026 FIFA World Cup squads,FIFA World Cup,2026,Switzerland,Switzerland,3,DF,Silvan Widmer,"March 5, 1993",33,59,5,Mainz 05,"March 5, 1993 (aged 33)",Silvan Widmer,Mainz 05
wikipedia,https://en.wikipedia.org/wiki/2026_FIFA_World_Cup_squads,https://en.wikipedia.org/wiki/2026_FIFA_World_Cup_squads,2026 FIFA World Cup squads,FIFA World Cup,2026,Switzerland,Switzerland,4,DF,Nico Elvedi,"September 30, 1996",29,66,3,Borussia Mönchengladbach,"September 30, 1996 (aged 29)",Nico Elvedi,Borussia Mönchengladbach
wikipedia,https://en.wikipedia.org/wiki/2026_FIFA_World_Cup_squads,https://en.wikipedia.org/wiki/2026_FIFA_World_Cup_squads,2026 FIFA World Cup squads,FIFA World Cup,2026,Switzerland,Switzerland,5,DF,Manuel Akanji,"July 19, 1995",30,80,4,Inter Milan,"July 19, 1995 (aged 30)",Manuel Akanji,Inter Milan
wikipedia,https://en.wikipedia.org/wiki/2026_FIFA_World_Cup_squads,https://en.wikipedia.org/wiki/2026_FIFA_World_Cup_squads,2026 FIFA World Cup squads,FIFA World Cup,2026,Switzerland,Switzerland,6,MF,Denis Zakaria,"November 20, 1996",29,64,3,Monaco,"November 20, 1996 (aged 29)",Denis Zakaria,Monaco
wikipedia,https://en.wikipedia.org/wiki/2026_FIFA_World_Cup_squads,https://en.wikipedia.org/wiki/2026_FIFA_World_Cup_squads,2026 FIFA World Cup squads,FIFA World Cup,2026,Switzerland,Switzerland,7,FW,Breel Embolo,"February 14, 1997",29,86,24,Rennes,"February 14, 1997 (aged 29)",Breel Embolo,Rennes
wikipedia,https://en.wikipedia.org/wiki/2026_FIFA_World_Cup_squads,https://en.wikipedia.org/wiki/2026_FIFA_World_Cup_squads,2026 FIFA World Cup squads,FIFA World Cup,2026,Switzerland,Switzerland,8,MF,Remo Freuler,"April 15, 1992",34,87,11,Bologna,"April 15, 1992 (aged 34)",Remo Freuler,Bologna
wikipedia,https://en.wikipedia.org/wiki/2026_FIFA_World_Cup_squads,https://en.wikipedia.org/wiki/2026_FIFA_World_Cup_squads,2026 FIFA World Cup squads,FIFA World Cup,2026,Switzerland,Switzerland,9,MF,Johan Manzambi,"October 14, 2005",20,11,3,SC Freiburg,"October 14, 2005 (aged 20)",Johan Manzambi,SC Freiburg
wikipedia,https://en.wikipedia.org/wiki/2026_FIFA_World_Cup_squads,https://en.wikipedia.org/wiki/2026_FIFA_World_Cup_squads,2026 FIFA World Cup squads,FIFA World Cup,2026,Switzerland,Switzerland,10,MF,Granit Xhaka (captain),"September 27, 1992",33,145,17,Sunderland,"September 27, 1992 (aged 33)",Granit Xhaka (captain),Sunderland
wikipedia,https://en.wikipedia.org/wiki/2026_FIFA_World_Cup_squads,https://en.wikipedia.org/wiki/2026_FIFA_World_Cup_squads,2026 FIFA World Cup squads,FIFA World Cup,2026,Switzerland,Switzerland,11,FW,Dan Ndoye,"October 25, 2000",25,30,7,Nottingham Forest,"October 25, 2000 (aged 25)",Dan Ndoye,Nottingham Forest
wikipedia,https://en.wikipedia.org/wiki/2026_FIFA_World_Cup_squads,https://en.wikipedia.org/wiki/2026_FIFA_World_Cup_squads,2026 FIFA World Cup squads,FIFA World Cup,2026,Switzerland,Switzerland,12,GK,Yvon Mvogo,"June 6, 1994",32,13,0,Lorient,"June 6, 1994 (aged 32)",Yvon Mvogo,Lorient
wikipedia,https://en.wikipedia.org/wiki/2026_FIFA_World_Cup_squads,https://en.wikipedia.org/wiki/2026_FIFA_World_Cup_squads,2026 FIFA World Cup squads,FIFA World Cup,2026,Switzerland,Switzerland,13,DF,Ricardo Rodriguez,"August 25, 1992",33,137,9,Real Betis,"August 25, 1992 (aged 33)",Ricardo Rodriguez,Real Betis
wikipedia,https://en.wikipedia.org/wiki/2026_FIFA_World_Cup_squads,https://en.wikipedia.org/wiki/2026_FIFA_World_Cup_squads,2026 FIFA World Cup squads,FIFA World Cup,2026,Switzerland,Switzerland,14,MF,Ardon Jashari,"July 30, 2002",23,7,0,Milan,"July 30, 2002 (aged 23)",Ardon Jashari,Milan
wikipedia,https://en.wikipedia.org/wiki/2026_FIFA_World_Cup_squads,https://en.wikipedia.org/wiki/2026_FIFA_World_Cup_squads,2026 FIFA World Cup squads,FIFA World Cup,2026,Switzerland,Switzerland,15,MF,Djibril Sow,"February 6, 1997",29,51,0,Sevilla,"February 6, 1997 (aged 29)",Djibril Sow,Sevilla
wikipedia,https://en.wikipedia.org/wiki/2026_FIFA_World_Cup_squads,https://en.wikipedia.org/wiki/2026_FIFA_World_Cup_squads,2026 FIFA World Cup squads,FIFA World Cup,2026,Switzerland,Switzerland,16,MF,Christian Fassnacht,"November 11, 1993",32,22,5,Young Boys,"November 11, 1993 (aged 32)",Christian Fassnacht,Young Boys
wikipedia,https://en.wikipedia.org/wiki/2026_FIFA_World_Cup_squads,https://en.wikipedia.org/wiki/2026_FIFA_World_Cup_squads,2026 FIFA World Cup squads,FIFA World Cup,2026,Switzerland,Switzerland,17,FW,Rubén Vargas,"August 5, 1998",27,61,11,Sevilla,"August 5, 1998 (aged 27)",Rubén Vargas,Sevilla
wikipedia,https://en.wikipedia.org/wiki/2026_FIFA_World_Cup_squads,https://en.wikipedia.org/wiki/2026_FIFA_World_Cup_squads,2026 FIFA World Cup squads,FIFA World Cup,2026,Switzerland,Switzerland,18,DF,Eray Cömert,"February 4, 1998",28,21,0,Valencia,"February 4, 1998 (aged 28)",Eray Cömert,Valencia
wikipedia,https://en.wikipedia.org/wiki/2026_FIFA_World_Cup_squads,https://en.wikipedia.org/wiki/2026_FIFA_World_Cup_squads,2026 FIFA World Cup squads,FIFA World Cup,2026,Switzerland,Switzerland,19,FW,Noah Okafor,"May 24, 2000",26,24,2,Leeds United,"May 24, 2000 (aged 26)",Noah Okafor,Leeds United
wikipedia,https://en.wikipedia.org/wiki/2026_FIFA_World_Cup_squads,https://en.wikipedia.org/wiki/2026_FIFA_World_Cup_squads,2026 FIFA World Cup squads,FIFA World Cup,2026,Switzerland,Switzerland,20,MF,Michel Aebischer,"January 6, 1997",29,39,2,Pisa,"January 6, 1997 (aged 29)",Michel Aebischer,Pisa
wikipedia,https://en.wikipedia.org/wiki/2026_FIFA_World_Cup_squads,https://en.wikipedia.org/wiki/2026_FIFA_World_Cup_squads,2026 FIFA World Cup squads,FIFA World Cup,2026,Switzerland,Switzerland,21,GK,Marvin Keller,"July 3, 2002",23,1,0,Young Boys,"July 3, 2002 (aged 23)",Marvin Keller,Young Boys
wikipedia,https://en.wikipedia.org/wiki/2026_FIFA_World_Cup_squads,https://en.wikipedia.org/wiki/2026_FIFA_World_Cup_squads,2026 FIFA World Cup squads,FIFA World Cup,2026,Switzerland,Switzerland,22,MF,Fabian Rieder,"February 16, 2002",24,27,1,FC Augsburg,"February 16, 2002 (aged 24)",Fabian Rieder,FC Augsburg
wikipedia,https://en.wikipedia.org/wiki/2026_FIFA_World_Cup_squads,https://en.wikipedia.org/wiki/2026_FIFA_World_Cup_squads,2026 FIFA World Cup squads,FIFA World Cup,2026,Switzerland,Switzerland,23,FW,Zeki Amdouni,"December 4, 2000",25,28,11,Burnley,"December 4, 2000 (aged 25)",Zeki Amdouni,Burnley
wikipedia,https://en.wikipedia.org/wiki/2026_FIFA_World_Cup_squads,https://en.wikipedia.org/wiki/2026_FIFA_World_Cup_squads,2026 FIFA World Cup squads,FIFA World Cup,2026,Switzerland,Switzerland,24,DF,Aurèle Amenda,"July 31, 2003",22,6,0,Eintracht Frankfurt,"July 31, 2003 (aged 22)",Aurèle Amenda,Eintracht Frankfurt
wikipedia,https://en.wikipedia.org/wiki/2026_FIFA_World_Cup_squads,https://en.wikipedia.org/wiki/2026_FIFA_World_Cup_squads,2026 FIFA World Cup squads,FIFA World Cup,2026,Switzerland,Switzerland,25,DF,Luca Jaquez,"June 2, 2003",23,3,0,VfB Stuttgart,"June 2, 2003 (aged 23)",Luca Jaquez,VfB Stuttgart
wikipedia,https://en.wikipedia.org/wiki/2026_FIFA_World_Cup_squads,https://en.wikipedia.org/wiki/2026_FIFA_World_Cup_squads,2026 FIFA World Cup squads,FIFA World Cup,2026,Switzerland,Switzerland,26,FW,Cedric Itten,"December 27, 1996",29,14,5,Fortuna Düsseldorf,"December 27, 1996 (aged 29)",Cedric Itten,Fortuna Düsseldorf
wikipedia,https://en.wikipedia.org/wiki/2026_FIFA_World_Cup_squads,https://en.wikipedia.org/wiki/2026_FIFA_World_Cup_squads,2026 FIFA World Cup squads,FIFA World Cup,2026,Brazil,Brazil,1,GK,Alisson,"October 2, 1992",33,77,0,Liverpool,"October 2, 1992 (aged 33)",Alisson,Liverpool
wikipedia,https://en.wikipedia.org/wiki/2026_FIFA_World_Cup_squads,https://en.wikipedia.org/wiki/2026_FIFA_World_Cup_squads,2026 FIFA World Cup squads,FIFA World Cup,2026,Brazil,Brazil,2,DF,Wesley,"September 6, 2003",22,7,0,Roma,"September 6, 2003 (aged 22)",Wesley,Roma
wikipedia,https://en.wikipedia.org/wiki/2026_FIFA_World_Cup_squads,https://en.wikipedia.org/wiki/2026_FIFA_World_Cup_squads,2026 FIFA World Cup squads,FIFA World Cup,2026,Brazil,Brazil,3,DF,Gabriel Magalhães,"December 19, 1997",28,17,1,Arsenal,"December 19, 1997 (aged 28)",Gabriel Magalhães,Arsenal
wikipedia,https://en.wikipedia.org/wiki/2026_FIFA_World_Cup_squads,https://en.wikipedia.org/wiki/2026_FIFA_World_Cup_squads,2026 FIFA World Cup squads,FIFA World Cup,2026,Brazil,Brazil,4,DF,Marquinhos (captain),"May 14, 1994",32,104,7,Paris Saint-Germain,"May 14, 1994 (aged 32)",Marquinhos (captain),Paris Saint-Germain
wikipedia,https://en.wikipedia.org/wiki/2026_FIFA_World_Cup_squads,https://en.wikipedia.org/wiki/2026_FIFA_World_Cup_squads,2026 FIFA World Cup squads,FIFA World Cup,2026,Brazil,Brazil,5,MF,Casemiro,"February 23, 1992",34,85,9,Manchester United,"February 23, 1992 (aged 34)",Casemiro,Manchester United
wikipedia,https://en.wikipedia.org/wiki/2026_FIFA_World_Cup_squads,https://en.wikipedia.org/wiki/2026_FIFA_World_Cup_squads,2026 FIFA World Cup squads,FIFA World Cup,2026,Brazil,Brazil,6,DF,Alex Sandro,"January 26, 1991",35,44,2,Flamengo,"January 26, 1991 (aged 35)",Alex Sandro,Flamengo
wikipedia,https://en.wikipedia.org/wiki/2026_FIFA_World_Cup_squads,https://en.wikipedia.org/wiki/2026_FIFA_World_Cup_squads,2026 FIFA World Cup squads,FIFA World Cup,2026,Brazil,Brazil,7,FW,Vinícius Júnior,"July 12, 2000",25,48,9,Real Madrid,"July 12, 2000 (aged 25)",Vinícius Júnior,Real Madrid
wikipedia,https://en.wikipedia.org/wiki/2026_FIFA_World_Cup_squads,https://en.wikipedia.org/wiki/2026_FIFA_World_Cup_squads,2026 FIFA World Cup squads,FIFA World Cup,2026,Brazil,Brazil,8,MF,Bruno Guimarães,"November 16, 1997",28,42,2,Newcastle United,"November 16, 1997 (aged 28)",Bruno Guimarães,Newcastle United
wikipedia,https://en.wikipedia.org/wiki/2026_FIFA_World_Cup_squads,https://en.wikipedia.org/wiki/2026_FIFA_World_Cup_squads,2026 FIFA World Cup squads,FIFA World Cup,2026,Brazil,Brazil,9,FW,Matheus Cunha,"May 27, 1999",27,22,1,Manchester United,"May 27, 1999 (aged 27)",Matheus Cunha,Manchester United
wikipedia,https://en.wikipedia.org/wiki/2026_FIFA_World_Cup_squads,https://en.wikipedia.org/wiki/2026_FIFA_World_Cup_squads,2026 FIFA World Cup squads,FIFA World Cup,2026,Brazil,Brazil,10,FW,Neymar,"February 5, 1992",34,128,79,Santos,"February 5, 1992 (aged 34)",Neymar,Santos
wikipedia,https://en.wikipedia.org/wiki/2026_FIFA_World_Cup_squads,https://en.wikipedia.org/wiki/2026_FIFA_World_Cup_squads,2026 FIFA World Cup squads,FIFA World Cup,2026,Brazil,Brazil,11,FW,Raphinha,"December 14, 1996",29,38,11,Barcelona,"December 14, 1996 (aged 29)",Raphinha,Barcelona
wikipedia,https://en.wikipedia.org/wiki/2026_FIFA_World_Cup_squads,https://en.wikipedia.org/wiki/2026_FIFA_World_Cup_squads,2026 FIFA World Cup squads,FIFA World Cup,2026,Brazil,Brazil,12,GK,Weverton,"December 13, 1987",38,10,0,Grêmio,"December 13, 1987 (aged 38)",Weverton,Grêmio
wikipedia,https://en.wikipedia.org/wiki/2026_FIFA_World_Cup_squads,https://en.wikipedia.org/wiki/2026_FIFA_World_Cup_squads,2026 FIFA World Cup squads,FIFA World Cup,2026,Brazil,Brazil,13,DF,Danilo Luiz,"July 15, 1991",34,69,1,Flamengo,"July 15, 1991 (aged 34)",Danilo Luiz,Flamengo
wikipedia,https://en.wikipedia.org/wiki/2026_FIFA_World_Cup_squads,https://en.wikipedia.org/wiki/2026_FIFA_World_Cup_squads,2026 FIFA World Cup squads,FIFA World Cup,2026,Brazil,Brazil,14,DF,Bremer,"March 18, 1997",29,7,1,Juventus,"March 18, 1997 (aged 29)",Bremer,Juventus
wikipedia,https://en.wikipedia.org/wiki/2026_FIFA_World_Cup_squads,https://en.wikipedia.org/wiki/2026_FIFA_World_Cup_squads,2026 FIFA World Cup squads,FIFA World Cup,2026,Brazil,Brazil,15,DF,Léo Pereira,"January 31, 1996",30,3,0,Flamengo,"January 31, 1996 (aged 30)",Léo Pereira,Flamengo
wikipedia,https://en.wikipedia.org/wiki/2026_FIFA_World_Cup_squads,https://en.wikipedia.org/wiki/2026_FIFA_World_Cup_squads,2026 FIFA World Cup squads,FIFA World Cup,2026,Brazil,Brazil,16,DF,Douglas Santos,"March 22, 1994",32,6,0,Zenit Saint Petersburg,"March 22, 1994 (aged 32)",Douglas Santos,Zenit Saint Petersburg
wikipedia,https://en.wikipedia.org/wiki/2026_FIFA_World_Cup_squads,https://en.wikipedia.org/wiki/2026_FIFA_World_Cup_squads,2026 FIFA World Cup squads,FIFA World Cup,2026,Brazil,Brazil,17,MF,Fabinho,"October 23, 1993",32,32,0,Al-Ittihad,"October 23, 1993 (aged 32)",Fabinho,Al-Ittihad
wikipedia,https://en.wikipedia.org/wiki/2026_FIFA_World_Cup_squads,https://en.wikipedia.org/wiki/2026_FIFA_World_Cup_squads,2026 FIFA World Cup squads,FIFA World Cup,2026,Brazil,Brazil,18,MF,Danilo Santos,"April 29, 2001",25,3,2,Botafogo,"April 29, 2001 (aged 25)",Danilo Santos,Botafogo
wikipedia,https://en.wikipedia.org/wiki/2026_FIFA_World_Cup_squads,https://en.wikipedia.org/wiki/2026_FIFA_World_Cup_squads,2026 FIFA World Cup squads,FIFA World Cup,2026,Brazil,Brazil,19,FW,Endrick,"July 21, 2006",19,16,3,Lyon,"July 21, 2006 (aged 19)",Endrick,Lyon
wikipedia,https://en.wikipedia.org/wiki/2026_FIFA_World_Cup_squads,https://en.wikipedia.org/wiki/2026_FIFA_World_Cup_squads,2026 FIFA World Cup squads,FIFA World Cup,2026,Brazil,Brazil,20,MF,Lucas Paquetá,"August 27, 1997",28,62,13,Flamengo,"August 27, 1997 (aged 28)",Lucas Paquetá,Flamengo
wikipedia,https://en.wikipedia.org/wiki/2026_FIFA_World_Cup_squads,https://en.wikipedia.org/wiki/2026_FIFA_World_Cup_squads,2026 FIFA World Cup squads,FIFA World Cup,2026,Brazil,Brazil,21,FW,Luiz Henrique,"January 2, 2001",25,14,2,Zenit Saint Petersburg,"January 2, 2001 (aged 25)",Luiz Henrique,Zenit Saint Petersburg
wikipedia,https://en.wikipedia.org/wiki/2026_FIFA_World_Cup_squads,https://en.wikipedia.org/wiki/2026_FIFA_World_Cup_squads,2026 FIFA World Cup squads,FIFA World Cup,2026,Brazil,Brazil,22,FW,Gabriel Martinelli,"June 18, 2001",24,22,4,Arsenal,"June 18, 2001 (aged 24)",Gabriel Martinelli,Arsenal
wikipedia,https://en.wikipedia.org/wiki/2026_FIFA_World_Cup_squads,https://en.wikipedia.org/wiki/2026_FIFA_World_Cup_squads,2026 FIFA World Cup squads,FIFA World Cup,2026,Brazil,Brazil,23,GK,Ederson,"August 17, 1993",32,32,0,Fenerbahçe,"August 17, 1993 (aged 32)",Ederson,Fenerbahçe
wikipedia,https://en.wikipedia.org/wiki/2026_FIFA_World_Cup_squads,https://en.wikipedia.org/wiki/2026_FIFA_World_Cup_squads,2026 FIFA World Cup squads,FIFA World Cup,2026,Brazil,Brazil,24,DF,Roger Ibañez,"November 23, 1998",27,6,0,Al-Ahli,"November 23, 1998 (aged 27)",Roger Ibañez,Al-Ahli
wikipedia,https://en.wikipedia.org/wiki/2026_FIFA_World_Cup_squads,https://en.wikipedia.org/wiki/2026_FIFA_World_Cup_squads,2026 FIFA World Cup squads,FIFA World Cup,2026,Brazil,Brazil,25,FW,Igor Thiago,"June 26, 2001",24,3,2,Brentford,"June 26, 2001 (aged 24)",Igor Thiago,Brentford
wikipedia,https://en.wikipedia.org/wiki/2026_FIFA_World_Cup_squads,https://en.wikipedia.org/wiki/2026_FIFA_World_Cup_squads,2026 FIFA World Cup squads,FIFA World Cup,2026,Brazil,Brazil,26,FW,Rayan,"August 3, 2006",19,2,1,Bournemouth,"August 3, 2006 (aged 19)",Rayan,Bournemouth
wikipedia,https://en.wikipedia.org/wiki/2026_FIFA_World_Cup_squads,https://en.wikipedia.org/wiki/2026_FIFA_World_Cup_squads,2026 FIFA World Cup squads,FIFA World Cup,2026,Haiti,Haiti,,GK,Johny Placide (captain),"January 29, 1988",38,79,0,Bastia,"January 29, 1988 (aged 38)",Johny Placide (captain),Bastia
wikipedia,https://en.wikipedia.org/wiki/2026_FIFA_World_Cup_squads,https://en.wikipedia.org/wiki/2026_FIFA_World_Cup_squads,2026 FIFA World Cup squads,FIFA World Cup,2026,Haiti,Haiti,,GK,Alexandre Pierre,"February 25, 2001",25,14,0,Sochaux,"February 25, 2001 (aged 25)",Alexandre Pierre,Sochaux
wikipedia,https://en.wikipedia.org/wiki/2026_FIFA_World_Cup_squads,https://en.wikipedia.org/wiki/2026_FIFA_World_Cup_squads,2026 FIFA World Cup squads,FIFA World Cup,2026,Haiti,Haiti,,GK,Josué Duverger,"April 27, 2000",26,6,0,Cosmos Koblenz,"April 27, 2000 (aged 26)",Josué Duverger,Cosmos Koblenz
wikipedia,https://en.wikipedia.org/wiki/2026_FIFA_World_Cup_squads,https://en.wikipedia.org/wiki/2026_FIFA_World_Cup_squads,2026 FIFA World Cup squads,FIFA World Cup,2026,Haiti,Haiti,,DF,Ricardo Adé,"May 21, 1990",36,57,2,LDU Quito,"May 21, 1990 (aged 36)",Ricardo Adé,LDU Quito
wikipedia,https://en.wikipedia.org/wiki/2026_FIFA_World_Cup_squads,https://en.wikipedia.org/wiki/2026_FIFA_World_Cup_squads,2026 FIFA World Cup squads,FIFA World Cup,2026,Haiti,Haiti,,DF,Carlens Arcus,"June 28, 1996",29,51,1,Angers,"June 28, 1996 (aged 29)",Carlens Arcus,Angers
wikipedia,https://en.wikipedia.org/wiki/2026_FIFA_World_Cup_squads,https://en.wikipedia.org/wiki/2026_FIFA_World_Cup_squads,2026 FIFA World Cup squads,FIFA World Cup,2026,Haiti,Haiti,,DF,Martin Expérience,"March 9, 1999",27,19,0,Nancy,"March 9, 1999 (aged 27)",Martin Expérience,Nancy
wikipedia,https://en.wikipedia.org/wiki/2026_FIFA_World_Cup_squads,https://en.wikipedia.org/wiki/2026_FIFA_World_Cup_squads,2026 FIFA World Cup squads,FIFA World Cup,2026,Haiti,Haiti,,DF,Jean-Kévin Duverne,"July 12, 1997",28,15,1,Gent,"July 12, 1997 (aged 28)",Jean-Kévin Duverne,Gent
wikipedia,https://en.wikipedia.org/wiki/2026_FIFA_World_Cup_squads,https://en.wikipedia.org/wiki/2026_FIFA_World_Cup_squads,2026 FIFA World Cup squads,FIFA World Cup,2026,Haiti,Haiti,,DF,Duke Lacroix,"October 14, 1993",32,14,2,Colorado Springs Switchbacks FC,"October 14, 1993 (aged 32)",Duke Lacroix,Colorado Springs Switchbacks FC
wikipedia,https://en.wikipedia.org/wiki/2026_FIFA_World_Cup_squads,https://en.wikipedia.org/wiki/2026_FIFA_World_Cup_squads,2026 FIFA World Cup squads,FIFA World Cup,2026,Haiti,Haiti,,DF,Wilguens Paugain,"August 24, 2001",24,6,0,Zulte Waregem,"August 24, 2001 (aged 24)",Wilguens Paugain,Zulte Waregem
wikipedia,https://en.wikipedia.org/wiki/2026_FIFA_World_Cup_squads,https://en.wikipedia.org/wiki/2026_FIFA_World_Cup_squads,2026 FIFA World Cup squads,FIFA World Cup,2026,Haiti,Haiti,,DF,Hannes Delcroix,"February 28, 1999",27,5,0,Lugano,"February 28, 1999 (aged 27)",Hannes Delcroix,Lugano
wikipedia,https://en.wikipedia.org/wiki/2026_FIFA_World_Cup_squads,https://en.wikipedia.org/wiki/2026_FIFA_World_Cup_squads,2026 FIFA World Cup squads,FIFA World Cup,2026,Haiti,Haiti,,DF,Keeto Thermoncy,"March 29, 2006",20,1,0,Young Boys,"March 29, 2006 (aged 20)",Keeto Thermoncy,Young Boys
wikipedia,https://en.wikipedia.org/wiki/2026_FIFA_World_Cup_squads,https://en.wikipedia.org/wiki/2026_FIFA_World_Cup_squads,2026 FIFA World Cup squads,FIFA World Cup,2026,Haiti,Haiti,,MF,Leverton Pierre,"March 9, 1998",28,33,0,Vizela,"March 9, 1998 (aged 28)",Leverton Pierre,Vizela
wikipedia,https://en.wikipedia.org/wiki/2026_FIFA_World_Cup_squads,https://en.wikipedia.org/wiki/2026_FIFA_World_Cup_squads,2026 FIFA World Cup squads,FIFA World Cup,2026,Haiti,Haiti,,MF,Danley Jean Jacques,"May 20, 2000",26,28,6,Philadelphia Union,"May 20, 2000 (aged 26)",Danley Jean Jacques,Philadelphia Union
wikipedia,https://en.wikipedia.org/wiki/2026_FIFA_World_Cup_squads,https://en.wikipedia.org/wiki/2026_FIFA_World_Cup_squads,2026 FIFA World Cup squads,FIFA World Cup,2026,Haiti,Haiti,,MF,Carl Sainté,"August 9, 2002",23,25,0,El Paso Locomotive FC,"August 9, 2002 (aged 23)",Carl Sainté,El Paso Locomotive FC
wikipedia,https://en.wikipedia.org/wiki/2026_FIFA_World_Cup_squads,https://en.wikipedia.org/wiki/2026_FIFA_World_Cup_squads,2026 FIFA World Cup squads,FIFA World Cup,2026,Haiti,Haiti,,MF,Jean-Ricner Bellegarde,"June 27, 1998",27,8,0,Wolverhampton Wanderers,"June 27, 1998 (aged 27)",Jean-Ricner Bellegarde,Wolverhampton Wanderers
wikipedia,https://en.wikipedia.org/wiki/2026_FIFA_World_Cup_squads,https://en.wikipedia.org/wiki/2026_FIFA_World_Cup_squads,2026 FIFA World Cup squads,FIFA World Cup,2026,Haiti,Haiti,,MF,Woodensky Pierre,"December 30, 2004",21,1,0,Violette,"December 30, 2004 (aged 21)",Woodensky Pierre,Violette
wikipedia,https://en.wikipedia.org/wiki/2026_FIFA_World_Cup_squads,https://en.wikipedia.org/wiki/2026_FIFA_World_Cup_squads,2026 FIFA World Cup squads,FIFA World Cup,2026,Haiti,Haiti,,MF,Dominique Simon,"July 29, 2000",25,0,0,Tatran Prešov,"July 29, 2000 (aged 25)",Dominique Simon,Tatran Prešov
wikipedia,https://en.wikipedia.org/wiki/2026_FIFA_World_Cup_squads,https://en.wikipedia.org/wiki/2026_FIFA_World_Cup_squads,2026 FIFA World Cup squads,FIFA World Cup,2026,Haiti,Haiti,,FW,Duckens Nazon,"April 7, 1994",32,76,44,Esteghlal,"April 7, 1994 (aged 32)",Duckens Nazon,Esteghlal
wikipedia,https://en.wikipedia.org/wiki/2026_FIFA_World_Cup_squads,https://en.wikipedia.org/wiki/2026_FIFA_World_Cup_squads,2026 FIFA World Cup squads,FIFA World Cup,2026,Haiti,Haiti,,FW,Frantzdy Pierrot,"March 29, 1995",31,49,33,Çaykur Rizespor,"March 29, 1995 (aged 31)",Frantzdy Pierrot,Çaykur Rizespor
wikipedia,https://en.wikipedia.org/wiki/2026_FIFA_World_Cup_squads,https://en.wikipedia.org/wiki/2026_FIFA_World_Cup_squads,2026 FIFA World Cup squads,FIFA World Cup,2026,Haiti,Haiti,,FW,Derrick Etienne Jr.,"November 25, 1996",29,46,8,Toronto FC,"November 25, 1996 (aged 29)",Derrick Etienne Jr.,Toronto FC
wikipedia,https://en.wikipedia.org/wiki/2026_FIFA_World_Cup_squads,https://en.wikipedia.org/wiki/2026_FIFA_World_Cup_squads,2026 FIFA World Cup squads,FIFA World Cup,2026,Haiti,Haiti,,FW,Louicius Deedson,"February 11, 2001",25,30,10,FC Dallas,"February 11, 2001 (aged 25)",Louicius Deedson,FC Dallas
wikipedia,https://en.wikipedia.org/wiki/2026_FIFA_World_Cup_squads,https://en.wikipedia.org/wiki/2026_FIFA_World_Cup_squads,2026 FIFA World Cup squads,FIFA World Cup,2026,Haiti,Haiti,,FW,Ruben Providence,"July 7, 2001",24,13,2,Almere City,"July 7, 2001 (aged 24)",Ruben Providence,Almere City
wikipedia,https://en.wikipedia.org/wiki/2026_FIFA_World_Cup_squads,https://en.wikipedia.org/wiki/2026_FIFA_World_Cup_squads,2026 FIFA World Cup squads,FIFA World Cup,2026,Haiti,Haiti,,FW,Josué Casimir,"September 24, 2001",24,5,0,Auxerre,"September 24, 2001 (aged 24)",Josué Casimir,Auxerre
wikipedia,https://en.wikipedia.org/wiki/2026_FIFA_World_Cup_squads,https://en.wikipedia.org/wiki/2026_FIFA_World_Cup_squads,2026 FIFA World Cup squads,FIFA World Cup,2026,Haiti,Haiti,,FW,Yassin Fortuné,"January 30, 1999",27,3,0,Vizela,"January 30, 1999 (aged 27)",Yassin Fortuné,Vizela
wikipedia,https://en.wikipedia.org/wiki/2026_FIFA_World_Cup_squads,https://en.wikipedia.org/wiki/2026_FIFA_World_Cup_squads,2026 FIFA World Cup squads,FIFA World Cup,2026,Haiti,Haiti,,FW,Wilson Isidor,"August 27, 2000",25,2,1,Sunderland,"August 27, 2000 (aged 25)",Wilson Isidor,Sunderland
wikipedia,https://en.wikipedia.org/wiki/2026_FIFA_World_Cup_squads,https://en.wikipedia.org/wiki/2026_FIFA_World_Cup_squads,2026 FIFA World Cup squads,FIFA World Cup,2026,Haiti,Haiti,,FW,Lenny Joseph,"October 12, 2000",25,0,0,Ferencváros,"October 12, 2000 (aged 25)",Lenny Joseph,Ferencváros
wikipedia,https://en.wikipedia.org/wiki/2026_FIFA_World_Cup_squads,https://en.wikipedia.org/wiki/2026_FIFA_World_Cup_squads,2026 FIFA World Cup squads,FIFA World Cup,2026,Morocco,Morocco,,GK,Yassine Bounou,"April 5, 1991",35,89,0,Al-Hilal,"April 5, 1991 (aged 35)",Yassine Bounou,Al-Hilal
wikipedia,https://en.wikipedia.org/wiki/2026_FIFA_World_Cup_squads,https://en.wikipedia.org/wiki/2026_FIFA_World_Cup_squads,2026 FIFA World Cup squads,FIFA World Cup,2026,Morocco,Morocco,,GK,Munir Mohamedi,"May 10, 1989",37,51,0,RS Berkane,"May 10, 1989 (aged 37)",Munir Mohamedi,RS Berkane
wikipedia,https://en.wikipedia.org/wiki/2026_FIFA_World_Cup_squads,https://en.wikipedia.org/wiki/2026_FIFA_World_Cup_squads,2026 FIFA World Cup squads,FIFA World Cup,2026,Morocco,Morocco,,GK,Ahmed Reda Tagnaouti,"April 5, 1996",30,3,0,AS FAR,"April 5, 1996 (aged 30)",Ahmed Reda Tagnaouti,AS FAR
wikipedia,https://en.wikipedia.org/wiki/2026_FIFA_World_Cup_squads,https://en.wikipedia.org/wiki/2026_FIFA_World_Cup_squads,2026 FIFA World Cup squads,FIFA World Cup,2026,Morocco,Morocco,,DF,Achraf Hakimi (captain),"November 4, 1998",27,95,11,Paris Saint-Germain,"November 4, 1998 (aged 27)",Achraf Hakimi (captain),Paris Saint-Germain
wikipedia,https://en.wikipedia.org/wiki/2026_FIFA_World_Cup_squads,https://en.wikipedia.org/wiki/2026_FIFA_World_Cup_squads,2026 FIFA World Cup squads,FIFA World Cup,2026,Morocco,Morocco,,DF,Nayef Aguerd,"March 30, 1996",30,64,2,Marseille,"March 30, 1996 (aged 30)",Nayef Aguerd,Marseille
wikipedia,https://en.wikipedia.org/wiki/2026_FIFA_World_Cup_squads,https://en.wikipedia.org/wiki/2026_FIFA_World_Cup_squads,2026 FIFA World Cup squads,FIFA World Cup,2026,Morocco,Morocco,,DF,Noussair Mazraoui,"November 14, 1997",28,43,2,Manchester United,"November 14, 1997 (aged 28)",Noussair Mazraoui,Manchester United
wikipedia,https://en.wikipedia.org/wiki/2026_FIFA_World_Cup_squads,https://en.wikipedia.org/wiki/2026_FIFA_World_Cup_squads,2026 FIFA World Cup squads,FIFA World Cup,2026,Morocco,Morocco,,DF,Youssef Belammari,"September 20, 1998",27,16,0,Al Ahly,"September 20, 1998 (aged 27)",Youssef Belammari,Al Ahly
wikipedia,https://en.wikipedia.org/wiki/2026_FIFA_World_Cup_squads,https://en.wikipedia.org/wiki/2026_FIFA_World_Cup_squads,2026 FIFA World Cup squads,FIFA World Cup,2026,Morocco,Morocco,,DF,Anass Salah-Eddine,"January 18, 2002",24,8,0,PSV Eindhoven,"January 18, 2002 (aged 24)",Anass Salah-Eddine,PSV Eindhoven
wikipedia,https://en.wikipedia.org/wiki/2026_FIFA_World_Cup_squads,https://en.wikipedia.org/wiki/2026_FIFA_World_Cup_squads,2026 FIFA World Cup squads,FIFA World Cup,2026,Morocco,Morocco,,DF,Chadi Riad,"June 17, 2003",22,4,1,Crystal Palace,"June 17, 2003 (aged 22)",Chadi Riad,Crystal Palace
wikipedia,https://en.wikipedia.org/wiki/2026_FIFA_World_Cup_squads,https://en.wikipedia.org/wiki/2026_FIFA_World_Cup_squads,2026 FIFA World Cup squads,FIFA World Cup,2026,Morocco,Morocco,,DF,Issa Diop,"January 9, 1997",29,2,0,Fulham,"January 9, 1997 (aged 29)",Issa Diop,Fulham
wikipedia,https://en.wikipedia.org/wiki/2026_FIFA_World_Cup_squads,https://en.wikipedia.org/wiki/2026_FIFA_World_Cup_squads,2026 FIFA World Cup squads,FIFA World Cup,2026,Morocco,Morocco,,DF,Zakaria El Ouahdi,"December 31, 2001",24,2,0,Genk,"December 31, 2001 (aged 24)",Zakaria El Ouahdi,Genk
wikipedia,https://en.wikipedia.org/wiki/2026_FIFA_World_Cup_squads,https://en.wikipedia.org/wiki/2026_FIFA_World_Cup_squads,2026 FIFA World Cup squads,FIFA World Cup,2026,Morocco,Morocco,,DF,Redouane Halhal,"March 5, 2003",23,1,0,Mechelen,"March 5, 2003 (aged 23)",Redouane Halhal,Mechelen
wikipedia,https://en.wikipedia.org/wiki/2026_FIFA_World_Cup_squads,https://en.wikipedia.org/wiki/2026_FIFA_World_Cup_squads,2026 FIFA World Cup squads,FIFA World Cup,2026,Morocco,Morocco,,MF,Sofyan Amrabat,"August 21, 1996",29,73,0,Real Betis,"August 21, 1996 (aged 29)",Sofyan Amrabat,Real Betis
wikipedia,https://en.wikipedia.org/wiki/2026_FIFA_World_Cup_squads,https://en.wikipedia.org/wiki/2026_FIFA_World_Cup_squads,2026 FIFA World Cup squads,FIFA World Cup,2026,Morocco,Morocco,,MF,Azzedine Ounahi,"April 19, 2000",26,47,9,Girona,"April 19, 2000 (aged 26)",Azzedine Ounahi,Girona
wikipedia,https://en.wikipedia.org/wiki/2026_FIFA_World_Cup_squads,https://en.wikipedia.org/wiki/2026_FIFA_World_Cup_squads,2026 FIFA World Cup squads,FIFA World Cup,2026,Morocco,Morocco,,MF,Bilal El Khannouss,"May 10, 2004",22,35,3,VfB Stuttgart,"May 10, 2004 (aged 22)",Bilal El Khannouss,VfB Stuttgart
wikipedia,https://en.wikipedia.org/wiki/2026_FIFA_World_Cup_squads,https://en.wikipedia.org/wiki/2026_FIFA_World_Cup_squads,2026 FIFA World Cup squads,FIFA World Cup,2026,Morocco,Morocco,,MF,Ismael Saibari,"January 28, 2001",25,28,7,PSV Eindhoven,"January 28, 2001 (aged 25)",Ismael Saibari,PSV Eindhoven
wikipedia,https://en.wikipedia.org/wiki/2026_FIFA_World_Cup_squads,https://en.wikipedia.org/wiki/2026_FIFA_World_Cup_squads,2026 FIFA World Cup squads,FIFA World Cup,2026,Morocco,Morocco,,MF,Neil El Aynaoui,"July 2, 2001",24,15,2,Roma,"July 2, 2001 (aged 24)",Neil El Aynaoui,Roma
wikipedia,https://en.wikipedia.org/wiki/2026_FIFA_World_Cup_squads,https://en.wikipedia.org/wiki/2026_FIFA_World_Cup_squads,2026 FIFA World Cup squads,FIFA World Cup,2026,Morocco,Morocco,,MF,Samir El Mourabet,"August 6, 2006",19,2,0,Strasbourg,"August 6, 2006 (aged 19)",Samir El Mourabet,Strasbourg
wikipedia,https://en.wikipedia.org/wiki/2026_FIFA_World_Cup_squads,https://en.wikipedia.org/wiki/2026_FIFA_World_Cup_squads,2026 FIFA World Cup squads,FIFA World Cup,2026,Morocco,Morocco,,MF,Ayyoub Bouaddi,"October 2, 2007",18,1,0,Lille,"October 2, 2007 (aged 18)",Ayyoub Bouaddi,Lille
wikipedia,https://en.wikipedia.org/wiki/2026_FIFA_World_Cup_squads,https://en.wikipedia.org/wiki/2026_FIFA_World_Cup_squads,2026 FIFA World Cup squads,FIFA World Cup,2026,Morocco,Morocco,,FW,Ayoub El Kaabi,"June 25, 1993",32,57,22,Olympiacos,"June 25, 1993 (aged 32)",Ayoub El Kaabi,Olympiacos
wikipedia,https://en.wikipedia.org/wiki/2026_FIFA_World_Cup_squads,https://en.wikipedia.org/wiki/2026_FIFA_World_Cup_squads,2026 FIFA World Cup squads,FIFA World Cup,2026,Morocco,Morocco,,FW,Soufiane Rahimi,"June 2, 1996",30,35,11,Al-Ain,"June 2, 1996 (aged 30)",Soufiane Rahimi,Al-Ain
wikipedia,https://en.wikipedia.org/wiki/2026_FIFA_World_Cup_squads,https://en.wikipedia.org/wiki/2026_FIFA_World_Cup_squads,2026 FIFA World Cup squads,FIFA World Cup,2026,Morocco,Morocco,,FW,Abde Ezzalzouli,"December 17, 2001",24,35,2,Real Betis,"December 17, 2001 (aged 24)",Abde Ezzalzouli,Real Betis
wikipedia,https://en.wikipedia.org/wiki/2026_FIFA_World_Cup_squads,https://en.wikipedia.org/wiki/2026_FIFA_World_Cup_squads,2026 FIFA World Cup squads,FIFA World Cup,2026,Morocco,Morocco,,FW,Brahim Díaz,"August 3, 1999",26,24,13,Real Madrid,"August 3, 1999 (aged 26)",Brahim Díaz,Real Madrid
wikipedia,https://en.wikipedia.org/wiki/2026_FIFA_World_Cup_squads,https://en.wikipedia.org/wiki/2026_FIFA_World_Cup_squads,2026 FIFA World Cup squads,FIFA World Cup,2026,Morocco,Morocco,,FW,Chemsdine Talbi,"May 9, 2005",21,5,0,Sunderland,"May 9, 2005 (aged 21)",Chemsdine Talbi,Sunderland
wikipedia,https://en.wikipedia.org/wiki/2026_FIFA_World_Cup_squads,https://en.wikipedia.org/wiki/2026_FIFA_World_Cup_squads,2026 FIFA World Cup squads,FIFA World Cup,2026,Morocco,Morocco,,FW,Gessime Yassine,"November 22, 2005",20,3,0,Strasbourg,"November 22, 2005 (aged 20)",Gessime Yassine,Strasbourg
wikipedia,https://en.wikipedia.org/wiki/2026_FIFA_World_Cup_squads,https://en.wikipedia.org/wiki/2026_FIFA_World_Cup_squads,2026 FIFA World Cup squads,FIFA World Cup,2026,Morocco,Morocco,,FW,Ayoube Amaimouni,"November 30, 2004",21,0,0,Eintracht Frankfurt,"November 30, 2004 (aged 21)",Ayoube Amaimouni,Eintracht Frankfurt
wikipedia,https://en.wikipedia.org/wiki/2026_FIFA_World_Cup_squads,https://en.wikipedia.org/wiki/2026_FIFA_World_Cup_squads,2026 FIFA World Cup squads,FIFA World Cup,2026,Scotland,Scotland,,GK,Craig Gordon,"December 31, 1982",43,84,0,Heart of Midlothian,"December 31, 1982 (aged 43)",Craig Gordon,Heart of Midlothian
wikipedia,https://en.wikipedia.org/wiki/2026_FIFA_World_Cup_squads,https://en.wikipedia.org/wiki/2026_FIFA_World_Cup_squads,2026 FIFA World Cup squads,FIFA World Cup,2026,Scotland,Scotland,,GK,Angus Gunn,"January 22, 1996",30,21,0,Nottingham Forest,"January 22, 1996 (aged 30)",Angus Gunn,Nottingham Forest
wikipedia,https://en.wikipedia.org/wiki/2026_FIFA_World_Cup_squads,https://en.wikipedia.org/wiki/2026_FIFA_World_Cup_squads,2026 FIFA World Cup squads,FIFA World Cup,2026,Scotland,Scotland,,GK,Liam Kelly,"January 23, 1996",30,3,0,Rangers,"January 23, 1996 (aged 30)",Liam Kelly,Rangers
wikipedia,https://en.wikipedia.org/wiki/2026_FIFA_World_Cup_squads,https://en.wikipedia.org/wiki/2026_FIFA_World_Cup_squads,2026 FIFA World Cup squads,FIFA World Cup,2026,Scotland,Scotland,,DF,Andy Robertson (captain),"March 11, 1994",32,93,4,Liverpool,"March 11, 1994 (aged 32)",Andy Robertson (captain),Liverpool
wikipedia,https://en.wikipedia.org/wiki/2026_FIFA_World_Cup_squads,https://en.wikipedia.org/wiki/2026_FIFA_World_Cup_squads,2026 FIFA World Cup squads,FIFA World Cup,2026,Scotland,Scotland,,DF,Grant Hanley,"November 20, 1991",34,67,2,Hibernian,"November 20, 1991 (aged 34)",Grant Hanley,Hibernian
wikipedia,https://en.wikipedia.org/wiki/2026_FIFA_World_Cup_squads,https://en.wikipedia.org/wiki/2026_FIFA_World_Cup_squads,2026 FIFA World Cup squads,FIFA World Cup,2026,Scotland,Scotland,,DF,Kieran Tierney,"June 5, 1997",29,55,2,Celtic,"June 5, 1997 (aged 29)",Kieran Tierney,Celtic
wikipedia,https://en.wikipedia.org/wiki/2026_FIFA_World_Cup_squads,https://en.wikipedia.org/wiki/2026_FIFA_World_Cup_squads,2026 FIFA World Cup squads,FIFA World Cup,2026,Scotland,Scotland,,DF,Scott McKenna,"November 12, 1996",29,50,1,Dinamo Zagreb,"November 12, 1996 (aged 29)",Scott McKenna,Dinamo Zagreb
wikipedia,https://en.wikipedia.org/wiki/2026_FIFA_World_Cup_squads,https://en.wikipedia.org/wiki/2026_FIFA_World_Cup_squads,2026 FIFA World Cup squads,FIFA World Cup,2026,Scotland,Scotland,,DF,Jack Hendry,"May 7, 1995",31,37,3,Al-Ettifaq,"May 7, 1995 (aged 31)",Jack Hendry,Al-Ettifaq
wikipedia,https://en.wikipedia.org/wiki/2026_FIFA_World_Cup_squads,https://en.wikipedia.org/wiki/2026_FIFA_World_Cup_squads,2026 FIFA World Cup squads,FIFA World Cup,2026,Scotland,Scotland,,DF,Nathan Patterson,"October 16, 2001",24,26,1,Everton,"October 16, 2001 (aged 24)",Nathan Patterson,Everton
wikipedia,https://en.wikipedia.org/wiki/2026_FIFA_World_Cup_squads,https://en.wikipedia.org/wiki/2026_FIFA_World_Cup_squads,2026 FIFA World Cup squads,FIFA World Cup,2026,Scotland,Scotland,,DF,Anthony Ralston,"November 16, 1998",27,26,1,Celtic,"November 16, 1998 (aged 27)",Anthony Ralston,Celtic
wikipedia,https://en.wikipedia.org/wiki/2026_FIFA_World_Cup_squads,https://en.wikipedia.org/wiki/2026_FIFA_World_Cup_squads,2026 FIFA World Cup squads,FIFA World Cup,2026,Scotland,Scotland,,DF,John Souttar,"September 25, 1996",29,23,2,Rangers,"September 25, 1996 (aged 29)",John Souttar,Rangers
wikipedia,https://en.wikipedia.org/wiki/2026_FIFA_World_Cup_squads,https://en.wikipedia.org/wiki/2026_FIFA_World_Cup_squads,2026 FIFA World Cup squads,FIFA World Cup,2026,Scotland,Scotland,,DF,Aaron Hickey,"June 10, 2002",24,20,0,Brentford,"June 10, 2002 (aged 24)",Aaron Hickey,Brentford
wikipedia,https://en.wikipedia.org/wiki/2026_FIFA_World_Cup_squads,https://en.wikipedia.org/wiki/2026_FIFA_World_Cup_squads,2026 FIFA World Cup squads,FIFA World Cup,2026,Scotland,Scotland,,DF,Dominic Hyam,"December 20, 1995",30,3,0,Wrexham,"December 20, 1995 (aged 30)",Dominic Hyam,Wrexham
wikipedia,https://en.wikipedia.org/wiki/2026_FIFA_World_Cup_squads,https://en.wikipedia.org/wiki/2026_FIFA_World_Cup_squads,2026 FIFA World Cup squads,FIFA World Cup,2026,Scotland,Scotland,,MF,John McGinn,"October 18, 1994",31,85,20,Aston Villa,"October 18, 1994 (aged 31)",John McGinn,Aston Villa
wikipedia,https://en.wikipedia.org/wiki/2026_FIFA_World_Cup_squads,https://en.wikipedia.org/wiki/2026_FIFA_World_Cup_squads,2026 FIFA World Cup squads,FIFA World Cup,2026,Scotland,Scotland,,MF,Scott McTominay,"December 8, 1996",29,69,14,Napoli,"December 8, 1996 (aged 29)",Scott McTominay,Napoli
wikipedia,https://en.wikipedia.org/wiki/2026_FIFA_World_Cup_squads,https://en.wikipedia.org/wiki/2026_FIFA_World_Cup_squads,2026 FIFA World Cup squads,FIFA World Cup,2026,Scotland,Scotland,,MF,Ryan Christie,"February 22, 1995",31,67,10,Bournemouth,"February 22, 1995 (aged 31)",Ryan Christie,Bournemouth
wikipedia,https://en.wikipedia.org/wiki/2026_FIFA_World_Cup_squads,https://en.wikipedia.org/wiki/2026_FIFA_World_Cup_squads,2026 FIFA World Cup squads,FIFA World Cup,2026,Scotland,Scotland,,MF,Kenny McLean,"January 8, 1992",34,57,3,Norwich City,"January 8, 1992 (aged 34)",Kenny McLean,Norwich City
wikipedia,https://en.wikipedia.org/wiki/2026_FIFA_World_Cup_squads,https://en.wikipedia.org/wiki/2026_FIFA_World_Cup_squads,2026 FIFA World Cup squads,FIFA World Cup,2026,Scotland,Scotland,,MF,Lewis Ferguson,"August 24, 1999",26,23,1,Bologna,"August 24, 1999 (aged 26)",Lewis Ferguson,Bologna
wikipedia,https://en.wikipedia.org/wiki/2026_FIFA_World_Cup_squads,https://en.wikipedia.org/wiki/2026_FIFA_World_Cup_squads,2026 FIFA World Cup squads,FIFA World Cup,2026,Scotland,Scotland,,MF,Ben Gannon-Doak,"November 11, 2005",20,13,1,Bournemouth,"November 11, 2005 (aged 20)",Ben Gannon-Doak,Bournemouth
wikipedia,https://en.wikipedia.org/wiki/2026_FIFA_World_Cup_squads,https://en.wikipedia.org/wiki/2026_FIFA_World_Cup_squads,2026 FIFA World Cup squads,FIFA World Cup,2026,Scotland,Scotland,,MF,Findlay Curtis,"June 9, 2006",20,2,1,Kilmarnock,"June 9, 2006 (aged 20)",Findlay Curtis,Kilmarnock
wikipedia,https://en.wikipedia.org/wiki/2026_FIFA_World_Cup_squads,https://en.wikipedia.org/wiki/2026_FIFA_World_Cup_squads,2026 FIFA World Cup squads,FIFA World Cup,2026,Scotland,Scotland,,MF,Tyler Fletcher,"March 19, 2007",19,1,0,Manchester United,"March 19, 2007 (aged 19)",Tyler Fletcher,Manchester United
wikipedia,https://en.wikipedia.org/wiki/2026_FIFA_World_Cup_squads,https://en.wikipedia.org/wiki/2026_FIFA_World_Cup_squads,2026 FIFA World Cup squads,FIFA World Cup,2026,Scotland,Scotland,,FW,Lyndon Dykes,"October 7, 1995",30,51,10,Charlton Athletic,"October 7, 1995 (aged 30)",Lyndon Dykes,Charlton Athletic
wikipedia,https://en.wikipedia.org/wiki/2026_FIFA_World_Cup_squads,https://en.wikipedia.org/wiki/2026_FIFA_World_Cup_squads,2026 FIFA World Cup squads,FIFA World Cup,2026,Scotland,Scotland,,FW,Ché Adams,"July 13, 1996",29,46,11,Torino,"July 13, 1996 (aged 29)",Ché Adams,Torino
wikipedia,https://en.wikipedia.org/wiki/2026_FIFA_World_Cup_squads,https://en.wikipedia.org/wiki/2026_FIFA_World_Cup_squads,2026 FIFA World Cup squads,FIFA World Cup,2026,Scotland,Scotland,,FW,Lawrence Shankland,"August 10, 1995",30,19,6,Heart of Midlothian,"August 10, 1995 (aged 30)",Lawrence Shankland,Heart of Midlothian
wikipedia,https://en.wikipedia.org/wiki/2026_FIFA_World_Cup_squads,https://en.wikipedia.org/wiki/2026_FIFA_World_Cup_squads,2026 FIFA World Cup squads,FIFA World Cup,2026,Scotland,Scotland,,FW,George Hirst,"February 15, 1999",27,9,1,Ipswich Town,"February 15, 1999 (aged 27)",George Hirst,Ipswich Town
wikipedia,https://en.wikipedia.org/wiki/2026_FIFA_World_Cup_squads,https://en.wikipedia.org/wiki/2026_FIFA_World_Cup_squads,2026 FIFA World Cup squads,FIFA World Cup,2026,Scotland,Scotland,,FW,Ross Stewart,"July 11, 1996",29,2,0,Southampton,"July 11, 1996 (aged 29)",Ross Stewart,Southampton
wikipedia,https://en.wikipedia.org/wiki/2026_FIFA_World_Cup_squads,https://en.wikipedia.org/wiki/2026_FIFA_World_Cup_squads,2026 FIFA World Cup squads,FIFA World Cup,2026,Australia,Australia,1,GK,Mathew Ryan (captain),"April 8, 1992",34,104,0,Levante,"April 8, 1992 (aged 34)",Mathew Ryan (captain),Levante
wikipedia,https://en.wikipedia.org/wiki/2026_FIFA_World_Cup_squads,https://en.wikipedia.org/wiki/2026_FIFA_World_Cup_squads,2026 FIFA World Cup squads,FIFA World Cup,2026,Australia,Australia,2,DF,Miloš Degenek,"April 28, 1994",32,56,1,APOEL,"April 28, 1994 (aged 32)",Miloš Degenek,APOEL
wikipedia,https://en.wikipedia.org/wiki/2026_FIFA_World_Cup_squads,https://en.wikipedia.org/wiki/2026_FIFA_World_Cup_squads,2026 FIFA World Cup squads,FIFA World Cup,2026,Australia,Australia,3,DF,Alessandro Circati,"October 10, 2003",22,12,1,Parma,"October 10, 2003 (aged 22)",Alessandro Circati,Parma
wikipedia,https://en.wikipedia.org/wiki/2026_FIFA_World_Cup_squads,https://en.wikipedia.org/wiki/2026_FIFA_World_Cup_squads,2026 FIFA World Cup squads,FIFA World Cup,2026,Australia,Australia,4,DF,Jacob Italiano,"July 30, 2001",24,4,0,GAK,"July 30, 2001 (aged 24)",Jacob Italiano,GAK
wikipedia,https://en.wikipedia.org/wiki/2026_FIFA_World_Cup_squads,https://en.wikipedia.org/wiki/2026_FIFA_World_Cup_squads,2026 FIFA World Cup squads,FIFA World Cup,2026,Australia,Australia,5,DF,Jordan Bos,"October 29, 2002",23,26,4,Feyenoord,"October 29, 2002 (aged 23)",Jordan Bos,Feyenoord
wikipedia,https://en.wikipedia.org/wiki/2026_FIFA_World_Cup_squads,https://en.wikipedia.org/wiki/2026_FIFA_World_Cup_squads,2026 FIFA World Cup squads,FIFA World Cup,2026,Australia,Australia,6,DF,Jason Geria,"May 10, 1993",33,13,0,Albirex Niigata,"May 10, 1993 (aged 33)",Jason Geria,Albirex Niigata
wikipedia,https://en.wikipedia.org/wiki/2026_FIFA_World_Cup_squads,https://en.wikipedia.org/wiki/2026_FIFA_World_Cup_squads,2026 FIFA World Cup squads,FIFA World Cup,2026,Australia,Australia,7,FW,Mathew Leckie,"February 4, 1991",35,79,14,Melbourne City,"February 4, 1991 (aged 35)",Mathew Leckie,Melbourne City
wikipedia,https://en.wikipedia.org/wiki/2026_FIFA_World_Cup_squads,https://en.wikipedia.org/wiki/2026_FIFA_World_Cup_squads,2026 FIFA World Cup squads,FIFA World Cup,2026,Australia,Australia,8,MF,Connor Metcalfe,"November 5, 1999",26,35,1,FC St. Pauli,"November 5, 1999 (aged 26)",Connor Metcalfe,FC St. Pauli
wikipedia,https://en.wikipedia.org/wiki/2026_FIFA_World_Cup_squads,https://en.wikipedia.org/wiki/2026_FIFA_World_Cup_squads,2026 FIFA World Cup squads,FIFA World Cup,2026,Australia,Australia,9,FW,Mohamed Touré,"March 26, 2004",22,9,2,Norwich City,"March 26, 2004 (aged 22)",Mohamed Touré,Norwich City
wikipedia,https://en.wikipedia.org/wiki/2026_FIFA_World_Cup_squads,https://en.wikipedia.org/wiki/2026_FIFA_World_Cup_squads,2026 FIFA World Cup squads,FIFA World Cup,2026,Australia,Australia,10,MF,Ajdin Hrustic,"July 5, 1996",29,37,4,Heracles Almelo,"July 5, 1996 (aged 29)",Ajdin Hrustic,Heracles Almelo
wikipedia,https://en.wikipedia.org/wiki/2026_FIFA_World_Cup_squads,https://en.wikipedia.org/wiki/2026_FIFA_World_Cup_squads,2026 FIFA World Cup squads,FIFA World Cup,2026,Australia,Australia,11,FW,Awer Mabil,"September 15, 1995",30,38,10,Castellón,"September 15, 1995 (aged 30)",Awer Mabil,Castellón
wikipedia,https://en.wikipedia.org/wiki/2026_FIFA_World_Cup_squads,https://en.wikipedia.org/wiki/2026_FIFA_World_Cup_squads,2026 FIFA World Cup squads,FIFA World Cup,2026,Australia,Australia,12,GK,Paul Izzo,"January 6, 1995",31,4,0,Randers,"January 6, 1995 (aged 31)",Paul Izzo,Randers
wikipedia,https://en.wikipedia.org/wiki/2026_FIFA_World_Cup_squads,https://en.wikipedia.org/wiki/2026_FIFA_World_Cup_squads,2026 FIFA World Cup squads,FIFA World Cup,2026,Australia,Australia,13,MF,Aiden O'Neill,"July 4, 1998",27,30,0,New York City FC,"July 4, 1998 (aged 27)",Aiden O'Neill,New York City FC
wikipedia,https://en.wikipedia.org/wiki/2026_FIFA_World_Cup_squads,https://en.wikipedia.org/wiki/2026_FIFA_World_Cup_squads,2026 FIFA World Cup squads,FIFA World Cup,2026,Australia,Australia,14,MF,Cammy Devlin,"June 7, 1998",28,4,0,Heart of Midlothian,"June 7, 1998 (aged 28)",Cammy Devlin,Heart of Midlothian
wikipedia,https://en.wikipedia.org/wiki/2026_FIFA_World_Cup_squads,https://en.wikipedia.org/wiki/2026_FIFA_World_Cup_squads,2026 FIFA World Cup squads,FIFA World Cup,2026,Australia,Australia,15,DF,Kai Trewin,"May 18, 2001",25,5,0,New York City FC,"May 18, 2001 (aged 25)",Kai Trewin,New York City FC
wikipedia,https://en.wikipedia.org/wiki/2026_FIFA_World_Cup_squads,https://en.wikipedia.org/wiki/2026_FIFA_World_Cup_squads,2026 FIFA World Cup squads,FIFA World Cup,2026,Australia,Australia,16,DF,Aziz Behich,"December 16, 1990",35,83,3,Melbourne City,"December 16, 1990 (aged 35)",Aziz Behich,Melbourne City
wikipedia,https://en.wikipedia.org/wiki/2026_FIFA_World_Cup_squads,https://en.wikipedia.org/wiki/2026_FIFA_World_Cup_squads,2026 FIFA World Cup squads,FIFA World Cup,2026,Australia,Australia,17,FW,Nestory Irankunda,"February 9, 2006",20,14,5,Watford,"February 9, 2006 (aged 20)",Nestory Irankunda,Watford
wikipedia,https://en.wikipedia.org/wiki/2026_FIFA_World_Cup_squads,https://en.wikipedia.org/wiki/2026_FIFA_World_Cup_squads,2026 FIFA World Cup squads,FIFA World Cup,2026,Australia,Australia,18,GK,Patrick Beach,"August 6, 2003",22,1,0,Melbourne City,"August 6, 2003 (aged 22)",Patrick Beach,Melbourne City
wikipedia,https://en.wikipedia.org/wiki/2026_FIFA_World_Cup_squads,https://en.wikipedia.org/wiki/2026_FIFA_World_Cup_squads,2026 FIFA World Cup squads,FIFA World Cup,2026,Australia,Australia,19,DF,Harry Souttar,"October 22, 1998",27,37,11,Leicester City,"October 22, 1998 (aged 27)",Harry Souttar,Leicester City
wikipedia,https://en.wikipedia.org/wiki/2026_FIFA_World_Cup_squads,https://en.wikipedia.org/wiki/2026_FIFA_World_Cup_squads,2026 FIFA World Cup squads,FIFA World Cup,2026,Australia,Australia,20,FW,Cristian Volpato,"November 15, 2003",22,0,0,Sassuolo,"November 15, 2003 (aged 22)",Cristian Volpato,Sassuolo
wikipedia,https://en.wikipedia.org/wiki/2026_FIFA_World_Cup_squads,https://en.wikipedia.org/wiki/2026_FIFA_World_Cup_squads,2026 FIFA World Cup squads,FIFA World Cup,2026,Australia,Australia,21,DF,Cameron Burgess,"October 21, 1995",30,26,0,Swansea City,"October 21, 1995 (aged 30)",Cameron Burgess,Swansea City
wikipedia,https://en.wikipedia.org/wiki/2026_FIFA_World_Cup_squads,https://en.wikipedia.org/wiki/2026_FIFA_World_Cup_squads,2026 FIFA World Cup squads,FIFA World Cup,2026,Australia,Australia,22,MF,Jackson Irvine,"March 7, 1993",33,81,14,FC St. Pauli,"March 7, 1993 (aged 33)",Jackson Irvine,FC St. Pauli
wikipedia,https://en.wikipedia.org/wiki/2026_FIFA_World_Cup_squads,https://en.wikipedia.org/wiki/2026_FIFA_World_Cup_squads,2026 FIFA World Cup squads,FIFA World Cup,2026,Australia,Australia,23,FW,Nishan Velupillay,"May 7, 2001",25,7,3,Melbourne Victory,"May 7, 2001 (aged 25)",Nishan Velupillay,Melbourne Victory
wikipedia,https://en.wikipedia.org/wiki/2026_FIFA_World_Cup_squads,https://en.wikipedia.org/wiki/2026_FIFA_World_Cup_squads,2026 FIFA World Cup squads,FIFA World Cup,2026,Australia,Australia,24,MF,Paul Okon-Engstler,"January 24, 2005",21,5,0,Sydney FC,"January 24, 2005 (aged 21)",Paul Okon-Engstler,Sydney FC
wikipedia,https://en.wikipedia.org/wiki/2026_FIFA_World_Cup_squads,https://en.wikipedia.org/wiki/2026_FIFA_World_Cup_squads,2026 FIFA World Cup squads,FIFA World Cup,2026,Australia,Australia,25,DF,Lucas Herrington,"July 5, 2007",18,3,0,Colorado Rapids,"July 5, 2007 (aged 18)",Lucas Herrington,Colorado Rapids
wikipedia,https://en.wikipedia.org/wiki/2026_FIFA_World_Cup_squads,https://en.wikipedia.org/wiki/2026_FIFA_World_Cup_squads,2026 FIFA World Cup squads,FIFA World Cup,2026,Australia,Australia,26,FW,Tete Yengi,"November 22, 2000",25,0,0,Machida Zelvia,"November 22, 2000 (aged 25)",Tete Yengi,Machida Zelvia
wikipedia,https://en.wikipedia.org/wiki/2026_FIFA_World_Cup_squads,https://en.wikipedia.org/wiki/2026_FIFA_World_Cup_squads,2026 FIFA World Cup squads,FIFA World Cup,2026,Paraguay,Paraguay,,GK,Gatito Fernández,"March 29, 1988",38,30,0,Cerro Porteño,"March 29, 1988 (aged 38)",Gatito Fernández,Cerro Porteño
wikipedia,https://en.wikipedia.org/wiki/2026_FIFA_World_Cup_squads,https://en.wikipedia.org/wiki/2026_FIFA_World_Cup_squads,2026 FIFA World Cup squads,FIFA World Cup,2026,Paraguay,Paraguay,,GK,Carlos Coronel,"December 29, 1996",29,9,0,São Paulo,"December 29, 1996 (aged 29)",Carlos Coronel,São Paulo
wikipedia,https://en.wikipedia.org/wiki/2026_FIFA_World_Cup_squads,https://en.wikipedia.org/wiki/2026_FIFA_World_Cup_squads,2026 FIFA World Cup squads,FIFA World Cup,2026,Paraguay,Paraguay,,GK,Orlando Gill,"June 11, 2000",26,5,0,San Lorenzo,"June 11, 2000 (aged 26)",Orlando Gill,San Lorenzo
wikipedia,https://en.wikipedia.org/wiki/2026_FIFA_World_Cup_squads,https://en.wikipedia.org/wiki/2026_FIFA_World_Cup_squads,2026 FIFA World Cup squads,FIFA World Cup,2026,Paraguay,Paraguay,,GK,Santiago Rojas,"April 5, 1996",30,2,0,Nacional,"April 5, 1996 (aged 30)",Santiago Rojas,Nacional
wikipedia,https://en.wikipedia.org/wiki/2026_FIFA_World_Cup_squads,https://en.wikipedia.org/wiki/2026_FIFA_World_Cup_squads,2026 FIFA World Cup squads,FIFA World Cup,2026,Paraguay,Paraguay,,GK,Juan Espínola,"November 2, 1994",31,1,0,Barracas Central,"November 2, 1994 (aged 31)",Juan Espínola,Barracas Central
wikipedia,https://en.wikipedia.org/wiki/2026_FIFA_World_Cup_squads,https://en.wikipedia.org/wiki/2026_FIFA_World_Cup_squads,2026 FIFA World Cup squads,FIFA World Cup,2026,Paraguay,Paraguay,,GK,Gastón Olveira,"April 21, 1993",33,1,0,Olimpia,"April 21, 1993 (aged 33)",Gastón Olveira,Olimpia
wikipedia,https://en.wikipedia.org/wiki/2026_FIFA_World_Cup_squads,https://en.wikipedia.org/wiki/2026_FIFA_World_Cup_squads,2026 FIFA World Cup squads,FIFA World Cup,2026,Paraguay,Paraguay,,DF,Gustavo Gómez (captain),"May 6, 1993",33,88,4,Palmeiras,"May 6, 1993 (aged 33)",Gustavo Gómez (captain),Palmeiras
wikipedia,https://en.wikipedia.org/wiki/2026_FIFA_World_Cup_squads,https://en.wikipedia.org/wiki/2026_FIFA_World_Cup_squads,2026 FIFA World Cup squads,FIFA World Cup,2026,Paraguay,Paraguay,,DF,Júnior Alonso,"February 9, 1993",33,70,3,Atlético Mineiro,"February 9, 1993 (aged 33)",Júnior Alonso,Atlético Mineiro
wikipedia,https://en.wikipedia.org/wiki/2026_FIFA_World_Cup_squads,https://en.wikipedia.org/wiki/2026_FIFA_World_Cup_squads,2026 FIFA World Cup squads,FIFA World Cup,2026,Paraguay,Paraguay,,DF,Fabián Balbuena,"August 23, 1991",34,47,2,Grêmio,"August 23, 1991 (aged 34)",Fabián Balbuena,Grêmio
wikipedia,https://en.wikipedia.org/wiki/2026_FIFA_World_Cup_squads,https://en.wikipedia.org/wiki/2026_FIFA_World_Cup_squads,2026 FIFA World Cup squads,FIFA World Cup,2026,Paraguay,Paraguay,,DF,Omar Alderete,"December 26, 1996",29,35,3,Sunderland,"December 26, 1996 (aged 29)",Omar Alderete,Sunderland
wikipedia,https://en.wikipedia.org/wiki/2026_FIFA_World_Cup_squads,https://en.wikipedia.org/wiki/2026_FIFA_World_Cup_squads,2026 FIFA World Cup squads,FIFA World Cup,2026,Paraguay,Paraguay,,DF,Juan José Cáceres,"June 1, 2000",26,16,0,Dynamo Moscow,"June 1, 2000 (aged 26)",Juan José Cáceres,Dynamo Moscow
wikipedia,https://en.wikipedia.org/wiki/2026_FIFA_World_Cup_squads,https://en.wikipedia.org/wiki/2026_FIFA_World_Cup_squads,2026 FIFA World Cup squads,FIFA World Cup,2026,Paraguay,Paraguay,,DF,Blas Riveros,"February 3, 1998",28,15,0,Cerro Porteño,"February 3, 1998 (aged 28)",Blas Riveros,Cerro Porteño
wikipedia,https://en.wikipedia.org/wiki/2026_FIFA_World_Cup_squads,https://en.wikipedia.org/wiki/2026_FIFA_World_Cup_squads,2026 FIFA World Cup squads,FIFA World Cup,2026,Paraguay,Paraguay,,DF,Gustavo Velázquez,"April 17, 1991",35,12,1,Cerro Porteño,"April 17, 1991 (aged 35)",Gustavo Velázquez,Cerro Porteño
wikipedia,https://en.wikipedia.org/wiki/2026_FIFA_World_Cup_squads,https://en.wikipedia.org/wiki/2026_FIFA_World_Cup_squads,2026 FIFA World Cup squads,FIFA World Cup,2026,Paraguay,Paraguay,,DF,Alan Benítez,"January 25, 1994",32,8,0,Libertad,"January 25, 1994 (aged 32)",Alan Benítez,Libertad
wikipedia,https://en.wikipedia.org/wiki/2026_FIFA_World_Cup_squads,https://en.wikipedia.org/wiki/2026_FIFA_World_Cup_squads,2026 FIFA World Cup squads,FIFA World Cup,2026,Paraguay,Paraguay,,DF,Agustín Sández,"January 16, 2001",25,5,0,Rosario Central,"January 16, 2001 (aged 25)",Agustín Sández,Rosario Central
wikipedia,https://en.wikipedia.org/wiki/2026_FIFA_World_Cup_squads,https://en.wikipedia.org/wiki/2026_FIFA_World_Cup_squads,2026 FIFA World Cup squads,FIFA World Cup,2026,Paraguay,Paraguay,,DF,Mateo Gamarra,"October 20, 2000",25,3,0,Cruzeiro,"October 20, 2000 (aged 25)",Mateo Gamarra,Cruzeiro
wikipedia,https://en.wikipedia.org/wiki/2026_FIFA_World_Cup_squads,https://en.wikipedia.org/wiki/2026_FIFA_World_Cup_squads,2026 FIFA World Cup squads,FIFA World Cup,2026,Paraguay,Paraguay,,DF,Saúl Salcedo,"August 28, 1997",28,2,0,Newell's Old Boys,"August 28, 1997 (aged 28)",Saúl Salcedo,Newell's Old Boys
wikipedia,https://en.wikipedia.org/wiki/2026_FIFA_World_Cup_squads,https://en.wikipedia.org/wiki/2026_FIFA_World_Cup_squads,2026 FIFA World Cup squads,FIFA World Cup,2026,Paraguay,Paraguay,,DF,José Canale,"July 20, 1996",29,1,0,Lanús,"July 20, 1996 (aged 29)",José Canale,Lanús
wikipedia,https://en.wikipedia.org/wiki/2026_FIFA_World_Cup_squads,https://en.wikipedia.org/wiki/2026_FIFA_World_Cup_squads,2026 FIFA World Cup squads,FIFA World Cup,2026,Paraguay,Paraguay,,DF,Diego León,"April 3, 2007",19,1,0,Manchester United,"April 3, 2007 (aged 19)",Diego León,Manchester United
wikipedia,https://en.wikipedia.org/wiki/2026_FIFA_World_Cup_squads,https://en.wikipedia.org/wiki/2026_FIFA_World_Cup_squads,2026 FIFA World Cup squads,FIFA World Cup,2026,Paraguay,Paraguay,,DF,Alexandro Maidana,"July 26, 2005",20,1,0,Talleres,"July 26, 2005 (aged 20)",Alexandro Maidana,Talleres
wikipedia,https://en.wikipedia.org/wiki/2026_FIFA_World_Cup_squads,https://en.wikipedia.org/wiki/2026_FIFA_World_Cup_squads,2026 FIFA World Cup squads,FIFA World Cup,2026,Paraguay,Paraguay,,DF,Alcides Benítez,"June 8, 2002",24,0,0,Belgrano,"June 8, 2002 (aged 24)",Alcides Benítez,Belgrano
wikipedia,https://en.wikipedia.org/wiki/2026_FIFA_World_Cup_squads,https://en.wikipedia.org/wiki/2026_FIFA_World_Cup_squads,2026 FIFA World Cup squads,FIFA World Cup,2026,Paraguay,Paraguay,,DF,Ronaldo Dejesús,"April 21, 2001",25,0,0,Lanús,"April 21, 2001 (aged 25)",Ronaldo Dejesús,Lanús
wikipedia,https://en.wikipedia.org/wiki/2026_FIFA_World_Cup_squads,https://en.wikipedia.org/wiki/2026_FIFA_World_Cup_squads,2026 FIFA World Cup squads,FIFA World Cup,2026,Paraguay,Paraguay,,DF,Alan Núñez,"October 1, 2004",21,0,0,Nacional,"October 1, 2004 (aged 21)",Alan Núñez,Nacional
wikipedia,https://en.wikipedia.org/wiki/2026_FIFA_World_Cup_squads,https://en.wikipedia.org/wiki/2026_FIFA_World_Cup_squads,2026 FIFA World Cup squads,FIFA World Cup,2026,Paraguay,Paraguay,,MF,Miguel Almirón,"February 10, 1994",32,75,9,Atlanta United FC,"February 10, 1994 (aged 32)",Miguel Almirón,Atlanta United FC
wikipedia,https://en.wikipedia.org/wiki/2026_FIFA_World_Cup_squads,https://en.wikipedia.org/wiki/2026_FIFA_World_Cup_squads,2026 FIFA World Cup squads,FIFA World Cup,2026,Paraguay,Paraguay,,MF,Mathías Villasanti,"January 24, 1997",29,51,0,Grêmio,"January 24, 1997 (aged 29)",Mathías Villasanti,Grêmio
wikipedia,https://en.wikipedia.org/wiki/2026_FIFA_World_Cup_squads,https://en.wikipedia.org/wiki/2026_FIFA_World_Cup_squads,2026 FIFA World Cup squads,FIFA World Cup,2026,Paraguay,Paraguay,,MF,Kaku,"January 11, 1995",31,32,5,Al-Ain,"January 11, 1995 (aged 31)",Kaku,Al-Ain
wikipedia,https://en.wikipedia.org/wiki/2026_FIFA_World_Cup_squads,https://en.wikipedia.org/wiki/2026_FIFA_World_Cup_squads,2026 FIFA World Cup squads,FIFA World Cup,2026,Paraguay,Paraguay,,MF,Andrés Cubas,"May 22, 1996",30,32,0,Vancouver Whitecaps FC,"May 22, 1996 (aged 30)",Andrés Cubas,Vancouver Whitecaps FC
wikipedia,https://en.wikipedia.org/wiki/2026_FIFA_World_Cup_squads,https://en.wikipedia.org/wiki/2026_FIFA_World_Cup_squads,2026 FIFA World Cup squads,FIFA World Cup,2026,Paraguay,Paraguay,,MF,Ramón Sosa,"August 31, 1999",26,28,1,Palmeiras,"August 31, 1999 (aged 26)",Ramón Sosa,Palmeiras
wikipedia,https://en.wikipedia.org/wiki/2026_FIFA_World_Cup_squads,https://en.wikipedia.org/wiki/2026_FIFA_World_Cup_squads,2026 FIFA World Cup squads,FIFA World Cup,2026,Paraguay,Paraguay,,MF,Diego Gómez,"March 27, 2003",23,23,3,Brighton & Hove Albion,"March 27, 2003 (aged 23)",Diego Gómez,Brighton & Hove Albion
wikipedia,https://en.wikipedia.org/wiki/2026_FIFA_World_Cup_squads,https://en.wikipedia.org/wiki/2026_FIFA_World_Cup_squads,2026 FIFA World Cup squads,FIFA World Cup,2026,Paraguay,Paraguay,,MF,Damián Bobadilla,"July 11, 2001",24,19,1,São Paulo,"July 11, 2001 (aged 24)",Damián Bobadilla,São Paulo
wikipedia,https://en.wikipedia.org/wiki/2026_FIFA_World_Cup_squads,https://en.wikipedia.org/wiki/2026_FIFA_World_Cup_squads,2026 FIFA World Cup squads,FIFA World Cup,2026,Paraguay,Paraguay,,MF,Braian Ojeda,"July 27, 2000",25,16,0,Orlando City SC,"July 27, 2000 (aged 25)",Braian Ojeda,Orlando City SC
wikipedia,https://en.wikipedia.org/wiki/2026_FIFA_World_Cup_squads,https://en.wikipedia.org/wiki/2026_FIFA_World_Cup_squads,2026 FIFA World Cup squads,FIFA World Cup,2026,Paraguay,Paraguay,,MF,Matías Galarza,"February 11, 2002",24,14,2,Atlanta United FC,"February 11, 2002 (aged 24)",Matías Galarza,Atlanta United FC
wikipedia,https://en.wikipedia.org/wiki/2026_FIFA_World_Cup_squads,https://en.wikipedia.org/wiki/2026_FIFA_World_Cup_squads,2026 FIFA World Cup squads,FIFA World Cup,2026,Paraguay,Paraguay,,MF,Robert Piris Da Motta,"July 26, 1994",31,9,0,Cerro Porteño,"July 26, 1994 (aged 31)",Robert Piris Da Motta,Cerro Porteño
wikipedia,https://en.wikipedia.org/wiki/2026_FIFA_World_Cup_squads,https://en.wikipedia.org/wiki/2026_FIFA_World_Cup_squads,2026 FIFA World Cup squads,FIFA World Cup,2026,Paraguay,Paraguay,,MF,Álvaro Campuzano,"June 12, 1995",30,4,0,Libertad,"June 12, 1995 (aged 30)",Álvaro Campuzano,Libertad
wikipedia,https://en.wikipedia.org/wiki/2026_FIFA_World_Cup_squads,https://en.wikipedia.org/wiki/2026_FIFA_World_Cup_squads,2026 FIFA World Cup squads,FIFA World Cup,2026,Paraguay,Paraguay,,MF,Diego González,"January 7, 2003",23,4,0,Atlas,"January 7, 2003 (aged 23)",Diego González,Atlas
wikipedia,https://en.wikipedia.org/wiki/2026_FIFA_World_Cup_squads,https://en.wikipedia.org/wiki/2026_FIFA_World_Cup_squads,2026 FIFA World Cup squads,FIFA World Cup,2026,Paraguay,Paraguay,,MF,Hugo Cuenca,"January 8, 2005",21,3,0,Burgos,"January 8, 2005 (aged 21)",Hugo Cuenca,Burgos
wikipedia,https://en.wikipedia.org/wiki/2026_FIFA_World_Cup_squads,https://en.wikipedia.org/wiki/2026_FIFA_World_Cup_squads,2026 FIFA World Cup squads,FIFA World Cup,2026,Paraguay,Paraguay,,MF,Maurício,"June 22, 2001",24,2,0,Palmeiras,"June 22, 2001 (aged 24)",Maurício,Palmeiras
wikipedia,https://en.wikipedia.org/wiki/2026_FIFA_World_Cup_squads,https://en.wikipedia.org/wiki/2026_FIFA_World_Cup_squads,2026 FIFA World Cup squads,FIFA World Cup,2026,Paraguay,Paraguay,,MF,Lucas Romero,"August 29, 2002",23,2,0,Universidad de Chile,"August 29, 2002 (aged 23)",Lucas Romero,Universidad de Chile
wikipedia,https://en.wikipedia.org/wiki/2026_FIFA_World_Cup_squads,https://en.wikipedia.org/wiki/2026_FIFA_World_Cup_squads,2026 FIFA World Cup squads,FIFA World Cup,2026,Paraguay,Paraguay,,MF,Enso González,"January 20, 2005",21,0,0,Wolverhampton Wanderers,"January 20, 2005 (aged 21)",Enso González,Wolverhampton Wanderers
wikipedia,https://en.wikipedia.org/wiki/2026_FIFA_World_Cup_squads,https://en.wikipedia.org/wiki/2026_FIFA_World_Cup_squads,2026 FIFA World Cup squads,FIFA World Cup,2026,Paraguay,Paraguay,,MF,Rubén Lezcano,"February 9, 2004",22,0,0,Olimpia,"February 9, 2004 (aged 22)",Rubén Lezcano,Olimpia
wikipedia,https://en.wikipedia.org/wiki/2026_FIFA_World_Cup_squads,https://en.wikipedia.org/wiki/2026_FIFA_World_Cup_squads,2026 FIFA World Cup squads,FIFA World Cup,2026,Paraguay,Paraguay,,FW,Óscar Romero,"July 4, 1992",33,55,4,Huracán,"July 4, 1992 (aged 33)",Óscar Romero,Huracán
wikipedia,https://en.wikipedia.org/wiki/2026_FIFA_World_Cup_squads,https://en.wikipedia.org/wiki/2026_FIFA_World_Cup_squads,2026 FIFA World Cup squads,FIFA World Cup,2026,Paraguay,Paraguay,,FW,Ángel Romero,"July 4, 1992",33,51,8,Boca Juniors,"July 4, 1992 (aged 33)",Ángel Romero,Boca Juniors
wikipedia,https://en.wikipedia.org/wiki/2026_FIFA_World_Cup_squads,https://en.wikipedia.org/wiki/2026_FIFA_World_Cup_squads,2026 FIFA World Cup squads,FIFA World Cup,2026,Paraguay,Paraguay,,FW,Antonio Sanabria,"March 4, 1996",30,47,7,Cremonese,"March 4, 1996 (aged 30)",Antonio Sanabria,Cremonese
wikipedia,https://en.wikipedia.org/wiki/2026_FIFA_World_Cup_squads,https://en.wikipedia.org/wiki/2026_FIFA_World_Cup_squads,2026 FIFA World Cup squads,FIFA World Cup,2026,Paraguay,Paraguay,,FW,Julio Enciso,"January 23, 2004",22,31,4,Strasbourg,"January 23, 2004 (aged 22)",Julio Enciso,Strasbourg
wikipedia,https://en.wikipedia.org/wiki/2026_FIFA_World_Cup_squads,https://en.wikipedia.org/wiki/2026_FIFA_World_Cup_squads,2026 FIFA World Cup squads,FIFA World Cup,2026,Paraguay,Paraguay,,FW,Gabriel Ávalos,"July 9, 1991",34,22,2,Independiente,"July 9, 1991 (aged 34)",Gabriel Ávalos,Independiente
wikipedia,https://en.wikipedia.org/wiki/2026_FIFA_World_Cup_squads,https://en.wikipedia.org/wiki/2026_FIFA_World_Cup_squads,2026 FIFA World Cup squads,FIFA World Cup,2026,Paraguay,Paraguay,,FW,Carlos González,"February 4, 1993",33,15,0,Independiente del Valle,"February 4, 1993 (aged 33)",Carlos González,Independiente del Valle
wikipedia,https://en.wikipedia.org/wiki/2026_FIFA_World_Cup_squads,https://en.wikipedia.org/wiki/2026_FIFA_World_Cup_squads,2026 FIFA World Cup squads,FIFA World Cup,2026,Paraguay,Paraguay,,FW,Álex Arce,"June 16, 1995",30,14,1,Independiente Rivadavia,"June 16, 1995 (aged 30)",Álex Arce,Independiente Rivadavia
wikipedia,https://en.wikipedia.org/wiki/2026_FIFA_World_Cup_squads,https://en.wikipedia.org/wiki/2026_FIFA_World_Cup_squads,2026 FIFA World Cup squads,FIFA World Cup,2026,Paraguay,Paraguay,,FW,Adam Bareiro,"July 26, 1996",29,8,0,Boca Juniors,"July 26, 1996 (aged 29)",Adam Bareiro,Boca Juniors
wikipedia,https://en.wikipedia.org/wiki/2026_FIFA_World_Cup_squads,https://en.wikipedia.org/wiki/2026_FIFA_World_Cup_squads,2026 FIFA World Cup squads,FIFA World Cup,2026,Paraguay,Paraguay,,FW,Lorenzo Melgarejo,"August 10, 1990",35,5,0,Libertad,"August 10, 1990 (aged 35)",Lorenzo Melgarejo,Libertad
wikipedia,https://en.wikipedia.org/wiki/2026_FIFA_World_Cup_squads,https://en.wikipedia.org/wiki/2026_FIFA_World_Cup_squads,2026 FIFA World Cup squads,FIFA World Cup,2026,Paraguay,Paraguay,,FW,Isidro Pitta,"August 14, 1999",26,5,0,Red Bull Bragantino,"August 14, 1999 (aged 26)",Isidro Pitta,Red Bull Bragantino
wikipedia,https://en.wikipedia.org/wiki/2026_FIFA_World_Cup_squads,https://en.wikipedia.org/wiki/2026_FIFA_World_Cup_squads,2026 FIFA World Cup squads,FIFA World Cup,2026,Paraguay,Paraguay,,FW,Ronaldo Martínez,"April 25, 1996",30,4,0,Talleres,"April 25, 1996 (aged 30)",Ronaldo Martínez,Talleres
wikipedia,https://en.wikipedia.org/wiki/2026_FIFA_World_Cup_squads,https://en.wikipedia.org/wiki/2026_FIFA_World_Cup_squads,2026 FIFA World Cup squads,FIFA World Cup,2026,Paraguay,Paraguay,,FW,Gustavo Caballero,"September 21, 2001",24,2,1,Portsmouth,"September 21, 2001 (aged 24)",Gustavo Caballero,Portsmouth
wikipedia,https://en.wikipedia.org/wiki/2026_FIFA_World_Cup_squads,https://en.wikipedia.org/wiki/2026_FIFA_World_Cup_squads,2026 FIFA World Cup squads,FIFA World Cup,2026,Paraguay,Paraguay,,FW,Robert Morales,"March 17, 1999",27,2,1,UNAM,"March 17, 1999 (aged 27)",Robert Morales,UNAM
wikipedia,https://en.wikipedia.org/wiki/2026_FIFA_World_Cup_squads,https://en.wikipedia.org/wiki/2026_FIFA_World_Cup_squads,2026 FIFA World Cup squads,FIFA World Cup,2026,Paraguay,Paraguay,,FW,Adrián Alcaraz,"September 28, 1999",26,0,0,Olimpia,"September 28, 1999 (aged 26)",Adrián Alcaraz,Olimpia
wikipedia,https://en.wikipedia.org/wiki/2026_FIFA_World_Cup_squads,https://en.wikipedia.org/wiki/2026_FIFA_World_Cup_squads,2026 FIFA World Cup squads,FIFA World Cup,2026,Paraguay,Paraguay,,FW,Rodney Redes,"February 22, 2000",26,0,0,LDU Quito,"February 22, 2000 (aged 26)",Rodney Redes,LDU Quito
wikipedia,https://en.wikipedia.org/wiki/2026_FIFA_World_Cup_squads,https://en.wikipedia.org/wiki/2026_FIFA_World_Cup_squads,2026 FIFA World Cup squads,FIFA World Cup,2026,Turkey,Turkey,,GK,Uğurcan Çakır,"April 5, 1996",30,38,0,Galatasaray,"April 5, 1996 (aged 30)",Uğurcan Çakır,Galatasaray
wikipedia,https://en.wikipedia.org/wiki/2026_FIFA_World_Cup_squads,https://en.wikipedia.org/wiki/2026_FIFA_World_Cup_squads,2026 FIFA World Cup squads,FIFA World Cup,2026,Turkey,Turkey,,GK,Mert Günok,"March 1, 1989",37,37,0,Fenerbahçe,"March 1, 1989 (aged 37)",Mert Günok,Fenerbahçe
wikipedia,https://en.wikipedia.org/wiki/2026_FIFA_World_Cup_squads,https://en.wikipedia.org/wiki/2026_FIFA_World_Cup_squads,2026 FIFA World Cup squads,FIFA World Cup,2026,Turkey,Turkey,,GK,Altay Bayındır,"April 14, 1998",28,11,0,Manchester United,"April 14, 1998 (aged 28)",Altay Bayındır,Manchester United
wikipedia,https://en.wikipedia.org/wiki/2026_FIFA_World_Cup_squads,https://en.wikipedia.org/wiki/2026_FIFA_World_Cup_squads,2026 FIFA World Cup squads,FIFA World Cup,2026,Turkey,Turkey,,GK,Ersin Destanoğlu,"January 1, 2001",25,0,0,Beşiktaş,"January 1, 2001 (aged 25)",Ersin Destanoğlu,Beşiktaş
wikipedia,https://en.wikipedia.org/wiki/2026_FIFA_World_Cup_squads,https://en.wikipedia.org/wiki/2026_FIFA_World_Cup_squads,2026 FIFA World Cup squads,FIFA World Cup,2026,Turkey,Turkey,,GK,Muhammed Şengezer,"January 5, 1997",29,0,0,İstanbul Başakşehir,"January 5, 1997 (aged 29)",Muhammed Şengezer,İstanbul Başakşehir
wikipedia,https://en.wikipedia.org/wiki/2026_FIFA_World_Cup_squads,https://en.wikipedia.org/wiki/2026_FIFA_World_Cup_squads,2026 FIFA World Cup squads,FIFA World Cup,2026,Turkey,Turkey,,DF,Merih Demiral,"March 5, 1998",28,61,6,Al-Ahli,"March 5, 1998 (aged 28)",Merih Demiral,Al-Ahli
wikipedia,https://en.wikipedia.org/wiki/2026_FIFA_World_Cup_squads,https://en.wikipedia.org/wiki/2026_FIFA_World_Cup_squads,2026 FIFA World Cup squads,FIFA World Cup,2026,Turkey,Turkey,,DF,Zeki Çelik,"February 17, 1997",29,59,3,Roma,"February 17, 1997 (aged 29)",Zeki Çelik,Roma
wikipedia,https://en.wikipedia.org/wiki/2026_FIFA_World_Cup_squads,https://en.wikipedia.org/wiki/2026_FIFA_World_Cup_squads,2026 FIFA World Cup squads,FIFA World Cup,2026,Turkey,Turkey,,DF,Çağlar Söyüncü,"May 23, 1996",30,59,2,Fenerbahçe,"May 23, 1996 (aged 30)",Çağlar Söyüncü,Fenerbahçe
wikipedia,https://en.wikipedia.org/wiki/2026_FIFA_World_Cup_squads,https://en.wikipedia.org/wiki/2026_FIFA_World_Cup_squads,2026 FIFA World Cup squads,FIFA World Cup,2026,Turkey,Turkey,,DF,Mert Müldür,"April 3, 1999",27,43,3,Fenerbahçe,"April 3, 1999 (aged 27)",Mert Müldür,Fenerbahçe
wikipedia,https://en.wikipedia.org/wiki/2026_FIFA_World_Cup_squads,https://en.wikipedia.org/wiki/2026_FIFA_World_Cup_squads,2026 FIFA World Cup squads,FIFA World Cup,2026,Turkey,Turkey,,DF,Ferdi Kadıoğlu,"October 7, 1999",26,30,2,Brighton & Hove Albion,"October 7, 1999 (aged 26)",Ferdi Kadıoğlu,Brighton & Hove Albion
wikipedia,https://en.wikipedia.org/wiki/2026_FIFA_World_Cup_squads,https://en.wikipedia.org/wiki/2026_FIFA_World_Cup_squads,2026 FIFA World Cup squads,FIFA World Cup,2026,Turkey,Turkey,,DF,Ozan Kabak,"March 25, 2000",26,28,2,TSG Hoffenheim,"March 25, 2000 (aged 26)",Ozan Kabak,TSG Hoffenheim
wikipedia,https://en.wikipedia.org/wiki/2026_FIFA_World_Cup_squads,https://en.wikipedia.org/wiki/2026_FIFA_World_Cup_squads,2026 FIFA World Cup squads,FIFA World Cup,2026,Turkey,Turkey,,DF,Abdülkerim Bardakcı,"September 7, 1994",31,26,2,Galatasaray,"September 7, 1994 (aged 31)",Abdülkerim Bardakcı,Galatasaray
wikipedia,https://en.wikipedia.org/wiki/2026_FIFA_World_Cup_squads,https://en.wikipedia.org/wiki/2026_FIFA_World_Cup_squads,2026 FIFA World Cup squads,FIFA World Cup,2026,Turkey,Turkey,,DF,Eren Elmalı,"July 7, 2000",25,21,0,Galatasaray,"July 7, 2000 (aged 25)",Eren Elmalı,Galatasaray
wikipedia,https://en.wikipedia.org/wiki/2026_FIFA_World_Cup_squads,https://en.wikipedia.org/wiki/2026_FIFA_World_Cup_squads,2026 FIFA World Cup squads,FIFA World Cup,2026,Turkey,Turkey,,DF,Samet Akaydin,"May 13, 1994",32,18,1,Çaykur Rizespor,"May 13, 1994 (aged 32)",Samet Akaydin,Çaykur Rizespor
wikipedia,https://en.wikipedia.org/wiki/2026_FIFA_World_Cup_squads,https://en.wikipedia.org/wiki/2026_FIFA_World_Cup_squads,2026 FIFA World Cup squads,FIFA World Cup,2026,Turkey,Turkey,,DF,Yusuf Akçiçek,"January 25, 2006",20,3,0,Al-Hilal,"January 25, 2006 (aged 20)",Yusuf Akçiçek,Al-Hilal
wikipedia,https://en.wikipedia.org/wiki/2026_FIFA_World_Cup_squads,https://en.wikipedia.org/wiki/2026_FIFA_World_Cup_squads,2026 FIFA World Cup squads,FIFA World Cup,2026,Turkey,Turkey,,DF,Mustafa Eskihellaç,"May 5, 1997",29,3,0,Trabzonspor,"May 5, 1997 (aged 29)",Mustafa Eskihellaç,Trabzonspor
wikipedia,https://en.wikipedia.org/wiki/2026_FIFA_World_Cup_squads,https://en.wikipedia.org/wiki/2026_FIFA_World_Cup_squads,2026 FIFA World Cup squads,FIFA World Cup,2026,Turkey,Turkey,,DF,Ahmetcan Kaplan,"January 16, 2003",23,0,0,NEC,"January 16, 2003 (aged 23)",Ahmetcan Kaplan,NEC
wikipedia,https://en.wikipedia.org/wiki/2026_FIFA_World_Cup_squads,https://en.wikipedia.org/wiki/2026_FIFA_World_Cup_squads,2026 FIFA World Cup squads,FIFA World Cup,2026,Turkey,Turkey,,MF,Hakan Çalhanoğlu (captain),"February 8, 1994",32,104,22,Inter Milan,"February 8, 1994 (aged 32)",Hakan Çalhanoğlu (captain),Inter Milan
wikipedia,https://en.wikipedia.org/wiki/2026_FIFA_World_Cup_squads,https://en.wikipedia.org/wiki/2026_FIFA_World_Cup_squads,2026 FIFA World Cup squads,FIFA World Cup,2026,Turkey,Turkey,,MF,Kaan Ayhan,"November 10, 1994",31,72,5,Galatasaray,"November 10, 1994 (aged 31)",Kaan Ayhan,Galatasaray
wikipedia,https://en.wikipedia.org/wiki/2026_FIFA_World_Cup_squads,https://en.wikipedia.org/wiki/2026_FIFA_World_Cup_squads,2026 FIFA World Cup squads,FIFA World Cup,2026,Turkey,Turkey,,MF,Orkun Kökçü,"December 29, 2000",25,48,3,Beşiktaş,"December 29, 2000 (aged 25)",Orkun Kökçü,Beşiktaş
wikipedia,https://en.wikipedia.org/wiki/2026_FIFA_World_Cup_squads,https://en.wikipedia.org/wiki/2026_FIFA_World_Cup_squads,2026 FIFA World Cup squads,FIFA World Cup,2026,Turkey,Turkey,,MF,İsmail Yüksek,"January 26, 1999",27,31,1,Fenerbahçe,"January 26, 1999 (aged 27)",İsmail Yüksek,Fenerbahçe
wikipedia,https://en.wikipedia.org/wiki/2026_FIFA_World_Cup_squads,https://en.wikipedia.org/wiki/2026_FIFA_World_Cup_squads,2026 FIFA World Cup squads,FIFA World Cup,2026,Turkey,Turkey,,MF,Salih Özcan,"January 11, 1998",28,28,1,Borussia Dortmund,"January 11, 1998 (aged 28)",Salih Özcan,Borussia Dortmund
wikipedia,https://en.wikipedia.org/wiki/2026_FIFA_World_Cup_squads,https://en.wikipedia.org/wiki/2026_FIFA_World_Cup_squads,2026 FIFA World Cup squads,FIFA World Cup,2026,Turkey,Turkey,,MF,Atakan Karazor,"October 13, 1996",29,2,0,VfB Stuttgart,"October 13, 1996 (aged 29)",Atakan Karazor,VfB Stuttgart
wikipedia,https://en.wikipedia.org/wiki/2026_FIFA_World_Cup_squads,https://en.wikipedia.org/wiki/2026_FIFA_World_Cup_squads,2026 FIFA World Cup squads,FIFA World Cup,2026,Turkey,Turkey,,MF,Demir Ege Tıknaz,"August 17, 2004",21,1,0,Braga,"August 17, 2004 (aged 21)",Demir Ege Tıknaz,Braga
wikipedia,https://en.wikipedia.org/wiki/2026_FIFA_World_Cup_squads,https://en.wikipedia.org/wiki/2026_FIFA_World_Cup_squads,2026 FIFA World Cup squads,FIFA World Cup,2026,Turkey,Turkey,,FW,Kerem Aktürkoğlu,"October 21, 1998",27,51,15,Fenerbahçe,"October 21, 1998 (aged 27)",Kerem Aktürkoğlu,Fenerbahçe
wikipedia,https://en.wikipedia.org/wiki/2026_FIFA_World_Cup_squads,https://en.wikipedia.org/wiki/2026_FIFA_World_Cup_squads,2026 FIFA World Cup squads,FIFA World Cup,2026,Turkey,Turkey,,FW,İrfan Can Kahveci,"July 15, 1995",30,45,6,Kasımpaşa,"July 15, 1995 (aged 30)",İrfan Can Kahveci,Kasımpaşa
wikipedia,https://en.wikipedia.org/wiki/2026_FIFA_World_Cup_squads,https://en.wikipedia.org/wiki/2026_FIFA_World_Cup_squads,2026 FIFA World Cup squads,FIFA World Cup,2026,Turkey,Turkey,,FW,Barış Alper Yılmaz,"May 23, 2000",26,33,2,Galatasaray,"May 23, 2000 (aged 26)",Barış Alper Yılmaz,Galatasaray
wikipedia,https://en.wikipedia.org/wiki/2026_FIFA_World_Cup_squads,https://en.wikipedia.org/wiki/2026_FIFA_World_Cup_squads,2026 FIFA World Cup squads,FIFA World Cup,2026,Turkey,Turkey,,FW,Arda Güler,"February 25, 2005",21,28,6,Real Madrid,"February 25, 2005 (aged 21)",Arda Güler,Real Madrid
wikipedia,https://en.wikipedia.org/wiki/2026_FIFA_World_Cup_squads,https://en.wikipedia.org/wiki/2026_FIFA_World_Cup_squads,2026 FIFA World Cup squads,FIFA World Cup,2026,Turkey,Turkey,,FW,Kenan Yıldız,"May 4, 2005",21,28,5,Juventus,"May 4, 2005 (aged 21)",Kenan Yıldız,Juventus
wikipedia,https://en.wikipedia.org/wiki/2026_FIFA_World_Cup_squads,https://en.wikipedia.org/wiki/2026_FIFA_World_Cup_squads,2026 FIFA World Cup squads,FIFA World Cup,2026,Turkey,Turkey,,FW,Yunus Akgün,"July 7, 2000",25,17,3,Galatasaray,"July 7, 2000 (aged 25)",Yunus Akgün,Galatasaray
wikipedia,https://en.wikipedia.org/wiki/2026_FIFA_World_Cup_squads,https://en.wikipedia.org/wiki/2026_FIFA_World_Cup_squads,2026 FIFA World Cup squads,FIFA World Cup,2026,Turkey,Turkey,,FW,Oğuz Aydın,"October 27, 2000",25,9,0,Fenerbahçe,"October 27, 2000 (aged 25)",Oğuz Aydın,Fenerbahçe
wikipedia,https://en.wikipedia.org/wiki/2026_FIFA_World_Cup_squads,https://en.wikipedia.org/wiki/2026_FIFA_World_Cup_squads,2026 FIFA World Cup squads,FIFA World Cup,2026,Turkey,Turkey,,FW,Deniz Gül,"July 2, 2004",21,6,1,Porto,"July 2, 2004 (aged 21)",Deniz Gül,Porto
wikipedia,https://en.wikipedia.org/wiki/2026_FIFA_World_Cup_squads,https://en.wikipedia.org/wiki/2026_FIFA_World_Cup_squads,2026 FIFA World Cup squads,FIFA World Cup,2026,Turkey,Turkey,,FW,Yusuf Sarı,"November 20, 1998",27,6,1,İstanbul Başakşehir,"November 20, 1998 (aged 27)",Yusuf Sarı,İstanbul Başakşehir
wikipedia,https://en.wikipedia.org/wiki/2026_FIFA_World_Cup_squads,https://en.wikipedia.org/wiki/2026_FIFA_World_Cup_squads,2026 FIFA World Cup squads,FIFA World Cup,2026,Turkey,Turkey,,FW,Can Uzun,"November 11, 2005",20,4,0,Eintracht Frankfurt,"November 11, 2005 (aged 20)",Can Uzun,Eintracht Frankfurt
wikipedia,https://en.wikipedia.org/wiki/2026_FIFA_World_Cup_squads,https://en.wikipedia.org/wiki/2026_FIFA_World_Cup_squads,2026 FIFA World Cup squads,FIFA World Cup,2026,Turkey,Turkey,,FW,Aral Şimşir,"June 19, 2002",23,0,0,Midtjylland,"June 19, 2002 (aged 23)",Aral Şimşir,Midtjylland
wikipedia,https://en.wikipedia.org/wiki/2026_FIFA_World_Cup_squads,https://en.wikipedia.org/wiki/2026_FIFA_World_Cup_squads,2026 FIFA World Cup squads,FIFA World Cup,2026,United States,United States,1,GK,Matt Turner,"June 24, 1994",31,54,0,New England Revolution,"June 24, 1994 (aged 31)",Matt Turner,New England Revolution
wikipedia,https://en.wikipedia.org/wiki/2026_FIFA_World_Cup_squads,https://en.wikipedia.org/wiki/2026_FIFA_World_Cup_squads,2026 FIFA World Cup squads,FIFA World Cup,2026,United States,United States,2,DF,Sergiño Dest,"November 3, 2000",25,38,3,PSV Eindhoven,"November 3, 2000 (aged 25)",Sergiño Dest,PSV Eindhoven
wikipedia,https://en.wikipedia.org/wiki/2026_FIFA_World_Cup_squads,https://en.wikipedia.org/wiki/2026_FIFA_World_Cup_squads,2026 FIFA World Cup squads,FIFA World Cup,2026,United States,United States,3,DF,Chris Richards,"March 28, 2000",26,36,3,Crystal Palace,"March 28, 2000 (aged 26)",Chris Richards,Crystal Palace
wikipedia,https://en.wikipedia.org/wiki/2026_FIFA_World_Cup_squads,https://en.wikipedia.org/wiki/2026_FIFA_World_Cup_squads,2026 FIFA World Cup squads,FIFA World Cup,2026,United States,United States,4,MF,Tyler Adams,"February 14, 1999",27,53,2,Bournemouth,"February 14, 1999 (aged 27)",Tyler Adams,Bournemouth
wikipedia,https://en.wikipedia.org/wiki/2026_FIFA_World_Cup_squads,https://en.wikipedia.org/wiki/2026_FIFA_World_Cup_squads,2026 FIFA World Cup squads,FIFA World Cup,2026,United States,United States,5,DF,Antonee Robinson,"August 8, 1997",28,53,4,Fulham,"August 8, 1997 (aged 28)",Antonee Robinson,Fulham
wikipedia,https://en.wikipedia.org/wiki/2026_FIFA_World_Cup_squads,https://en.wikipedia.org/wiki/2026_FIFA_World_Cup_squads,2026 FIFA World Cup squads,FIFA World Cup,2026,United States,United States,6,DF,Auston Trusty,"August 12, 1998",27,7,0,Celtic,"August 12, 1998 (aged 27)",Auston Trusty,Celtic
wikipedia,https://en.wikipedia.org/wiki/2026_FIFA_World_Cup_squads,https://en.wikipedia.org/wiki/2026_FIFA_World_Cup_squads,2026 FIFA World Cup squads,FIFA World Cup,2026,United States,United States,7,MF,Giovanni Reyna,"November 13, 2002",23,37,9,Borussia Mönchengladbach,"November 13, 2002 (aged 23)",Giovanni Reyna,Borussia Mönchengladbach
wikipedia,https://en.wikipedia.org/wiki/2026_FIFA_World_Cup_squads,https://en.wikipedia.org/wiki/2026_FIFA_World_Cup_squads,2026 FIFA World Cup squads,FIFA World Cup,2026,United States,United States,8,MF,Weston McKennie,"August 28, 1998",27,65,12,Juventus,"August 28, 1998 (aged 27)",Weston McKennie,Juventus
wikipedia,https://en.wikipedia.org/wiki/2026_FIFA_World_Cup_squads,https://en.wikipedia.org/wiki/2026_FIFA_World_Cup_squads,2026 FIFA World Cup squads,FIFA World Cup,2026,United States,United States,9,FW,Ricardo Pepi,"January 9, 2003",23,36,13,PSV Eindhoven,"January 9, 2003 (aged 23)",Ricardo Pepi,PSV Eindhoven
wikipedia,https://en.wikipedia.org/wiki/2026_FIFA_World_Cup_squads,https://en.wikipedia.org/wiki/2026_FIFA_World_Cup_squads,2026 FIFA World Cup squads,FIFA World Cup,2026,United States,United States,10,FW,Christian Pulisic,"September 18, 1998",27,85,33,Milan,"September 18, 1998 (aged 27)",Christian Pulisic,Milan
wikipedia,https://en.wikipedia.org/wiki/2026_FIFA_World_Cup_squads,https://en.wikipedia.org/wiki/2026_FIFA_World_Cup_squads,2026 FIFA World Cup squads,FIFA World Cup,2026,United States,United States,11,FW,Brenden Aaronson,"October 22, 2000",25,57,9,Leeds United,"October 22, 2000 (aged 25)",Brenden Aaronson,Leeds United
wikipedia,https://en.wikipedia.org/wiki/2026_FIFA_World_Cup_squads,https://en.wikipedia.org/wiki/2026_FIFA_World_Cup_squads,2026 FIFA World Cup squads,FIFA World Cup,2026,United States,United States,12,DF,Miles Robinson,"March 14, 1997",29,39,3,FC Cincinnati,"March 14, 1997 (aged 29)",Miles Robinson,FC Cincinnati
wikipedia,https://en.wikipedia.org/wiki/2026_FIFA_World_Cup_squads,https://en.wikipedia.org/wiki/2026_FIFA_World_Cup_squads,2026 FIFA World Cup squads,FIFA World Cup,2026,United States,United States,13,DF,Tim Ream (captain),"October 5, 1987",38,81,1,Charlotte FC,"October 5, 1987 (aged 38)",Tim Ream (captain),Charlotte FC
wikipedia,https://en.wikipedia.org/wiki/2026_FIFA_World_Cup_squads,https://en.wikipedia.org/wiki/2026_FIFA_World_Cup_squads,2026 FIFA World Cup squads,FIFA World Cup,2026,United States,United States,14,MF,Sebastian Berhalter,"May 10, 2001",25,12,1,Vancouver Whitecaps FC,"May 10, 2001 (aged 25)",Sebastian Berhalter,Vancouver Whitecaps FC
wikipedia,https://en.wikipedia.org/wiki/2026_FIFA_World_Cup_squads,https://en.wikipedia.org/wiki/2026_FIFA_World_Cup_squads,2026 FIFA World Cup squads,FIFA World Cup,2026,United States,United States,15,MF,Cristian Roldan,"June 3, 1995",31,46,0,Seattle Sounders FC,"June 3, 1995 (aged 31)",Cristian Roldan,Seattle Sounders FC
wikipedia,https://en.wikipedia.org/wiki/2026_FIFA_World_Cup_squads,https://en.wikipedia.org/wiki/2026_FIFA_World_Cup_squads,2026 FIFA World Cup squads,FIFA World Cup,2026,United States,United States,16,DF,Alex Freeman,"August 9, 2004",21,16,2,Villarreal,"August 9, 2004 (aged 21)",Alex Freeman,Villarreal
wikipedia,https://en.wikipedia.org/wiki/2026_FIFA_World_Cup_squads,https://en.wikipedia.org/wiki/2026_FIFA_World_Cup_squads,2026 FIFA World Cup squads,FIFA World Cup,2026,United States,United States,17,MF,Malik Tillman,"May 28, 2002",24,29,3,Bayer Leverkusen,"May 28, 2002 (aged 24)",Malik Tillman,Bayer Leverkusen
wikipedia,https://en.wikipedia.org/wiki/2026_FIFA_World_Cup_squads,https://en.wikipedia.org/wiki/2026_FIFA_World_Cup_squads,2026 FIFA World Cup squads,FIFA World Cup,2026,United States,United States,18,DF,Maximilian Arfsten,"April 19, 2001",25,19,1,Columbus Crew,"April 19, 2001 (aged 25)",Maximilian Arfsten,Columbus Crew
wikipedia,https://en.wikipedia.org/wiki/2026_FIFA_World_Cup_squads,https://en.wikipedia.org/wiki/2026_FIFA_World_Cup_squads,2026 FIFA World Cup squads,FIFA World Cup,2026,United States,United States,19,FW,Haji Wright,"March 27, 1998",28,20,7,Coventry City,"March 27, 1998 (aged 28)",Haji Wright,Coventry City
wikipedia,https://en.wikipedia.org/wiki/2026_FIFA_World_Cup_squads,https://en.wikipedia.org/wiki/2026_FIFA_World_Cup_squads,2026 FIFA World Cup squads,FIFA World Cup,2026,United States,United States,20,FW,Folarin Balogun,"July 3, 2001",24,26,9,Monaco,"July 3, 2001 (aged 24)",Folarin Balogun,Monaco
wikipedia,https://en.wikipedia.org/wiki/2026_FIFA_World_Cup_squads,https://en.wikipedia.org/wiki/2026_FIFA_World_Cup_squads,2026 FIFA World Cup squads,FIFA World Cup,2026,United States,United States,21,FW,Timothy Weah,"February 22, 2000",26,50,7,Marseille,"February 22, 2000 (aged 26)",Timothy Weah,Marseille
wikipedia,https://en.wikipedia.org/wiki/2026_FIFA_World_Cup_squads,https://en.wikipedia.org/wiki/2026_FIFA_World_Cup_squads,2026 FIFA World Cup squads,FIFA World Cup,2026,United States,United States,22,DF,Mark McKenzie,"February 25, 1999",27,28,0,Toulouse,"February 25, 1999 (aged 27)",Mark McKenzie,Toulouse
wikipedia,https://en.wikipedia.org/wiki/2026_FIFA_World_Cup_squads,https://en.wikipedia.org/wiki/2026_FIFA_World_Cup_squads,2026 FIFA World Cup squads,FIFA World Cup,2026,United States,United States,23,DF,Joe Scally,"December 31, 2002",23,25,0,Borussia Mönchengladbach,"December 31, 2002 (aged 23)",Joe Scally,Borussia Mönchengladbach
wikipedia,https://en.wikipedia.org/wiki/2026_FIFA_World_Cup_squads,https://en.wikipedia.org/wiki/2026_FIFA_World_Cup_squads,2026 FIFA World Cup squads,FIFA World Cup,2026,United States,United States,24,GK,Matt Freese,"September 2, 1998",27,14,0,New York City FC,"September 2, 1998 (aged 27)",Matt Freese,New York City FC
wikipedia,https://en.wikipedia.org/wiki/2026_FIFA_World_Cup_squads,https://en.wikipedia.org/wiki/2026_FIFA_World_Cup_squads,2026 FIFA World Cup squads,FIFA World Cup,2026,United States,United States,25,GK,Chris Brady,"March 3, 2004",22,1,0,Chicago Fire FC,"March 3, 2004 (aged 22)",Chris Brady,Chicago Fire FC
wikipedia,https://en.wikipedia.org/wiki/2026_FIFA_World_Cup_squads,https://en.wikipedia.org/wiki/2026_FIFA_World_Cup_squads,2026 FIFA World Cup squads,FIFA World Cup,2026,United States,United States,26,FW,Alejandro Zendejas,"February 7, 1998",28,14,2,América,"February 7, 1998 (aged 28)",Alejandro Zendejas,América
wikipedia,https://en.wikipedia.org/wiki/2026_FIFA_World_Cup_squads,https://en.wikipedia.org/wiki/2026_FIFA_World_Cup_squads,2026 FIFA World Cup squads,FIFA World Cup,2026,Curaçao,Curaçao,1,GK,Eloy Room,"February 6, 1989",37,71,0,Miami FC,"February 6, 1989 (aged 37)",Eloy Room,Miami FC
wikipedia,https://en.wikipedia.org/wiki/2026_FIFA_World_Cup_squads,https://en.wikipedia.org/wiki/2026_FIFA_World_Cup_squads,2026 FIFA World Cup squads,FIFA World Cup,2026,Curaçao,Curaçao,2,DF,Shurandy Sambo,"August 19, 2001",24,7,0,Sparta Rotterdam,"August 19, 2001 (aged 24)",Shurandy Sambo,Sparta Rotterdam
wikipedia,https://en.wikipedia.org/wiki/2026_FIFA_World_Cup_squads,https://en.wikipedia.org/wiki/2026_FIFA_World_Cup_squads,2026 FIFA World Cup squads,FIFA World Cup,2026,Curaçao,Curaçao,3,DF,Juriën Gaari,"December 23, 1993",32,59,1,Abha,"December 23, 1993 (aged 32)",Juriën Gaari,Abha
wikipedia,https://en.wikipedia.org/wiki/2026_FIFA_World_Cup_squads,https://en.wikipedia.org/wiki/2026_FIFA_World_Cup_squads,2026 FIFA World Cup squads,FIFA World Cup,2026,Curaçao,Curaçao,4,DF,Roshon van Eijma,"June 9, 1998",28,27,1,RKC Waalwijk,"June 9, 1998 (aged 28)",Roshon van Eijma,RKC Waalwijk
wikipedia,https://en.wikipedia.org/wiki/2026_FIFA_World_Cup_squads,https://en.wikipedia.org/wiki/2026_FIFA_World_Cup_squads,2026 FIFA World Cup squads,FIFA World Cup,2026,Curaçao,Curaçao,5,DF,Sherel Floranus,"August 23, 1998",27,27,0,PEC Zwolle,"August 23, 1998 (aged 27)",Sherel Floranus,PEC Zwolle
wikipedia,https://en.wikipedia.org/wiki/2026_FIFA_World_Cup_squads,https://en.wikipedia.org/wiki/2026_FIFA_World_Cup_squads,2026 FIFA World Cup squads,FIFA World Cup,2026,Curaçao,Curaçao,6,MF,Godfried Roemeratoe,"August 19, 1999",26,27,1,RKC Waalwijk,"August 19, 1999 (aged 26)",Godfried Roemeratoe,RKC Waalwijk
wikipedia,https://en.wikipedia.org/wiki/2026_FIFA_World_Cup_squads,https://en.wikipedia.org/wiki/2026_FIFA_World_Cup_squads,2026 FIFA World Cup squads,FIFA World Cup,2026,Curaçao,Curaçao,7,MF,Juninho Bacuna,"August 7, 1997",28,48,14,Volendam,"August 7, 1997 (aged 28)",Juninho Bacuna,Volendam
wikipedia,https://en.wikipedia.org/wiki/2026_FIFA_World_Cup_squads,https://en.wikipedia.org/wiki/2026_FIFA_World_Cup_squads,2026 FIFA World Cup squads,FIFA World Cup,2026,Curaçao,Curaçao,8,MF,Livano Comenencia,"February 3, 2004",22,19,1,Zürich,"February 3, 2004 (aged 22)",Livano Comenencia,Zürich
wikipedia,https://en.wikipedia.org/wiki/2026_FIFA_World_Cup_squads,https://en.wikipedia.org/wiki/2026_FIFA_World_Cup_squads,2026 FIFA World Cup squads,FIFA World Cup,2026,Curaçao,Curaçao,9,FW,Jürgen Locadia,"November 7, 1993",32,13,1,Miami FC,"November 7, 1993 (aged 32)",Jürgen Locadia,Miami FC
wikipedia,https://en.wikipedia.org/wiki/2026_FIFA_World_Cup_squads,https://en.wikipedia.org/wiki/2026_FIFA_World_Cup_squads,2026 FIFA World Cup squads,FIFA World Cup,2026,Curaçao,Curaçao,10,MF,Leandro Bacuna (captain),"August 21, 1991",34,71,16,Iğdır,"August 21, 1991 (aged 34)",Leandro Bacuna (captain),Iğdır
wikipedia,https://en.wikipedia.org/wiki/2026_FIFA_World_Cup_squads,https://en.wikipedia.org/wiki/2026_FIFA_World_Cup_squads,2026 FIFA World Cup squads,FIFA World Cup,2026,Curaçao,Curaçao,11,FW,Jeremy Antonisse,"March 29, 2002",24,26,3,Kifisia,"March 29, 2002 (aged 24)",Jeremy Antonisse,Kifisia
wikipedia,https://en.wikipedia.org/wiki/2026_FIFA_World_Cup_squads,https://en.wikipedia.org/wiki/2026_FIFA_World_Cup_squads,2026 FIFA World Cup squads,FIFA World Cup,2026,Curaçao,Curaçao,12,FW,Sontje Hansen,"May 18, 2002",24,5,1,Middlesbrough,"May 18, 2002 (aged 24)",Sontje Hansen,Middlesbrough
wikipedia,https://en.wikipedia.org/wiki/2026_FIFA_World_Cup_squads,https://en.wikipedia.org/wiki/2026_FIFA_World_Cup_squads,2026 FIFA World Cup squads,FIFA World Cup,2026,Curaçao,Curaçao,13,MF,Tyrese Noslin,"September 11, 2002",23,6,1,Telstar,"September 11, 2002 (aged 23)",Tyrese Noslin,Telstar
wikipedia,https://en.wikipedia.org/wiki/2026_FIFA_World_Cup_squads,https://en.wikipedia.org/wiki/2026_FIFA_World_Cup_squads,2026 FIFA World Cup squads,FIFA World Cup,2026,Curaçao,Curaçao,14,FW,Kenji Gorré,"September 29, 1994",31,37,6,Maccabi Haifa,"September 29, 1994 (aged 31)",Kenji Gorré,Maccabi Haifa
wikipedia,https://en.wikipedia.org/wiki/2026_FIFA_World_Cup_squads,https://en.wikipedia.org/wiki/2026_FIFA_World_Cup_squads,2026 FIFA World Cup squads,FIFA World Cup,2026,Curaçao,Curaçao,15,MF,Ar'jany Martha,"September 4, 2003",22,8,2,Rotherham United,"September 4, 2003 (aged 22)",Ar'jany Martha,Rotherham United
wikipedia,https://en.wikipedia.org/wiki/2026_FIFA_World_Cup_squads,https://en.wikipedia.org/wiki/2026_FIFA_World_Cup_squads,2026 FIFA World Cup squads,FIFA World Cup,2026,Curaçao,Curaçao,16,FW,Jearl Margaritha,"April 10, 2000",26,21,5,Beveren,"April 10, 2000 (aged 26)",Jearl Margaritha,Beveren
wikipedia,https://en.wikipedia.org/wiki/2026_FIFA_World_Cup_squads,https://en.wikipedia.org/wiki/2026_FIFA_World_Cup_squads,2026 FIFA World Cup squads,FIFA World Cup,2026,Curaçao,Curaçao,17,FW,Brandley Kuwas,"September 19, 1992",33,34,2,Volendam,"September 19, 1992 (aged 33)",Brandley Kuwas,Volendam
wikipedia,https://en.wikipedia.org/wiki/2026_FIFA_World_Cup_squads,https://en.wikipedia.org/wiki/2026_FIFA_World_Cup_squads,2026 FIFA World Cup squads,FIFA World Cup,2026,Curaçao,Curaçao,18,DF,Armando Obispo,"March 5, 1999",27,5,0,PSV Eindhoven,"March 5, 1999 (aged 27)",Armando Obispo,PSV Eindhoven
wikipedia,https://en.wikipedia.org/wiki/2026_FIFA_World_Cup_squads,https://en.wikipedia.org/wiki/2026_FIFA_World_Cup_squads,2026 FIFA World Cup squads,FIFA World Cup,2026,Curaçao,Curaçao,19,FW,Gervane Kastaneer,"June 9, 1996",30,28,9,Terengganu,"June 9, 1996 (aged 30)",Gervane Kastaneer,Terengganu
wikipedia,https://en.wikipedia.org/wiki/2026_FIFA_World_Cup_squads,https://en.wikipedia.org/wiki/2026_FIFA_World_Cup_squads,2026 FIFA World Cup squads,FIFA World Cup,2026,Curaçao,Curaçao,20,DF,Joshua Brenet,"March 20, 1994",32,17,1,Kayserispor,"March 20, 1994 (aged 32)",Joshua Brenet,Kayserispor
wikipedia,https://en.wikipedia.org/wiki/2026_FIFA_World_Cup_squads,https://en.wikipedia.org/wiki/2026_FIFA_World_Cup_squads,2026 FIFA World Cup squads,FIFA World Cup,2026,Curaçao,Curaçao,21,FW,Tahith Chong,"December 4, 1999",26,5,3,Sheffield United,"December 4, 1999 (aged 26)",Tahith Chong,Sheffield United
wikipedia,https://en.wikipedia.org/wiki/2026_FIFA_World_Cup_squads,https://en.wikipedia.org/wiki/2026_FIFA_World_Cup_squads,2026 FIFA World Cup squads,FIFA World Cup,2026,Curaçao,Curaçao,22,MF,Kevin Felida,"November 11, 1999",26,19,1,Den Bosch,"November 11, 1999 (aged 26)",Kevin Felida,Den Bosch
wikipedia,https://en.wikipedia.org/wiki/2026_FIFA_World_Cup_squads,https://en.wikipedia.org/wiki/2026_FIFA_World_Cup_squads,2026 FIFA World Cup squads,FIFA World Cup,2026,Curaçao,Curaçao,23,DF,Riechedly Bazoer,"October 12, 1996",29,4,0,Konyaspor,"October 12, 1996 (aged 29)",Riechedly Bazoer,Konyaspor
wikipedia,https://en.wikipedia.org/wiki/2026_FIFA_World_Cup_squads,https://en.wikipedia.org/wiki/2026_FIFA_World_Cup_squads,2026 FIFA World Cup squads,FIFA World Cup,2026,Curaçao,Curaçao,24,DF,Deveron Fonville,"May 16, 2003",23,1,0,NEC,"May 16, 2003 (aged 23)",Deveron Fonville,NEC
wikipedia,https://en.wikipedia.org/wiki/2026_FIFA_World_Cup_squads,https://en.wikipedia.org/wiki/2026_FIFA_World_Cup_squads,2026 FIFA World Cup squads,FIFA World Cup,2026,Curaçao,Curaçao,25,GK,Tyrick Bodak,"May 15, 2002",24,4,0,Telstar,"May 15, 2002 (aged 24)",Tyrick Bodak,Telstar
wikipedia,https://en.wikipedia.org/wiki/2026_FIFA_World_Cup_squads,https://en.wikipedia.org/wiki/2026_FIFA_World_Cup_squads,2026 FIFA World Cup squads,FIFA World Cup,2026,Curaçao,Curaçao,26,GK,Trevor Doornbusch,"July 6, 1999",26,7,0,VVV-Venlo,"July 6, 1999 (aged 26)",Trevor Doornbusch,VVV-Venlo
wikipedia,https://en.wikipedia.org/wiki/2026_FIFA_World_Cup_squads,https://en.wikipedia.org/wiki/2026_FIFA_World_Cup_squads,2026 FIFA World Cup squads,FIFA World Cup,2026,Ecuador,Ecuador,1,GK,Hernán Galíndez,"March 30, 1987",39,34,0,Huracán,"March 30, 1987 (aged 39)",Hernán Galíndez,Huracán
wikipedia,https://en.wikipedia.org/wiki/2026_FIFA_World_Cup_squads,https://en.wikipedia.org/wiki/2026_FIFA_World_Cup_squads,2026 FIFA World Cup squads,FIFA World Cup,2026,Ecuador,Ecuador,2,DF,Félix Torres,"January 11, 1997",29,48,5,Internacional,"January 11, 1997 (aged 29)",Félix Torres,Internacional
wikipedia,https://en.wikipedia.org/wiki/2026_FIFA_World_Cup_squads,https://en.wikipedia.org/wiki/2026_FIFA_World_Cup_squads,2026 FIFA World Cup squads,FIFA World Cup,2026,Ecuador,Ecuador,3,DF,Piero Hincapié,"January 9, 2002",24,51,3,Arsenal,"January 9, 2002 (aged 24)",Piero Hincapié,Arsenal
wikipedia,https://en.wikipedia.org/wiki/2026_FIFA_World_Cup_squads,https://en.wikipedia.org/wiki/2026_FIFA_World_Cup_squads,2026 FIFA World Cup squads,FIFA World Cup,2026,Ecuador,Ecuador,4,DF,Joel Ordóñez,"April 21, 2004",22,16,0,Club Brugge,"April 21, 2004 (aged 22)",Joel Ordóñez,Club Brugge
wikipedia,https://en.wikipedia.org/wiki/2026_FIFA_World_Cup_squads,https://en.wikipedia.org/wiki/2026_FIFA_World_Cup_squads,2026 FIFA World Cup squads,FIFA World Cup,2026,Ecuador,Ecuador,5,MF,Jordy Alcívar,"August 5, 1999",26,10,1,Independiente del Valle,"August 5, 1999 (aged 26)",Jordy Alcívar,Independiente del Valle
wikipedia,https://en.wikipedia.org/wiki/2026_FIFA_World_Cup_squads,https://en.wikipedia.org/wiki/2026_FIFA_World_Cup_squads,2026 FIFA World Cup squads,FIFA World Cup,2026,Ecuador,Ecuador,6,DF,Willian Pacho,"October 16, 2001",24,34,2,Paris Saint-Germain,"October 16, 2001 (aged 24)",Willian Pacho,Paris Saint-Germain
wikipedia,https://en.wikipedia.org/wiki/2026_FIFA_World_Cup_squads,https://en.wikipedia.org/wiki/2026_FIFA_World_Cup_squads,2026 FIFA World Cup squads,FIFA World Cup,2026,Ecuador,Ecuador,7,DF,Pervis Estupiñán,"January 21, 1998",28,53,4,Milan,"January 21, 1998 (aged 28)",Pervis Estupiñán,Milan
wikipedia,https://en.wikipedia.org/wiki/2026_FIFA_World_Cup_squads,https://en.wikipedia.org/wiki/2026_FIFA_World_Cup_squads,2026 FIFA World Cup squads,FIFA World Cup,2026,Ecuador,Ecuador,8,MF,Denil Castillo,"March 24, 2004",22,5,0,Midtjylland,"March 24, 2004 (aged 22)",Denil Castillo,Midtjylland
wikipedia,https://en.wikipedia.org/wiki/2026_FIFA_World_Cup_squads,https://en.wikipedia.org/wiki/2026_FIFA_World_Cup_squads,2026 FIFA World Cup squads,FIFA World Cup,2026,Ecuador,Ecuador,9,MF,John Yeboah,"June 23, 2000",25,22,3,Venezia,"June 23, 2000 (aged 25)",John Yeboah,Venezia
wikipedia,https://en.wikipedia.org/wiki/2026_FIFA_World_Cup_squads,https://en.wikipedia.org/wiki/2026_FIFA_World_Cup_squads,2026 FIFA World Cup squads,FIFA World Cup,2026,Ecuador,Ecuador,10,MF,Kendry Páez,"May 4, 2007",19,25,2,River Plate,"May 4, 2007 (aged 19)",Kendry Páez,River Plate
wikipedia,https://en.wikipedia.org/wiki/2026_FIFA_World_Cup_squads,https://en.wikipedia.org/wiki/2026_FIFA_World_Cup_squads,2026 FIFA World Cup squads,FIFA World Cup,2026,Ecuador,Ecuador,11,FW,Kevin Rodríguez,"March 4, 2000",26,31,2,Union Saint-Gilloise,"March 4, 2000 (aged 26)",Kevin Rodríguez,Union Saint-Gilloise
wikipedia,https://en.wikipedia.org/wiki/2026_FIFA_World_Cup_squads,https://en.wikipedia.org/wiki/2026_FIFA_World_Cup_squads,2026 FIFA World Cup squads,FIFA World Cup,2026,Ecuador,Ecuador,12,GK,Moisés Ramírez,"September 9, 2000",25,7,0,Kifisia,"September 9, 2000 (aged 25)",Moisés Ramírez,Kifisia
wikipedia,https://en.wikipedia.org/wiki/2026_FIFA_World_Cup_squads,https://en.wikipedia.org/wiki/2026_FIFA_World_Cup_squads,2026 FIFA World Cup squads,FIFA World Cup,2026,Ecuador,Ecuador,13,FW,Enner Valencia (captain),"November 4, 1989",36,105,49,Pachuca,"November 4, 1989 (aged 36)",Enner Valencia (captain),Pachuca
wikipedia,https://en.wikipedia.org/wiki/2026_FIFA_World_Cup_squads,https://en.wikipedia.org/wiki/2026_FIFA_World_Cup_squads,2026 FIFA World Cup squads,FIFA World Cup,2026,Ecuador,Ecuador,14,MF,Alan Minda,"May 14, 2003",23,19,2,Atlético Mineiro,"May 14, 2003 (aged 23)",Alan Minda,Atlético Mineiro
wikipedia,https://en.wikipedia.org/wiki/2026_FIFA_World_Cup_squads,https://en.wikipedia.org/wiki/2026_FIFA_World_Cup_squads,2026 FIFA World Cup squads,FIFA World Cup,2026,Ecuador,Ecuador,15,MF,Pedro Vite,"March 9, 2002",24,16,1,UNAM,"March 9, 2002 (aged 24)",Pedro Vite,UNAM
wikipedia,https://en.wikipedia.org/wiki/2026_FIFA_World_Cup_squads,https://en.wikipedia.org/wiki/2026_FIFA_World_Cup_squads,2026 FIFA World Cup squads,FIFA World Cup,2026,Ecuador,Ecuador,16,FW,Anthony Valencia,"July 21, 2003",22,2,1,Antwerp,"July 21, 2003 (aged 22)",Anthony Valencia,Antwerp
wikipedia,https://en.wikipedia.org/wiki/2026_FIFA_World_Cup_squads,https://en.wikipedia.org/wiki/2026_FIFA_World_Cup_squads,2026 FIFA World Cup squads,FIFA World Cup,2026,Ecuador,Ecuador,17,DF,Ángelo Preciado,"February 18, 1998",28,54,0,Atlético Mineiro,"February 18, 1998 (aged 28)",Ángelo Preciado,Atlético Mineiro
wikipedia,https://en.wikipedia.org/wiki/2026_FIFA_World_Cup_squads,https://en.wikipedia.org/wiki/2026_FIFA_World_Cup_squads,2026 FIFA World Cup squads,FIFA World Cup,2026,Ecuador,Ecuador,18,FW,Jordy Caicedo,"November 18, 1997",28,19,3,Huracán,"November 18, 1997 (aged 28)",Jordy Caicedo,Huracán
wikipedia,https://en.wikipedia.org/wiki/2026_FIFA_World_Cup_squads,https://en.wikipedia.org/wiki/2026_FIFA_World_Cup_squads,2026 FIFA World Cup squads,FIFA World Cup,2026,Ecuador,Ecuador,19,MF,Gonzalo Plata,"November 1, 2000",25,49,8,Flamengo,"November 1, 2000 (aged 25)",Gonzalo Plata,Flamengo
wikipedia,https://en.wikipedia.org/wiki/2026_FIFA_World_Cup_squads,https://en.wikipedia.org/wiki/2026_FIFA_World_Cup_squads,2026 FIFA World Cup squads,FIFA World Cup,2026,Ecuador,Ecuador,20,FW,Nilson Angulo,"June 19, 2003",22,13,1,Sunderland,"June 19, 2003 (aged 22)",Nilson Angulo,Sunderland
wikipedia,https://en.wikipedia.org/wiki/2026_FIFA_World_Cup_squads,https://en.wikipedia.org/wiki/2026_FIFA_World_Cup_squads,2026 FIFA World Cup squads,FIFA World Cup,2026,Ecuador,Ecuador,21,MF,Alan Franco,"August 21, 1998",27,57,1,Atlético Mineiro,"August 21, 1998 (aged 27)",Alan Franco,Atlético Mineiro
wikipedia,https://en.wikipedia.org/wiki/2026_FIFA_World_Cup_squads,https://en.wikipedia.org/wiki/2026_FIFA_World_Cup_squads,2026 FIFA World Cup squads,FIFA World Cup,2026,Ecuador,Ecuador,22,GK,Gonzalo Valle,"February 28, 1996",30,3,0,LDU Quito,"February 28, 1996 (aged 30)",Gonzalo Valle,LDU Quito
wikipedia,https://en.wikipedia.org/wiki/2026_FIFA_World_Cup_squads,https://en.wikipedia.org/wiki/2026_FIFA_World_Cup_squads,2026 FIFA World Cup squads,FIFA World Cup,2026,Ecuador,Ecuador,23,MF,Moisés Caicedo,"November 2, 2001",24,60,3,Chelsea,"November 2, 2001 (aged 24)",Moisés Caicedo,Chelsea
wikipedia,https://en.wikipedia.org/wiki/2026_FIFA_World_Cup_squads,https://en.wikipedia.org/wiki/2026_FIFA_World_Cup_squads,2026 FIFA World Cup squads,FIFA World Cup,2026,Ecuador,Ecuador,24,MF,Yaimar Medina,"November 5, 2004",21,5,0,Genk,"November 5, 2004 (aged 21)",Yaimar Medina,Genk
wikipedia,https://en.wikipedia.org/wiki/2026_FIFA_World_Cup_squads,https://en.wikipedia.org/wiki/2026_FIFA_World_Cup_squads,2026 FIFA World Cup squads,FIFA World Cup,2026,Ecuador,Ecuador,25,DF,Jackson Porozo,"August 4, 2000",25,9,1,Tijuana,"August 4, 2000 (aged 25)",Jackson Porozo,Tijuana
wikipedia,https://en.wikipedia.org/wiki/2026_FIFA_World_Cup_squads,https://en.wikipedia.org/wiki/2026_FIFA_World_Cup_squads,2026 FIFA World Cup squads,FIFA World Cup,2026,Ecuador,Ecuador,26,FW,Jeremy Arévalo,"March 19, 2005",21,3,0,VfB Stuttgart,"March 19, 2005 (aged 21)",Jeremy Arévalo,VfB Stuttgart
wikipedia,https://en.wikipedia.org/wiki/2026_FIFA_World_Cup_squads,https://en.wikipedia.org/wiki/2026_FIFA_World_Cup_squads,2026 FIFA World Cup squads,FIFA World Cup,2026,Germany,Germany,1,GK,Manuel Neuer,"March 27, 1986",40,124,0,Bayern Munich,"March 27, 1986 (aged 40)",Manuel Neuer,Bayern Munich
wikipedia,https://en.wikipedia.org/wiki/2026_FIFA_World_Cup_squads,https://en.wikipedia.org/wiki/2026_FIFA_World_Cup_squads,2026 FIFA World Cup squads,FIFA World Cup,2026,Germany,Germany,2,DF,Antonio Rüdiger,"March 3, 1993",33,82,3,Real Madrid,"March 3, 1993 (aged 33)",Antonio Rüdiger,Real Madrid
wikipedia,https://en.wikipedia.org/wiki/2026_FIFA_World_Cup_squads,https://en.wikipedia.org/wiki/2026_FIFA_World_Cup_squads,2026 FIFA World Cup squads,FIFA World Cup,2026,Germany,Germany,3,DF,Waldemar Anton,"July 20, 1996",29,12,0,Borussia Dortmund,"July 20, 1996 (aged 29)",Waldemar Anton,Borussia Dortmund
wikipedia,https://en.wikipedia.org/wiki/2026_FIFA_World_Cup_squads,https://en.wikipedia.org/wiki/2026_FIFA_World_Cup_squads,2026 FIFA World Cup squads,FIFA World Cup,2026,Germany,Germany,4,DF,Jonathan Tah,"February 11, 1996",30,46,1,Bayern Munich,"February 11, 1996 (aged 30)",Jonathan Tah,Bayern Munich
wikipedia,https://en.wikipedia.org/wiki/2026_FIFA_World_Cup_squads,https://en.wikipedia.org/wiki/2026_FIFA_World_Cup_squads,2026 FIFA World Cup squads,FIFA World Cup,2026,Germany,Germany,5,MF,Aleksandar Pavlović,"May 3, 2004",22,10,1,Bayern Munich,"May 3, 2004 (aged 22)",Aleksandar Pavlović,Bayern Munich
wikipedia,https://en.wikipedia.org/wiki/2026_FIFA_World_Cup_squads,https://en.wikipedia.org/wiki/2026_FIFA_World_Cup_squads,2026 FIFA World Cup squads,FIFA World Cup,2026,Germany,Germany,6,MF,Joshua Kimmich (captain),"February 8, 1995",31,109,11,Bayern Munich,"February 8, 1995 (aged 31)",Joshua Kimmich (captain),Bayern Munich
wikipedia,https://en.wikipedia.org/wiki/2026_FIFA_World_Cup_squads,https://en.wikipedia.org/wiki/2026_FIFA_World_Cup_squads,2026 FIFA World Cup squads,FIFA World Cup,2026,Germany,Germany,7,FW,Kai Havertz,"June 11, 1999",27,57,21,Arsenal,"June 11, 1999 (aged 27)",Kai Havertz,Arsenal
wikipedia,https://en.wikipedia.org/wiki/2026_FIFA_World_Cup_squads,https://en.wikipedia.org/wiki/2026_FIFA_World_Cup_squads,2026 FIFA World Cup squads,FIFA World Cup,2026,Germany,Germany,8,MF,Leon Goretzka,"February 6, 1995",31,69,15,Bayern Munich,"February 6, 1995 (aged 31)",Leon Goretzka,Bayern Munich
wikipedia,https://en.wikipedia.org/wiki/2026_FIFA_World_Cup_squads,https://en.wikipedia.org/wiki/2026_FIFA_World_Cup_squads,2026 FIFA World Cup squads,FIFA World Cup,2026,Germany,Germany,9,MF,Jamie Leweling,"February 26, 2001",25,4,1,VfB Stuttgart,"February 26, 2001 (aged 25)",Jamie Leweling,VfB Stuttgart
wikipedia,https://en.wikipedia.org/wiki/2026_FIFA_World_Cup_squads,https://en.wikipedia.org/wiki/2026_FIFA_World_Cup_squads,2026 FIFA World Cup squads,FIFA World Cup,2026,Germany,Germany,10,MF,Jamal Musiala,"February 26, 2003",23,41,9,Bayern Munich,"February 26, 2003 (aged 23)",Jamal Musiala,Bayern Munich
wikipedia,https://en.wikipedia.org/wiki/2026_FIFA_World_Cup_squads,https://en.wikipedia.org/wiki/2026_FIFA_World_Cup_squads,2026 FIFA World Cup squads,FIFA World Cup,2026,Germany,Germany,11,FW,Nick Woltemade,"February 14, 2002",24,11,4,Newcastle United,"February 14, 2002 (aged 24)",Nick Woltemade,Newcastle United
wikipedia,https://en.wikipedia.org/wiki/2026_FIFA_World_Cup_squads,https://en.wikipedia.org/wiki/2026_FIFA_World_Cup_squads,2026 FIFA World Cup squads,FIFA World Cup,2026,Germany,Germany,12,GK,Oliver Baumann,"June 2, 1990",36,12,0,TSG Hoffenheim,"June 2, 1990 (aged 36)",Oliver Baumann,TSG Hoffenheim
wikipedia,https://en.wikipedia.org/wiki/2026_FIFA_World_Cup_squads,https://en.wikipedia.org/wiki/2026_FIFA_World_Cup_squads,2026 FIFA World Cup squads,FIFA World Cup,2026,Germany,Germany,13,MF,Pascal Groß,"June 15, 1991",34,18,1,Brighton & Hove Albion,"June 15, 1991 (aged 34)",Pascal Groß,Brighton & Hove Albion
wikipedia,https://en.wikipedia.org/wiki/2026_FIFA_World_Cup_squads,https://en.wikipedia.org/wiki/2026_FIFA_World_Cup_squads,2026 FIFA World Cup squads,FIFA World Cup,2026,Germany,Germany,14,FW,Maximilian Beier,"October 17, 2002",23,8,0,Borussia Dortmund,"October 17, 2002 (aged 23)",Maximilian Beier,Borussia Dortmund
wikipedia,https://en.wikipedia.org/wiki/2026_FIFA_World_Cup_squads,https://en.wikipedia.org/wiki/2026_FIFA_World_Cup_squads,2026 FIFA World Cup squads,FIFA World Cup,2026,Germany,Germany,15,DF,Nico Schlotterbeck,"December 1, 1999",26,26,0,Borussia Dortmund,"December 1, 1999 (aged 26)",Nico Schlotterbeck,Borussia Dortmund
wikipedia,https://en.wikipedia.org/wiki/2026_FIFA_World_Cup_squads,https://en.wikipedia.org/wiki/2026_FIFA_World_Cup_squads,2026 FIFA World Cup squads,FIFA World Cup,2026,Germany,Germany,16,MF,Angelo Stiller,"April 4, 2001",25,7,0,VfB Stuttgart,"April 4, 2001 (aged 25)",Angelo Stiller,VfB Stuttgart
wikipedia,https://en.wikipedia.org/wiki/2026_FIFA_World_Cup_squads,https://en.wikipedia.org/wiki/2026_FIFA_World_Cup_squads,2026 FIFA World Cup squads,FIFA World Cup,2026,Germany,Germany,17,MF,Florian Wirtz,"May 3, 2003",23,40,11,Liverpool,"May 3, 2003 (aged 23)",Florian Wirtz,Liverpool
wikipedia,https://en.wikipedia.org/wiki/2026_FIFA_World_Cup_squads,https://en.wikipedia.org/wiki/2026_FIFA_World_Cup_squads,2026 FIFA World Cup squads,FIFA World Cup,2026,Germany,Germany,18,DF,Nathaniel Brown,"June 16, 2003",22,4,0,Eintracht Frankfurt,"June 16, 2003 (aged 22)",Nathaniel Brown,Eintracht Frankfurt
wikipedia,https://en.wikipedia.org/wiki/2026_FIFA_World_Cup_squads,https://en.wikipedia.org/wiki/2026_FIFA_World_Cup_squads,2026 FIFA World Cup squads,FIFA World Cup,2026,Germany,Germany,19,MF,Leroy Sané,"January 11, 1996",30,75,16,Galatasaray,"January 11, 1996 (aged 30)",Leroy Sané,Galatasaray
wikipedia,https://en.wikipedia.org/wiki/2026_FIFA_World_Cup_squads,https://en.wikipedia.org/wiki/2026_FIFA_World_Cup_squads,2026 FIFA World Cup squads,FIFA World Cup,2026,Germany,Germany,20,MF,Nadiem Amiri,"October 27, 1996",29,10,1,Mainz 05,"October 27, 1996 (aged 29)",Nadiem Amiri,Mainz 05
wikipedia,https://en.wikipedia.org/wiki/2026_FIFA_World_Cup_squads,https://en.wikipedia.org/wiki/2026_FIFA_World_Cup_squads,2026 FIFA World Cup squads,FIFA World Cup,2026,Germany,Germany,21,GK,Alexander Nübel,"September 30, 1996",29,3,0,VfB Stuttgart,"September 30, 1996 (aged 29)",Alexander Nübel,VfB Stuttgart
wikipedia,https://en.wikipedia.org/wiki/2026_FIFA_World_Cup_squads,https://en.wikipedia.org/wiki/2026_FIFA_World_Cup_squads,2026 FIFA World Cup squads,FIFA World Cup,2026,Germany,Germany,22,DF,David Raum,"April 22, 1998",28,36,1,RB Leipzig,"April 22, 1998 (aged 28)",David Raum,RB Leipzig
wikipedia,https://en.wikipedia.org/wiki/2026_FIFA_World_Cup_squads,https://en.wikipedia.org/wiki/2026_FIFA_World_Cup_squads,2026 FIFA World Cup squads,FIFA World Cup,2026,Germany,Germany,23,MF,Felix Nmecha,"October 10, 2000",25,7,1,Borussia Dortmund,"October 10, 2000 (aged 25)",Felix Nmecha,Borussia Dortmund
wikipedia,https://en.wikipedia.org/wiki/2026_FIFA_World_Cup_squads,https://en.wikipedia.org/wiki/2026_FIFA_World_Cup_squads,2026 FIFA World Cup squads,FIFA World Cup,2026,Germany,Germany,24,DF,Malick Thiaw,"August 8, 2001",24,5,0,Newcastle United,"August 8, 2001 (aged 24)",Malick Thiaw,Newcastle United
wikipedia,https://en.wikipedia.org/wiki/2026_FIFA_World_Cup_squads,https://en.wikipedia.org/wiki/2026_FIFA_World_Cup_squads,2026 FIFA World Cup squads,FIFA World Cup,2026,Germany,Germany,25,MF,Lennart Karl,"February 22, 2008",18,3,0,Bayern Munich,"February 22, 2008 (aged 18)",Lennart Karl,Bayern Munich
wikipedia,https://en.wikipedia.org/wiki/2026_FIFA_World_Cup_squads,https://en.wikipedia.org/wiki/2026_FIFA_World_Cup_squads,2026 FIFA World Cup squads,FIFA World Cup,2026,Germany,Germany,26,FW,Deniz Undav,"July 19, 1996",29,8,6,VfB Stuttgart,"July 19, 1996 (aged 29)",Deniz Undav,VfB Stuttgart
wikipedia,https://en.wikipedia.org/wiki/2026_FIFA_World_Cup_squads,https://en.wikipedia.org/wiki/2026_FIFA_World_Cup_squads,2026 FIFA World Cup squads,FIFA World Cup,2026,Ivory Coast,Ivory Coast,,GK,Yahia Fofana,"August 21, 2000",25,34,0,Çaykur Rizespor,"August 21, 2000 (aged 25)",Yahia Fofana,Çaykur Rizespor
wikipedia,https://en.wikipedia.org/wiki/2026_FIFA_World_Cup_squads,https://en.wikipedia.org/wiki/2026_FIFA_World_Cup_squads,2026 FIFA World Cup squads,FIFA World Cup,2026,Ivory Coast,Ivory Coast,,GK,Alban Lafont,"January 23, 1999",27,4,0,Panathinaikos,"January 23, 1999 (aged 27)",Alban Lafont,Panathinaikos
wikipedia,https://en.wikipedia.org/wiki/2026_FIFA_World_Cup_squads,https://en.wikipedia.org/wiki/2026_FIFA_World_Cup_squads,2026 FIFA World Cup squads,FIFA World Cup,2026,Ivory Coast,Ivory Coast,,GK,Mohamed Koné,"March 7, 2002",24,0,0,Charleroi,"March 7, 2002 (aged 24)",Mohamed Koné,Charleroi
wikipedia,https://en.wikipedia.org/wiki/2026_FIFA_World_Cup_squads,https://en.wikipedia.org/wiki/2026_FIFA_World_Cup_squads,2026 FIFA World Cup squads,FIFA World Cup,2026,Ivory Coast,Ivory Coast,,DF,Ghislain Konan,"December 27, 1995",30,53,0,Gil Vicente,"December 27, 1995 (aged 30)",Ghislain Konan,Gil Vicente
wikipedia,https://en.wikipedia.org/wiki/2026_FIFA_World_Cup_squads,https://en.wikipedia.org/wiki/2026_FIFA_World_Cup_squads,2026 FIFA World Cup squads,FIFA World Cup,2026,Ivory Coast,Ivory Coast,,DF,Odilon Kossounou,"January 4, 2001",25,35,0,Atalanta,"January 4, 2001 (aged 25)",Odilon Kossounou,Atalanta
wikipedia,https://en.wikipedia.org/wiki/2026_FIFA_World_Cup_squads,https://en.wikipedia.org/wiki/2026_FIFA_World_Cup_squads,2026 FIFA World Cup squads,FIFA World Cup,2026,Ivory Coast,Ivory Coast,,DF,Wilfried Singo,"December 25, 2000",25,33,1,Galatasaray,"December 25, 2000 (aged 25)",Wilfried Singo,Galatasaray
wikipedia,https://en.wikipedia.org/wiki/2026_FIFA_World_Cup_squads,https://en.wikipedia.org/wiki/2026_FIFA_World_Cup_squads,2026 FIFA World Cup squads,FIFA World Cup,2026,Ivory Coast,Ivory Coast,,DF,Evan Ndicka,"August 20, 1999",26,28,0,Roma,"August 20, 1999 (aged 26)",Evan Ndicka,Roma
wikipedia,https://en.wikipedia.org/wiki/2026_FIFA_World_Cup_squads,https://en.wikipedia.org/wiki/2026_FIFA_World_Cup_squads,2026 FIFA World Cup squads,FIFA World Cup,2026,Ivory Coast,Ivory Coast,,DF,Emmanuel Agbadou,"June 7, 1997",29,19,2,Beşiktaş,"June 7, 1997 (aged 29)",Emmanuel Agbadou,Beşiktaş
wikipedia,https://en.wikipedia.org/wiki/2026_FIFA_World_Cup_squads,https://en.wikipedia.org/wiki/2026_FIFA_World_Cup_squads,2026 FIFA World Cup squads,FIFA World Cup,2026,Ivory Coast,Ivory Coast,,DF,Guéla Doué,"October 17, 2002",23,19,2,Strasbourg,"October 17, 2002 (aged 23)",Guéla Doué,Strasbourg
wikipedia,https://en.wikipedia.org/wiki/2026_FIFA_World_Cup_squads,https://en.wikipedia.org/wiki/2026_FIFA_World_Cup_squads,2026 FIFA World Cup squads,FIFA World Cup,2026,Ivory Coast,Ivory Coast,,DF,Ousmane Diomande,"December 4, 2003",22,14,1,Sporting CP,"December 4, 2003 (aged 22)",Ousmane Diomande,Sporting CP
wikipedia,https://en.wikipedia.org/wiki/2026_FIFA_World_Cup_squads,https://en.wikipedia.org/wiki/2026_FIFA_World_Cup_squads,2026 FIFA World Cup squads,FIFA World Cup,2026,Ivory Coast,Ivory Coast,,DF,Christopher Opéri,"April 29, 1997",29,11,0,İstanbul Başakşehir,"April 29, 1997 (aged 29)",Christopher Opéri,İstanbul Başakşehir
wikipedia,https://en.wikipedia.org/wiki/2026_FIFA_World_Cup_squads,https://en.wikipedia.org/wiki/2026_FIFA_World_Cup_squads,2026 FIFA World Cup squads,FIFA World Cup,2026,Ivory Coast,Ivory Coast,,MF,Franck Kessié (captain),"December 19, 1996",29,102,15,Al-Ahli,"December 19, 1996 (aged 29)",Franck Kessié (captain),Al-Ahli
wikipedia,https://en.wikipedia.org/wiki/2026_FIFA_World_Cup_squads,https://en.wikipedia.org/wiki/2026_FIFA_World_Cup_squads,2026 FIFA World Cup squads,FIFA World Cup,2026,Ivory Coast,Ivory Coast,,MF,Jean Michaël Seri,"July 19, 1991",34,65,4,Maribor,"July 19, 1991 (aged 34)",Jean Michaël Seri,Maribor
wikipedia,https://en.wikipedia.org/wiki/2026_FIFA_World_Cup_squads,https://en.wikipedia.org/wiki/2026_FIFA_World_Cup_squads,2026 FIFA World Cup squads,FIFA World Cup,2026,Ivory Coast,Ivory Coast,,MF,Ibrahim Sangaré,"December 2, 1997",28,57,12,Nottingham Forest,"December 2, 1997 (aged 28)",Ibrahim Sangaré,Nottingham Forest
wikipedia,https://en.wikipedia.org/wiki/2026_FIFA_World_Cup_squads,https://en.wikipedia.org/wiki/2026_FIFA_World_Cup_squads,2026 FIFA World Cup squads,FIFA World Cup,2026,Ivory Coast,Ivory Coast,,MF,Seko Fofana,"May 7, 1995",31,31,7,Porto,"May 7, 1995 (aged 31)",Seko Fofana,Porto
wikipedia,https://en.wikipedia.org/wiki/2026_FIFA_World_Cup_squads,https://en.wikipedia.org/wiki/2026_FIFA_World_Cup_squads,2026 FIFA World Cup squads,FIFA World Cup,2026,Ivory Coast,Ivory Coast,,MF,Christ Inao Oulaï,"April 6, 2006",20,8,0,Trabzonspor,"April 6, 2006 (aged 20)",Christ Inao Oulaï,Trabzonspor
wikipedia,https://en.wikipedia.org/wiki/2026_FIFA_World_Cup_squads,https://en.wikipedia.org/wiki/2026_FIFA_World_Cup_squads,2026 FIFA World Cup squads,FIFA World Cup,2026,Ivory Coast,Ivory Coast,,MF,Parfait Guiagon,"February 22, 2001",25,5,0,Charleroi,"February 22, 2001 (aged 25)",Parfait Guiagon,Charleroi
wikipedia,https://en.wikipedia.org/wiki/2026_FIFA_World_Cup_squads,https://en.wikipedia.org/wiki/2026_FIFA_World_Cup_squads,2026 FIFA World Cup squads,FIFA World Cup,2026,Ivory Coast,Ivory Coast,,FW,Nicolas Pépé,"May 29, 1995",31,54,12,Villarreal,"May 29, 1995 (aged 31)",Nicolas Pépé,Villarreal
wikipedia,https://en.wikipedia.org/wiki/2026_FIFA_World_Cup_squads,https://en.wikipedia.org/wiki/2026_FIFA_World_Cup_squads,2026 FIFA World Cup squads,FIFA World Cup,2026,Ivory Coast,Ivory Coast,,FW,Oumar Diakité,"December 20, 2003",22,28,6,Cercle Brugge,"December 20, 2003 (aged 22)",Oumar Diakité,Cercle Brugge
wikipedia,https://en.wikipedia.org/wiki/2026_FIFA_World_Cup_squads,https://en.wikipedia.org/wiki/2026_FIFA_World_Cup_squads,2026 FIFA World Cup squads,FIFA World Cup,2026,Ivory Coast,Ivory Coast,,FW,Simon Adingra,"January 1, 2002",24,28,5,Monaco,"January 1, 2002 (aged 24)",Simon Adingra,Monaco
wikipedia,https://en.wikipedia.org/wiki/2026_FIFA_World_Cup_squads,https://en.wikipedia.org/wiki/2026_FIFA_World_Cup_squads,2026 FIFA World Cup squads,FIFA World Cup,2026,Ivory Coast,Ivory Coast,,FW,Evann Guessand,"July 1, 2001",24,21,4,Crystal Palace,"July 1, 2001 (aged 24)",Evann Guessand,Crystal Palace
wikipedia,https://en.wikipedia.org/wiki/2026_FIFA_World_Cup_squads,https://en.wikipedia.org/wiki/2026_FIFA_World_Cup_squads,2026 FIFA World Cup squads,FIFA World Cup,2026,Ivory Coast,Ivory Coast,,FW,Amad Diallo,"July 11, 2002",23,18,5,Manchester United,"July 11, 2002 (aged 23)",Amad Diallo,Manchester United
wikipedia,https://en.wikipedia.org/wiki/2026_FIFA_World_Cup_squads,https://en.wikipedia.org/wiki/2026_FIFA_World_Cup_squads,2026 FIFA World Cup squads,FIFA World Cup,2026,Ivory Coast,Ivory Coast,,FW,Yan Diomande,"November 14, 2006",19,9,3,RB Leipzig,"November 14, 2006 (aged 19)",Yan Diomande,RB Leipzig
wikipedia,https://en.wikipedia.org/wiki/2026_FIFA_World_Cup_squads,https://en.wikipedia.org/wiki/2026_FIFA_World_Cup_squads,2026 FIFA World Cup squads,FIFA World Cup,2026,Ivory Coast,Ivory Coast,,FW,Bazoumana Touré,"March 2, 2006",20,5,2,TSG Hoffenheim,"March 2, 2006 (aged 20)",Bazoumana Touré,TSG Hoffenheim
wikipedia,https://en.wikipedia.org/wiki/2026_FIFA_World_Cup_squads,https://en.wikipedia.org/wiki/2026_FIFA_World_Cup_squads,2026 FIFA World Cup squads,FIFA World Cup,2026,Ivory Coast,Ivory Coast,,FW,Elye Wahi,"January 2, 2003",23,1,0,Nice,"January 2, 2003 (aged 23)",Elye Wahi,Nice
wikipedia,https://en.wikipedia.org/wiki/2026_FIFA_World_Cup_squads,https://en.wikipedia.org/wiki/2026_FIFA_World_Cup_squads,2026 FIFA World Cup squads,FIFA World Cup,2026,Ivory Coast,Ivory Coast,,FW,Ange-Yoan Bonny,"October 25, 2003",22,0,0,Inter Milan,"October 25, 2003 (aged 22)",Ange-Yoan Bonny,Inter Milan
wikipedia,https://en.wikipedia.org/wiki/2026_FIFA_World_Cup_squads,https://en.wikipedia.org/wiki/2026_FIFA_World_Cup_squads,2026 FIFA World Cup squads,FIFA World Cup,2026,Japan,Japan,1,GK,Zion Suzuki,"August 21, 2002",23,24,0,Parma,"August 21, 2002 (aged 23)",Zion Suzuki,Parma
wikipedia,https://en.wikipedia.org/wiki/2026_FIFA_World_Cup_squads,https://en.wikipedia.org/wiki/2026_FIFA_World_Cup_squads,2026 FIFA World Cup squads,FIFA World Cup,2026,Japan,Japan,2,DF,Yukinari Sugawara,"June 28, 2000",25,21,2,Werder Bremen,"June 28, 2000 (aged 25)",Yukinari Sugawara,Werder Bremen
wikipedia,https://en.wikipedia.org/wiki/2026_FIFA_World_Cup_squads,https://en.wikipedia.org/wiki/2026_FIFA_World_Cup_squads,2026 FIFA World Cup squads,FIFA World Cup,2026,Japan,Japan,3,DF,Shōgo Taniguchi,"July 15, 1991",34,38,1,Sint-Truiden,"July 15, 1991 (aged 34)",Shōgo Taniguchi,Sint-Truiden
wikipedia,https://en.wikipedia.org/wiki/2026_FIFA_World_Cup_squads,https://en.wikipedia.org/wiki/2026_FIFA_World_Cup_squads,2026 FIFA World Cup squads,FIFA World Cup,2026,Japan,Japan,4,DF,Kō Itakura,"January 27, 1997",29,40,2,Ajax,"January 27, 1997 (aged 29)",Kō Itakura,Ajax
wikipedia,https://en.wikipedia.org/wiki/2026_FIFA_World_Cup_squads,https://en.wikipedia.org/wiki/2026_FIFA_World_Cup_squads,2026 FIFA World Cup squads,FIFA World Cup,2026,Japan,Japan,5,DF,Yūto Nagatomo,"September 12, 1986",39,145,4,FC Tokyo,"September 12, 1986 (aged 39)",Yūto Nagatomo,FC Tokyo
wikipedia,https://en.wikipedia.org/wiki/2026_FIFA_World_Cup_squads,https://en.wikipedia.org/wiki/2026_FIFA_World_Cup_squads,2026 FIFA World Cup squads,FIFA World Cup,2026,Japan,Japan,6,MF,Wataru Endo (captain),"February 9, 1993",33,73,4,Liverpool,"February 9, 1993 (aged 33)",Wataru Endo (captain),Liverpool
wikipedia,https://en.wikipedia.org/wiki/2026_FIFA_World_Cup_squads,https://en.wikipedia.org/wiki/2026_FIFA_World_Cup_squads,2026 FIFA World Cup squads,FIFA World Cup,2026,Japan,Japan,7,MF,Ao Tanaka,"September 10, 1998",27,38,8,Leeds United,"September 10, 1998 (aged 27)",Ao Tanaka,Leeds United
wikipedia,https://en.wikipedia.org/wiki/2026_FIFA_World_Cup_squads,https://en.wikipedia.org/wiki/2026_FIFA_World_Cup_squads,2026 FIFA World Cup squads,FIFA World Cup,2026,Japan,Japan,8,MF,Takefusa Kubo,"June 4, 2001",25,49,7,Real Sociedad,"June 4, 2001 (aged 25)",Takefusa Kubo,Real Sociedad
wikipedia,https://en.wikipedia.org/wiki/2026_FIFA_World_Cup_squads,https://en.wikipedia.org/wiki/2026_FIFA_World_Cup_squads,2026 FIFA World Cup squads,FIFA World Cup,2026,Japan,Japan,9,FW,Keisuke Gotō,"June 3, 2005",21,4,0,Sint-Truiden,"June 3, 2005 (aged 21)",Keisuke Gotō,Sint-Truiden
wikipedia,https://en.wikipedia.org/wiki/2026_FIFA_World_Cup_squads,https://en.wikipedia.org/wiki/2026_FIFA_World_Cup_squads,2026 FIFA World Cup squads,FIFA World Cup,2026,Japan,Japan,10,MF,Ritsu Dōan,"June 16, 1998",27,65,11,Eintracht Frankfurt,"June 16, 1998 (aged 27)",Ritsu Dōan,Eintracht Frankfurt
wikipedia,https://en.wikipedia.org/wiki/2026_FIFA_World_Cup_squads,https://en.wikipedia.org/wiki/2026_FIFA_World_Cup_squads,2026 FIFA World Cup squads,FIFA World Cup,2026,Japan,Japan,11,FW,Daizen Maeda,"October 20, 1997",28,27,4,Celtic,"October 20, 1997 (aged 28)",Daizen Maeda,Celtic
wikipedia,https://en.wikipedia.org/wiki/2026_FIFA_World_Cup_squads,https://en.wikipedia.org/wiki/2026_FIFA_World_Cup_squads,2026 FIFA World Cup squads,FIFA World Cup,2026,Japan,Japan,12,GK,Keisuke Ōsako,"July 28, 1999",26,11,0,Sanfrecce Hiroshima,"July 28, 1999 (aged 26)",Keisuke Ōsako,Sanfrecce Hiroshima
wikipedia,https://en.wikipedia.org/wiki/2026_FIFA_World_Cup_squads,https://en.wikipedia.org/wiki/2026_FIFA_World_Cup_squads,2026 FIFA World Cup squads,FIFA World Cup,2026,Japan,Japan,13,MF,Keito Nakamura,"July 28, 2000",25,25,10,Reims,"July 28, 2000 (aged 25)",Keito Nakamura,Reims
wikipedia,https://en.wikipedia.org/wiki/2026_FIFA_World_Cup_squads,https://en.wikipedia.org/wiki/2026_FIFA_World_Cup_squads,2026 FIFA World Cup squads,FIFA World Cup,2026,Japan,Japan,14,MF,Junya Itō,"March 9, 1993",33,69,15,Genk,"March 9, 1993 (aged 33)",Junya Itō,Genk
wikipedia,https://en.wikipedia.org/wiki/2026_FIFA_World_Cup_squads,https://en.wikipedia.org/wiki/2026_FIFA_World_Cup_squads,2026 FIFA World Cup squads,FIFA World Cup,2026,Japan,Japan,15,MF,Daichi Kamada,"August 5, 1996",29,49,12,Crystal Palace,"August 5, 1996 (aged 29)",Daichi Kamada,Crystal Palace
wikipedia,https://en.wikipedia.org/wiki/2026_FIFA_World_Cup_squads,https://en.wikipedia.org/wiki/2026_FIFA_World_Cup_squads,2026 FIFA World Cup squads,FIFA World Cup,2026,Japan,Japan,16,DF,Tsuyoshi Watanabe,"February 5, 1997",29,11,0,Feyenoord,"February 5, 1997 (aged 29)",Tsuyoshi Watanabe,Feyenoord
wikipedia,https://en.wikipedia.org/wiki/2026_FIFA_World_Cup_squads,https://en.wikipedia.org/wiki/2026_FIFA_World_Cup_squads,2026 FIFA World Cup squads,FIFA World Cup,2026,Japan,Japan,17,FW,Yuito Suzuki,"October 25, 2001",24,6,0,SC Freiburg,"October 25, 2001 (aged 24)",Yuito Suzuki,SC Freiburg
wikipedia,https://en.wikipedia.org/wiki/2026_FIFA_World_Cup_squads,https://en.wikipedia.org/wiki/2026_FIFA_World_Cup_squads,2026 FIFA World Cup squads,FIFA World Cup,2026,Japan,Japan,18,FW,Ayase Ueda,"August 28, 1998",27,39,16,Feyenoord,"August 28, 1998 (aged 27)",Ayase Ueda,Feyenoord
wikipedia,https://en.wikipedia.org/wiki/2026_FIFA_World_Cup_squads,https://en.wikipedia.org/wiki/2026_FIFA_World_Cup_squads,2026 FIFA World Cup squads,FIFA World Cup,2026,Japan,Japan,19,FW,Kōki Ogawa,"August 8, 1997",28,15,11,NEC,"August 8, 1997 (aged 28)",Kōki Ogawa,NEC
wikipedia,https://en.wikipedia.org/wiki/2026_FIFA_World_Cup_squads,https://en.wikipedia.org/wiki/2026_FIFA_World_Cup_squads,2026 FIFA World Cup squads,FIFA World Cup,2026,Japan,Japan,20,DF,Ayumu Seko,"June 7, 2000",26,14,0,Le Havre,"June 7, 2000 (aged 26)",Ayumu Seko,Le Havre
wikipedia,https://en.wikipedia.org/wiki/2026_FIFA_World_Cup_squads,https://en.wikipedia.org/wiki/2026_FIFA_World_Cup_squads,2026 FIFA World Cup squads,FIFA World Cup,2026,Japan,Japan,21,DF,Hiroki Itō,"May 12, 1999",27,24,1,Bayern Munich,"May 12, 1999 (aged 27)",Hiroki Itō,Bayern Munich
wikipedia,https://en.wikipedia.org/wiki/2026_FIFA_World_Cup_squads,https://en.wikipedia.org/wiki/2026_FIFA_World_Cup_squads,2026 FIFA World Cup squads,FIFA World Cup,2026,Japan,Japan,22,DF,Takehiro Tomiyasu,"November 5, 1998",27,43,1,Ajax,"November 5, 1998 (aged 27)",Takehiro Tomiyasu,Ajax
wikipedia,https://en.wikipedia.org/wiki/2026_FIFA_World_Cup_squads,https://en.wikipedia.org/wiki/2026_FIFA_World_Cup_squads,2026 FIFA World Cup squads,FIFA World Cup,2026,Japan,Japan,23,GK,Tomoki Hayakawa,"March 3, 1999",27,4,0,Kashima Antlers,"March 3, 1999 (aged 27)",Tomoki Hayakawa,Kashima Antlers
wikipedia,https://en.wikipedia.org/wiki/2026_FIFA_World_Cup_squads,https://en.wikipedia.org/wiki/2026_FIFA_World_Cup_squads,2026 FIFA World Cup squads,FIFA World Cup,2026,Japan,Japan,24,MF,Kaishū Sano,"December 30, 2000",25,13,0,Mainz 05,"December 30, 2000 (aged 25)",Kaishū Sano,Mainz 05
wikipedia,https://en.wikipedia.org/wiki/2026_FIFA_World_Cup_squads,https://en.wikipedia.org/wiki/2026_FIFA_World_Cup_squads,2026 FIFA World Cup squads,FIFA World Cup,2026,Japan,Japan,25,DF,Junnosuke Suzuki,"July 12, 2003",22,6,0,Copenhagen,"July 12, 2003 (aged 22)",Junnosuke Suzuki,Copenhagen
wikipedia,https://en.wikipedia.org/wiki/2026_FIFA_World_Cup_squads,https://en.wikipedia.org/wiki/2026_FIFA_World_Cup_squads,2026 FIFA World Cup squads,FIFA World Cup,2026,Japan,Japan,26,FW,Kento Shiogai,"March 26, 2005",21,2,0,VfL Wolfsburg,"March 26, 2005 (aged 21)",Kento Shiogai,VfL Wolfsburg
wikipedia,https://en.wikipedia.org/wiki/2026_FIFA_World_Cup_squads,https://en.wikipedia.org/wiki/2026_FIFA_World_Cup_squads,2026 FIFA World Cup squads,FIFA World Cup,2026,Netherlands,Netherlands,,GK,Bart Verbruggen,"August 18, 2002",23,27,0,Brighton & Hove Albion,"August 18, 2002 (aged 23)",Bart Verbruggen,Brighton & Hove Albion
wikipedia,https://en.wikipedia.org/wiki/2026_FIFA_World_Cup_squads,https://en.wikipedia.org/wiki/2026_FIFA_World_Cup_squads,2026 FIFA World Cup squads,FIFA World Cup,2026,Netherlands,Netherlands,,GK,Mark Flekken,"June 13, 1993",32,11,0,Bayer Leverkusen,"June 13, 1993 (aged 32)",Mark Flekken,Bayer Leverkusen
wikipedia,https://en.wikipedia.org/wiki/2026_FIFA_World_Cup_squads,https://en.wikipedia.org/wiki/2026_FIFA_World_Cup_squads,2026 FIFA World Cup squads,FIFA World Cup,2026,Netherlands,Netherlands,,GK,Robin Roefs,"January 17, 2003",23,0,0,Sunderland,"January 17, 2003 (aged 23)",Robin Roefs,Sunderland
wikipedia,https://en.wikipedia.org/wiki/2026_FIFA_World_Cup_squads,https://en.wikipedia.org/wiki/2026_FIFA_World_Cup_squads,2026 FIFA World Cup squads,FIFA World Cup,2026,Netherlands,Netherlands,,DF,Virgil van Dijk (captain),"July 8, 1991",34,90,12,Liverpool,"July 8, 1991 (aged 34)",Virgil van Dijk (captain),Liverpool
wikipedia,https://en.wikipedia.org/wiki/2026_FIFA_World_Cup_squads,https://en.wikipedia.org/wiki/2026_FIFA_World_Cup_squads,2026 FIFA World Cup squads,FIFA World Cup,2026,Netherlands,Netherlands,,DF,Denzel Dumfries,"April 18, 1996",30,71,11,Inter Milan,"April 18, 1996 (aged 30)",Denzel Dumfries,Inter Milan
wikipedia,https://en.wikipedia.org/wiki/2026_FIFA_World_Cup_squads,https://en.wikipedia.org/wiki/2026_FIFA_World_Cup_squads,2026 FIFA World Cup squads,FIFA World Cup,2026,Netherlands,Netherlands,,DF,Nathan Aké,"February 18, 1995",31,58,5,Manchester City,"February 18, 1995 (aged 31)",Nathan Aké,Manchester City
wikipedia,https://en.wikipedia.org/wiki/2026_FIFA_World_Cup_squads,https://en.wikipedia.org/wiki/2026_FIFA_World_Cup_squads,2026 FIFA World Cup squads,FIFA World Cup,2026,Netherlands,Netherlands,,DF,Jurriën Timber,"June 17, 2001",24,23,0,Arsenal,"June 17, 2001 (aged 24)",Jurriën Timber,Arsenal
wikipedia,https://en.wikipedia.org/wiki/2026_FIFA_World_Cup_squads,https://en.wikipedia.org/wiki/2026_FIFA_World_Cup_squads,2026 FIFA World Cup squads,FIFA World Cup,2026,Netherlands,Netherlands,,DF,Micky van de Ven,"April 19, 2001",25,19,1,Tottenham Hotspur,"April 19, 2001 (aged 25)",Micky van de Ven,Tottenham Hotspur
wikipedia,https://en.wikipedia.org/wiki/2026_FIFA_World_Cup_squads,https://en.wikipedia.org/wiki/2026_FIFA_World_Cup_squads,2026 FIFA World Cup squads,FIFA World Cup,2026,Netherlands,Netherlands,,DF,Mats Wieffer,"November 16, 1999",26,14,1,Brighton & Hove Albion,"November 16, 1999 (aged 26)",Mats Wieffer,Brighton & Hove Albion
wikipedia,https://en.wikipedia.org/wiki/2026_FIFA_World_Cup_squads,https://en.wikipedia.org/wiki/2026_FIFA_World_Cup_squads,2026 FIFA World Cup squads,FIFA World Cup,2026,Netherlands,Netherlands,,DF,Jan Paul van Hecke,"June 8, 2000",26,10,0,Brighton & Hove Albion,"June 8, 2000 (aged 26)",Jan Paul van Hecke,Brighton & Hove Albion
wikipedia,https://en.wikipedia.org/wiki/2026_FIFA_World_Cup_squads,https://en.wikipedia.org/wiki/2026_FIFA_World_Cup_squads,2026 FIFA World Cup squads,FIFA World Cup,2026,Netherlands,Netherlands,,DF,Jorrel Hato,"March 7, 2006",20,7,0,Chelsea,"March 7, 2006 (aged 20)",Jorrel Hato,Chelsea
wikipedia,https://en.wikipedia.org/wiki/2026_FIFA_World_Cup_squads,https://en.wikipedia.org/wiki/2026_FIFA_World_Cup_squads,2026 FIFA World Cup squads,FIFA World Cup,2026,Netherlands,Netherlands,,MF,Frenkie de Jong,"May 12, 1997",29,64,2,Barcelona,"May 12, 1997 (aged 29)",Frenkie de Jong,Barcelona
wikipedia,https://en.wikipedia.org/wiki/2026_FIFA_World_Cup_squads,https://en.wikipedia.org/wiki/2026_FIFA_World_Cup_squads,2026 FIFA World Cup squads,FIFA World Cup,2026,Netherlands,Netherlands,,MF,Marten de Roon,"March 29, 1991",35,42,1,Atalanta,"March 29, 1991 (aged 35)",Marten de Roon,Atalanta
wikipedia,https://en.wikipedia.org/wiki/2026_FIFA_World_Cup_squads,https://en.wikipedia.org/wiki/2026_FIFA_World_Cup_squads,2026 FIFA World Cup squads,FIFA World Cup,2026,Netherlands,Netherlands,,MF,Tijjani Reijnders,"July 29, 1998",27,30,7,Manchester City,"July 29, 1998 (aged 27)",Tijjani Reijnders,Manchester City
wikipedia,https://en.wikipedia.org/wiki/2026_FIFA_World_Cup_squads,https://en.wikipedia.org/wiki/2026_FIFA_World_Cup_squads,2026 FIFA World Cup squads,FIFA World Cup,2026,Netherlands,Netherlands,,MF,Teun Koopmeiners,"February 28, 1998",28,27,3,Juventus,"February 28, 1998 (aged 28)",Teun Koopmeiners,Juventus
wikipedia,https://en.wikipedia.org/wiki/2026_FIFA_World_Cup_squads,https://en.wikipedia.org/wiki/2026_FIFA_World_Cup_squads,2026 FIFA World Cup squads,FIFA World Cup,2026,Netherlands,Netherlands,,MF,Ryan Gravenberch,"May 16, 2002",24,25,1,Liverpool,"May 16, 2002 (aged 24)",Ryan Gravenberch,Liverpool
wikipedia,https://en.wikipedia.org/wiki/2026_FIFA_World_Cup_squads,https://en.wikipedia.org/wiki/2026_FIFA_World_Cup_squads,2026 FIFA World Cup squads,FIFA World Cup,2026,Netherlands,Netherlands,,MF,Justin Kluivert,"May 5, 1999",27,11,0,Bournemouth,"May 5, 1999 (aged 27)",Justin Kluivert,Bournemouth
wikipedia,https://en.wikipedia.org/wiki/2026_FIFA_World_Cup_squads,https://en.wikipedia.org/wiki/2026_FIFA_World_Cup_squads,2026 FIFA World Cup squads,FIFA World Cup,2026,Netherlands,Netherlands,,MF,Quinten Timber,"June 17, 2001",24,10,1,Marseille,"June 17, 2001 (aged 24)",Quinten Timber,Marseille
wikipedia,https://en.wikipedia.org/wiki/2026_FIFA_World_Cup_squads,https://en.wikipedia.org/wiki/2026_FIFA_World_Cup_squads,2026 FIFA World Cup squads,FIFA World Cup,2026,Netherlands,Netherlands,,MF,Guus Til,"December 22, 1997",28,6,1,PSV Eindhoven,"December 22, 1997 (aged 28)",Guus Til,PSV Eindhoven
wikipedia,https://en.wikipedia.org/wiki/2026_FIFA_World_Cup_squads,https://en.wikipedia.org/wiki/2026_FIFA_World_Cup_squads,2026 FIFA World Cup squads,FIFA World Cup,2026,Netherlands,Netherlands,,FW,Memphis Depay,"February 13, 1994",32,108,55,Corinthians,"February 13, 1994 (aged 32)",Memphis Depay,Corinthians
wikipedia,https://en.wikipedia.org/wiki/2026_FIFA_World_Cup_squads,https://en.wikipedia.org/wiki/2026_FIFA_World_Cup_squads,2026 FIFA World Cup squads,FIFA World Cup,2026,Netherlands,Netherlands,,FW,Wout Weghorst,"August 7, 1992",33,51,14,Ajax,"August 7, 1992 (aged 33)",Wout Weghorst,Ajax
wikipedia,https://en.wikipedia.org/wiki/2026_FIFA_World_Cup_squads,https://en.wikipedia.org/wiki/2026_FIFA_World_Cup_squads,2026 FIFA World Cup squads,FIFA World Cup,2026,Netherlands,Netherlands,,FW,Donyell Malen,"January 19, 1999",27,51,13,Roma,"January 19, 1999 (aged 27)",Donyell Malen,Roma
wikipedia,https://en.wikipedia.org/wiki/2026_FIFA_World_Cup_squads,https://en.wikipedia.org/wiki/2026_FIFA_World_Cup_squads,2026 FIFA World Cup squads,FIFA World Cup,2026,Netherlands,Netherlands,,FW,Cody Gakpo,"May 7, 1999",27,48,19,Liverpool,"May 7, 1999 (aged 27)",Cody Gakpo,Liverpool
wikipedia,https://en.wikipedia.org/wiki/2026_FIFA_World_Cup_squads,https://en.wikipedia.org/wiki/2026_FIFA_World_Cup_squads,2026 FIFA World Cup squads,FIFA World Cup,2026,Netherlands,Netherlands,,FW,Noa Lang,"June 17, 1999",26,15,3,Galatasaray,"June 17, 1999 (aged 26)",Noa Lang,Galatasaray
wikipedia,https://en.wikipedia.org/wiki/2026_FIFA_World_Cup_squads,https://en.wikipedia.org/wiki/2026_FIFA_World_Cup_squads,2026 FIFA World Cup squads,FIFA World Cup,2026,Netherlands,Netherlands,,FW,Brian Brobbey,"February 1, 2002",24,10,1,Sunderland,"February 1, 2002 (aged 24)",Brian Brobbey,Sunderland
wikipedia,https://en.wikipedia.org/wiki/2026_FIFA_World_Cup_squads,https://en.wikipedia.org/wiki/2026_FIFA_World_Cup_squads,2026 FIFA World Cup squads,FIFA World Cup,2026,Netherlands,Netherlands,,FW,Crysencio Summerville,"October 30, 2001",24,0,0,West Ham United,"October 30, 2001 (aged 24)",Crysencio Summerville,West Ham United
wikipedia,https://en.wikipedia.org/wiki/2026_FIFA_World_Cup_squads,https://en.wikipedia.org/wiki/2026_FIFA_World_Cup_squads,2026 FIFA World Cup squads,FIFA World Cup,2026,Sweden,Sweden,1,GK,Jacob Widell Zetterström,"July 11, 1998",27,2,0,Derby County,"July 11, 1998 (aged 27)",Jacob Widell Zetterström,Derby County
wikipedia,https://en.wikipedia.org/wiki/2026_FIFA_World_Cup_squads,https://en.wikipedia.org/wiki/2026_FIFA_World_Cup_squads,2026 FIFA World Cup squads,FIFA World Cup,2026,Sweden,Sweden,2,DF,Gustaf Lagerbielke,"April 10, 2000",26,9,2,Braga,"April 10, 2000 (aged 26)",Gustaf Lagerbielke,Braga
wikipedia,https://en.wikipedia.org/wiki/2026_FIFA_World_Cup_squads,https://en.wikipedia.org/wiki/2026_FIFA_World_Cup_squads,2026 FIFA World Cup squads,FIFA World Cup,2026,Sweden,Sweden,3,DF,Victor Lindelöf (captain),"July 17, 1994",31,75,3,Aston Villa,"July 17, 1994 (aged 31)",Victor Lindelöf (captain),Aston Villa
wikipedia,https://en.wikipedia.org/wiki/2026_FIFA_World_Cup_squads,https://en.wikipedia.org/wiki/2026_FIFA_World_Cup_squads,2026 FIFA World Cup squads,FIFA World Cup,2026,Sweden,Sweden,4,DF,Isak Hien,"January 13, 1999",27,27,0,Atalanta,"January 13, 1999 (aged 27)",Isak Hien,Atalanta
wikipedia,https://en.wikipedia.org/wiki/2026_FIFA_World_Cup_squads,https://en.wikipedia.org/wiki/2026_FIFA_World_Cup_squads,2026 FIFA World Cup squads,FIFA World Cup,2026,Sweden,Sweden,5,DF,Gabriel Gudmundsson,"April 29, 1999",27,23,0,Leeds United,"April 29, 1999 (aged 27)",Gabriel Gudmundsson,Leeds United
wikipedia,https://en.wikipedia.org/wiki/2026_FIFA_World_Cup_squads,https://en.wikipedia.org/wiki/2026_FIFA_World_Cup_squads,2026 FIFA World Cup squads,FIFA World Cup,2026,Sweden,Sweden,6,DF,Herman Johansson,"October 16, 1997",28,2,0,FC Dallas,"October 16, 1997 (aged 28)",Herman Johansson,FC Dallas
wikipedia,https://en.wikipedia.org/wiki/2026_FIFA_World_Cup_squads,https://en.wikipedia.org/wiki/2026_FIFA_World_Cup_squads,2026 FIFA World Cup squads,FIFA World Cup,2026,Sweden,Sweden,7,MF,Lucas Bergvall,"February 2, 2006",20,8,0,Tottenham Hotspur,"February 2, 2006 (aged 20)",Lucas Bergvall,Tottenham Hotspur
wikipedia,https://en.wikipedia.org/wiki/2026_FIFA_World_Cup_squads,https://en.wikipedia.org/wiki/2026_FIFA_World_Cup_squads,2026 FIFA World Cup squads,FIFA World Cup,2026,Sweden,Sweden,8,DF,Daniel Svensson,"February 12, 2002",24,11,0,Borussia Dortmund,"February 12, 2002 (aged 24)",Daniel Svensson,Borussia Dortmund
wikipedia,https://en.wikipedia.org/wiki/2026_FIFA_World_Cup_squads,https://en.wikipedia.org/wiki/2026_FIFA_World_Cup_squads,2026 FIFA World Cup squads,FIFA World Cup,2026,Sweden,Sweden,9,FW,Alexander Isak,"September 21, 1999",26,56,16,Liverpool,"September 21, 1999 (aged 26)",Alexander Isak,Liverpool
wikipedia,https://en.wikipedia.org/wiki/2026_FIFA_World_Cup_squads,https://en.wikipedia.org/wiki/2026_FIFA_World_Cup_squads,2026 FIFA World Cup squads,FIFA World Cup,2026,Sweden,Sweden,10,FW,Benjamin Nygren,"July 8, 2001",24,9,3,Celtic,"July 8, 2001 (aged 24)",Benjamin Nygren,Celtic
wikipedia,https://en.wikipedia.org/wiki/2026_FIFA_World_Cup_squads,https://en.wikipedia.org/wiki/2026_FIFA_World_Cup_squads,2026 FIFA World Cup squads,FIFA World Cup,2026,Sweden,Sweden,11,FW,Anthony Elanga,"April 27, 2002",24,28,6,Newcastle United,"April 27, 2002 (aged 24)",Anthony Elanga,Newcastle United
wikipedia,https://en.wikipedia.org/wiki/2026_FIFA_World_Cup_squads,https://en.wikipedia.org/wiki/2026_FIFA_World_Cup_squads,2026 FIFA World Cup squads,FIFA World Cup,2026,Sweden,Sweden,12,GK,Viktor Johansson,"September 14, 1998",27,12,0,Stoke City,"September 14, 1998 (aged 27)",Viktor Johansson,Stoke City
wikipedia,https://en.wikipedia.org/wiki/2026_FIFA_World_Cup_squads,https://en.wikipedia.org/wiki/2026_FIFA_World_Cup_squads,2026 FIFA World Cup squads,FIFA World Cup,2026,Sweden,Sweden,13,FW,Ken Sema,"September 30, 1993",32,32,5,Pafos,"September 30, 1993 (aged 32)",Ken Sema,Pafos
wikipedia,https://en.wikipedia.org/wiki/2026_FIFA_World_Cup_squads,https://en.wikipedia.org/wiki/2026_FIFA_World_Cup_squads,2026 FIFA World Cup squads,FIFA World Cup,2026,Sweden,Sweden,14,DF,Hjalmar Ekdal,"October 21, 1998",27,11,0,Burnley,"October 21, 1998 (aged 27)",Hjalmar Ekdal,Burnley
wikipedia,https://en.wikipedia.org/wiki/2026_FIFA_World_Cup_squads,https://en.wikipedia.org/wiki/2026_FIFA_World_Cup_squads,2026 FIFA World Cup squads,FIFA World Cup,2026,Sweden,Sweden,15,DF,Carl Starfelt,"June 1, 1995",31,17,0,Celta Vigo,"June 1, 1995 (aged 31)",Carl Starfelt,Celta Vigo
wikipedia,https://en.wikipedia.org/wiki/2026_FIFA_World_Cup_squads,https://en.wikipedia.org/wiki/2026_FIFA_World_Cup_squads,2026 FIFA World Cup squads,FIFA World Cup,2026,Sweden,Sweden,16,MF,Jesper Karlström,"June 21, 1995",30,23,0,Udinese,"June 21, 1995 (aged 30)",Jesper Karlström,Udinese
wikipedia,https://en.wikipedia.org/wiki/2026_FIFA_World_Cup_squads,https://en.wikipedia.org/wiki/2026_FIFA_World_Cup_squads,2026 FIFA World Cup squads,FIFA World Cup,2026,Sweden,Sweden,17,FW,Viktor Gyökeres,"June 4, 1998",28,32,19,Arsenal,"June 4, 1998 (aged 28)",Viktor Gyökeres,Arsenal
wikipedia,https://en.wikipedia.org/wiki/2026_FIFA_World_Cup_squads,https://en.wikipedia.org/wiki/2026_FIFA_World_Cup_squads,2026 FIFA World Cup squads,FIFA World Cup,2026,Sweden,Sweden,18,MF,Yasin Ayari,"October 6, 2003",22,19,3,Brighton & Hove Albion,"October 6, 2003 (aged 22)",Yasin Ayari,Brighton & Hove Albion
wikipedia,https://en.wikipedia.org/wiki/2026_FIFA_World_Cup_squads,https://en.wikipedia.org/wiki/2026_FIFA_World_Cup_squads,2026 FIFA World Cup squads,FIFA World Cup,2026,Sweden,Sweden,19,MF,Mattias Svanberg,"January 5, 1999",27,39,2,VfL Wolfsburg,"January 5, 1999 (aged 27)",Mattias Svanberg,VfL Wolfsburg
wikipedia,https://en.wikipedia.org/wiki/2026_FIFA_World_Cup_squads,https://en.wikipedia.org/wiki/2026_FIFA_World_Cup_squads,2026 FIFA World Cup squads,FIFA World Cup,2026,Sweden,Sweden,20,DF,Eric Smith,"January 8, 1997",29,0,0,FC St. Pauli,"January 8, 1997 (aged 29)",Eric Smith,FC St. Pauli
wikipedia,https://en.wikipedia.org/wiki/2026_FIFA_World_Cup_squads,https://en.wikipedia.org/wiki/2026_FIFA_World_Cup_squads,2026 FIFA World Cup squads,FIFA World Cup,2026,Sweden,Sweden,21,FW,Alexander Bernhardsson,"September 8, 1998",27,9,0,Holstein Kiel,"September 8, 1998 (aged 27)",Alexander Bernhardsson,Holstein Kiel
wikipedia,https://en.wikipedia.org/wiki/2026_FIFA_World_Cup_squads,https://en.wikipedia.org/wiki/2026_FIFA_World_Cup_squads,2026 FIFA World Cup squads,FIFA World Cup,2026,Sweden,Sweden,22,MF,Besfort Zeneli,"November 21, 2002",23,6,0,Union Saint-Gilloise,"November 21, 2002 (aged 23)",Besfort Zeneli,Union Saint-Gilloise
wikipedia,https://en.wikipedia.org/wiki/2026_FIFA_World_Cup_squads,https://en.wikipedia.org/wiki/2026_FIFA_World_Cup_squads,2026 FIFA World Cup squads,FIFA World Cup,2026,Sweden,Sweden,23,GK,Kristoffer Nordfeldt,"June 23, 1989",36,20,0,AIK,"June 23, 1989 (aged 36)",Kristoffer Nordfeldt,AIK
wikipedia,https://en.wikipedia.org/wiki/2026_FIFA_World_Cup_squads,https://en.wikipedia.org/wiki/2026_FIFA_World_Cup_squads,2026 FIFA World Cup squads,FIFA World Cup,2026,Sweden,Sweden,24,DF,Elliot Stroud,"June 22, 2002",23,0,0,Mjällby AIF,"June 22, 2002 (aged 23)",Elliot Stroud,Mjällby AIF
wikipedia,https://en.wikipedia.org/wiki/2026_FIFA_World_Cup_squads,https://en.wikipedia.org/wiki/2026_FIFA_World_Cup_squads,2026 FIFA World Cup squads,FIFA World Cup,2026,Sweden,Sweden,25,FW,Gustaf Nilsson,"May 23, 1997",29,8,3,Club Brugge,"May 23, 1997 (aged 29)",Gustaf Nilsson,Club Brugge
wikipedia,https://en.wikipedia.org/wiki/2026_FIFA_World_Cup_squads,https://en.wikipedia.org/wiki/2026_FIFA_World_Cup_squads,2026 FIFA World Cup squads,FIFA World Cup,2026,Sweden,Sweden,26,FW,Taha Ali,"July 1, 1998",27,1,0,Malmö FF,"July 1, 1998 (aged 27)",Taha Ali,Malmö FF
wikipedia,https://en.wikipedia.org/wiki/2026_FIFA_World_Cup_squads,https://en.wikipedia.org/wiki/2026_FIFA_World_Cup_squads,2026 FIFA World Cup squads,FIFA World Cup,2026,Tunisia,Tunisia,,GK,Aymen Dahmen,"January 28, 1997",29,37,0,CS Sfaxien,"January 28, 1997 (aged 29)",Aymen Dahmen,CS Sfaxien
wikipedia,https://en.wikipedia.org/wiki/2026_FIFA_World_Cup_squads,https://en.wikipedia.org/wiki/2026_FIFA_World_Cup_squads,2026 FIFA World Cup squads,FIFA World Cup,2026,Tunisia,Tunisia,,GK,Sabri Ben Hessen,"June 13, 1996",29,2,0,Étoile du Sahel,"June 13, 1996 (aged 29)",Sabri Ben Hessen,Étoile du Sahel
wikipedia,https://en.wikipedia.org/wiki/2026_FIFA_World_Cup_squads,https://en.wikipedia.org/wiki/2026_FIFA_World_Cup_squads,2026 FIFA World Cup squads,FIFA World Cup,2026,Tunisia,Tunisia,,GK,Mouhib Chamakh,"August 25, 2001",24,1,0,Club Africain,"August 25, 2001 (aged 24)",Mouhib Chamakh,Club Africain
wikipedia,https://en.wikipedia.org/wiki/2026_FIFA_World_Cup_squads,https://en.wikipedia.org/wiki/2026_FIFA_World_Cup_squads,2026 FIFA World Cup squads,FIFA World Cup,2026,Tunisia,Tunisia,,DF,Montassar Talbi,"May 26, 1998",28,62,4,Lorient,"May 26, 1998 (aged 28)",Montassar Talbi,Lorient
wikipedia,https://en.wikipedia.org/wiki/2026_FIFA_World_Cup_squads,https://en.wikipedia.org/wiki/2026_FIFA_World_Cup_squads,2026 FIFA World Cup squads,FIFA World Cup,2026,Tunisia,Tunisia,,DF,Dylan Bronn,"June 19, 1995",30,52,2,Servette,"June 19, 1995 (aged 30)",Dylan Bronn,Servette
wikipedia,https://en.wikipedia.org/wiki/2026_FIFA_World_Cup_squads,https://en.wikipedia.org/wiki/2026_FIFA_World_Cup_squads,2026 FIFA World Cup squads,FIFA World Cup,2026,Tunisia,Tunisia,,DF,Ali Abdi,"December 20, 1993",32,45,7,Nice,"December 20, 1993 (aged 32)",Ali Abdi,Nice
wikipedia,https://en.wikipedia.org/wiki/2026_FIFA_World_Cup_squads,https://en.wikipedia.org/wiki/2026_FIFA_World_Cup_squads,2026 FIFA World Cup squads,FIFA World Cup,2026,Tunisia,Tunisia,,DF,Yan Valery,"February 22, 1999",27,21,0,Young Boys,"February 22, 1999 (aged 27)",Yan Valery,Young Boys
wikipedia,https://en.wikipedia.org/wiki/2026_FIFA_World_Cup_squads,https://en.wikipedia.org/wiki/2026_FIFA_World_Cup_squads,2026 FIFA World Cup squads,FIFA World Cup,2026,Tunisia,Tunisia,,DF,Mohamed Amine Ben Hamida,"December 15, 1995",30,12,0,Espérance de Tunis,"December 15, 1995 (aged 30)",Mohamed Amine Ben Hamida,Espérance de Tunis
wikipedia,https://en.wikipedia.org/wiki/2026_FIFA_World_Cup_squads,https://en.wikipedia.org/wiki/2026_FIFA_World_Cup_squads,2026 FIFA World Cup squads,FIFA World Cup,2026,Tunisia,Tunisia,,DF,Moutaz Neffati,"September 4, 2004",21,5,0,IFK Norrköping,"September 4, 2004 (aged 21)",Moutaz Neffati,IFK Norrköping
wikipedia,https://en.wikipedia.org/wiki/2026_FIFA_World_Cup_squads,https://en.wikipedia.org/wiki/2026_FIFA_World_Cup_squads,2026 FIFA World Cup squads,FIFA World Cup,2026,Tunisia,Tunisia,,DF,Omar Rekik,"December 20, 2001",24,4,0,Maribor,"December 20, 2001 (aged 24)",Omar Rekik,Maribor
wikipedia,https://en.wikipedia.org/wiki/2026_FIFA_World_Cup_squads,https://en.wikipedia.org/wiki/2026_FIFA_World_Cup_squads,2026 FIFA World Cup squads,FIFA World Cup,2026,Tunisia,Tunisia,,DF,Adem Arous,"July 17, 2004",21,1,0,Kasımpaşa,"July 17, 2004 (aged 21)",Adem Arous,Kasımpaşa
wikipedia,https://en.wikipedia.org/wiki/2026_FIFA_World_Cup_squads,https://en.wikipedia.org/wiki/2026_FIFA_World_Cup_squads,2026 FIFA World Cup squads,FIFA World Cup,2026,Tunisia,Tunisia,,DF,Raed Chikhaoui,"June 9, 2004",22,0,0,US Monastir,"June 9, 2004 (aged 22)",Raed Chikhaoui,US Monastir
wikipedia,https://en.wikipedia.org/wiki/2026_FIFA_World_Cup_squads,https://en.wikipedia.org/wiki/2026_FIFA_World_Cup_squads,2026 FIFA World Cup squads,FIFA World Cup,2026,Tunisia,Tunisia,,MF,Ellyes Skhiri (captain),"May 10, 1995",31,81,4,Eintracht Frankfurt,"May 10, 1995 (aged 31)",Ellyes Skhiri (captain),Eintracht Frankfurt
wikipedia,https://en.wikipedia.org/wiki/2026_FIFA_World_Cup_squads,https://en.wikipedia.org/wiki/2026_FIFA_World_Cup_squads,2026 FIFA World Cup squads,FIFA World Cup,2026,Tunisia,Tunisia,,MF,Hannibal Mejbri,"January 21, 2003",23,44,1,Burnley,"January 21, 2003 (aged 23)",Hannibal Mejbri,Burnley
wikipedia,https://en.wikipedia.org/wiki/2026_FIFA_World_Cup_squads,https://en.wikipedia.org/wiki/2026_FIFA_World_Cup_squads,2026 FIFA World Cup squads,FIFA World Cup,2026,Tunisia,Tunisia,,MF,Anis Ben Slimane,"March 16, 2001",25,39,4,Norwich City,"March 16, 2001 (aged 25)",Anis Ben Slimane,Norwich City
wikipedia,https://en.wikipedia.org/wiki/2026_FIFA_World_Cup_squads,https://en.wikipedia.org/wiki/2026_FIFA_World_Cup_squads,2026 FIFA World Cup squads,FIFA World Cup,2026,Tunisia,Tunisia,,MF,Mortadha Ben Ouanes,"July 2, 1994",31,17,0,Kasımpaşa,"July 2, 1994 (aged 31)",Mortadha Ben Ouanes,Kasımpaşa
wikipedia,https://en.wikipedia.org/wiki/2026_FIFA_World_Cup_squads,https://en.wikipedia.org/wiki/2026_FIFA_World_Cup_squads,2026 FIFA World Cup squads,FIFA World Cup,2026,Tunisia,Tunisia,,MF,Ismaël Gharbi,"April 10, 2004",22,15,2,FC Augsburg,"April 10, 2004 (aged 22)",Ismaël Gharbi,FC Augsburg
wikipedia,https://en.wikipedia.org/wiki/2026_FIFA_World_Cup_squads,https://en.wikipedia.org/wiki/2026_FIFA_World_Cup_squads,2026 FIFA World Cup squads,FIFA World Cup,2026,Tunisia,Tunisia,,MF,Hadj Mahmoud,"April 24, 2000",26,7,0,Lugano,"April 24, 2000 (aged 26)",Hadj Mahmoud,Lugano
wikipedia,https://en.wikipedia.org/wiki/2026_FIFA_World_Cup_squads,https://en.wikipedia.org/wiki/2026_FIFA_World_Cup_squads,2026 FIFA World Cup squads,FIFA World Cup,2026,Tunisia,Tunisia,,MF,Rani Khedira,"January 27, 1994",32,2,0,Union Berlin,"January 27, 1994 (aged 32)",Rani Khedira,Union Berlin
wikipedia,https://en.wikipedia.org/wiki/2026_FIFA_World_Cup_squads,https://en.wikipedia.org/wiki/2026_FIFA_World_Cup_squads,2026 FIFA World Cup squads,FIFA World Cup,2026,Tunisia,Tunisia,,FW,Elias Achouri,"February 10, 1999",27,29,4,Copenhagen,"February 10, 1999 (aged 27)",Elias Achouri,Copenhagen
wikipedia,https://en.wikipedia.org/wiki/2026_FIFA_World_Cup_squads,https://en.wikipedia.org/wiki/2026_FIFA_World_Cup_squads,2026 FIFA World Cup squads,FIFA World Cup,2026,Tunisia,Tunisia,,FW,Firas Chaouat,"May 8, 1996",30,28,6,Club Africain,"May 8, 1996 (aged 30)",Firas Chaouat,Club Africain
wikipedia,https://en.wikipedia.org/wiki/2026_FIFA_World_Cup_squads,https://en.wikipedia.org/wiki/2026_FIFA_World_Cup_squads,2026 FIFA World Cup squads,FIFA World Cup,2026,Tunisia,Tunisia,,FW,Hazem Mastouri,"June 18, 1997",28,18,4,Dynamo Makhachkala,"June 18, 1997 (aged 28)",Hazem Mastouri,Dynamo Makhachkala
wikipedia,https://en.wikipedia.org/wiki/2026_FIFA_World_Cup_squads,https://en.wikipedia.org/wiki/2026_FIFA_World_Cup_squads,2026 FIFA World Cup squads,FIFA World Cup,2026,Tunisia,Tunisia,,FW,Elias Saad,"December 27, 1999",26,14,4,Hannover 96,"December 27, 1999 (aged 26)",Elias Saad,Hannover 96
wikipedia,https://en.wikipedia.org/wiki/2026_FIFA_World_Cup_squads,https://en.wikipedia.org/wiki/2026_FIFA_World_Cup_squads,2026 FIFA World Cup squads,FIFA World Cup,2026,Tunisia,Tunisia,,FW,Sebastian Tounekti,"July 13, 2002",23,10,1,Celtic,"July 13, 2002 (aged 23)",Sebastian Tounekti,Celtic
wikipedia,https://en.wikipedia.org/wiki/2026_FIFA_World_Cup_squads,https://en.wikipedia.org/wiki/2026_FIFA_World_Cup_squads,2026 FIFA World Cup squads,FIFA World Cup,2026,Tunisia,Tunisia,,FW,Khalil Ayari,"February 2, 2005",21,2,0,Paris Saint-Germain,"February 2, 2005 (aged 21)",Khalil Ayari,Paris Saint-Germain
wikipedia,https://en.wikipedia.org/wiki/2026_FIFA_World_Cup_squads,https://en.wikipedia.org/wiki/2026_FIFA_World_Cup_squads,2026 FIFA World Cup squads,FIFA World Cup,2026,Tunisia,Tunisia,,FW,Rayan Elloumi,"September 17, 2007",18,2,0,Vancouver Whitecaps FC,"September 17, 2007 (aged 18)",Rayan Elloumi,Vancouver Whitecaps FC
wikipedia,https://en.wikipedia.org/wiki/2026_FIFA_World_Cup_squads,https://en.wikipedia.org/wiki/2026_FIFA_World_Cup_squads,2026 FIFA World Cup squads,FIFA World Cup,2026,Belgium,Belgium,,GK,Thibaut Courtois,"May 11, 1992",34,107,0,Real Madrid,"May 11, 1992 (aged 34)",Thibaut Courtois,Real Madrid
wikipedia,https://en.wikipedia.org/wiki/2026_FIFA_World_Cup_squads,https://en.wikipedia.org/wiki/2026_FIFA_World_Cup_squads,2026 FIFA World Cup squads,FIFA World Cup,2026,Belgium,Belgium,,GK,Senne Lammens,"July 7, 2002",23,2,0,Manchester United,"July 7, 2002 (aged 23)",Senne Lammens,Manchester United
wikipedia,https://en.wikipedia.org/wiki/2026_FIFA_World_Cup_squads,https://en.wikipedia.org/wiki/2026_FIFA_World_Cup_squads,2026 FIFA World Cup squads,FIFA World Cup,2026,Belgium,Belgium,,GK,Mike Penders,"July 31, 2005",20,0,0,Strasbourg,"July 31, 2005 (aged 20)",Mike Penders,Strasbourg
wikipedia,https://en.wikipedia.org/wiki/2026_FIFA_World_Cup_squads,https://en.wikipedia.org/wiki/2026_FIFA_World_Cup_squads,2026 FIFA World Cup squads,FIFA World Cup,2026,Belgium,Belgium,,DF,Thomas Meunier,"September 12, 1991",34,78,10,Lille,"September 12, 1991 (aged 34)",Thomas Meunier,Lille
wikipedia,https://en.wikipedia.org/wiki/2026_FIFA_World_Cup_squads,https://en.wikipedia.org/wiki/2026_FIFA_World_Cup_squads,2026 FIFA World Cup squads,FIFA World Cup,2026,Belgium,Belgium,,DF,Timothy Castagne,"December 5, 1995",30,62,2,Fulham,"December 5, 1995 (aged 30)",Timothy Castagne,Fulham
wikipedia,https://en.wikipedia.org/wiki/2026_FIFA_World_Cup_squads,https://en.wikipedia.org/wiki/2026_FIFA_World_Cup_squads,2026 FIFA World Cup squads,FIFA World Cup,2026,Belgium,Belgium,,DF,Arthur Theate,"May 25, 2000",26,32,1,Eintracht Frankfurt,"May 25, 2000 (aged 26)",Arthur Theate,Eintracht Frankfurt
wikipedia,https://en.wikipedia.org/wiki/2026_FIFA_World_Cup_squads,https://en.wikipedia.org/wiki/2026_FIFA_World_Cup_squads,2026 FIFA World Cup squads,FIFA World Cup,2026,Belgium,Belgium,,DF,Zeno Debast,"October 24, 2003",22,26,1,Sporting CP,"October 24, 2003 (aged 22)",Zeno Debast,Sporting CP
wikipedia,https://en.wikipedia.org/wiki/2026_FIFA_World_Cup_squads,https://en.wikipedia.org/wiki/2026_FIFA_World_Cup_squads,2026 FIFA World Cup squads,FIFA World Cup,2026,Belgium,Belgium,,DF,Maxim De Cuyper,"December 22, 2000",25,17,4,Brighton & Hove Albion,"December 22, 2000 (aged 25)",Maxim De Cuyper,Brighton & Hove Albion
wikipedia,https://en.wikipedia.org/wiki/2026_FIFA_World_Cup_squads,https://en.wikipedia.org/wiki/2026_FIFA_World_Cup_squads,2026 FIFA World Cup squads,FIFA World Cup,2026,Belgium,Belgium,,DF,Brandon Mechele,"January 28, 1993",33,7,1,Club Brugge,"January 28, 1993 (aged 33)",Brandon Mechele,Club Brugge
wikipedia,https://en.wikipedia.org/wiki/2026_FIFA_World_Cup_squads,https://en.wikipedia.org/wiki/2026_FIFA_World_Cup_squads,2026 FIFA World Cup squads,FIFA World Cup,2026,Belgium,Belgium,,DF,Koni De Winter,"June 12, 2002",23,7,0,Milan,"June 12, 2002 (aged 23)",Koni De Winter,Milan
wikipedia,https://en.wikipedia.org/wiki/2026_FIFA_World_Cup_squads,https://en.wikipedia.org/wiki/2026_FIFA_World_Cup_squads,2026 FIFA World Cup squads,FIFA World Cup,2026,Belgium,Belgium,,DF,Joaquin Seys,"March 28, 2005",21,4,0,Club Brugge,"March 28, 2005 (aged 21)",Joaquin Seys,Club Brugge
wikipedia,https://en.wikipedia.org/wiki/2026_FIFA_World_Cup_squads,https://en.wikipedia.org/wiki/2026_FIFA_World_Cup_squads,2026 FIFA World Cup squads,FIFA World Cup,2026,Belgium,Belgium,,DF,Nathan Ngoy,"June 10, 2003",23,2,0,Lille,"June 10, 2003 (aged 23)",Nathan Ngoy,Lille
wikipedia,https://en.wikipedia.org/wiki/2026_FIFA_World_Cup_squads,https://en.wikipedia.org/wiki/2026_FIFA_World_Cup_squads,2026 FIFA World Cup squads,FIFA World Cup,2026,Belgium,Belgium,,MF,Axel Witsel,"January 12, 1989",37,136,12,Girona,"January 12, 1989 (aged 37)",Axel Witsel,Girona
wikipedia,https://en.wikipedia.org/wiki/2026_FIFA_World_Cup_squads,https://en.wikipedia.org/wiki/2026_FIFA_World_Cup_squads,2026 FIFA World Cup squads,FIFA World Cup,2026,Belgium,Belgium,,MF,Kevin De Bruyne,"June 28, 1991",34,117,36,Napoli,"June 28, 1991 (aged 34)",Kevin De Bruyne,Napoli
wikipedia,https://en.wikipedia.org/wiki/2026_FIFA_World_Cup_squads,https://en.wikipedia.org/wiki/2026_FIFA_World_Cup_squads,2026 FIFA World Cup squads,FIFA World Cup,2026,Belgium,Belgium,,MF,Youri Tielemans (captain),"May 7, 1997",29,83,12,Aston Villa,"May 7, 1997 (aged 29)",Youri Tielemans (captain),Aston Villa
wikipedia,https://en.wikipedia.org/wiki/2026_FIFA_World_Cup_squads,https://en.wikipedia.org/wiki/2026_FIFA_World_Cup_squads,2026 FIFA World Cup squads,FIFA World Cup,2026,Belgium,Belgium,,MF,Hans Vanaken,"August 24, 1992",33,32,7,Club Brugge,"August 24, 1992 (aged 33)",Hans Vanaken,Club Brugge
wikipedia,https://en.wikipedia.org/wiki/2026_FIFA_World_Cup_squads,https://en.wikipedia.org/wiki/2026_FIFA_World_Cup_squads,2026 FIFA World Cup squads,FIFA World Cup,2026,Belgium,Belgium,,MF,Amadou Onana,"August 16, 2001",24,27,1,Aston Villa,"August 16, 2001 (aged 24)",Amadou Onana,Aston Villa
wikipedia,https://en.wikipedia.org/wiki/2026_FIFA_World_Cup_squads,https://en.wikipedia.org/wiki/2026_FIFA_World_Cup_squads,2026 FIFA World Cup squads,FIFA World Cup,2026,Belgium,Belgium,,MF,Nicolas Raskin,"February 23, 2001",25,11,1,Rangers,"February 23, 2001 (aged 25)",Nicolas Raskin,Rangers
wikipedia,https://en.wikipedia.org/wiki/2026_FIFA_World_Cup_squads,https://en.wikipedia.org/wiki/2026_FIFA_World_Cup_squads,2026 FIFA World Cup squads,FIFA World Cup,2026,Belgium,Belgium,,FW,Romelu Lukaku,"May 13, 1993",33,124,89,Napoli,"May 13, 1993 (aged 33)",Romelu Lukaku,Napoli
wikipedia,https://en.wikipedia.org/wiki/2026_FIFA_World_Cup_squads,https://en.wikipedia.org/wiki/2026_FIFA_World_Cup_squads,2026 FIFA World Cup squads,FIFA World Cup,2026,Belgium,Belgium,,FW,Leandro Trossard,"December 4, 1994",31,50,11,Arsenal,"December 4, 1994 (aged 31)",Leandro Trossard,Arsenal
wikipedia,https://en.wikipedia.org/wiki/2026_FIFA_World_Cup_squads,https://en.wikipedia.org/wiki/2026_FIFA_World_Cup_squads,2026 FIFA World Cup squads,FIFA World Cup,2026,Belgium,Belgium,,FW,Jérémy Doku,"May 27, 2002",24,41,7,Manchester City,"May 27, 2002 (aged 24)",Jérémy Doku,Manchester City
wikipedia,https://en.wikipedia.org/wiki/2026_FIFA_World_Cup_squads,https://en.wikipedia.org/wiki/2026_FIFA_World_Cup_squads,2026 FIFA World Cup squads,FIFA World Cup,2026,Belgium,Belgium,,FW,Dodi Lukébakio,"September 24, 1997",28,29,5,Benfica,"September 24, 1997 (aged 28)",Dodi Lukébakio,Benfica
wikipedia,https://en.wikipedia.org/wiki/2026_FIFA_World_Cup_squads,https://en.wikipedia.org/wiki/2026_FIFA_World_Cup_squads,2026 FIFA World Cup squads,FIFA World Cup,2026,Belgium,Belgium,,FW,Charles De Ketelaere,"March 10, 2001",25,28,5,Atalanta,"March 10, 2001 (aged 25)",Charles De Ketelaere,Atalanta
wikipedia,https://en.wikipedia.org/wiki/2026_FIFA_World_Cup_squads,https://en.wikipedia.org/wiki/2026_FIFA_World_Cup_squads,2026 FIFA World Cup squads,FIFA World Cup,2026,Belgium,Belgium,,FW,Alexis Saelemaekers,"June 27, 1999",26,23,2,Milan,"June 27, 1999 (aged 26)",Alexis Saelemaekers,Milan
wikipedia,https://en.wikipedia.org/wiki/2026_FIFA_World_Cup_squads,https://en.wikipedia.org/wiki/2026_FIFA_World_Cup_squads,2026 FIFA World Cup squads,FIFA World Cup,2026,Belgium,Belgium,,FW,Diego Moreira,"August 6, 2004",21,2,0,Strasbourg,"August 6, 2004 (aged 21)",Diego Moreira,Strasbourg
wikipedia,https://en.wikipedia.org/wiki/2026_FIFA_World_Cup_squads,https://en.wikipedia.org/wiki/2026_FIFA_World_Cup_squads,2026 FIFA World Cup squads,FIFA World Cup,2026,Belgium,Belgium,,FW,Matias Fernandez-Pardo,"February 3, 2005",21,0,0,Lille,"February 3, 2005 (aged 21)",Matias Fernandez-Pardo,Lille
wikipedia,https://en.wikipedia.org/wiki/2026_FIFA_World_Cup_squads,https://en.wikipedia.org/wiki/2026_FIFA_World_Cup_squads,2026 FIFA World Cup squads,FIFA World Cup,2026,Egypt,Egypt,,GK,Mohamed El Shenawy,"December 18, 1988",37,76,0,Al Ahly,"December 18, 1988 (aged 37)",Mohamed El Shenawy,Al Ahly
wikipedia,https://en.wikipedia.org/wiki/2026_FIFA_World_Cup_squads,https://en.wikipedia.org/wiki/2026_FIFA_World_Cup_squads,2026 FIFA World Cup squads,FIFA World Cup,2026,Egypt,Egypt,,GK,Mostafa Shobeir,"March 17, 2000",26,8,0,Al Ahly,"March 17, 2000 (aged 26)",Mostafa Shobeir,Al Ahly
wikipedia,https://en.wikipedia.org/wiki/2026_FIFA_World_Cup_squads,https://en.wikipedia.org/wiki/2026_FIFA_World_Cup_squads,2026 FIFA World Cup squads,FIFA World Cup,2026,Egypt,Egypt,,GK,Mohamed Alaa,"January 9, 1999",27,0,0,El Gouna,"January 9, 1999 (aged 27)",Mohamed Alaa,El Gouna
wikipedia,https://en.wikipedia.org/wiki/2026_FIFA_World_Cup_squads,https://en.wikipedia.org/wiki/2026_FIFA_World_Cup_squads,2026 FIFA World Cup squads,FIFA World Cup,2026,Egypt,Egypt,,GK,El Mahdy Soliman,"June 8, 1987",39,0,0,Zamalek,"June 8, 1987 (aged 39)",El Mahdy Soliman,Zamalek
wikipedia,https://en.wikipedia.org/wiki/2026_FIFA_World_Cup_squads,https://en.wikipedia.org/wiki/2026_FIFA_World_Cup_squads,2026 FIFA World Cup squads,FIFA World Cup,2026,Egypt,Egypt,,DF,Hamdy Fathy,"September 29, 1994",31,62,3,Al-Wakrah,"September 29, 1994 (aged 31)",Hamdy Fathy,Al-Wakrah
wikipedia,https://en.wikipedia.org/wiki/2026_FIFA_World_Cup_squads,https://en.wikipedia.org/wiki/2026_FIFA_World_Cup_squads,2026 FIFA World Cup squads,FIFA World Cup,2026,Egypt,Egypt,,DF,Ramy Rabia,"May 20, 1993",33,44,5,Al-Ain,"May 20, 1993 (aged 33)",Ramy Rabia,Al-Ain
wikipedia,https://en.wikipedia.org/wiki/2026_FIFA_World_Cup_squads,https://en.wikipedia.org/wiki/2026_FIFA_World_Cup_squads,2026 FIFA World Cup squads,FIFA World Cup,2026,Egypt,Egypt,,DF,Mohamed Hany,"January 25, 1996",30,41,0,Al Ahly,"January 25, 1996 (aged 30)",Mohamed Hany,Al Ahly
wikipedia,https://en.wikipedia.org/wiki/2026_FIFA_World_Cup_squads,https://en.wikipedia.org/wiki/2026_FIFA_World_Cup_squads,2026 FIFA World Cup squads,FIFA World Cup,2026,Egypt,Egypt,,DF,Ahmed Fatouh,"March 22, 1998",28,38,1,Zamalek,"March 22, 1998 (aged 28)",Ahmed Fatouh,Zamalek
wikipedia,https://en.wikipedia.org/wiki/2026_FIFA_World_Cup_squads,https://en.wikipedia.org/wiki/2026_FIFA_World_Cup_squads,2026 FIFA World Cup squads,FIFA World Cup,2026,Egypt,Egypt,,DF,Mohamed Abdelmonem,"February 1, 1999",27,35,3,Nice,"February 1, 1999 (aged 27)",Mohamed Abdelmonem,Nice
wikipedia,https://en.wikipedia.org/wiki/2026_FIFA_World_Cup_squads,https://en.wikipedia.org/wiki/2026_FIFA_World_Cup_squads,2026 FIFA World Cup squads,FIFA World Cup,2026,Egypt,Egypt,,DF,Yasser Ibrahim,"February 10, 1993",33,16,1,Al Ahly,"February 10, 1993 (aged 33)",Yasser Ibrahim,Al Ahly
wikipedia,https://en.wikipedia.org/wiki/2026_FIFA_World_Cup_squads,https://en.wikipedia.org/wiki/2026_FIFA_World_Cup_squads,2026 FIFA World Cup squads,FIFA World Cup,2026,Egypt,Egypt,,DF,Hossam Abdelmaguid,"April 30, 2001",25,13,0,Zamalek,"April 30, 2001 (aged 25)",Hossam Abdelmaguid,Zamalek
wikipedia,https://en.wikipedia.org/wiki/2026_FIFA_World_Cup_squads,https://en.wikipedia.org/wiki/2026_FIFA_World_Cup_squads,2026 FIFA World Cup squads,FIFA World Cup,2026,Egypt,Egypt,,DF,Karim Hafez,"March 12, 1996",30,8,0,Pyramids,"March 12, 1996 (aged 30)",Karim Hafez,Pyramids
wikipedia,https://en.wikipedia.org/wiki/2026_FIFA_World_Cup_squads,https://en.wikipedia.org/wiki/2026_FIFA_World_Cup_squads,2026 FIFA World Cup squads,FIFA World Cup,2026,Egypt,Egypt,,DF,Tarek Alaa,"January 5, 2002",24,2,0,ZED,"January 5, 2002 (aged 24)",Tarek Alaa,ZED
wikipedia,https://en.wikipedia.org/wiki/2026_FIFA_World_Cup_squads,https://en.wikipedia.org/wiki/2026_FIFA_World_Cup_squads,2026 FIFA World Cup squads,FIFA World Cup,2026,Egypt,Egypt,,MF,Marwan Attia,"August 12, 1998",27,33,1,Al Ahly,"August 12, 1998 (aged 27)",Marwan Attia,Al Ahly
wikipedia,https://en.wikipedia.org/wiki/2026_FIFA_World_Cup_squads,https://en.wikipedia.org/wiki/2026_FIFA_World_Cup_squads,2026 FIFA World Cup squads,FIFA World Cup,2026,Egypt,Egypt,,MF,Emam Ashour,"February 20, 1998",28,28,0,Al Ahly,"February 20, 1998 (aged 28)",Emam Ashour,Al Ahly
wikipedia,https://en.wikipedia.org/wiki/2026_FIFA_World_Cup_squads,https://en.wikipedia.org/wiki/2026_FIFA_World_Cup_squads,2026 FIFA World Cup squads,FIFA World Cup,2026,Egypt,Egypt,,MF,Mohanad Lasheen,"May 29, 1996",30,22,0,Pyramids,"May 29, 1996 (aged 30)",Mohanad Lasheen,Pyramids
wikipedia,https://en.wikipedia.org/wiki/2026_FIFA_World_Cup_squads,https://en.wikipedia.org/wiki/2026_FIFA_World_Cup_squads,2026 FIFA World Cup squads,FIFA World Cup,2026,Egypt,Egypt,,MF,Mahmoud Saber,"July 30, 2001",24,15,1,ZED,"July 30, 2001 (aged 24)",Mahmoud Saber,ZED
wikipedia,https://en.wikipedia.org/wiki/2026_FIFA_World_Cup_squads,https://en.wikipedia.org/wiki/2026_FIFA_World_Cup_squads,2026 FIFA World Cup squads,FIFA World Cup,2026,Egypt,Egypt,,MF,Nabil Emad,"April 6, 1996",30,12,0,Al-Najma,"April 6, 1996 (aged 30)",Nabil Emad,Al-Najma
wikipedia,https://en.wikipedia.org/wiki/2026_FIFA_World_Cup_squads,https://en.wikipedia.org/wiki/2026_FIFA_World_Cup_squads,2026 FIFA World Cup squads,FIFA World Cup,2026,Egypt,Egypt,,MF,Mostafa Ziko,"April 27, 1997",29,1,1,Pyramids,"April 27, 1997 (aged 29)",Mostafa Ziko,Pyramids
wikipedia,https://en.wikipedia.org/wiki/2026_FIFA_World_Cup_squads,https://en.wikipedia.org/wiki/2026_FIFA_World_Cup_squads,2026 FIFA World Cup squads,FIFA World Cup,2026,Egypt,Egypt,,FW,Mohamed Salah (captain),"June 15, 1992",33,116,67,Liverpool,"June 15, 1992 (aged 33)",Mohamed Salah (captain),Liverpool
wikipedia,https://en.wikipedia.org/wiki/2026_FIFA_World_Cup_squads,https://en.wikipedia.org/wiki/2026_FIFA_World_Cup_squads,2026 FIFA World Cup squads,FIFA World Cup,2026,Egypt,Egypt,,FW,Trézéguet,"October 1, 1994",31,95,23,Al Ahly,"October 1, 1994 (aged 31)",Trézéguet,Al Ahly
wikipedia,https://en.wikipedia.org/wiki/2026_FIFA_World_Cup_squads,https://en.wikipedia.org/wiki/2026_FIFA_World_Cup_squads,2026 FIFA World Cup squads,FIFA World Cup,2026,Egypt,Egypt,,FW,Zizo,"January 10, 1996",30,62,5,Al Ahly,"January 10, 1996 (aged 30)",Zizo,Al Ahly
wikipedia,https://en.wikipedia.org/wiki/2026_FIFA_World_Cup_squads,https://en.wikipedia.org/wiki/2026_FIFA_World_Cup_squads,2026 FIFA World Cup squads,FIFA World Cup,2026,Egypt,Egypt,,FW,Omar Marmoush,"February 7, 1999",27,48,11,Manchester City,"February 7, 1999 (aged 27)",Omar Marmoush,Manchester City
wikipedia,https://en.wikipedia.org/wiki/2026_FIFA_World_Cup_squads,https://en.wikipedia.org/wiki/2026_FIFA_World_Cup_squads,2026 FIFA World Cup squads,FIFA World Cup,2026,Egypt,Egypt,,FW,Ibrahim Adel,"April 23, 2001",25,23,3,Nordsjælland,"April 23, 2001 (aged 25)",Ibrahim Adel,Nordsjælland
wikipedia,https://en.wikipedia.org/wiki/2026_FIFA_World_Cup_squads,https://en.wikipedia.org/wiki/2026_FIFA_World_Cup_squads,2026 FIFA World Cup squads,FIFA World Cup,2026,Egypt,Egypt,,FW,Haissem Hassan,"February 8, 2002",24,3,0,Oviedo,"February 8, 2002 (aged 24)",Haissem Hassan,Oviedo
wikipedia,https://en.wikipedia.org/wiki/2026_FIFA_World_Cup_squads,https://en.wikipedia.org/wiki/2026_FIFA_World_Cup_squads,2026 FIFA World Cup squads,FIFA World Cup,2026,Egypt,Egypt,,FW,Hamza Abdelkarim,"January 1, 2008",18,1,0,Barcelona,"January 1, 2008 (aged 18)",Hamza Abdelkarim,Barcelona
wikipedia,https://en.wikipedia.org/wiki/2026_FIFA_World_Cup_squads,https://en.wikipedia.org/wiki/2026_FIFA_World_Cup_squads,2026 FIFA World Cup squads,FIFA World Cup,2026,Iran,Iran,,GK,Alireza Beiranvand,"September 21, 1992",33,85,0,Tractor,"September 21, 1992 (aged 33)",Alireza Beiranvand,Tractor
wikipedia,https://en.wikipedia.org/wiki/2026_FIFA_World_Cup_squads,https://en.wikipedia.org/wiki/2026_FIFA_World_Cup_squads,2026 FIFA World Cup squads,FIFA World Cup,2026,Iran,Iran,,GK,Payam Niazmand,"April 6, 1995",31,15,0,Persepolis,"April 6, 1995 (aged 31)",Payam Niazmand,Persepolis
wikipedia,https://en.wikipedia.org/wiki/2026_FIFA_World_Cup_squads,https://en.wikipedia.org/wiki/2026_FIFA_World_Cup_squads,2026 FIFA World Cup squads,FIFA World Cup,2026,Iran,Iran,,GK,Hossein Hosseini,"June 30, 1992",33,13,0,Sepahan,"June 30, 1992 (aged 33)",Hossein Hosseini,Sepahan
wikipedia,https://en.wikipedia.org/wiki/2026_FIFA_World_Cup_squads,https://en.wikipedia.org/wiki/2026_FIFA_World_Cup_squads,2026 FIFA World Cup squads,FIFA World Cup,2026,Iran,Iran,,DF,Ehsan Hajsafi (captain),"February 25, 1990",36,145,7,Sepahan,"February 25, 1990 (aged 36)",Ehsan Hajsafi (captain),Sepahan
wikipedia,https://en.wikipedia.org/wiki/2026_FIFA_World_Cup_squads,https://en.wikipedia.org/wiki/2026_FIFA_World_Cup_squads,2026 FIFA World Cup squads,FIFA World Cup,2026,Iran,Iran,,DF,Milad Mohammadi,"September 29, 1993",32,75,1,Persepolis,"September 29, 1993 (aged 32)",Milad Mohammadi,Persepolis
wikipedia,https://en.wikipedia.org/wiki/2026_FIFA_World_Cup_squads,https://en.wikipedia.org/wiki/2026_FIFA_World_Cup_squads,2026 FIFA World Cup squads,FIFA World Cup,2026,Iran,Iran,,DF,Ramin Rezaeian,"March 21, 1990",36,73,7,Foolad,"March 21, 1990 (aged 36)",Ramin Rezaeian,Foolad
wikipedia,https://en.wikipedia.org/wiki/2026_FIFA_World_Cup_squads,https://en.wikipedia.org/wiki/2026_FIFA_World_Cup_squads,2026 FIFA World Cup squads,FIFA World Cup,2026,Iran,Iran,,DF,Hossein Kanaanizadegan,"March 23, 1994",32,64,6,Persepolis,"March 23, 1994 (aged 32)",Hossein Kanaanizadegan,Persepolis
wikipedia,https://en.wikipedia.org/wiki/2026_FIFA_World_Cup_squads,https://en.wikipedia.org/wiki/2026_FIFA_World_Cup_squads,2026 FIFA World Cup squads,FIFA World Cup,2026,Iran,Iran,,DF,Shojae Khalilzadeh,"May 14, 1989",37,57,2,Tractor,"May 14, 1989 (aged 37)",Shojae Khalilzadeh,Tractor
wikipedia,https://en.wikipedia.org/wiki/2026_FIFA_World_Cup_squads,https://en.wikipedia.org/wiki/2026_FIFA_World_Cup_squads,2026 FIFA World Cup squads,FIFA World Cup,2026,Iran,Iran,,DF,Saleh Hardani,"December 26, 1998",27,17,1,Esteghlal,"December 26, 1998 (aged 27)",Saleh Hardani,Esteghlal
wikipedia,https://en.wikipedia.org/wiki/2026_FIFA_World_Cup_squads,https://en.wikipedia.org/wiki/2026_FIFA_World_Cup_squads,2026 FIFA World Cup squads,FIFA World Cup,2026,Iran,Iran,,DF,Ali Nemati,"February 7, 1996",30,16,0,Foolad,"February 7, 1996 (aged 30)",Ali Nemati,Foolad
wikipedia,https://en.wikipedia.org/wiki/2026_FIFA_World_Cup_squads,https://en.wikipedia.org/wiki/2026_FIFA_World_Cup_squads,2026 FIFA World Cup squads,FIFA World Cup,2026,Iran,Iran,,DF,Danial Eiri,"October 26, 2003",22,0,0,Malavan,"October 26, 2003 (aged 22)",Danial Eiri,Malavan
wikipedia,https://en.wikipedia.org/wiki/2026_FIFA_World_Cup_squads,https://en.wikipedia.org/wiki/2026_FIFA_World_Cup_squads,2026 FIFA World Cup squads,FIFA World Cup,2026,Iran,Iran,,MF,Alireza Jahanbakhsh,"August 11, 1993",32,98,17,Dender,"August 11, 1993 (aged 32)",Alireza Jahanbakhsh,Dender
wikipedia,https://en.wikipedia.org/wiki/2026_FIFA_World_Cup_squads,https://en.wikipedia.org/wiki/2026_FIFA_World_Cup_squads,2026 FIFA World Cup squads,FIFA World Cup,2026,Iran,Iran,,MF,Saeid Ezatolahi,"October 1, 1996",29,82,1,Shabab Al-Ahli,"October 1, 1996 (aged 29)",Saeid Ezatolahi,Shabab Al-Ahli
wikipedia,https://en.wikipedia.org/wiki/2026_FIFA_World_Cup_squads,https://en.wikipedia.org/wiki/2026_FIFA_World_Cup_squads,2026 FIFA World Cup squads,FIFA World Cup,2026,Iran,Iran,,MF,Saman Ghoddos,"September 6, 1993",32,67,3,Kalba,"September 6, 1993 (aged 32)",Saman Ghoddos,Kalba
wikipedia,https://en.wikipedia.org/wiki/2026_FIFA_World_Cup_squads,https://en.wikipedia.org/wiki/2026_FIFA_World_Cup_squads,2026 FIFA World Cup squads,FIFA World Cup,2026,Iran,Iran,,MF,Mehdi Torabi,"September 10, 1994",31,52,7,Tractor,"September 10, 1994 (aged 31)",Mehdi Torabi,Tractor
wikipedia,https://en.wikipedia.org/wiki/2026_FIFA_World_Cup_squads,https://en.wikipedia.org/wiki/2026_FIFA_World_Cup_squads,2026 FIFA World Cup squads,FIFA World Cup,2026,Iran,Iran,,MF,Rouzbeh Cheshmi,"July 24, 1993",32,40,3,Esteghlal,"July 24, 1993 (aged 32)",Rouzbeh Cheshmi,Esteghlal
wikipedia,https://en.wikipedia.org/wiki/2026_FIFA_World_Cup_squads,https://en.wikipedia.org/wiki/2026_FIFA_World_Cup_squads,2026 FIFA World Cup squads,FIFA World Cup,2026,Iran,Iran,,MF,Mohammad Mohebi,"December 20, 1998",27,36,14,Rostov,"December 20, 1998 (aged 27)",Mohammad Mohebi,Rostov
wikipedia,https://en.wikipedia.org/wiki/2026_FIFA_World_Cup_squads,https://en.wikipedia.org/wiki/2026_FIFA_World_Cup_squads,2026 FIFA World Cup squads,FIFA World Cup,2026,Iran,Iran,,MF,Mehdi Ghayedi,"December 5, 1998",27,29,10,Al-Nasr,"December 5, 1998 (aged 27)",Mehdi Ghayedi,Al-Nasr
wikipedia,https://en.wikipedia.org/wiki/2026_FIFA_World_Cup_squads,https://en.wikipedia.org/wiki/2026_FIFA_World_Cup_squads,2026 FIFA World Cup squads,FIFA World Cup,2026,Iran,Iran,,MF,Mohammad Ghorbani,"May 21, 2001",25,15,0,Al-Wahda,"May 21, 2001 (aged 25)",Mohammad Ghorbani,Al-Wahda
wikipedia,https://en.wikipedia.org/wiki/2026_FIFA_World_Cup_squads,https://en.wikipedia.org/wiki/2026_FIFA_World_Cup_squads,2026 FIFA World Cup squads,FIFA World Cup,2026,Iran,Iran,,MF,Aria Yousefi,"April 22, 2002",24,13,1,Sepahan,"April 22, 2002 (aged 24)",Aria Yousefi,Sepahan
wikipedia,https://en.wikipedia.org/wiki/2026_FIFA_World_Cup_squads,https://en.wikipedia.org/wiki/2026_FIFA_World_Cup_squads,2026 FIFA World Cup squads,FIFA World Cup,2026,Iran,Iran,,MF,Amirmohammad Razzaghinia,"April 11, 2006",20,3,0,Esteghlal,"April 11, 2006 (aged 20)",Amirmohammad Razzaghinia,Esteghlal
wikipedia,https://en.wikipedia.org/wiki/2026_FIFA_World_Cup_squads,https://en.wikipedia.org/wiki/2026_FIFA_World_Cup_squads,2026 FIFA World Cup squads,FIFA World Cup,2026,Iran,Iran,,FW,Mehdi Taremi,"July 18, 1992",33,104,60,Olympiacos,"July 18, 1992 (aged 33)",Mehdi Taremi,Olympiacos
wikipedia,https://en.wikipedia.org/wiki/2026_FIFA_World_Cup_squads,https://en.wikipedia.org/wiki/2026_FIFA_World_Cup_squads,2026 FIFA World Cup squads,FIFA World Cup,2026,Iran,Iran,,FW,Shahriyar Moghanlou,"December 21, 1994",31,20,2,Kalba,"December 21, 1994 (aged 31)",Shahriyar Moghanlou,Kalba
wikipedia,https://en.wikipedia.org/wiki/2026_FIFA_World_Cup_squads,https://en.wikipedia.org/wiki/2026_FIFA_World_Cup_squads,2026 FIFA World Cup squads,FIFA World Cup,2026,Iran,Iran,,FW,Amirhossein Hosseinzadeh,"October 30, 2000",25,17,5,Tractor,"October 30, 2000 (aged 25)",Amirhossein Hosseinzadeh,Tractor
wikipedia,https://en.wikipedia.org/wiki/2026_FIFA_World_Cup_squads,https://en.wikipedia.org/wiki/2026_FIFA_World_Cup_squads,2026 FIFA World Cup squads,FIFA World Cup,2026,Iran,Iran,,FW,Ali Alipour,"November 11, 1995",30,13,1,Persepolis,"November 11, 1995 (aged 30)",Ali Alipour,Persepolis
wikipedia,https://en.wikipedia.org/wiki/2026_FIFA_World_Cup_squads,https://en.wikipedia.org/wiki/2026_FIFA_World_Cup_squads,2026 FIFA World Cup squads,FIFA World Cup,2026,Iran,Iran,,FW,Dennis Eckert,"January 9, 1997",29,0,0,Standard Liège,"January 9, 1997 (aged 29)",Dennis Eckert,Standard Liège
wikipedia,https://en.wikipedia.org/wiki/2026_FIFA_World_Cup_squads,https://en.wikipedia.org/wiki/2026_FIFA_World_Cup_squads,2026 FIFA World Cup squads,FIFA World Cup,2026,New Zealand,New Zealand,1,GK,Max Crocombe,"August 12, 1993",32,22,0,Millwall,"August 12, 1993 (aged 32)",Max Crocombe,Millwall
wikipedia,https://en.wikipedia.org/wiki/2026_FIFA_World_Cup_squads,https://en.wikipedia.org/wiki/2026_FIFA_World_Cup_squads,2026 FIFA World Cup squads,FIFA World Cup,2026,New Zealand,New Zealand,2,DF,Tim Payne,"January 10, 1994",32,49,3,Wellington Phoenix,"January 10, 1994 (aged 32)",Tim Payne,Wellington Phoenix
wikipedia,https://en.wikipedia.org/wiki/2026_FIFA_World_Cup_squads,https://en.wikipedia.org/wiki/2026_FIFA_World_Cup_squads,2026 FIFA World Cup squads,FIFA World Cup,2026,New Zealand,New Zealand,3,DF,Francis de Vries,"November 28, 1994",31,18,1,Auckland FC,"November 28, 1994 (aged 31)",Francis de Vries,Auckland FC
wikipedia,https://en.wikipedia.org/wiki/2026_FIFA_World_Cup_squads,https://en.wikipedia.org/wiki/2026_FIFA_World_Cup_squads,2026 FIFA World Cup squads,FIFA World Cup,2026,New Zealand,New Zealand,4,DF,Tyler Bindon,"January 27, 2005",21,23,3,Sheffield United,"January 27, 2005 (aged 21)",Tyler Bindon,Sheffield United
wikipedia,https://en.wikipedia.org/wiki/2026_FIFA_World_Cup_squads,https://en.wikipedia.org/wiki/2026_FIFA_World_Cup_squads,2026 FIFA World Cup squads,FIFA World Cup,2026,New Zealand,New Zealand,5,DF,Michael Boxall,"August 18, 1988",37,61,1,Minnesota United FC,"August 18, 1988 (aged 37)",Michael Boxall,Minnesota United FC
wikipedia,https://en.wikipedia.org/wiki/2026_FIFA_World_Cup_squads,https://en.wikipedia.org/wiki/2026_FIFA_World_Cup_squads,2026 FIFA World Cup squads,FIFA World Cup,2026,New Zealand,New Zealand,6,MF,Joe Bell,"April 27, 1999",27,31,1,Viking,"April 27, 1999 (aged 27)",Joe Bell,Viking
wikipedia,https://en.wikipedia.org/wiki/2026_FIFA_World_Cup_squads,https://en.wikipedia.org/wiki/2026_FIFA_World_Cup_squads,2026 FIFA World Cup squads,FIFA World Cup,2026,New Zealand,New Zealand,7,MF,Matthew Garbett,"April 13, 2002",24,35,5,Peterborough United,"April 13, 2002 (aged 24)",Matthew Garbett,Peterborough United
wikipedia,https://en.wikipedia.org/wiki/2026_FIFA_World_Cup_squads,https://en.wikipedia.org/wiki/2026_FIFA_World_Cup_squads,2026 FIFA World Cup squads,FIFA World Cup,2026,New Zealand,New Zealand,8,MF,Marko Stamenić,"February 19, 2002",24,37,3,Swansea City,"February 19, 2002 (aged 24)",Marko Stamenić,Swansea City
wikipedia,https://en.wikipedia.org/wiki/2026_FIFA_World_Cup_squads,https://en.wikipedia.org/wiki/2026_FIFA_World_Cup_squads,2026 FIFA World Cup squads,FIFA World Cup,2026,New Zealand,New Zealand,9,FW,Chris Wood (captain),"December 7, 1991",34,88,45,Nottingham Forest,"December 7, 1991 (aged 34)",Chris Wood (captain),Nottingham Forest
wikipedia,https://en.wikipedia.org/wiki/2026_FIFA_World_Cup_squads,https://en.wikipedia.org/wiki/2026_FIFA_World_Cup_squads,2026 FIFA World Cup squads,FIFA World Cup,2026,New Zealand,New Zealand,10,MF,Sarpreet Singh,"February 20, 1999",27,26,3,Wellington Phoenix,"February 20, 1999 (aged 27)",Sarpreet Singh,Wellington Phoenix
wikipedia,https://en.wikipedia.org/wiki/2026_FIFA_World_Cup_squads,https://en.wikipedia.org/wiki/2026_FIFA_World_Cup_squads,2026 FIFA World Cup squads,FIFA World Cup,2026,New Zealand,New Zealand,11,MF,Elijah Just,"May 1, 2000",26,42,9,Motherwell,"May 1, 2000 (aged 26)",Elijah Just,Motherwell
wikipedia,https://en.wikipedia.org/wiki/2026_FIFA_World_Cup_squads,https://en.wikipedia.org/wiki/2026_FIFA_World_Cup_squads,2026 FIFA World Cup squads,FIFA World Cup,2026,New Zealand,New Zealand,12,GK,Alex Paulsen,"July 4, 2002",23,6,0,Lechia Gdańsk,"July 4, 2002 (aged 23)",Alex Paulsen,Lechia Gdańsk
wikipedia,https://en.wikipedia.org/wiki/2026_FIFA_World_Cup_squads,https://en.wikipedia.org/wiki/2026_FIFA_World_Cup_squads,2026 FIFA World Cup squads,FIFA World Cup,2026,New Zealand,New Zealand,13,DF,Liberato Cacace,"September 27, 2000",25,35,1,Wrexham,"September 27, 2000 (aged 25)",Liberato Cacace,Wrexham
wikipedia,https://en.wikipedia.org/wiki/2026_FIFA_World_Cup_squads,https://en.wikipedia.org/wiki/2026_FIFA_World_Cup_squads,2026 FIFA World Cup squads,FIFA World Cup,2026,New Zealand,New Zealand,14,MF,Alex Rufer,"June 12, 1996",29,24,0,Wellington Phoenix,"June 12, 1996 (aged 29)",Alex Rufer,Wellington Phoenix
wikipedia,https://en.wikipedia.org/wiki/2026_FIFA_World_Cup_squads,https://en.wikipedia.org/wiki/2026_FIFA_World_Cup_squads,2026 FIFA World Cup squads,FIFA World Cup,2026,New Zealand,New Zealand,15,DF,Nando Pijnaker,"February 25, 1999",27,23,0,Auckland FC,"February 25, 1999 (aged 27)",Nando Pijnaker,Auckland FC
wikipedia,https://en.wikipedia.org/wiki/2026_FIFA_World_Cup_squads,https://en.wikipedia.org/wiki/2026_FIFA_World_Cup_squads,2026 FIFA World Cup squads,FIFA World Cup,2026,New Zealand,New Zealand,16,DF,Finn Surman,"September 23, 2003",22,17,2,Portland Timbers,"September 23, 2003 (aged 22)",Finn Surman,Portland Timbers
wikipedia,https://en.wikipedia.org/wiki/2026_FIFA_World_Cup_squads,https://en.wikipedia.org/wiki/2026_FIFA_World_Cup_squads,2026 FIFA World Cup squads,FIFA World Cup,2026,New Zealand,New Zealand,17,FW,Kosta Barbarouses,"February 19, 1990",36,74,10,Western Sydney Wanderers,"February 19, 1990 (aged 36)",Kosta Barbarouses,Western Sydney Wanderers
wikipedia,https://en.wikipedia.org/wiki/2026_FIFA_World_Cup_squads,https://en.wikipedia.org/wiki/2026_FIFA_World_Cup_squads,2026 FIFA World Cup squads,FIFA World Cup,2026,New Zealand,New Zealand,18,FW,Ben Waine,"June 11, 2001",25,30,9,Port Vale,"June 11, 2001 (aged 25)",Ben Waine,Port Vale
wikipedia,https://en.wikipedia.org/wiki/2026_FIFA_World_Cup_squads,https://en.wikipedia.org/wiki/2026_FIFA_World_Cup_squads,2026 FIFA World Cup squads,FIFA World Cup,2026,New Zealand,New Zealand,19,MF,Ben Old,"August 13, 2002",23,22,2,Saint-Étienne,"August 13, 2002 (aged 23)",Ben Old,Saint-Étienne
wikipedia,https://en.wikipedia.org/wiki/2026_FIFA_World_Cup_squads,https://en.wikipedia.org/wiki/2026_FIFA_World_Cup_squads,2026 FIFA World Cup squads,FIFA World Cup,2026,New Zealand,New Zealand,20,MF,Callum McCowatt,"April 30, 1999",27,30,4,Silkeborg,"April 30, 1999 (aged 27)",Callum McCowatt,Silkeborg
wikipedia,https://en.wikipedia.org/wiki/2026_FIFA_World_Cup_squads,https://en.wikipedia.org/wiki/2026_FIFA_World_Cup_squads,2026 FIFA World Cup squads,FIFA World Cup,2026,New Zealand,New Zealand,21,FW,Jesse Randall,"August 19, 2002",23,9,2,Auckland FC,"August 19, 2002 (aged 23)",Jesse Randall,Auckland FC
wikipedia,https://en.wikipedia.org/wiki/2026_FIFA_World_Cup_squads,https://en.wikipedia.org/wiki/2026_FIFA_World_Cup_squads,2026 FIFA World Cup squads,FIFA World Cup,2026,New Zealand,New Zealand,22,GK,Michael Woud,"January 16, 1999",27,6,0,Auckland FC,"January 16, 1999 (aged 27)",Michael Woud,Auckland FC
wikipedia,https://en.wikipedia.org/wiki/2026_FIFA_World_Cup_squads,https://en.wikipedia.org/wiki/2026_FIFA_World_Cup_squads,2026 FIFA World Cup squads,FIFA World Cup,2026,New Zealand,New Zealand,23,MF,Ryan Thomas,"December 20, 1994",31,25,3,PEC Zwolle,"December 20, 1994 (aged 31)",Ryan Thomas,PEC Zwolle
wikipedia,https://en.wikipedia.org/wiki/2026_FIFA_World_Cup_squads,https://en.wikipedia.org/wiki/2026_FIFA_World_Cup_squads,2026 FIFA World Cup squads,FIFA World Cup,2026,New Zealand,New Zealand,24,DF,Callan Elliot,"July 7, 1999",26,9,0,Auckland FC,"July 7, 1999 (aged 26)",Callan Elliot,Auckland FC
wikipedia,https://en.wikipedia.org/wiki/2026_FIFA_World_Cup_squads,https://en.wikipedia.org/wiki/2026_FIFA_World_Cup_squads,2026 FIFA World Cup squads,FIFA World Cup,2026,New Zealand,New Zealand,25,MF,Lachlan Bayliss,"July 24, 2002",23,2,0,Newcastle Jets,"July 24, 2002 (aged 23)",Lachlan Bayliss,Newcastle Jets
wikipedia,https://en.wikipedia.org/wiki/2026_FIFA_World_Cup_squads,https://en.wikipedia.org/wiki/2026_FIFA_World_Cup_squads,2026 FIFA World Cup squads,FIFA World Cup,2026,New Zealand,New Zealand,26,DF,Tommy Smith,"March 31, 1990",36,56,2,Braintree Town,"March 31, 1990 (aged 36)",Tommy Smith,Braintree Town
wikipedia,https://en.wikipedia.org/wiki/2026_FIFA_World_Cup_squads,https://en.wikipedia.org/wiki/2026_FIFA_World_Cup_squads,2026 FIFA World Cup squads,FIFA World Cup,2026,Cape Verde,Cape Verde,,GK,Vozinha,"June 3, 1986",40,85,0,Chaves,"June 3, 1986 (aged 40)",Vozinha,Chaves
wikipedia,https://en.wikipedia.org/wiki/2026_FIFA_World_Cup_squads,https://en.wikipedia.org/wiki/2026_FIFA_World_Cup_squads,2026 FIFA World Cup squads,FIFA World Cup,2026,Cape Verde,Cape Verde,,GK,Márcio Rosa,"February 23, 1997",29,10,0,Montana,"February 23, 1997 (aged 29)",Márcio Rosa,Montana
wikipedia,https://en.wikipedia.org/wiki/2026_FIFA_World_Cup_squads,https://en.wikipedia.org/wiki/2026_FIFA_World_Cup_squads,2026 FIFA World Cup squads,FIFA World Cup,2026,Cape Verde,Cape Verde,,GK,CJ dos Santos,"August 24, 2000",25,0,0,San Diego FC,"August 24, 2000 (aged 25)",CJ dos Santos,San Diego FC
wikipedia,https://en.wikipedia.org/wiki/2026_FIFA_World_Cup_squads,https://en.wikipedia.org/wiki/2026_FIFA_World_Cup_squads,2026 FIFA World Cup squads,FIFA World Cup,2026,Cape Verde,Cape Verde,,DF,Stopira,"May 20, 1988",38,60,4,Torreense,"May 20, 1988 (aged 38)",Stopira,Torreense
wikipedia,https://en.wikipedia.org/wiki/2026_FIFA_World_Cup_squads,https://en.wikipedia.org/wiki/2026_FIFA_World_Cup_squads,2026 FIFA World Cup squads,FIFA World Cup,2026,Cape Verde,Cape Verde,,DF,Roberto Lopes,"June 17, 1992",33,44,0,Shamrock Rovers,"June 17, 1992 (aged 33)",Roberto Lopes,Shamrock Rovers
wikipedia,https://en.wikipedia.org/wiki/2026_FIFA_World_Cup_squads,https://en.wikipedia.org/wiki/2026_FIFA_World_Cup_squads,2026 FIFA World Cup squads,FIFA World Cup,2026,Cape Verde,Cape Verde,,DF,João Paulo,"May 26, 1998",28,40,1,FCSB,"May 26, 1998 (aged 28)",João Paulo,FCSB
wikipedia,https://en.wikipedia.org/wiki/2026_FIFA_World_Cup_squads,https://en.wikipedia.org/wiki/2026_FIFA_World_Cup_squads,2026 FIFA World Cup squads,FIFA World Cup,2026,Cape Verde,Cape Verde,,DF,Diney,"January 17, 1995",31,29,2,Al-Bataeh,"January 17, 1995 (aged 31)",Diney,Al-Bataeh
wikipedia,https://en.wikipedia.org/wiki/2026_FIFA_World_Cup_squads,https://en.wikipedia.org/wiki/2026_FIFA_World_Cup_squads,2026 FIFA World Cup squads,FIFA World Cup,2026,Cape Verde,Cape Verde,,DF,Logan Costa,"April 1, 2001",25,26,0,Villarreal,"April 1, 2001 (aged 25)",Logan Costa,Villarreal
wikipedia,https://en.wikipedia.org/wiki/2026_FIFA_World_Cup_squads,https://en.wikipedia.org/wiki/2026_FIFA_World_Cup_squads,2026 FIFA World Cup squads,FIFA World Cup,2026,Cape Verde,Cape Verde,,DF,Steven Moreira,"August 13, 1994",31,18,0,Columbus Crew,"August 13, 1994 (aged 31)",Steven Moreira,Columbus Crew
wikipedia,https://en.wikipedia.org/wiki/2026_FIFA_World_Cup_squads,https://en.wikipedia.org/wiki/2026_FIFA_World_Cup_squads,2026 FIFA World Cup squads,FIFA World Cup,2026,Cape Verde,Cape Verde,,DF,Wagner Pina,"November 3, 2002",23,12,0,Trabzonspor,"November 3, 2002 (aged 23)",Wagner Pina,Trabzonspor
wikipedia,https://en.wikipedia.org/wiki/2026_FIFA_World_Cup_squads,https://en.wikipedia.org/wiki/2026_FIFA_World_Cup_squads,2026 FIFA World Cup squads,FIFA World Cup,2026,Cape Verde,Cape Verde,,DF,Sidny Lopes Cabral,"September 18, 2003",22,8,3,Benfica,"September 18, 2003 (aged 22)",Sidny Lopes Cabral,Benfica
wikipedia,https://en.wikipedia.org/wiki/2026_FIFA_World_Cup_squads,https://en.wikipedia.org/wiki/2026_FIFA_World_Cup_squads,2026 FIFA World Cup squads,FIFA World Cup,2026,Cape Verde,Cape Verde,,DF,Kelvin Pires,"June 5, 2000",26,4,1,SJK,"June 5, 2000 (aged 26)",Kelvin Pires,SJK
wikipedia,https://en.wikipedia.org/wiki/2026_FIFA_World_Cup_squads,https://en.wikipedia.org/wiki/2026_FIFA_World_Cup_squads,2026 FIFA World Cup squads,FIFA World Cup,2026,Cape Verde,Cape Verde,,MF,Jamiro Monteiro,"November 23, 1993",32,53,5,PEC Zwolle,"November 23, 1993 (aged 32)",Jamiro Monteiro,PEC Zwolle
wikipedia,https://en.wikipedia.org/wiki/2026_FIFA_World_Cup_squads,https://en.wikipedia.org/wiki/2026_FIFA_World_Cup_squads,2026 FIFA World Cup squads,FIFA World Cup,2026,Cape Verde,Cape Verde,,MF,Kevin Pina,"January 27, 1997",29,30,2,Krasnodar,"January 27, 1997 (aged 29)",Kevin Pina,Krasnodar
wikipedia,https://en.wikipedia.org/wiki/2026_FIFA_World_Cup_squads,https://en.wikipedia.org/wiki/2026_FIFA_World_Cup_squads,2026 FIFA World Cup squads,FIFA World Cup,2026,Cape Verde,Cape Verde,,MF,Deroy Duarte,"July 4, 1999",26,30,0,Ludogorets Razgrad,"July 4, 1999 (aged 26)",Deroy Duarte,Ludogorets Razgrad
wikipedia,https://en.wikipedia.org/wiki/2026_FIFA_World_Cup_squads,https://en.wikipedia.org/wiki/2026_FIFA_World_Cup_squads,2026 FIFA World Cup squads,FIFA World Cup,2026,Cape Verde,Cape Verde,,MF,Telmo Arcanjo,"June 21, 2001",24,14,1,Vitória de Guimarães,"June 21, 2001 (aged 24)",Telmo Arcanjo,Vitória de Guimarães
wikipedia,https://en.wikipedia.org/wiki/2026_FIFA_World_Cup_squads,https://en.wikipedia.org/wiki/2026_FIFA_World_Cup_squads,2026 FIFA World Cup squads,FIFA World Cup,2026,Cape Verde,Cape Verde,,MF,Laros Duarte,"February 28, 1997",29,12,0,Puskás Akadémia,"February 28, 1997 (aged 29)",Laros Duarte,Puskás Akadémia
wikipedia,https://en.wikipedia.org/wiki/2026_FIFA_World_Cup_squads,https://en.wikipedia.org/wiki/2026_FIFA_World_Cup_squads,2026 FIFA World Cup squads,FIFA World Cup,2026,Cape Verde,Cape Verde,,MF,Yannick Semedo,"December 29, 1995",30,10,1,Farense,"December 29, 1995 (aged 30)",Yannick Semedo,Farense
wikipedia,https://en.wikipedia.org/wiki/2026_FIFA_World_Cup_squads,https://en.wikipedia.org/wiki/2026_FIFA_World_Cup_squads,2026 FIFA World Cup squads,FIFA World Cup,2026,Cape Verde,Cape Verde,,FW,Ryan Mendes (captain),"January 8, 1990",36,94,22,Iğdır,"January 8, 1990 (aged 36)",Ryan Mendes (captain),Iğdır
wikipedia,https://en.wikipedia.org/wiki/2026_FIFA_World_Cup_squads,https://en.wikipedia.org/wiki/2026_FIFA_World_Cup_squads,2026 FIFA World Cup squads,FIFA World Cup,2026,Cape Verde,Cape Verde,,FW,Garry Rodrigues,"November 27, 1990",35,59,9,Apollon Limassol,"November 27, 1990 (aged 35)",Garry Rodrigues,Apollon Limassol
wikipedia,https://en.wikipedia.org/wiki/2026_FIFA_World_Cup_squads,https://en.wikipedia.org/wiki/2026_FIFA_World_Cup_squads,2026 FIFA World Cup squads,FIFA World Cup,2026,Cape Verde,Cape Verde,,FW,Willy Semedo,"April 27, 1994",32,36,2,Omonia,"April 27, 1994 (aged 32)",Willy Semedo,Omonia
wikipedia,https://en.wikipedia.org/wiki/2026_FIFA_World_Cup_squads,https://en.wikipedia.org/wiki/2026_FIFA_World_Cup_squads,2026 FIFA World Cup squads,FIFA World Cup,2026,Cape Verde,Cape Verde,,FW,Jovane Cabral,"June 14, 1998",27,25,2,Estrela Amadora,"June 14, 1998 (aged 27)",Jovane Cabral,Estrela Amadora
wikipedia,https://en.wikipedia.org/wiki/2026_FIFA_World_Cup_squads,https://en.wikipedia.org/wiki/2026_FIFA_World_Cup_squads,2026 FIFA World Cup squads,FIFA World Cup,2026,Cape Verde,Cape Verde,,FW,Gilson Benchimol,"December 29, 2001",24,21,5,Akron Tolyatti,"December 29, 2001 (aged 24)",Gilson Benchimol,Akron Tolyatti
wikipedia,https://en.wikipedia.org/wiki/2026_FIFA_World_Cup_squads,https://en.wikipedia.org/wiki/2026_FIFA_World_Cup_squads,2026 FIFA World Cup squads,FIFA World Cup,2026,Cape Verde,Cape Verde,,FW,Dailon Livramento,"May 4, 2001",25,20,7,Casa Pia,"May 4, 2001 (aged 25)",Dailon Livramento,Casa Pia
wikipedia,https://en.wikipedia.org/wiki/2026_FIFA_World_Cup_squads,https://en.wikipedia.org/wiki/2026_FIFA_World_Cup_squads,2026 FIFA World Cup squads,FIFA World Cup,2026,Cape Verde,Cape Verde,,FW,Hélio Varela,"May 3, 2002",24,19,0,Maccabi Tel Aviv,"May 3, 2002 (aged 24)",Hélio Varela,Maccabi Tel Aviv
wikipedia,https://en.wikipedia.org/wiki/2026_FIFA_World_Cup_squads,https://en.wikipedia.org/wiki/2026_FIFA_World_Cup_squads,2026 FIFA World Cup squads,FIFA World Cup,2026,Cape Verde,Cape Verde,,FW,Nuno da Costa,"February 10, 1991",35,7,1,İstanbul Başakşehir,"February 10, 1991 (aged 35)",Nuno da Costa,İstanbul Başakşehir
wikipedia,https://en.wikipedia.org/wiki/2026_FIFA_World_Cup_squads,https://en.wikipedia.org/wiki/2026_FIFA_World_Cup_squads,2026 FIFA World Cup squads,FIFA World Cup,2026,Saudi Arabia,Saudi Arabia,,GK,Mohammed Al-Owais,"October 10, 1991",34,63,0,Al-Ula,"October 10, 1991 (aged 34)",Mohammed Al-Owais,Al-Ula
wikipedia,https://en.wikipedia.org/wiki/2026_FIFA_World_Cup_squads,https://en.wikipedia.org/wiki/2026_FIFA_World_Cup_squads,2026 FIFA World Cup squads,FIFA World Cup,2026,Saudi Arabia,Saudi Arabia,,GK,Nawaf Al-Aqidi,"May 10, 2000",26,22,0,Al-Nassr,"May 10, 2000 (aged 26)",Nawaf Al-Aqidi,Al-Nassr
wikipedia,https://en.wikipedia.org/wiki/2026_FIFA_World_Cup_squads,https://en.wikipedia.org/wiki/2026_FIFA_World_Cup_squads,2026 FIFA World Cup squads,FIFA World Cup,2026,Saudi Arabia,Saudi Arabia,,GK,Ahmed Al-Kassar,"May 8, 1991",35,8,0,Al-Qadsiah,"May 8, 1991 (aged 35)",Ahmed Al-Kassar,Al-Qadsiah
wikipedia,https://en.wikipedia.org/wiki/2026_FIFA_World_Cup_squads,https://en.wikipedia.org/wiki/2026_FIFA_World_Cup_squads,2026 FIFA World Cup squads,FIFA World Cup,2026,Saudi Arabia,Saudi Arabia,,DF,Saud Abdulhamid,"July 18, 1999",26,53,1,Lens,"July 18, 1999 (aged 26)",Saud Abdulhamid,Lens
wikipedia,https://en.wikipedia.org/wiki/2026_FIFA_World_Cup_squads,https://en.wikipedia.org/wiki/2026_FIFA_World_Cup_squads,2026 FIFA World Cup squads,FIFA World Cup,2026,Saudi Arabia,Saudi Arabia,,DF,Hassan Al-Tambakti,"February 9, 1999",27,51,0,Al-Hilal,"February 9, 1999 (aged 27)",Hassan Al-Tambakti,Al-Hilal
wikipedia,https://en.wikipedia.org/wiki/2026_FIFA_World_Cup_squads,https://en.wikipedia.org/wiki/2026_FIFA_World_Cup_squads,2026 FIFA World Cup squads,FIFA World Cup,2026,Saudi Arabia,Saudi Arabia,,DF,Abdulelah Al-Amri,"January 15, 1997",29,41,1,Al-Nassr,"January 15, 1997 (aged 29)",Abdulelah Al-Amri,Al-Nassr
wikipedia,https://en.wikipedia.org/wiki/2026_FIFA_World_Cup_squads,https://en.wikipedia.org/wiki/2026_FIFA_World_Cup_squads,2026 FIFA World Cup squads,FIFA World Cup,2026,Saudi Arabia,Saudi Arabia,,DF,Nawaf Boushal,"September 16, 1999",26,24,0,Al-Nassr,"September 16, 1999 (aged 26)",Nawaf Boushal,Al-Nassr
wikipedia,https://en.wikipedia.org/wiki/2026_FIFA_World_Cup_squads,https://en.wikipedia.org/wiki/2026_FIFA_World_Cup_squads,2026 FIFA World Cup squads,FIFA World Cup,2026,Saudi Arabia,Saudi Arabia,,DF,Ali Lajami,"April 24, 1996",30,20,1,Al-Hilal,"April 24, 1996 (aged 30)",Ali Lajami,Al-Hilal
wikipedia,https://en.wikipedia.org/wiki/2026_FIFA_World_Cup_squads,https://en.wikipedia.org/wiki/2026_FIFA_World_Cup_squads,2026 FIFA World Cup squads,FIFA World Cup,2026,Saudi Arabia,Saudi Arabia,,DF,Ali Majrashi,"October 2, 1999",26,20,0,Al-Ahli,"October 2, 1999 (aged 26)",Ali Majrashi,Al-Ahli
wikipedia,https://en.wikipedia.org/wiki/2026_FIFA_World_Cup_squads,https://en.wikipedia.org/wiki/2026_FIFA_World_Cup_squads,2026 FIFA World Cup squads,FIFA World Cup,2026,Saudi Arabia,Saudi Arabia,,DF,Hassan Kadesh,"September 27, 1992",33,19,2,Al-Ittihad,"September 27, 1992 (aged 33)",Hassan Kadesh,Al-Ittihad
wikipedia,https://en.wikipedia.org/wiki/2026_FIFA_World_Cup_squads,https://en.wikipedia.org/wiki/2026_FIFA_World_Cup_squads,2026 FIFA World Cup squads,FIFA World Cup,2026,Saudi Arabia,Saudi Arabia,,DF,Moteb Al-Harbi,"February 20, 2000",26,11,0,Al-Hilal,"February 20, 2000 (aged 26)",Moteb Al-Harbi,Al-Hilal
wikipedia,https://en.wikipedia.org/wiki/2026_FIFA_World_Cup_squads,https://en.wikipedia.org/wiki/2026_FIFA_World_Cup_squads,2026 FIFA World Cup squads,FIFA World Cup,2026,Saudi Arabia,Saudi Arabia,,DF,Jehad Thakri,"July 21, 2001",24,6,0,Al-Qadsiah,"July 21, 2001 (aged 24)",Jehad Thakri,Al-Qadsiah
wikipedia,https://en.wikipedia.org/wiki/2026_FIFA_World_Cup_squads,https://en.wikipedia.org/wiki/2026_FIFA_World_Cup_squads,2026 FIFA World Cup squads,FIFA World Cup,2026,Saudi Arabia,Saudi Arabia,,DF,Mohammed Abu Al-Shamat,"August 11, 2002",23,5,0,Al-Qadsiah,"August 11, 2002 (aged 23)",Mohammed Abu Al-Shamat,Al-Qadsiah
wikipedia,https://en.wikipedia.org/wiki/2026_FIFA_World_Cup_squads,https://en.wikipedia.org/wiki/2026_FIFA_World_Cup_squads,2026 FIFA World Cup squads,FIFA World Cup,2026,Saudi Arabia,Saudi Arabia,,MF,Salem Al-Dawsari (captain),"August 19, 1991",34,108,26,Al-Hilal,"August 19, 1991 (aged 34)",Salem Al-Dawsari (captain),Al-Hilal
wikipedia,https://en.wikipedia.org/wiki/2026_FIFA_World_Cup_squads,https://en.wikipedia.org/wiki/2026_FIFA_World_Cup_squads,2026 FIFA World Cup squads,FIFA World Cup,2026,Saudi Arabia,Saudi Arabia,,MF,Mohamed Kanno,"September 22, 1994",31,75,8,Al-Hilal,"September 22, 1994 (aged 31)",Mohamed Kanno,Al-Hilal
wikipedia,https://en.wikipedia.org/wiki/2026_FIFA_World_Cup_squads,https://en.wikipedia.org/wiki/2026_FIFA_World_Cup_squads,2026 FIFA World Cup squads,FIFA World Cup,2026,Saudi Arabia,Saudi Arabia,,MF,Nasser Al-Dawsari,"December 19, 1998",27,42,0,Al-Hilal,"December 19, 1998 (aged 27)",Nasser Al-Dawsari,Al-Hilal
wikipedia,https://en.wikipedia.org/wiki/2026_FIFA_World_Cup_squads,https://en.wikipedia.org/wiki/2026_FIFA_World_Cup_squads,2026 FIFA World Cup squads,FIFA World Cup,2026,Saudi Arabia,Saudi Arabia,,MF,Abdullah Al-Khaibari,"August 16, 1996",29,38,0,Al-Nassr,"August 16, 1996 (aged 29)",Abdullah Al-Khaibari,Al-Nassr
wikipedia,https://en.wikipedia.org/wiki/2026_FIFA_World_Cup_squads,https://en.wikipedia.org/wiki/2026_FIFA_World_Cup_squads,2026 FIFA World Cup squads,FIFA World Cup,2026,Saudi Arabia,Saudi Arabia,,MF,Musab Al-Juwayr,"June 20, 2003",22,33,6,Al-Qadsiah,"June 20, 2003 (aged 22)",Musab Al-Juwayr,Al-Qadsiah
wikipedia,https://en.wikipedia.org/wiki/2026_FIFA_World_Cup_squads,https://en.wikipedia.org/wiki/2026_FIFA_World_Cup_squads,2026 FIFA World Cup squads,FIFA World Cup,2026,Saudi Arabia,Saudi Arabia,,MF,Ayman Yahya,"May 14, 2001",25,25,0,Al-Nassr,"May 14, 2001 (aged 25)",Ayman Yahya,Al-Nassr
wikipedia,https://en.wikipedia.org/wiki/2026_FIFA_World_Cup_squads,https://en.wikipedia.org/wiki/2026_FIFA_World_Cup_squads,2026 FIFA World Cup squads,FIFA World Cup,2026,Saudi Arabia,Saudi Arabia,,MF,Ziyad Al-Johani,"November 11, 2001",24,11,0,Al-Ahli,"November 11, 2001 (aged 24)",Ziyad Al-Johani,Al-Ahli
wikipedia,https://en.wikipedia.org/wiki/2026_FIFA_World_Cup_squads,https://en.wikipedia.org/wiki/2026_FIFA_World_Cup_squads,2026 FIFA World Cup squads,FIFA World Cup,2026,Saudi Arabia,Saudi Arabia,,MF,Sultan Mandash,"October 17, 1994",31,5,1,Al-Hilal,"October 17, 1994 (aged 31)",Sultan Mandash,Al-Hilal
wikipedia,https://en.wikipedia.org/wiki/2026_FIFA_World_Cup_squads,https://en.wikipedia.org/wiki/2026_FIFA_World_Cup_squads,2026 FIFA World Cup squads,FIFA World Cup,2026,Saudi Arabia,Saudi Arabia,,MF,Alaa Al-Hejji,"December 3, 1995",30,1,0,Neom,"December 3, 1995 (aged 30)",Alaa Al-Hejji,Neom
wikipedia,https://en.wikipedia.org/wiki/2026_FIFA_World_Cup_squads,https://en.wikipedia.org/wiki/2026_FIFA_World_Cup_squads,2026 FIFA World Cup squads,FIFA World Cup,2026,Saudi Arabia,Saudi Arabia,,FW,Firas Al-Buraikan,"May 14, 2000",26,69,15,Al-Ahli,"May 14, 2000 (aged 26)",Firas Al-Buraikan,Al-Ahli
wikipedia,https://en.wikipedia.org/wiki/2026_FIFA_World_Cup_squads,https://en.wikipedia.org/wiki/2026_FIFA_World_Cup_squads,2026 FIFA World Cup squads,FIFA World Cup,2026,Saudi Arabia,Saudi Arabia,,FW,Saleh Al-Shehri,"November 1, 1993",32,55,18,Al-Ittihad,"November 1, 1993 (aged 32)",Saleh Al-Shehri,Al-Ittihad
wikipedia,https://en.wikipedia.org/wiki/2026_FIFA_World_Cup_squads,https://en.wikipedia.org/wiki/2026_FIFA_World_Cup_squads,2026 FIFA World Cup squads,FIFA World Cup,2026,Saudi Arabia,Saudi Arabia,,FW,Abdullah Al-Hamdan,"September 13, 1999",26,48,11,Al-Nassr,"September 13, 1999 (aged 26)",Abdullah Al-Hamdan,Al-Nassr
wikipedia,https://en.wikipedia.org/wiki/2026_FIFA_World_Cup_squads,https://en.wikipedia.org/wiki/2026_FIFA_World_Cup_squads,2026 FIFA World Cup squads,FIFA World Cup,2026,Saudi Arabia,Saudi Arabia,,FW,Khalid Al-Ghannam,"November 8, 2000",25,5,0,Al-Ettifaq,"November 8, 2000 (aged 25)",Khalid Al-Ghannam,Al-Ettifaq
wikipedia,https://en.wikipedia.org/wiki/2026_FIFA_World_Cup_squads,https://en.wikipedia.org/wiki/2026_FIFA_World_Cup_squads,2026 FIFA World Cup squads,FIFA World Cup,2026,Spain,Spain,,GK,Unai Simón,"June 11, 1997",29,57,0,Athletic Bilbao,"June 11, 1997 (aged 29)",Unai Simón,Athletic Bilbao
wikipedia,https://en.wikipedia.org/wiki/2026_FIFA_World_Cup_squads,https://en.wikipedia.org/wiki/2026_FIFA_World_Cup_squads,2026 FIFA World Cup squads,FIFA World Cup,2026,Spain,Spain,,GK,David Raya,"September 15, 1995",30,12,0,Arsenal,"September 15, 1995 (aged 30)",David Raya,Arsenal
wikipedia,https://en.wikipedia.org/wiki/2026_FIFA_World_Cup_squads,https://en.wikipedia.org/wiki/2026_FIFA_World_Cup_squads,2026 FIFA World Cup squads,FIFA World Cup,2026,Spain,Spain,,GK,Joan Garcia,"May 4, 2001",25,1,0,Barcelona,"May 4, 2001 (aged 25)",Joan Garcia,Barcelona
wikipedia,https://en.wikipedia.org/wiki/2026_FIFA_World_Cup_squads,https://en.wikipedia.org/wiki/2026_FIFA_World_Cup_squads,2026 FIFA World Cup squads,FIFA World Cup,2026,Spain,Spain,,DF,Aymeric Laporte,"May 27, 1994",32,44,2,Athletic Bilbao,"May 27, 1994 (aged 32)",Aymeric Laporte,Athletic Bilbao
wikipedia,https://en.wikipedia.org/wiki/2026_FIFA_World_Cup_squads,https://en.wikipedia.org/wiki/2026_FIFA_World_Cup_squads,2026 FIFA World Cup squads,FIFA World Cup,2026,Spain,Spain,,DF,Marc Cucurella,"July 22, 1998",27,23,1,Chelsea,"July 22, 1998 (aged 27)",Marc Cucurella,Chelsea
wikipedia,https://en.wikipedia.org/wiki/2026_FIFA_World_Cup_squads,https://en.wikipedia.org/wiki/2026_FIFA_World_Cup_squads,2026 FIFA World Cup squads,FIFA World Cup,2026,Spain,Spain,,DF,Marcos Llorente,"January 30, 1995",31,23,0,Atlético Madrid,"January 30, 1995 (aged 31)",Marcos Llorente,Atlético Madrid
wikipedia,https://en.wikipedia.org/wiki/2026_FIFA_World_Cup_squads,https://en.wikipedia.org/wiki/2026_FIFA_World_Cup_squads,2026 FIFA World Cup squads,FIFA World Cup,2026,Spain,Spain,,DF,Eric García,"January 9, 2001",25,19,0,Barcelona,"January 9, 2001 (aged 25)",Eric García,Barcelona
wikipedia,https://en.wikipedia.org/wiki/2026_FIFA_World_Cup_squads,https://en.wikipedia.org/wiki/2026_FIFA_World_Cup_squads,2026 FIFA World Cup squads,FIFA World Cup,2026,Spain,Spain,,DF,Pedro Porro,"September 13, 1999",26,16,0,Tottenham Hotspur,"September 13, 1999 (aged 26)",Pedro Porro,Tottenham Hotspur
wikipedia,https://en.wikipedia.org/wiki/2026_FIFA_World_Cup_squads,https://en.wikipedia.org/wiki/2026_FIFA_World_Cup_squads,2026 FIFA World Cup squads,FIFA World Cup,2026,Spain,Spain,,DF,Álex Grimaldo,"September 20, 1995",30,12,0,Bayer Leverkusen,"September 20, 1995 (aged 30)",Álex Grimaldo,Bayer Leverkusen
wikipedia,https://en.wikipedia.org/wiki/2026_FIFA_World_Cup_squads,https://en.wikipedia.org/wiki/2026_FIFA_World_Cup_squads,2026 FIFA World Cup squads,FIFA World Cup,2026,Spain,Spain,,DF,Pau Cubarsí,"January 22, 2007",19,11,0,Barcelona,"January 22, 2007 (aged 19)",Pau Cubarsí,Barcelona
wikipedia,https://en.wikipedia.org/wiki/2026_FIFA_World_Cup_squads,https://en.wikipedia.org/wiki/2026_FIFA_World_Cup_squads,2026 FIFA World Cup squads,FIFA World Cup,2026,Spain,Spain,,DF,Marc Pubill,"June 20, 2003",22,0,0,Atlético Madrid,"June 20, 2003 (aged 22)",Marc Pubill,Atlético Madrid
wikipedia,https://en.wikipedia.org/wiki/2026_FIFA_World_Cup_squads,https://en.wikipedia.org/wiki/2026_FIFA_World_Cup_squads,2026 FIFA World Cup squads,FIFA World Cup,2026,Spain,Spain,,MF,Rodri (captain),"June 22, 1996",29,61,4,Manchester City,"June 22, 1996 (aged 29)",Rodri (captain),Manchester City
wikipedia,https://en.wikipedia.org/wiki/2026_FIFA_World_Cup_squads,https://en.wikipedia.org/wiki/2026_FIFA_World_Cup_squads,2026 FIFA World Cup squads,FIFA World Cup,2026,Spain,Spain,,MF,Mikel Merino,"June 22, 1996",29,41,10,Arsenal,"June 22, 1996 (aged 29)",Mikel Merino,Arsenal
wikipedia,https://en.wikipedia.org/wiki/2026_FIFA_World_Cup_squads,https://en.wikipedia.org/wiki/2026_FIFA_World_Cup_squads,2026 FIFA World Cup squads,FIFA World Cup,2026,Spain,Spain,,MF,Fabián Ruiz,"April 3, 1996",30,41,6,Paris Saint-Germain,"April 3, 1996 (aged 30)",Fabián Ruiz,Paris Saint-Germain
wikipedia,https://en.wikipedia.org/wiki/2026_FIFA_World_Cup_squads,https://en.wikipedia.org/wiki/2026_FIFA_World_Cup_squads,2026 FIFA World Cup squads,FIFA World Cup,2026,Spain,Spain,,MF,Pedri,"November 25, 2002",23,40,5,Barcelona,"November 25, 2002 (aged 23)",Pedri,Barcelona
wikipedia,https://en.wikipedia.org/wiki/2026_FIFA_World_Cup_squads,https://en.wikipedia.org/wiki/2026_FIFA_World_Cup_squads,2026 FIFA World Cup squads,FIFA World Cup,2026,Spain,Spain,,MF,Gavi,"August 5, 2004",21,28,5,Barcelona,"August 5, 2004 (aged 21)",Gavi,Barcelona
wikipedia,https://en.wikipedia.org/wiki/2026_FIFA_World_Cup_squads,https://en.wikipedia.org/wiki/2026_FIFA_World_Cup_squads,2026 FIFA World Cup squads,FIFA World Cup,2026,Spain,Spain,,MF,Martín Zubimendi,"February 2, 1999",27,25,3,Arsenal,"February 2, 1999 (aged 27)",Martín Zubimendi,Arsenal
wikipedia,https://en.wikipedia.org/wiki/2026_FIFA_World_Cup_squads,https://en.wikipedia.org/wiki/2026_FIFA_World_Cup_squads,2026 FIFA World Cup squads,FIFA World Cup,2026,Spain,Spain,,MF,Álex Baena,"July 20, 2001",24,15,2,Atlético Madrid,"July 20, 2001 (aged 24)",Álex Baena,Atlético Madrid
wikipedia,https://en.wikipedia.org/wiki/2026_FIFA_World_Cup_squads,https://en.wikipedia.org/wiki/2026_FIFA_World_Cup_squads,2026 FIFA World Cup squads,FIFA World Cup,2026,Spain,Spain,,FW,Ferran Torres,"February 29, 2000",26,55,23,Barcelona,"February 29, 2000 (aged 26)",Ferran Torres,Barcelona
wikipedia,https://en.wikipedia.org/wiki/2026_FIFA_World_Cup_squads,https://en.wikipedia.org/wiki/2026_FIFA_World_Cup_squads,2026 FIFA World Cup squads,FIFA World Cup,2026,Spain,Spain,,FW,Mikel Oyarzabal,"April 21, 1997",29,52,24,Real Sociedad,"April 21, 1997 (aged 29)",Mikel Oyarzabal,Real Sociedad
wikipedia,https://en.wikipedia.org/wiki/2026_FIFA_World_Cup_squads,https://en.wikipedia.org/wiki/2026_FIFA_World_Cup_squads,2026 FIFA World Cup squads,FIFA World Cup,2026,Spain,Spain,,FW,Dani Olmo,"May 7, 1998",28,48,12,Barcelona,"May 7, 1998 (aged 28)",Dani Olmo,Barcelona
wikipedia,https://en.wikipedia.org/wiki/2026_FIFA_World_Cup_squads,https://en.wikipedia.org/wiki/2026_FIFA_World_Cup_squads,2026 FIFA World Cup squads,FIFA World Cup,2026,Spain,Spain,,FW,Nico Williams,"July 12, 2002",23,30,6,Athletic Bilbao,"July 12, 2002 (aged 23)",Nico Williams,Athletic Bilbao
wikipedia,https://en.wikipedia.org/wiki/2026_FIFA_World_Cup_squads,https://en.wikipedia.org/wiki/2026_FIFA_World_Cup_squads,2026 FIFA World Cup squads,FIFA World Cup,2026,Spain,Spain,,FW,Lamine Yamal,"July 13, 2007",18,25,6,Barcelona,"July 13, 2007 (aged 18)",Lamine Yamal,Barcelona
wikipedia,https://en.wikipedia.org/wiki/2026_FIFA_World_Cup_squads,https://en.wikipedia.org/wiki/2026_FIFA_World_Cup_squads,2026 FIFA World Cup squads,FIFA World Cup,2026,Spain,Spain,,FW,Yéremy Pino,"October 20, 2002",23,21,4,Crystal Palace,"October 20, 2002 (aged 23)",Yéremy Pino,Crystal Palace
wikipedia,https://en.wikipedia.org/wiki/2026_FIFA_World_Cup_squads,https://en.wikipedia.org/wiki/2026_FIFA_World_Cup_squads,2026 FIFA World Cup squads,FIFA World Cup,2026,Spain,Spain,,FW,Borja Iglesias,"January 17, 1993",33,6,0,Celta Vigo,"January 17, 1993 (aged 33)",Borja Iglesias,Celta Vigo
wikipedia,https://en.wikipedia.org/wiki/2026_FIFA_World_Cup_squads,https://en.wikipedia.org/wiki/2026_FIFA_World_Cup_squads,2026 FIFA World Cup squads,FIFA World Cup,2026,Spain,Spain,,FW,Víctor Muñoz,"July 13, 2003",22,2,1,Osasuna,"July 13, 2003 (aged 22)",Víctor Muñoz,Osasuna
wikipedia,https://en.wikipedia.org/wiki/2026_FIFA_World_Cup_squads,https://en.wikipedia.org/wiki/2026_FIFA_World_Cup_squads,2026 FIFA World Cup squads,FIFA World Cup,2026,Uruguay,Uruguay,,GK,Fernando Muslera,"June 16, 1986",39,134,0,Estudiantes,"June 16, 1986 (aged 39)",Fernando Muslera,Estudiantes
wikipedia,https://en.wikipedia.org/wiki/2026_FIFA_World_Cup_squads,https://en.wikipedia.org/wiki/2026_FIFA_World_Cup_squads,2026 FIFA World Cup squads,FIFA World Cup,2026,Uruguay,Uruguay,,GK,Sergio Rochet,"March 23, 1993",33,35,0,Internacional,"March 23, 1993 (aged 33)",Sergio Rochet,Internacional
wikipedia,https://en.wikipedia.org/wiki/2026_FIFA_World_Cup_squads,https://en.wikipedia.org/wiki/2026_FIFA_World_Cup_squads,2026 FIFA World Cup squads,FIFA World Cup,2026,Uruguay,Uruguay,,GK,Santiago Mele,"September 6, 1997",28,8,0,Monterrey,"September 6, 1997 (aged 28)",Santiago Mele,Monterrey
wikipedia,https://en.wikipedia.org/wiki/2026_FIFA_World_Cup_squads,https://en.wikipedia.org/wiki/2026_FIFA_World_Cup_squads,2026 FIFA World Cup squads,FIFA World Cup,2026,Uruguay,Uruguay,,DF,José María Giménez (captain),"January 20, 1995",31,99,8,Atlético Madrid,"January 20, 1995 (aged 31)",José María Giménez (captain),Atlético Madrid
wikipedia,https://en.wikipedia.org/wiki/2026_FIFA_World_Cup_squads,https://en.wikipedia.org/wiki/2026_FIFA_World_Cup_squads,2026 FIFA World Cup squads,FIFA World Cup,2026,Uruguay,Uruguay,,DF,Matías Viña,"November 9, 1997",28,43,1,River Plate,"November 9, 1997 (aged 28)",Matías Viña,River Plate
wikipedia,https://en.wikipedia.org/wiki/2026_FIFA_World_Cup_squads,https://en.wikipedia.org/wiki/2026_FIFA_World_Cup_squads,2026 FIFA World Cup squads,FIFA World Cup,2026,Uruguay,Uruguay,,DF,Mathías Olivera,"October 31, 1997",28,35,2,Napoli,"October 31, 1997 (aged 28)",Mathías Olivera,Napoli
wikipedia,https://en.wikipedia.org/wiki/2026_FIFA_World_Cup_squads,https://en.wikipedia.org/wiki/2026_FIFA_World_Cup_squads,2026 FIFA World Cup squads,FIFA World Cup,2026,Uruguay,Uruguay,,DF,Guillermo Varela,"March 24, 1993",33,28,0,Flamengo,"March 24, 1993 (aged 33)",Guillermo Varela,Flamengo
wikipedia,https://en.wikipedia.org/wiki/2026_FIFA_World_Cup_squads,https://en.wikipedia.org/wiki/2026_FIFA_World_Cup_squads,2026 FIFA World Cup squads,FIFA World Cup,2026,Uruguay,Uruguay,,DF,Ronald Araújo,"March 7, 1999",27,27,1,Barcelona,"March 7, 1999 (aged 27)",Ronald Araújo,Barcelona
wikipedia,https://en.wikipedia.org/wiki/2026_FIFA_World_Cup_squads,https://en.wikipedia.org/wiki/2026_FIFA_World_Cup_squads,2026 FIFA World Cup squads,FIFA World Cup,2026,Uruguay,Uruguay,,DF,Sebastián Cáceres,"August 18, 1999",26,24,0,América,"August 18, 1999 (aged 26)",Sebastián Cáceres,América
wikipedia,https://en.wikipedia.org/wiki/2026_FIFA_World_Cup_squads,https://en.wikipedia.org/wiki/2026_FIFA_World_Cup_squads,2026 FIFA World Cup squads,FIFA World Cup,2026,Uruguay,Uruguay,,DF,Joaquín Piquerez,"August 24, 1998",27,19,0,Palmeiras,"August 24, 1998 (aged 27)",Joaquín Piquerez,Palmeiras
wikipedia,https://en.wikipedia.org/wiki/2026_FIFA_World_Cup_squads,https://en.wikipedia.org/wiki/2026_FIFA_World_Cup_squads,2026 FIFA World Cup squads,FIFA World Cup,2026,Uruguay,Uruguay,,DF,Santiago Bueno,"November 9, 1998",27,8,0,Wolverhampton Wanderers,"November 9, 1998 (aged 27)",Santiago Bueno,Wolverhampton Wanderers
wikipedia,https://en.wikipedia.org/wiki/2026_FIFA_World_Cup_squads,https://en.wikipedia.org/wiki/2026_FIFA_World_Cup_squads,2026 FIFA World Cup squads,FIFA World Cup,2026,Uruguay,Uruguay,,MF,Rodrigo Bentancur,"June 25, 1997",28,74,3,Tottenham Hotspur,"June 25, 1997 (aged 28)",Rodrigo Bentancur,Tottenham Hotspur
wikipedia,https://en.wikipedia.org/wiki/2026_FIFA_World_Cup_squads,https://en.wikipedia.org/wiki/2026_FIFA_World_Cup_squads,2026 FIFA World Cup squads,FIFA World Cup,2026,Uruguay,Uruguay,,MF,Federico Valverde,"July 22, 1998",27,73,9,Real Madrid,"July 22, 1998 (aged 27)",Federico Valverde,Real Madrid
wikipedia,https://en.wikipedia.org/wiki/2026_FIFA_World_Cup_squads,https://en.wikipedia.org/wiki/2026_FIFA_World_Cup_squads,2026 FIFA World Cup squads,FIFA World Cup,2026,Uruguay,Uruguay,,MF,Giorgian de Arrascaeta,"June 1, 1994",32,60,13,Flamengo,"June 1, 1994 (aged 32)",Giorgian de Arrascaeta,Flamengo
wikipedia,https://en.wikipedia.org/wiki/2026_FIFA_World_Cup_squads,https://en.wikipedia.org/wiki/2026_FIFA_World_Cup_squads,2026 FIFA World Cup squads,FIFA World Cup,2026,Uruguay,Uruguay,,MF,Facundo Pellistri,"December 20, 2001",24,39,2,Panathinaikos,"December 20, 2001 (aged 24)",Facundo Pellistri,Panathinaikos
wikipedia,https://en.wikipedia.org/wiki/2026_FIFA_World_Cup_squads,https://en.wikipedia.org/wiki/2026_FIFA_World_Cup_squads,2026 FIFA World Cup squads,FIFA World Cup,2026,Uruguay,Uruguay,,MF,Manuel Ugarte,"April 11, 2001",25,36,1,Manchester United,"April 11, 2001 (aged 25)",Manuel Ugarte,Manchester United
wikipedia,https://en.wikipedia.org/wiki/2026_FIFA_World_Cup_squads,https://en.wikipedia.org/wiki/2026_FIFA_World_Cup_squads,2026 FIFA World Cup squads,FIFA World Cup,2026,Uruguay,Uruguay,,MF,Nicolás de la Cruz,"June 1, 1997",29,34,5,Flamengo,"June 1, 1997 (aged 29)",Nicolás de la Cruz,Flamengo
wikipedia,https://en.wikipedia.org/wiki/2026_FIFA_World_Cup_squads,https://en.wikipedia.org/wiki/2026_FIFA_World_Cup_squads,2026 FIFA World Cup squads,FIFA World Cup,2026,Uruguay,Uruguay,,MF,Brian Rodríguez,"May 20, 2000",26,32,4,América,"May 20, 2000 (aged 26)",Brian Rodríguez,América
wikipedia,https://en.wikipedia.org/wiki/2026_FIFA_World_Cup_squads,https://en.wikipedia.org/wiki/2026_FIFA_World_Cup_squads,2026 FIFA World Cup squads,FIFA World Cup,2026,Uruguay,Uruguay,,MF,Maximiliano Araújo,"February 15, 2000",26,28,3,Sporting CP,"February 15, 2000 (aged 26)",Maximiliano Araújo,Sporting CP
wikipedia,https://en.wikipedia.org/wiki/2026_FIFA_World_Cup_squads,https://en.wikipedia.org/wiki/2026_FIFA_World_Cup_squads,2026 FIFA World Cup squads,FIFA World Cup,2026,Uruguay,Uruguay,,MF,Agustín Canobbio,"October 1, 1998",27,15,1,Fluminense,"October 1, 1998 (aged 27)",Agustín Canobbio,Fluminense
wikipedia,https://en.wikipedia.org/wiki/2026_FIFA_World_Cup_squads,https://en.wikipedia.org/wiki/2026_FIFA_World_Cup_squads,2026 FIFA World Cup squads,FIFA World Cup,2026,Uruguay,Uruguay,,MF,Emiliano Martínez,"August 17, 1999",26,10,0,Palmeiras,"August 17, 1999 (aged 26)",Emiliano Martínez,Palmeiras
wikipedia,https://en.wikipedia.org/wiki/2026_FIFA_World_Cup_squads,https://en.wikipedia.org/wiki/2026_FIFA_World_Cup_squads,2026 FIFA World Cup squads,FIFA World Cup,2026,Uruguay,Uruguay,,MF,Rodrigo Zalazar,"August 12, 1999",26,8,2,Braga,"August 12, 1999 (aged 26)",Rodrigo Zalazar,Braga
wikipedia,https://en.wikipedia.org/wiki/2026_FIFA_World_Cup_squads,https://en.wikipedia.org/wiki/2026_FIFA_World_Cup_squads,2026 FIFA World Cup squads,FIFA World Cup,2026,Uruguay,Uruguay,,MF,Juan Manuel Sanabria,"March 29, 2000",26,5,1,Real Salt Lake,"March 29, 2000 (aged 26)",Juan Manuel Sanabria,Real Salt Lake
wikipedia,https://en.wikipedia.org/wiki/2026_FIFA_World_Cup_squads,https://en.wikipedia.org/wiki/2026_FIFA_World_Cup_squads,2026 FIFA World Cup squads,FIFA World Cup,2026,Uruguay,Uruguay,,FW,Darwin Núñez,"June 24, 1999",26,38,13,Al-Hilal,"June 24, 1999 (aged 26)",Darwin Núñez,Al-Hilal
wikipedia,https://en.wikipedia.org/wiki/2026_FIFA_World_Cup_squads,https://en.wikipedia.org/wiki/2026_FIFA_World_Cup_squads,2026 FIFA World Cup squads,FIFA World Cup,2026,Uruguay,Uruguay,,FW,Federico Viñas,"June 30, 1998",27,11,2,Oviedo,"June 30, 1998 (aged 27)",Federico Viñas,Oviedo
wikipedia,https://en.wikipedia.org/wiki/2026_FIFA_World_Cup_squads,https://en.wikipedia.org/wiki/2026_FIFA_World_Cup_squads,2026 FIFA World Cup squads,FIFA World Cup,2026,Uruguay,Uruguay,,FW,Rodrigo Aguirre,"October 1, 1994",31,10,3,UANL,"October 1, 1994 (aged 31)",Rodrigo Aguirre,UANL
wikipedia,https://en.wikipedia.org/wiki/2026_FIFA_World_Cup_squads,https://en.wikipedia.org/wiki/2026_FIFA_World_Cup_squads,2026 FIFA World Cup squads,FIFA World Cup,2026,France,France,1,GK,Brice Samba,"April 25, 1994",32,4,0,Rennes,"April 25, 1994 (aged 32)",Brice Samba,Rennes
wikipedia,https://en.wikipedia.org/wiki/2026_FIFA_World_Cup_squads,https://en.wikipedia.org/wiki/2026_FIFA_World_Cup_squads,2026 FIFA World Cup squads,FIFA World Cup,2026,France,France,2,DF,Malo Gusto,"May 19, 2003",23,9,0,Chelsea,"May 19, 2003 (aged 23)",Malo Gusto,Chelsea
wikipedia,https://en.wikipedia.org/wiki/2026_FIFA_World_Cup_squads,https://en.wikipedia.org/wiki/2026_FIFA_World_Cup_squads,2026 FIFA World Cup squads,FIFA World Cup,2026,France,France,3,DF,Lucas Digne,"July 20, 1993",32,56,0,Aston Villa,"July 20, 1993 (aged 32)",Lucas Digne,Aston Villa
wikipedia,https://en.wikipedia.org/wiki/2026_FIFA_World_Cup_squads,https://en.wikipedia.org/wiki/2026_FIFA_World_Cup_squads,2026 FIFA World Cup squads,FIFA World Cup,2026,France,France,4,DF,Dayot Upamecano,"October 27, 1998",27,36,2,Bayern Munich,"October 27, 1998 (aged 27)",Dayot Upamecano,Bayern Munich
wikipedia,https://en.wikipedia.org/wiki/2026_FIFA_World_Cup_squads,https://en.wikipedia.org/wiki/2026_FIFA_World_Cup_squads,2026 FIFA World Cup squads,FIFA World Cup,2026,France,France,5,DF,Jules Koundé,"November 12, 1998",27,46,0,Barcelona,"November 12, 1998 (aged 27)",Jules Koundé,Barcelona
wikipedia,https://en.wikipedia.org/wiki/2026_FIFA_World_Cup_squads,https://en.wikipedia.org/wiki/2026_FIFA_World_Cup_squads,2026 FIFA World Cup squads,FIFA World Cup,2026,France,France,6,MF,Manu Koné,"May 17, 2001",25,12,0,Roma,"May 17, 2001 (aged 25)",Manu Koné,Roma
wikipedia,https://en.wikipedia.org/wiki/2026_FIFA_World_Cup_squads,https://en.wikipedia.org/wiki/2026_FIFA_World_Cup_squads,2026 FIFA World Cup squads,FIFA World Cup,2026,France,France,7,FW,Ousmane Dembélé,"May 15, 1997",29,58,7,Paris Saint-Germain,"May 15, 1997 (aged 29)",Ousmane Dembélé,Paris Saint-Germain
wikipedia,https://en.wikipedia.org/wiki/2026_FIFA_World_Cup_squads,https://en.wikipedia.org/wiki/2026_FIFA_World_Cup_squads,2026 FIFA World Cup squads,FIFA World Cup,2026,France,France,8,MF,Aurélien Tchouaméni,"January 27, 2000",26,44,3,Real Madrid,"January 27, 2000 (aged 26)",Aurélien Tchouaméni,Real Madrid
wikipedia,https://en.wikipedia.org/wiki/2026_FIFA_World_Cup_squads,https://en.wikipedia.org/wiki/2026_FIFA_World_Cup_squads,2026 FIFA World Cup squads,FIFA World Cup,2026,France,France,9,FW,Marcus Thuram,"August 6, 1997",28,33,3,Inter Milan,"August 6, 1997 (aged 28)",Marcus Thuram,Inter Milan
wikipedia,https://en.wikipedia.org/wiki/2026_FIFA_World_Cup_squads,https://en.wikipedia.org/wiki/2026_FIFA_World_Cup_squads,2026 FIFA World Cup squads,FIFA World Cup,2026,France,France,10,FW,Kylian Mbappé (captain),"December 20, 1998",27,96,56,Real Madrid,"December 20, 1998 (aged 27)",Kylian Mbappé (captain),Real Madrid
wikipedia,https://en.wikipedia.org/wiki/2026_FIFA_World_Cup_squads,https://en.wikipedia.org/wiki/2026_FIFA_World_Cup_squads,2026 FIFA World Cup squads,FIFA World Cup,2026,France,France,11,FW,Michael Olise,"December 12, 2001",24,15,4,Bayern Munich,"December 12, 2001 (aged 24)",Michael Olise,Bayern Munich
wikipedia,https://en.wikipedia.org/wiki/2026_FIFA_World_Cup_squads,https://en.wikipedia.org/wiki/2026_FIFA_World_Cup_squads,2026 FIFA World Cup squads,FIFA World Cup,2026,France,France,12,FW,Bradley Barcola,"September 2, 2002",23,18,3,Paris Saint-Germain,"September 2, 2002 (aged 23)",Bradley Barcola,Paris Saint-Germain
wikipedia,https://en.wikipedia.org/wiki/2026_FIFA_World_Cup_squads,https://en.wikipedia.org/wiki/2026_FIFA_World_Cup_squads,2026 FIFA World Cup squads,FIFA World Cup,2026,France,France,13,MF,N'Golo Kanté,"March 29, 1991",35,67,2,Fenerbahçe,"March 29, 1991 (aged 35)",N'Golo Kanté,Fenerbahçe
wikipedia,https://en.wikipedia.org/wiki/2026_FIFA_World_Cup_squads,https://en.wikipedia.org/wiki/2026_FIFA_World_Cup_squads,2026 FIFA World Cup squads,FIFA World Cup,2026,France,France,14,MF,Adrien Rabiot,"April 3, 1995",31,57,7,Milan,"April 3, 1995 (aged 31)",Adrien Rabiot,Milan
wikipedia,https://en.wikipedia.org/wiki/2026_FIFA_World_Cup_squads,https://en.wikipedia.org/wiki/2026_FIFA_World_Cup_squads,2026 FIFA World Cup squads,FIFA World Cup,2026,France,France,15,DF,Ibrahima Konaté,"May 25, 1999",27,27,0,Liverpool,"May 25, 1999 (aged 27)",Ibrahima Konaté,Liverpool
wikipedia,https://en.wikipedia.org/wiki/2026_FIFA_World_Cup_squads,https://en.wikipedia.org/wiki/2026_FIFA_World_Cup_squads,2026 FIFA World Cup squads,FIFA World Cup,2026,France,France,16,GK,Mike Maignan,"July 3, 1995",30,38,0,Milan,"July 3, 1995 (aged 30)",Mike Maignan,Milan
wikipedia,https://en.wikipedia.org/wiki/2026_FIFA_World_Cup_squads,https://en.wikipedia.org/wiki/2026_FIFA_World_Cup_squads,2026 FIFA World Cup squads,FIFA World Cup,2026,France,France,17,DF,William Saliba,"March 24, 2001",25,31,0,Arsenal,"March 24, 2001 (aged 25)",William Saliba,Arsenal
wikipedia,https://en.wikipedia.org/wiki/2026_FIFA_World_Cup_squads,https://en.wikipedia.org/wiki/2026_FIFA_World_Cup_squads,2026 FIFA World Cup squads,FIFA World Cup,2026,France,France,18,MF,Warren Zaïre-Emery,"March 8, 2006",20,10,1,Paris Saint-Germain,"March 8, 2006 (aged 20)",Warren Zaïre-Emery,Paris Saint-Germain
wikipedia,https://en.wikipedia.org/wiki/2026_FIFA_World_Cup_squads,https://en.wikipedia.org/wiki/2026_FIFA_World_Cup_squads,2026 FIFA World Cup squads,FIFA World Cup,2026,France,France,19,DF,Théo Hernandez,"October 6, 1997",28,42,2,Al-Hilal,"October 6, 1997 (aged 28)",Théo Hernandez,Al-Hilal
wikipedia,https://en.wikipedia.org/wiki/2026_FIFA_World_Cup_squads,https://en.wikipedia.org/wiki/2026_FIFA_World_Cup_squads,2026 FIFA World Cup squads,FIFA World Cup,2026,France,France,20,FW,Désiré Doué,"June 3, 2005",21,6,2,Paris Saint-Germain,"June 3, 2005 (aged 21)",Désiré Doué,Paris Saint-Germain
wikipedia,https://en.wikipedia.org/wiki/2026_FIFA_World_Cup_squads,https://en.wikipedia.org/wiki/2026_FIFA_World_Cup_squads,2026 FIFA World Cup squads,FIFA World Cup,2026,France,France,21,DF,Lucas Hernandez,"February 14, 1996",30,41,0,Paris Saint-Germain,"February 14, 1996 (aged 30)",Lucas Hernandez,Paris Saint-Germain
wikipedia,https://en.wikipedia.org/wiki/2026_FIFA_World_Cup_squads,https://en.wikipedia.org/wiki/2026_FIFA_World_Cup_squads,2026 FIFA World Cup squads,FIFA World Cup,2026,France,France,22,FW,Jean-Philippe Mateta,"June 28, 1997",28,3,2,Crystal Palace,"June 28, 1997 (aged 28)",Jean-Philippe Mateta,Crystal Palace
wikipedia,https://en.wikipedia.org/wiki/2026_FIFA_World_Cup_squads,https://en.wikipedia.org/wiki/2026_FIFA_World_Cup_squads,2026 FIFA World Cup squads,FIFA World Cup,2026,France,France,23,GK,Robin Risser,"December 2, 2004",21,0,0,Lens,"December 2, 2004 (aged 21)",Robin Risser,Lens
wikipedia,https://en.wikipedia.org/wiki/2026_FIFA_World_Cup_squads,https://en.wikipedia.org/wiki/2026_FIFA_World_Cup_squads,2026 FIFA World Cup squads,FIFA World Cup,2026,France,France,24,FW,Rayan Cherki,"August 17, 2003",22,5,1,Manchester City,"August 17, 2003 (aged 22)",Rayan Cherki,Manchester City
wikipedia,https://en.wikipedia.org/wiki/2026_FIFA_World_Cup_squads,https://en.wikipedia.org/wiki/2026_FIFA_World_Cup_squads,2026 FIFA World Cup squads,FIFA World Cup,2026,France,France,25,FW,Maghnes Akliouche,"February 25, 2002",24,7,1,Monaco,"February 25, 2002 (aged 24)",Maghnes Akliouche,Monaco
wikipedia,https://en.wikipedia.org/wiki/2026_FIFA_World_Cup_squads,https://en.wikipedia.org/wiki/2026_FIFA_World_Cup_squads,2026 FIFA World Cup squads,FIFA World Cup,2026,France,France,26,DF,Maxence Lacroix,"April 6, 2000",26,2,0,Crystal Palace,"April 6, 2000 (aged 26)",Maxence Lacroix,Crystal Palace
wikipedia,https://en.wikipedia.org/wiki/2026_FIFA_World_Cup_squads,https://en.wikipedia.org/wiki/2026_FIFA_World_Cup_squads,2026 FIFA World Cup squads,FIFA World Cup,2026,Iraq,Iraq,,GK,Jalal Hassan (captain),"May 18, 1991",35,100,0,Al-Zawraa,"May 18, 1991 (aged 35)",Jalal Hassan (captain),Al-Zawraa
wikipedia,https://en.wikipedia.org/wiki/2026_FIFA_World_Cup_squads,https://en.wikipedia.org/wiki/2026_FIFA_World_Cup_squads,2026 FIFA World Cup squads,FIFA World Cup,2026,Iraq,Iraq,,GK,Fahad Talib,"October 21, 1994",31,21,0,Al-Talaba,"October 21, 1994 (aged 31)",Fahad Talib,Al-Talaba
wikipedia,https://en.wikipedia.org/wiki/2026_FIFA_World_Cup_squads,https://en.wikipedia.org/wiki/2026_FIFA_World_Cup_squads,2026 FIFA World Cup squads,FIFA World Cup,2026,Iraq,Iraq,,GK,Ahmed Basil,"August 19, 1996",29,14,0,Al-Shorta,"August 19, 1996 (aged 29)",Ahmed Basil,Al-Shorta
wikipedia,https://en.wikipedia.org/wiki/2026_FIFA_World_Cup_squads,https://en.wikipedia.org/wiki/2026_FIFA_World_Cup_squads,2026 FIFA World Cup squads,FIFA World Cup,2026,Iraq,Iraq,,DF,Rebin Sulaka,"April 12, 1992",34,54,1,Port,"April 12, 1992 (aged 34)",Rebin Sulaka,Port
wikipedia,https://en.wikipedia.org/wiki/2026_FIFA_World_Cup_squads,https://en.wikipedia.org/wiki/2026_FIFA_World_Cup_squads,2026 FIFA World Cup squads,FIFA World Cup,2026,Iraq,Iraq,,DF,Manaf Younis,"November 16, 1996",29,32,1,Al-Shorta,"November 16, 1996 (aged 29)",Manaf Younis,Al-Shorta
wikipedia,https://en.wikipedia.org/wiki/2026_FIFA_World_Cup_squads,https://en.wikipedia.org/wiki/2026_FIFA_World_Cup_squads,2026 FIFA World Cup squads,FIFA World Cup,2026,Iraq,Iraq,,DF,Merchas Doski,"December 7, 1999",26,30,0,Viktoria Plzeň,"December 7, 1999 (aged 26)",Merchas Doski,Viktoria Plzeň
wikipedia,https://en.wikipedia.org/wiki/2026_FIFA_World_Cup_squads,https://en.wikipedia.org/wiki/2026_FIFA_World_Cup_squads,2026 FIFA World Cup squads,FIFA World Cup,2026,Iraq,Iraq,,DF,Zaid Tahseen,"January 29, 2001",25,26,1,Pakhtakor,"January 29, 2001 (aged 25)",Zaid Tahseen,Pakhtakor
wikipedia,https://en.wikipedia.org/wiki/2026_FIFA_World_Cup_squads,https://en.wikipedia.org/wiki/2026_FIFA_World_Cup_squads,2026 FIFA World Cup squads,FIFA World Cup,2026,Iraq,Iraq,,DF,Frans Putros,"July 14, 1993",32,26,0,Persib,"July 14, 1993 (aged 32)",Frans Putros,Persib
wikipedia,https://en.wikipedia.org/wiki/2026_FIFA_World_Cup_squads,https://en.wikipedia.org/wiki/2026_FIFA_World_Cup_squads,2026 FIFA World Cup squads,FIFA World Cup,2026,Iraq,Iraq,,DF,Hussein Ali,"March 1, 2002",24,25,1,Pogoń Szczecin,"March 1, 2002 (aged 24)",Hussein Ali,Pogoń Szczecin
wikipedia,https://en.wikipedia.org/wiki/2026_FIFA_World_Cup_squads,https://en.wikipedia.org/wiki/2026_FIFA_World_Cup_squads,2026 FIFA World Cup squads,FIFA World Cup,2026,Iraq,Iraq,,DF,Ahmed Yahya,"July 1, 1995",30,19,0,Al-Shorta,"July 1, 1995 (aged 30)",Ahmed Yahya,Al-Shorta
wikipedia,https://en.wikipedia.org/wiki/2026_FIFA_World_Cup_squads,https://en.wikipedia.org/wiki/2026_FIFA_World_Cup_squads,2026 FIFA World Cup squads,FIFA World Cup,2026,Iraq,Iraq,,DF,Mustafa Saadoon,"May 25, 2001",25,15,0,Al-Shorta,"May 25, 2001 (aged 25)",Mustafa Saadoon,Al-Shorta
wikipedia,https://en.wikipedia.org/wiki/2026_FIFA_World_Cup_squads,https://en.wikipedia.org/wiki/2026_FIFA_World_Cup_squads,2026 FIFA World Cup squads,FIFA World Cup,2026,Iraq,Iraq,,DF,Akam Hashim,"August 16, 1998",27,12,1,Al-Zawraa,"August 16, 1998 (aged 27)",Akam Hashim,Al-Zawraa
wikipedia,https://en.wikipedia.org/wiki/2026_FIFA_World_Cup_squads,https://en.wikipedia.org/wiki/2026_FIFA_World_Cup_squads,2026 FIFA World Cup squads,FIFA World Cup,2026,Iraq,Iraq,,MF,Ibrahim Bayesh,"May 1, 2000",26,74,8,Al-Dhafra,"May 1, 2000 (aged 26)",Ibrahim Bayesh,Al-Dhafra
wikipedia,https://en.wikipedia.org/wiki/2026_FIFA_World_Cup_squads,https://en.wikipedia.org/wiki/2026_FIFA_World_Cup_squads,2026 FIFA World Cup squads,FIFA World Cup,2026,Iraq,Iraq,,MF,Amir Al-Ammari,"July 27, 1997",28,49,3,Cracovia,"July 27, 1997 (aged 28)",Amir Al-Ammari,Cracovia
wikipedia,https://en.wikipedia.org/wiki/2026_FIFA_World_Cup_squads,https://en.wikipedia.org/wiki/2026_FIFA_World_Cup_squads,2026 FIFA World Cup squads,FIFA World Cup,2026,Iraq,Iraq,,MF,Ali Jasim,"January 20, 2004",22,35,2,Al-Najma,"January 20, 2004 (aged 22)",Ali Jasim,Al-Najma
wikipedia,https://en.wikipedia.org/wiki/2026_FIFA_World_Cup_squads,https://en.wikipedia.org/wiki/2026_FIFA_World_Cup_squads,2026 FIFA World Cup squads,FIFA World Cup,2026,Iraq,Iraq,,MF,Youssef Amyn,"August 21, 2003",22,25,2,AEK Larnaca,"August 21, 2003 (aged 22)",Youssef Amyn,AEK Larnaca
wikipedia,https://en.wikipedia.org/wiki/2026_FIFA_World_Cup_squads,https://en.wikipedia.org/wiki/2026_FIFA_World_Cup_squads,2026 FIFA World Cup squads,FIFA World Cup,2026,Iraq,Iraq,,MF,Zidane Iqbal,"April 27, 2003",23,23,2,Utrecht,"April 27, 2003 (aged 23)",Zidane Iqbal,Utrecht
wikipedia,https://en.wikipedia.org/wiki/2026_FIFA_World_Cup_squads,https://en.wikipedia.org/wiki/2026_FIFA_World_Cup_squads,2026 FIFA World Cup squads,FIFA World Cup,2026,Iraq,Iraq,,MF,Marko Farji,"March 16, 2004",22,10,0,Venezia,"March 16, 2004 (aged 22)",Marko Farji,Venezia
wikipedia,https://en.wikipedia.org/wiki/2026_FIFA_World_Cup_squads,https://en.wikipedia.org/wiki/2026_FIFA_World_Cup_squads,2026 FIFA World Cup squads,FIFA World Cup,2026,Iraq,Iraq,,MF,Kevin Yakob,"October 10, 2000",25,7,0,AGF,"October 10, 2000 (aged 25)",Kevin Yakob,AGF
wikipedia,https://en.wikipedia.org/wiki/2026_FIFA_World_Cup_squads,https://en.wikipedia.org/wiki/2026_FIFA_World_Cup_squads,2026 FIFA World Cup squads,FIFA World Cup,2026,Iraq,Iraq,,MF,Aimar Sher,"December 20, 2002",23,6,0,Sarpsborg 08,"December 20, 2002 (aged 23)",Aimar Sher,Sarpsborg 08
wikipedia,https://en.wikipedia.org/wiki/2026_FIFA_World_Cup_squads,https://en.wikipedia.org/wiki/2026_FIFA_World_Cup_squads,2026 FIFA World Cup squads,FIFA World Cup,2026,Iraq,Iraq,,MF,Zaid Ismail,"January 3, 2002",24,5,0,Al-Talaba,"January 3, 2002 (aged 24)",Zaid Ismail,Al-Talaba
wikipedia,https://en.wikipedia.org/wiki/2026_FIFA_World_Cup_squads,https://en.wikipedia.org/wiki/2026_FIFA_World_Cup_squads,2026 FIFA World Cup squads,FIFA World Cup,2026,Iraq,Iraq,,MF,Ahmed Qasem,"July 12, 2003",22,1,0,Nashville SC,"July 12, 2003 (aged 22)",Ahmed Qasem,Nashville SC
wikipedia,https://en.wikipedia.org/wiki/2026_FIFA_World_Cup_squads,https://en.wikipedia.org/wiki/2026_FIFA_World_Cup_squads,2026 FIFA World Cup squads,FIFA World Cup,2026,Iraq,Iraq,,FW,Aymen Hussein,"March 22, 1996",30,93,33,Al-Karma,"March 22, 1996 (aged 30)",Aymen Hussein,Al-Karma
wikipedia,https://en.wikipedia.org/wiki/2026_FIFA_World_Cup_squads,https://en.wikipedia.org/wiki/2026_FIFA_World_Cup_squads,2026 FIFA World Cup squads,FIFA World Cup,2026,Iraq,Iraq,,FW,Mohanad Ali,"June 20, 2000",25,71,27,Dibba,"June 20, 2000 (aged 25)",Mohanad Ali,Dibba
wikipedia,https://en.wikipedia.org/wiki/2026_FIFA_World_Cup_squads,https://en.wikipedia.org/wiki/2026_FIFA_World_Cup_squads,2026 FIFA World Cup squads,FIFA World Cup,2026,Iraq,Iraq,,FW,Ali Al-Hamadi,"March 1, 2002",24,18,5,Luton Town,"March 1, 2002 (aged 24)",Ali Al-Hamadi,Luton Town
wikipedia,https://en.wikipedia.org/wiki/2026_FIFA_World_Cup_squads,https://en.wikipedia.org/wiki/2026_FIFA_World_Cup_squads,2026 FIFA World Cup squads,FIFA World Cup,2026,Iraq,Iraq,,FW,Ali Yousif,"January 19, 1996",30,6,1,Al-Talaba,"January 19, 1996 (aged 30)",Ali Yousif,Al-Talaba
wikipedia,https://en.wikipedia.org/wiki/2026_FIFA_World_Cup_squads,https://en.wikipedia.org/wiki/2026_FIFA_World_Cup_squads,2026 FIFA World Cup squads,FIFA World Cup,2026,Norway,Norway,1,GK,Ørjan Nyland,"September 10, 1990",35,69,0,Sevilla,"September 10, 1990 (aged 35)",Ørjan Nyland,Sevilla
wikipedia,https://en.wikipedia.org/wiki/2026_FIFA_World_Cup_squads,https://en.wikipedia.org/wiki/2026_FIFA_World_Cup_squads,2026 FIFA World Cup squads,FIFA World Cup,2026,Norway,Norway,2,MF,Morten Thorsby,"May 5, 1996",30,30,0,Cremonese,"May 5, 1996 (aged 30)",Morten Thorsby,Cremonese
wikipedia,https://en.wikipedia.org/wiki/2026_FIFA_World_Cup_squads,https://en.wikipedia.org/wiki/2026_FIFA_World_Cup_squads,2026 FIFA World Cup squads,FIFA World Cup,2026,Norway,Norway,3,DF,Kristoffer Ajer,"April 17, 1998",28,50,2,Brentford,"April 17, 1998 (aged 28)",Kristoffer Ajer,Brentford
wikipedia,https://en.wikipedia.org/wiki/2026_FIFA_World_Cup_squads,https://en.wikipedia.org/wiki/2026_FIFA_World_Cup_squads,2026 FIFA World Cup squads,FIFA World Cup,2026,Norway,Norway,4,DF,Leo Østigård,"November 28, 1999",26,36,1,Genoa,"November 28, 1999 (aged 26)",Leo Østigård,Genoa
wikipedia,https://en.wikipedia.org/wiki/2026_FIFA_World_Cup_squads,https://en.wikipedia.org/wiki/2026_FIFA_World_Cup_squads,2026 FIFA World Cup squads,FIFA World Cup,2026,Norway,Norway,5,DF,David Møller Wolfe,"April 23, 2002",24,20,1,Wolverhampton Wanderers,"April 23, 2002 (aged 24)",David Møller Wolfe,Wolverhampton Wanderers
wikipedia,https://en.wikipedia.org/wiki/2026_FIFA_World_Cup_squads,https://en.wikipedia.org/wiki/2026_FIFA_World_Cup_squads,2026 FIFA World Cup squads,FIFA World Cup,2026,Norway,Norway,6,MF,Patrick Berg,"November 24, 1997",28,41,0,Bodø/Glimt,"November 24, 1997 (aged 28)",Patrick Berg,Bodø/Glimt
wikipedia,https://en.wikipedia.org/wiki/2026_FIFA_World_Cup_squads,https://en.wikipedia.org/wiki/2026_FIFA_World_Cup_squads,2026 FIFA World Cup squads,FIFA World Cup,2026,Norway,Norway,7,FW,Alexander Sørloth,"December 5, 1995",30,70,26,Atlético Madrid,"December 5, 1995 (aged 30)",Alexander Sørloth,Atlético Madrid
wikipedia,https://en.wikipedia.org/wiki/2026_FIFA_World_Cup_squads,https://en.wikipedia.org/wiki/2026_FIFA_World_Cup_squads,2026 FIFA World Cup squads,FIFA World Cup,2026,Norway,Norway,8,MF,Sander Berge,"February 14, 1998",28,64,1,Fulham,"February 14, 1998 (aged 28)",Sander Berge,Fulham
wikipedia,https://en.wikipedia.org/wiki/2026_FIFA_World_Cup_squads,https://en.wikipedia.org/wiki/2026_FIFA_World_Cup_squads,2026 FIFA World Cup squads,FIFA World Cup,2026,Norway,Norway,9,FW,Erling Haaland,"July 21, 2000",25,49,55,Manchester City,"July 21, 2000 (aged 25)",Erling Haaland,Manchester City
wikipedia,https://en.wikipedia.org/wiki/2026_FIFA_World_Cup_squads,https://en.wikipedia.org/wiki/2026_FIFA_World_Cup_squads,2026 FIFA World Cup squads,FIFA World Cup,2026,Norway,Norway,10,MF,Martin Ødegaard (captain),"December 17, 1998",27,67,4,Arsenal,"December 17, 1998 (aged 27)",Martin Ødegaard (captain),Arsenal
wikipedia,https://en.wikipedia.org/wiki/2026_FIFA_World_Cup_squads,https://en.wikipedia.org/wiki/2026_FIFA_World_Cup_squads,2026 FIFA World Cup squads,FIFA World Cup,2026,Norway,Norway,11,FW,Jørgen Strand Larsen,"February 6, 2000",26,26,4,Crystal Palace,"February 6, 2000 (aged 26)",Jørgen Strand Larsen,Crystal Palace
wikipedia,https://en.wikipedia.org/wiki/2026_FIFA_World_Cup_squads,https://en.wikipedia.org/wiki/2026_FIFA_World_Cup_squads,2026 FIFA World Cup squads,FIFA World Cup,2026,Norway,Norway,12,GK,Sander Tangvik,"November 29, 2002",23,0,0,Hamburger SV,"November 29, 2002 (aged 23)",Sander Tangvik,Hamburger SV
wikipedia,https://en.wikipedia.org/wiki/2026_FIFA_World_Cup_squads,https://en.wikipedia.org/wiki/2026_FIFA_World_Cup_squads,2026 FIFA World Cup squads,FIFA World Cup,2026,Norway,Norway,13,GK,Egil Selvik,"July 30, 1997",28,6,0,Watford,"July 30, 1997 (aged 28)",Egil Selvik,Watford
wikipedia,https://en.wikipedia.org/wiki/2026_FIFA_World_Cup_squads,https://en.wikipedia.org/wiki/2026_FIFA_World_Cup_squads,2026 FIFA World Cup squads,FIFA World Cup,2026,Norway,Norway,14,MF,Fredrik Aursnes,"December 10, 1995",30,20,1,Benfica,"December 10, 1995 (aged 30)",Fredrik Aursnes,Benfica
wikipedia,https://en.wikipedia.org/wiki/2026_FIFA_World_Cup_squads,https://en.wikipedia.org/wiki/2026_FIFA_World_Cup_squads,2026 FIFA World Cup squads,FIFA World Cup,2026,Norway,Norway,15,DF,Fredrik André Bjørkan,"August 21, 1998",27,19,1,Bodø/Glimt,"August 21, 1998 (aged 27)",Fredrik André Bjørkan,Bodø/Glimt
wikipedia,https://en.wikipedia.org/wiki/2026_FIFA_World_Cup_squads,https://en.wikipedia.org/wiki/2026_FIFA_World_Cup_squads,2026 FIFA World Cup squads,FIFA World Cup,2026,Norway,Norway,16,DF,Marcus Holmgren Pedersen,"July 16, 2000",25,31,0,Torino,"July 16, 2000 (aged 25)",Marcus Holmgren Pedersen,Torino
wikipedia,https://en.wikipedia.org/wiki/2026_FIFA_World_Cup_squads,https://en.wikipedia.org/wiki/2026_FIFA_World_Cup_squads,2026 FIFA World Cup squads,FIFA World Cup,2026,Norway,Norway,17,DF,Torbjørn Heggem,"January 12, 1999",27,13,0,Bologna,"January 12, 1999 (aged 27)",Torbjørn Heggem,Bologna
wikipedia,https://en.wikipedia.org/wiki/2026_FIFA_World_Cup_squads,https://en.wikipedia.org/wiki/2026_FIFA_World_Cup_squads,2026 FIFA World Cup squads,FIFA World Cup,2026,Norway,Norway,18,MF,Kristian Thorstvedt,"March 13, 1999",27,35,4,Sassuolo,"March 13, 1999 (aged 27)",Kristian Thorstvedt,Sassuolo
wikipedia,https://en.wikipedia.org/wiki/2026_FIFA_World_Cup_squads,https://en.wikipedia.org/wiki/2026_FIFA_World_Cup_squads,2026 FIFA World Cup squads,FIFA World Cup,2026,Norway,Norway,19,MF,Thelo Aasgaard,"May 2, 2002",24,6,5,Rangers,"May 2, 2002 (aged 24)",Thelo Aasgaard,Rangers
wikipedia,https://en.wikipedia.org/wiki/2026_FIFA_World_Cup_squads,https://en.wikipedia.org/wiki/2026_FIFA_World_Cup_squads,2026 FIFA World Cup squads,FIFA World Cup,2026,Norway,Norway,20,MF,Antonio Nusa,"April 17, 2005",21,22,7,RB Leipzig,"April 17, 2005 (aged 21)",Antonio Nusa,RB Leipzig
wikipedia,https://en.wikipedia.org/wiki/2026_FIFA_World_Cup_squads,https://en.wikipedia.org/wiki/2026_FIFA_World_Cup_squads,2026 FIFA World Cup squads,FIFA World Cup,2026,Norway,Norway,21,MF,Andreas Schjelderup,"June 1, 2004",22,10,1,Benfica,"June 1, 2004 (aged 22)",Andreas Schjelderup,Benfica
wikipedia,https://en.wikipedia.org/wiki/2026_FIFA_World_Cup_squads,https://en.wikipedia.org/wiki/2026_FIFA_World_Cup_squads,2026 FIFA World Cup squads,FIFA World Cup,2026,Norway,Norway,22,MF,Oscar Bobb,"July 12, 2003",22,18,2,Fulham,"July 12, 2003 (aged 22)",Oscar Bobb,Fulham
wikipedia,https://en.wikipedia.org/wiki/2026_FIFA_World_Cup_squads,https://en.wikipedia.org/wiki/2026_FIFA_World_Cup_squads,2026 FIFA World Cup squads,FIFA World Cup,2026,Norway,Norway,23,MF,Jens Petter Hauge,"October 12, 1999",26,14,1,Bodø/Glimt,"October 12, 1999 (aged 26)",Jens Petter Hauge,Bodø/Glimt
wikipedia,https://en.wikipedia.org/wiki/2026_FIFA_World_Cup_squads,https://en.wikipedia.org/wiki/2026_FIFA_World_Cup_squads,2026 FIFA World Cup squads,FIFA World Cup,2026,Norway,Norway,24,DF,Sondre Langås,"February 2, 2001",25,2,0,Derby County,"February 2, 2001 (aged 25)",Sondre Langås,Derby County
wikipedia,https://en.wikipedia.org/wiki/2026_FIFA_World_Cup_squads,https://en.wikipedia.org/wiki/2026_FIFA_World_Cup_squads,2026 FIFA World Cup squads,FIFA World Cup,2026,Norway,Norway,25,DF,Henrik Falchener,"May 8, 2003",23,1,0,Viking,"May 8, 2003 (aged 23)",Henrik Falchener,Viking
wikipedia,https://en.wikipedia.org/wiki/2026_FIFA_World_Cup_squads,https://en.wikipedia.org/wiki/2026_FIFA_World_Cup_squads,2026 FIFA World Cup squads,FIFA World Cup,2026,Norway,Norway,26,DF,Julian Ryerson,"November 17, 1997",28,41,1,Borussia Dortmund,"November 17, 1997 (aged 28)",Julian Ryerson,Borussia Dortmund
wikipedia,https://en.wikipedia.org/wiki/2026_FIFA_World_Cup_squads,https://en.wikipedia.org/wiki/2026_FIFA_World_Cup_squads,2026 FIFA World Cup squads,FIFA World Cup,2026,Senegal,Senegal,,GK,Édouard Mendy,"March 1, 1992",34,56,0,Al-Ahli,"March 1, 1992 (aged 34)",Édouard Mendy,Al-Ahli
wikipedia,https://en.wikipedia.org/wiki/2026_FIFA_World_Cup_squads,https://en.wikipedia.org/wiki/2026_FIFA_World_Cup_squads,2026 FIFA World Cup squads,FIFA World Cup,2026,Senegal,Senegal,,GK,Mory Diaw,"June 22, 1993",32,5,0,Le Havre,"June 22, 1993 (aged 32)",Mory Diaw,Le Havre
wikipedia,https://en.wikipedia.org/wiki/2026_FIFA_World_Cup_squads,https://en.wikipedia.org/wiki/2026_FIFA_World_Cup_squads,2026 FIFA World Cup squads,FIFA World Cup,2026,Senegal,Senegal,,GK,Yehvann Diouf,"November 16, 1999",26,2,0,Nice,"November 16, 1999 (aged 26)",Yehvann Diouf,Nice
wikipedia,https://en.wikipedia.org/wiki/2026_FIFA_World_Cup_squads,https://en.wikipedia.org/wiki/2026_FIFA_World_Cup_squads,2026 FIFA World Cup squads,FIFA World Cup,2026,Senegal,Senegal,,DF,Kalidou Koulibaly (captain),"June 20, 1991",34,102,2,Al-Hilal,"June 20, 1991 (aged 34)",Kalidou Koulibaly (captain),Al-Hilal
wikipedia,https://en.wikipedia.org/wiki/2026_FIFA_World_Cup_squads,https://en.wikipedia.org/wiki/2026_FIFA_World_Cup_squads,2026 FIFA World Cup squads,FIFA World Cup,2026,Senegal,Senegal,,DF,Krépin Diatta,"February 25, 1999",27,60,2,Monaco,"February 25, 1999 (aged 27)",Krépin Diatta,Monaco
wikipedia,https://en.wikipedia.org/wiki/2026_FIFA_World_Cup_squads,https://en.wikipedia.org/wiki/2026_FIFA_World_Cup_squads,2026 FIFA World Cup squads,FIFA World Cup,2026,Senegal,Senegal,,DF,Moussa Niakhaté,"March 8, 1996",30,30,0,Lyon,"March 8, 1996 (aged 30)",Moussa Niakhaté,Lyon
wikipedia,https://en.wikipedia.org/wiki/2026_FIFA_World_Cup_squads,https://en.wikipedia.org/wiki/2026_FIFA_World_Cup_squads,2026 FIFA World Cup squads,FIFA World Cup,2026,Senegal,Senegal,,DF,Ismail Jakobs,"August 17, 1999",26,29,0,Galatasaray,"August 17, 1999 (aged 26)",Ismail Jakobs,Galatasaray
wikipedia,https://en.wikipedia.org/wiki/2026_FIFA_World_Cup_squads,https://en.wikipedia.org/wiki/2026_FIFA_World_Cup_squads,2026 FIFA World Cup squads,FIFA World Cup,2026,Senegal,Senegal,,DF,Abdoulaye Seck,"June 4, 1992",34,22,4,Maccabi Haifa,"June 4, 1992 (aged 34)",Abdoulaye Seck,Maccabi Haifa
wikipedia,https://en.wikipedia.org/wiki/2026_FIFA_World_Cup_squads,https://en.wikipedia.org/wiki/2026_FIFA_World_Cup_squads,2026 FIFA World Cup squads,FIFA World Cup,2026,Senegal,Senegal,,DF,El Hadji Malick Diouf,"December 28, 2004",21,19,1,West Ham United,"December 28, 2004 (aged 21)",El Hadji Malick Diouf,West Ham United
wikipedia,https://en.wikipedia.org/wiki/2026_FIFA_World_Cup_squads,https://en.wikipedia.org/wiki/2026_FIFA_World_Cup_squads,2026 FIFA World Cup squads,FIFA World Cup,2026,Senegal,Senegal,,DF,Mamadou Sarr,"August 29, 2005",20,7,0,Chelsea,"August 29, 2005 (aged 20)",Mamadou Sarr,Chelsea
wikipedia,https://en.wikipedia.org/wiki/2026_FIFA_World_Cup_squads,https://en.wikipedia.org/wiki/2026_FIFA_World_Cup_squads,2026 FIFA World Cup squads,FIFA World Cup,2026,Senegal,Senegal,,DF,Antoine Mendy,"May 27, 2004",22,6,0,Nice,"May 27, 2004 (aged 22)",Antoine Mendy,Nice
wikipedia,https://en.wikipedia.org/wiki/2026_FIFA_World_Cup_squads,https://en.wikipedia.org/wiki/2026_FIFA_World_Cup_squads,2026 FIFA World Cup squads,FIFA World Cup,2026,Senegal,Senegal,,DF,Ilay Camara,"January 18, 2003",23,3,0,Anderlecht,"January 18, 2003 (aged 23)",Ilay Camara,Anderlecht
wikipedia,https://en.wikipedia.org/wiki/2026_FIFA_World_Cup_squads,https://en.wikipedia.org/wiki/2026_FIFA_World_Cup_squads,2026 FIFA World Cup squads,FIFA World Cup,2026,Senegal,Senegal,,DF,Moustapha Mbow,"March 8, 2000",26,0,0,Paris FC,"March 8, 2000 (aged 26)",Moustapha Mbow,Paris FC
wikipedia,https://en.wikipedia.org/wiki/2026_FIFA_World_Cup_squads,https://en.wikipedia.org/wiki/2026_FIFA_World_Cup_squads,2026 FIFA World Cup squads,FIFA World Cup,2026,Senegal,Senegal,,MF,Idrissa Gueye,"September 26, 1989",36,130,7,Everton,"September 26, 1989 (aged 36)",Idrissa Gueye,Everton
wikipedia,https://en.wikipedia.org/wiki/2026_FIFA_World_Cup_squads,https://en.wikipedia.org/wiki/2026_FIFA_World_Cup_squads,2026 FIFA World Cup squads,FIFA World Cup,2026,Senegal,Senegal,,MF,Pape Gueye,"January 24, 1999",27,41,5,Villarreal,"January 24, 1999 (aged 27)",Pape Gueye,Villarreal
wikipedia,https://en.wikipedia.org/wiki/2026_FIFA_World_Cup_squads,https://en.wikipedia.org/wiki/2026_FIFA_World_Cup_squads,2026 FIFA World Cup squads,FIFA World Cup,2026,Senegal,Senegal,,MF,Pape Matar Sarr,"September 14, 2002",23,39,4,Tottenham Hotspur,"September 14, 2002 (aged 23)",Pape Matar Sarr,Tottenham Hotspur
wikipedia,https://en.wikipedia.org/wiki/2026_FIFA_World_Cup_squads,https://en.wikipedia.org/wiki/2026_FIFA_World_Cup_squads,2026 FIFA World Cup squads,FIFA World Cup,2026,Senegal,Senegal,,MF,Lamine Camara,"January 1, 2004",22,32,7,Monaco,"January 1, 2004 (aged 22)",Lamine Camara,Monaco
wikipedia,https://en.wikipedia.org/wiki/2026_FIFA_World_Cup_squads,https://en.wikipedia.org/wiki/2026_FIFA_World_Cup_squads,2026 FIFA World Cup squads,FIFA World Cup,2026,Senegal,Senegal,,MF,Pathé Ciss,"March 16, 1994",32,29,0,Rayo Vallecano,"March 16, 1994 (aged 32)",Pathé Ciss,Rayo Vallecano
wikipedia,https://en.wikipedia.org/wiki/2026_FIFA_World_Cup_squads,https://en.wikipedia.org/wiki/2026_FIFA_World_Cup_squads,2026 FIFA World Cup squads,FIFA World Cup,2026,Senegal,Senegal,,MF,Habib Diarra,"January 3, 2004",22,20,4,Sunderland,"January 3, 2004 (aged 22)",Habib Diarra,Sunderland
wikipedia,https://en.wikipedia.org/wiki/2026_FIFA_World_Cup_squads,https://en.wikipedia.org/wiki/2026_FIFA_World_Cup_squads,2026 FIFA World Cup squads,FIFA World Cup,2026,Senegal,Senegal,,MF,Bara Sapoko Ndiaye,"December 31, 2007",18,1,0,Bayern Munich,"December 31, 2007 (aged 18)",Bara Sapoko Ndiaye,Bayern Munich
wikipedia,https://en.wikipedia.org/wiki/2026_FIFA_World_Cup_squads,https://en.wikipedia.org/wiki/2026_FIFA_World_Cup_squads,2026 FIFA World Cup squads,FIFA World Cup,2026,Senegal,Senegal,,FW,Sadio Mané,"April 10, 1992",34,127,55,Al-Nassr,"April 10, 1992 (aged 34)",Sadio Mané,Al-Nassr
wikipedia,https://en.wikipedia.org/wiki/2026_FIFA_World_Cup_squads,https://en.wikipedia.org/wiki/2026_FIFA_World_Cup_squads,2026 FIFA World Cup squads,FIFA World Cup,2026,Senegal,Senegal,,FW,Ismaïla Sarr,"February 25, 1998",28,82,19,Crystal Palace,"February 25, 1998 (aged 28)",Ismaïla Sarr,Crystal Palace
wikipedia,https://en.wikipedia.org/wiki/2026_FIFA_World_Cup_squads,https://en.wikipedia.org/wiki/2026_FIFA_World_Cup_squads,2026 FIFA World Cup squads,FIFA World Cup,2026,Senegal,Senegal,,FW,Iliman Ndiaye,"March 6, 2000",26,39,4,Everton,"March 6, 2000 (aged 26)",Iliman Ndiaye,Everton
wikipedia,https://en.wikipedia.org/wiki/2026_FIFA_World_Cup_squads,https://en.wikipedia.org/wiki/2026_FIFA_World_Cup_squads,2026 FIFA World Cup squads,FIFA World Cup,2026,Senegal,Senegal,,FW,Nicolas Jackson,"June 20, 2001",24,32,8,Bayern Munich,"June 20, 2001 (aged 24)",Nicolas Jackson,Bayern Munich
wikipedia,https://en.wikipedia.org/wiki/2026_FIFA_World_Cup_squads,https://en.wikipedia.org/wiki/2026_FIFA_World_Cup_squads,2026 FIFA World Cup squads,FIFA World Cup,2026,Senegal,Senegal,,FW,Bamba Dieng,"March 23, 2000",26,22,2,Lorient,"March 23, 2000 (aged 26)",Bamba Dieng,Lorient
wikipedia,https://en.wikipedia.org/wiki/2026_FIFA_World_Cup_squads,https://en.wikipedia.org/wiki/2026_FIFA_World_Cup_squads,2026 FIFA World Cup squads,FIFA World Cup,2026,Senegal,Senegal,,FW,Cherif Ndiaye,"January 23, 1996",30,18,4,Samsunspor,"January 23, 1996 (aged 30)",Cherif Ndiaye,Samsunspor
wikipedia,https://en.wikipedia.org/wiki/2026_FIFA_World_Cup_squads,https://en.wikipedia.org/wiki/2026_FIFA_World_Cup_squads,2026 FIFA World Cup squads,FIFA World Cup,2026,Senegal,Senegal,,FW,Ibrahim Mbaye,"January 24, 2008",18,10,3,Paris Saint-Germain,"January 24, 2008 (aged 18)",Ibrahim Mbaye,Paris Saint-Germain
wikipedia,https://en.wikipedia.org/wiki/2026_FIFA_World_Cup_squads,https://en.wikipedia.org/wiki/2026_FIFA_World_Cup_squads,2026 FIFA World Cup squads,FIFA World Cup,2026,Senegal,Senegal,,FW,Assane Diao,"December 7, 2005",20,5,0,Como,"December 7, 2005 (aged 20)",Assane Diao,Como
wikipedia,https://en.wikipedia.org/wiki/2026_FIFA_World_Cup_squads,https://en.wikipedia.org/wiki/2026_FIFA_World_Cup_squads,2026 FIFA World Cup squads,FIFA World Cup,2026,Algeria,Algeria,,GK,Luca Zidane,"May 13, 1998",28,6,0,Granada,"May 13, 1998 (aged 28)",Luca Zidane,Granada
wikipedia,https://en.wikipedia.org/wiki/2026_FIFA_World_Cup_squads,https://en.wikipedia.org/wiki/2026_FIFA_World_Cup_squads,2026 FIFA World Cup squads,FIFA World Cup,2026,Algeria,Algeria,,GK,Oussama Benbot,"October 11, 1994",31,2,0,USM Alger,"October 11, 1994 (aged 31)",Oussama Benbot,USM Alger
wikipedia,https://en.wikipedia.org/wiki/2026_FIFA_World_Cup_squads,https://en.wikipedia.org/wiki/2026_FIFA_World_Cup_squads,2026 FIFA World Cup squads,FIFA World Cup,2026,Algeria,Algeria,,GK,Melvin Mastil,"February 19, 2000",26,1,0,Stade Nyonnais,"February 19, 2000 (aged 26)",Melvin Mastil,Stade Nyonnais
wikipedia,https://en.wikipedia.org/wiki/2026_FIFA_World_Cup_squads,https://en.wikipedia.org/wiki/2026_FIFA_World_Cup_squads,2026 FIFA World Cup squads,FIFA World Cup,2026,Algeria,Algeria,,DF,Aïssa Mandi,"October 22, 1991",34,116,7,Lille,"October 22, 1991 (aged 34)",Aïssa Mandi,Lille
wikipedia,https://en.wikipedia.org/wiki/2026_FIFA_World_Cup_squads,https://en.wikipedia.org/wiki/2026_FIFA_World_Cup_squads,2026 FIFA World Cup squads,FIFA World Cup,2026,Algeria,Algeria,,DF,Ramy Bensebaini,"April 16, 1995",31,81,7,Borussia Dortmund,"April 16, 1995 (aged 31)",Ramy Bensebaini,Borussia Dortmund
wikipedia,https://en.wikipedia.org/wiki/2026_FIFA_World_Cup_squads,https://en.wikipedia.org/wiki/2026_FIFA_World_Cup_squads,2026 FIFA World Cup squads,FIFA World Cup,2026,Algeria,Algeria,,DF,Mohamed Amine Tougai,"January 22, 2000",26,28,2,Espérance de Tunis,"January 22, 2000 (aged 26)",Mohamed Amine Tougai,Espérance de Tunis
wikipedia,https://en.wikipedia.org/wiki/2026_FIFA_World_Cup_squads,https://en.wikipedia.org/wiki/2026_FIFA_World_Cup_squads,2026 FIFA World Cup squads,FIFA World Cup,2026,Algeria,Algeria,,DF,Rayan Aït-Nouri,"June 6, 2001",25,27,0,Manchester City,"June 6, 2001 (aged 25)",Rayan Aït-Nouri,Manchester City
wikipedia,https://en.wikipedia.org/wiki/2026_FIFA_World_Cup_squads,https://en.wikipedia.org/wiki/2026_FIFA_World_Cup_squads,2026 FIFA World Cup squads,FIFA World Cup,2026,Algeria,Algeria,,DF,Jaouen Hadjam,"March 26, 2003",23,16,3,Young Boys,"March 26, 2003 (aged 23)",Jaouen Hadjam,Young Boys
wikipedia,https://en.wikipedia.org/wiki/2026_FIFA_World_Cup_squads,https://en.wikipedia.org/wiki/2026_FIFA_World_Cup_squads,2026 FIFA World Cup squads,FIFA World Cup,2026,Algeria,Algeria,,DF,Rafik Belghali,"June 7, 2002",24,11,1,Hellas Verona,"June 7, 2002 (aged 24)",Rafik Belghali,Hellas Verona
wikipedia,https://en.wikipedia.org/wiki/2026_FIFA_World_Cup_squads,https://en.wikipedia.org/wiki/2026_FIFA_World_Cup_squads,2026 FIFA World Cup squads,FIFA World Cup,2026,Algeria,Algeria,,DF,Zineddine Belaïd,"March 20, 1999",27,9,1,JS Kabylie,"March 20, 1999 (aged 27)",Zineddine Belaïd,JS Kabylie
wikipedia,https://en.wikipedia.org/wiki/2026_FIFA_World_Cup_squads,https://en.wikipedia.org/wiki/2026_FIFA_World_Cup_squads,2026 FIFA World Cup squads,FIFA World Cup,2026,Algeria,Algeria,,DF,Achref Abada,"June 15, 1999",26,6,1,USM Alger,"June 15, 1999 (aged 26)",Achref Abada,USM Alger
wikipedia,https://en.wikipedia.org/wiki/2026_FIFA_World_Cup_squads,https://en.wikipedia.org/wiki/2026_FIFA_World_Cup_squads,2026 FIFA World Cup squads,FIFA World Cup,2026,Algeria,Algeria,,DF,Samir Chergui,"February 6, 1999",27,4,0,Paris FC,"February 6, 1999 (aged 27)",Samir Chergui,Paris FC
wikipedia,https://en.wikipedia.org/wiki/2026_FIFA_World_Cup_squads,https://en.wikipedia.org/wiki/2026_FIFA_World_Cup_squads,2026 FIFA World Cup squads,FIFA World Cup,2026,Algeria,Algeria,,MF,Nabil Bentaleb,"November 24, 1994",31,58,6,Lille,"November 24, 1994 (aged 31)",Nabil Bentaleb,Lille
wikipedia,https://en.wikipedia.org/wiki/2026_FIFA_World_Cup_squads,https://en.wikipedia.org/wiki/2026_FIFA_World_Cup_squads,2026 FIFA World Cup squads,FIFA World Cup,2026,Algeria,Algeria,,MF,Ramiz Zerrouki,"May 26, 1998",28,51,3,Twente,"May 26, 1998 (aged 28)",Ramiz Zerrouki,Twente
wikipedia,https://en.wikipedia.org/wiki/2026_FIFA_World_Cup_squads,https://en.wikipedia.org/wiki/2026_FIFA_World_Cup_squads,2026 FIFA World Cup squads,FIFA World Cup,2026,Algeria,Algeria,,MF,Hicham Boudaoui,"September 23, 1999",26,32,0,Nice,"September 23, 1999 (aged 26)",Hicham Boudaoui,Nice
wikipedia,https://en.wikipedia.org/wiki/2026_FIFA_World_Cup_squads,https://en.wikipedia.org/wiki/2026_FIFA_World_Cup_squads,2026 FIFA World Cup squads,FIFA World Cup,2026,Algeria,Algeria,,MF,Farès Chaïbi,"November 28, 2002",23,28,3,Eintracht Frankfurt,"November 28, 2002 (aged 23)",Farès Chaïbi,Eintracht Frankfurt
wikipedia,https://en.wikipedia.org/wiki/2026_FIFA_World_Cup_squads,https://en.wikipedia.org/wiki/2026_FIFA_World_Cup_squads,2026 FIFA World Cup squads,FIFA World Cup,2026,Algeria,Algeria,,MF,Houssem Aouar,"June 30, 1998",27,19,6,Al-Ittihad,"June 30, 1998 (aged 27)",Houssem Aouar,Al-Ittihad
wikipedia,https://en.wikipedia.org/wiki/2026_FIFA_World_Cup_squads,https://en.wikipedia.org/wiki/2026_FIFA_World_Cup_squads,2026 FIFA World Cup squads,FIFA World Cup,2026,Algeria,Algeria,,MF,Ibrahim Maza,"November 24, 2005",20,15,2,Bayer Leverkusen,"November 24, 2005 (aged 20)",Ibrahim Maza,Bayer Leverkusen
wikipedia,https://en.wikipedia.org/wiki/2026_FIFA_World_Cup_squads,https://en.wikipedia.org/wiki/2026_FIFA_World_Cup_squads,2026 FIFA World Cup squads,FIFA World Cup,2026,Algeria,Algeria,,MF,Yacine Titraoui,"July 26, 2003",22,5,0,Charleroi,"July 26, 2003 (aged 22)",Yacine Titraoui,Charleroi
wikipedia,https://en.wikipedia.org/wiki/2026_FIFA_World_Cup_squads,https://en.wikipedia.org/wiki/2026_FIFA_World_Cup_squads,2026 FIFA World Cup squads,FIFA World Cup,2026,Algeria,Algeria,,FW,Riyad Mahrez (captain),"February 21, 1991",35,113,38,Al-Ahli,"February 21, 1991 (aged 35)",Riyad Mahrez (captain),Al-Ahli
wikipedia,https://en.wikipedia.org/wiki/2026_FIFA_World_Cup_squads,https://en.wikipedia.org/wiki/2026_FIFA_World_Cup_squads,2026 FIFA World Cup squads,FIFA World Cup,2026,Algeria,Algeria,,FW,Mohamed Amoura,"May 9, 2000",26,44,19,VfL Wolfsburg,"May 9, 2000 (aged 26)",Mohamed Amoura,VfL Wolfsburg
wikipedia,https://en.wikipedia.org/wiki/2026_FIFA_World_Cup_squads,https://en.wikipedia.org/wiki/2026_FIFA_World_Cup_squads,2026 FIFA World Cup squads,FIFA World Cup,2026,Algeria,Algeria,,FW,Amine Gouiri,"February 16, 2000",26,21,8,Marseille,"February 16, 2000 (aged 26)",Amine Gouiri,Marseille
wikipedia,https://en.wikipedia.org/wiki/2026_FIFA_World_Cup_squads,https://en.wikipedia.org/wiki/2026_FIFA_World_Cup_squads,2026 FIFA World Cup squads,FIFA World Cup,2026,Algeria,Algeria,,FW,Anis Hadj Moussa,"February 11, 2002",24,13,0,Feyenoord,"February 11, 2002 (aged 24)",Anis Hadj Moussa,Feyenoord
wikipedia,https://en.wikipedia.org/wiki/2026_FIFA_World_Cup_squads,https://en.wikipedia.org/wiki/2026_FIFA_World_Cup_squads,2026 FIFA World Cup squads,FIFA World Cup,2026,Algeria,Algeria,,FW,Adil Boulbina,"May 2, 2003",23,10,6,Al-Duhail,"May 2, 2003 (aged 23)",Adil Boulbina,Al-Duhail
wikipedia,https://en.wikipedia.org/wiki/2026_FIFA_World_Cup_squads,https://en.wikipedia.org/wiki/2026_FIFA_World_Cup_squads,2026 FIFA World Cup squads,FIFA World Cup,2026,Algeria,Algeria,,FW,Nadhir Benbouali,"April 17, 2000",26,2,1,Győri ETO,"April 17, 2000 (aged 26)",Nadhir Benbouali,Győri ETO
wikipedia,https://en.wikipedia.org/wiki/2026_FIFA_World_Cup_squads,https://en.wikipedia.org/wiki/2026_FIFA_World_Cup_squads,2026 FIFA World Cup squads,FIFA World Cup,2026,Algeria,Algeria,,FW,Farès Ghedjemis,"September 6, 2002",23,1,1,Frosinone,"September 6, 2002 (aged 23)",Farès Ghedjemis,Frosinone
wikipedia,https://en.wikipedia.org/wiki/2026_FIFA_World_Cup_squads,https://en.wikipedia.org/wiki/2026_FIFA_World_Cup_squads,2026 FIFA World Cup squads,FIFA World Cup,2026,Argentina,Argentina,1,GK,Juan Musso,"May 6, 1994",32,3,0,Atlético Madrid,"May 6, 1994 (aged 32)",Juan Musso,Atlético Madrid
wikipedia,https://en.wikipedia.org/wiki/2026_FIFA_World_Cup_squads,https://en.wikipedia.org/wiki/2026_FIFA_World_Cup_squads,2026 FIFA World Cup squads,FIFA World Cup,2026,Argentina,Argentina,2,DF,Leonardo Balerdi,"January 26, 1999",27,11,0,Marseille,"January 26, 1999 (aged 27)",Leonardo Balerdi,Marseille
wikipedia,https://en.wikipedia.org/wiki/2026_FIFA_World_Cup_squads,https://en.wikipedia.org/wiki/2026_FIFA_World_Cup_squads,2026 FIFA World Cup squads,FIFA World Cup,2026,Argentina,Argentina,3,DF,Nicolás Tagliafico,"August 31, 1992",33,75,1,Lyon,"August 31, 1992 (aged 33)",Nicolás Tagliafico,Lyon
wikipedia,https://en.wikipedia.org/wiki/2026_FIFA_World_Cup_squads,https://en.wikipedia.org/wiki/2026_FIFA_World_Cup_squads,2026 FIFA World Cup squads,FIFA World Cup,2026,Argentina,Argentina,4,DF,Gonzalo Montiel,"January 1, 1997",29,38,2,River Plate,"January 1, 1997 (aged 29)",Gonzalo Montiel,River Plate
wikipedia,https://en.wikipedia.org/wiki/2026_FIFA_World_Cup_squads,https://en.wikipedia.org/wiki/2026_FIFA_World_Cup_squads,2026 FIFA World Cup squads,FIFA World Cup,2026,Argentina,Argentina,5,MF,Leandro Paredes,"June 29, 1994",31,77,5,Boca Juniors,"June 29, 1994 (aged 31)",Leandro Paredes,Boca Juniors
wikipedia,https://en.wikipedia.org/wiki/2026_FIFA_World_Cup_squads,https://en.wikipedia.org/wiki/2026_FIFA_World_Cup_squads,2026 FIFA World Cup squads,FIFA World Cup,2026,Argentina,Argentina,6,DF,Lisandro Martínez,"January 18, 1998",28,26,1,Manchester United,"January 18, 1998 (aged 28)",Lisandro Martínez,Manchester United
wikipedia,https://en.wikipedia.org/wiki/2026_FIFA_World_Cup_squads,https://en.wikipedia.org/wiki/2026_FIFA_World_Cup_squads,2026 FIFA World Cup squads,FIFA World Cup,2026,Argentina,Argentina,7,MF,Rodrigo De Paul,"May 24, 1994",32,85,2,Inter Miami CF,"May 24, 1994 (aged 32)",Rodrigo De Paul,Inter Miami CF
wikipedia,https://en.wikipedia.org/wiki/2026_FIFA_World_Cup_squads,https://en.wikipedia.org/wiki/2026_FIFA_World_Cup_squads,2026 FIFA World Cup squads,FIFA World Cup,2026,Argentina,Argentina,8,MF,Valentín Barco,"July 23, 2004",21,2,1,Strasbourg,"July 23, 2004 (aged 21)",Valentín Barco,Strasbourg
wikipedia,https://en.wikipedia.org/wiki/2026_FIFA_World_Cup_squads,https://en.wikipedia.org/wiki/2026_FIFA_World_Cup_squads,2026 FIFA World Cup squads,FIFA World Cup,2026,Argentina,Argentina,9,FW,Julián Alvarez,"January 31, 2000",26,51,14,Atlético Madrid,"January 31, 2000 (aged 26)",Julián Alvarez,Atlético Madrid
wikipedia,https://en.wikipedia.org/wiki/2026_FIFA_World_Cup_squads,https://en.wikipedia.org/wiki/2026_FIFA_World_Cup_squads,2026 FIFA World Cup squads,FIFA World Cup,2026,Argentina,Argentina,10,FW,Lionel Messi (captain),"June 24, 1987",38,198,116,Inter Miami CF,"June 24, 1987 (aged 38)",Lionel Messi (captain),Inter Miami CF
wikipedia,https://en.wikipedia.org/wiki/2026_FIFA_World_Cup_squads,https://en.wikipedia.org/wiki/2026_FIFA_World_Cup_squads,2026 FIFA World Cup squads,FIFA World Cup,2026,Argentina,Argentina,11,MF,Giovani Lo Celso,"April 9, 1996",30,65,4,Real Betis,"April 9, 1996 (aged 30)",Giovani Lo Celso,Real Betis
wikipedia,https://en.wikipedia.org/wiki/2026_FIFA_World_Cup_squads,https://en.wikipedia.org/wiki/2026_FIFA_World_Cup_squads,2026 FIFA World Cup squads,FIFA World Cup,2026,Argentina,Argentina,12,GK,Gerónimo Rulli,"May 20, 1992",34,7,0,Marseille,"May 20, 1992 (aged 34)",Gerónimo Rulli,Marseille
wikipedia,https://en.wikipedia.org/wiki/2026_FIFA_World_Cup_squads,https://en.wikipedia.org/wiki/2026_FIFA_World_Cup_squads,2026 FIFA World Cup squads,FIFA World Cup,2026,Argentina,Argentina,13,DF,Cristian Romero,"April 27, 1998",28,49,3,Tottenham Hotspur,"April 27, 1998 (aged 28)",Cristian Romero,Tottenham Hotspur
wikipedia,https://en.wikipedia.org/wiki/2026_FIFA_World_Cup_squads,https://en.wikipedia.org/wiki/2026_FIFA_World_Cup_squads,2026 FIFA World Cup squads,FIFA World Cup,2026,Argentina,Argentina,14,MF,Exequiel Palacios,"October 5, 1998",27,38,0,Bayer Leverkusen,"October 5, 1998 (aged 27)",Exequiel Palacios,Bayer Leverkusen
wikipedia,https://en.wikipedia.org/wiki/2026_FIFA_World_Cup_squads,https://en.wikipedia.org/wiki/2026_FIFA_World_Cup_squads,2026 FIFA World Cup squads,FIFA World Cup,2026,Argentina,Argentina,15,FW,Nicolás González,"April 6, 1998",28,50,6,Atlético Madrid,"April 6, 1998 (aged 28)",Nicolás González,Atlético Madrid
wikipedia,https://en.wikipedia.org/wiki/2026_FIFA_World_Cup_squads,https://en.wikipedia.org/wiki/2026_FIFA_World_Cup_squads,2026 FIFA World Cup squads,FIFA World Cup,2026,Argentina,Argentina,16,FW,Thiago Almada,"April 26, 2001",25,14,4,Atlético Madrid,"April 26, 2001 (aged 25)",Thiago Almada,Atlético Madrid
wikipedia,https://en.wikipedia.org/wiki/2026_FIFA_World_Cup_squads,https://en.wikipedia.org/wiki/2026_FIFA_World_Cup_squads,2026 FIFA World Cup squads,FIFA World Cup,2026,Argentina,Argentina,17,FW,Giuliano Simeone,"December 18, 2002",23,11,1,Atlético Madrid,"December 18, 2002 (aged 23)",Giuliano Simeone,Atlético Madrid
wikipedia,https://en.wikipedia.org/wiki/2026_FIFA_World_Cup_squads,https://en.wikipedia.org/wiki/2026_FIFA_World_Cup_squads,2026 FIFA World Cup squads,FIFA World Cup,2026,Argentina,Argentina,18,FW,Nico Paz,"September 8, 2004",21,8,1,Como,"September 8, 2004 (aged 21)",Nico Paz,Como
wikipedia,https://en.wikipedia.org/wiki/2026_FIFA_World_Cup_squads,https://en.wikipedia.org/wiki/2026_FIFA_World_Cup_squads,2026 FIFA World Cup squads,FIFA World Cup,2026,Argentina,Argentina,19,DF,Nicolás Otamendi,"February 12, 1988",38,130,8,Benfica,"February 12, 1988 (aged 38)",Nicolás Otamendi,Benfica
wikipedia,https://en.wikipedia.org/wiki/2026_FIFA_World_Cup_squads,https://en.wikipedia.org/wiki/2026_FIFA_World_Cup_squads,2026 FIFA World Cup squads,FIFA World Cup,2026,Argentina,Argentina,20,MF,Alexis Mac Allister,"December 24, 1998",27,44,6,Liverpool,"December 24, 1998 (aged 27)",Alexis Mac Allister,Liverpool
wikipedia,https://en.wikipedia.org/wiki/2026_FIFA_World_Cup_squads,https://en.wikipedia.org/wiki/2026_FIFA_World_Cup_squads,2026 FIFA World Cup squads,FIFA World Cup,2026,Argentina,Argentina,21,FW,José Manuel López,"December 6, 2000",25,3,0,Palmeiras,"December 6, 2000 (aged 25)",José Manuel López,Palmeiras
wikipedia,https://en.wikipedia.org/wiki/2026_FIFA_World_Cup_squads,https://en.wikipedia.org/wiki/2026_FIFA_World_Cup_squads,2026 FIFA World Cup squads,FIFA World Cup,2026,Argentina,Argentina,22,FW,Lautaro Martínez,"August 22, 1997",28,75,36,Inter Milan,"August 22, 1997 (aged 28)",Lautaro Martínez,Inter Milan
wikipedia,https://en.wikipedia.org/wiki/2026_FIFA_World_Cup_squads,https://en.wikipedia.org/wiki/2026_FIFA_World_Cup_squads,2026 FIFA World Cup squads,FIFA World Cup,2026,Argentina,Argentina,23,GK,Emiliano Martínez,"September 2, 1992",33,59,0,Aston Villa,"September 2, 1992 (aged 33)",Emiliano Martínez,Aston Villa
wikipedia,https://en.wikipedia.org/wiki/2026_FIFA_World_Cup_squads,https://en.wikipedia.org/wiki/2026_FIFA_World_Cup_squads,2026 FIFA World Cup squads,FIFA World Cup,2026,Argentina,Argentina,24,MF,Enzo Fernández,"January 17, 2001",25,40,6,Chelsea,"January 17, 2001 (aged 25)",Enzo Fernández,Chelsea
wikipedia,https://en.wikipedia.org/wiki/2026_FIFA_World_Cup_squads,https://en.wikipedia.org/wiki/2026_FIFA_World_Cup_squads,2026 FIFA World Cup squads,FIFA World Cup,2026,Argentina,Argentina,25,DF,Facundo Medina,"May 28, 1999",27,7,0,Marseille,"May 28, 1999 (aged 27)",Facundo Medina,Marseille
wikipedia,https://en.wikipedia.org/wiki/2026_FIFA_World_Cup_squads,https://en.wikipedia.org/wiki/2026_FIFA_World_Cup_squads,2026 FIFA World Cup squads,FIFA World Cup,2026,Argentina,Argentina,26,DF,Nahuel Molina,"April 6, 1998",28,58,1,Atlético Madrid,"April 6, 1998 (aged 28)",Nahuel Molina,Atlético Madrid
wikipedia,https://en.wikipedia.org/wiki/2026_FIFA_World_Cup_squads,https://en.wikipedia.org/wiki/2026_FIFA_World_Cup_squads,2026 FIFA World Cup squads,FIFA World Cup,2026,Austria,Austria,1,GK,Alexander Schlager,"February 1, 1996",30,25,0,Red Bull Salzburg,"February 1, 1996 (aged 30)",Alexander Schlager,Red Bull Salzburg
wikipedia,https://en.wikipedia.org/wiki/2026_FIFA_World_Cup_squads,https://en.wikipedia.org/wiki/2026_FIFA_World_Cup_squads,2026 FIFA World Cup squads,FIFA World Cup,2026,Austria,Austria,2,DF,David Affengruber,"March 19, 2001",25,1,0,Elche,"March 19, 2001 (aged 25)",David Affengruber,Elche
wikipedia,https://en.wikipedia.org/wiki/2026_FIFA_World_Cup_squads,https://en.wikipedia.org/wiki/2026_FIFA_World_Cup_squads,2026 FIFA World Cup squads,FIFA World Cup,2026,Austria,Austria,3,DF,Kevin Danso,"September 19, 1998",27,31,0,Tottenham Hotspur,"September 19, 1998 (aged 27)",Kevin Danso,Tottenham Hotspur
wikipedia,https://en.wikipedia.org/wiki/2026_FIFA_World_Cup_squads,https://en.wikipedia.org/wiki/2026_FIFA_World_Cup_squads,2026 FIFA World Cup squads,FIFA World Cup,2026,Austria,Austria,4,MF,Xaver Schlager,"September 28, 1997",28,50,4,RB Leipzig,"September 28, 1997 (aged 28)",Xaver Schlager,RB Leipzig
wikipedia,https://en.wikipedia.org/wiki/2026_FIFA_World_Cup_squads,https://en.wikipedia.org/wiki/2026_FIFA_World_Cup_squads,2026 FIFA World Cup squads,FIFA World Cup,2026,Austria,Austria,5,DF,Stefan Posch,"May 14, 1997",29,51,5,Mainz 05,"May 14, 1997 (aged 29)",Stefan Posch,Mainz 05
wikipedia,https://en.wikipedia.org/wiki/2026_FIFA_World_Cup_squads,https://en.wikipedia.org/wiki/2026_FIFA_World_Cup_squads,2026 FIFA World Cup squads,FIFA World Cup,2026,Austria,Austria,6,MF,Nicolas Seiwald,"May 4, 2001",25,46,1,RB Leipzig,"May 4, 2001 (aged 25)",Nicolas Seiwald,RB Leipzig
wikipedia,https://en.wikipedia.org/wiki/2026_FIFA_World_Cup_squads,https://en.wikipedia.org/wiki/2026_FIFA_World_Cup_squads,2026 FIFA World Cup squads,FIFA World Cup,2026,Austria,Austria,7,FW,Marko Arnautović,"April 19, 1989",37,132,47,Red Star Belgrade,"April 19, 1989 (aged 37)",Marko Arnautović,Red Star Belgrade
wikipedia,https://en.wikipedia.org/wiki/2026_FIFA_World_Cup_squads,https://en.wikipedia.org/wiki/2026_FIFA_World_Cup_squads,2026 FIFA World Cup squads,FIFA World Cup,2026,Austria,Austria,8,DF,David Alaba (captain),"June 24, 1992",33,112,15,Real Madrid,"June 24, 1992 (aged 33)",David Alaba (captain),Real Madrid
wikipedia,https://en.wikipedia.org/wiki/2026_FIFA_World_Cup_squads,https://en.wikipedia.org/wiki/2026_FIFA_World_Cup_squads,2026 FIFA World Cup squads,FIFA World Cup,2026,Austria,Austria,9,MF,Marcel Sabitzer,"March 17, 1994",32,97,25,Borussia Dortmund,"March 17, 1994 (aged 32)",Marcel Sabitzer,Borussia Dortmund
wikipedia,https://en.wikipedia.org/wiki/2026_FIFA_World_Cup_squads,https://en.wikipedia.org/wiki/2026_FIFA_World_Cup_squads,2026 FIFA World Cup squads,FIFA World Cup,2026,Austria,Austria,10,MF,Florian Grillitsch,"August 7, 1995",30,58,1,Braga,"August 7, 1995 (aged 30)",Florian Grillitsch,Braga
wikipedia,https://en.wikipedia.org/wiki/2026_FIFA_World_Cup_squads,https://en.wikipedia.org/wiki/2026_FIFA_World_Cup_squads,2026 FIFA World Cup squads,FIFA World Cup,2026,Austria,Austria,11,FW,Michael Gregoritsch,"April 18, 1994",32,74,24,FC Augsburg,"April 18, 1994 (aged 32)",Michael Gregoritsch,FC Augsburg
wikipedia,https://en.wikipedia.org/wiki/2026_FIFA_World_Cup_squads,https://en.wikipedia.org/wiki/2026_FIFA_World_Cup_squads,2026 FIFA World Cup squads,FIFA World Cup,2026,Austria,Austria,12,GK,Florian Wiegele,"March 21, 2001",25,1,0,Viktoria Plzeň,"March 21, 2001 (aged 25)",Florian Wiegele,Viktoria Plzeň
wikipedia,https://en.wikipedia.org/wiki/2026_FIFA_World_Cup_squads,https://en.wikipedia.org/wiki/2026_FIFA_World_Cup_squads,2026 FIFA World Cup squads,FIFA World Cup,2026,Austria,Austria,13,GK,Patrick Pentz,"January 2, 1997",29,18,0,Brøndby,"January 2, 1997 (aged 29)",Patrick Pentz,Brøndby
wikipedia,https://en.wikipedia.org/wiki/2026_FIFA_World_Cup_squads,https://en.wikipedia.org/wiki/2026_FIFA_World_Cup_squads,2026 FIFA World Cup squads,FIFA World Cup,2026,Austria,Austria,14,FW,Saša Kalajdžić,"July 7, 1997",28,21,4,LASK,"July 7, 1997 (aged 28)",Saša Kalajdžić,LASK
wikipedia,https://en.wikipedia.org/wiki/2026_FIFA_World_Cup_squads,https://en.wikipedia.org/wiki/2026_FIFA_World_Cup_squads,2026 FIFA World Cup squads,FIFA World Cup,2026,Austria,Austria,15,DF,Philipp Lienhart,"July 11, 1996",29,40,3,SC Freiburg,"July 11, 1996 (aged 29)",Philipp Lienhart,SC Freiburg
wikipedia,https://en.wikipedia.org/wiki/2026_FIFA_World_Cup_squads,https://en.wikipedia.org/wiki/2026_FIFA_World_Cup_squads,2026 FIFA World Cup squads,FIFA World Cup,2026,Austria,Austria,16,DF,Phillipp Mwene,"January 29, 1994",32,29,0,Mainz 05,"January 29, 1994 (aged 32)",Phillipp Mwene,Mainz 05
wikipedia,https://en.wikipedia.org/wiki/2026_FIFA_World_Cup_squads,https://en.wikipedia.org/wiki/2026_FIFA_World_Cup_squads,2026 FIFA World Cup squads,FIFA World Cup,2026,Austria,Austria,17,MF,Carney Chukwuemeka,"October 20, 2003",22,2,1,Borussia Dortmund,"October 20, 2003 (aged 22)",Carney Chukwuemeka,Borussia Dortmund
wikipedia,https://en.wikipedia.org/wiki/2026_FIFA_World_Cup_squads,https://en.wikipedia.org/wiki/2026_FIFA_World_Cup_squads,2026 FIFA World Cup squads,FIFA World Cup,2026,Austria,Austria,18,MF,Romano Schmid,"January 27, 2000",26,33,3,Werder Bremen,"January 27, 2000 (aged 26)",Romano Schmid,Werder Bremen
wikipedia,https://en.wikipedia.org/wiki/2026_FIFA_World_Cup_squads,https://en.wikipedia.org/wiki/2026_FIFA_World_Cup_squads,2026 FIFA World Cup squads,FIFA World Cup,2026,Austria,Austria,19,MF,Christoph Baumgartner,"August 1, 1999",26,58,19,RB Leipzig,"August 1, 1999 (aged 26)",Christoph Baumgartner,RB Leipzig
wikipedia,https://en.wikipedia.org/wiki/2026_FIFA_World_Cup_squads,https://en.wikipedia.org/wiki/2026_FIFA_World_Cup_squads,2026 FIFA World Cup squads,FIFA World Cup,2026,Austria,Austria,20,MF,Konrad Laimer,"May 27, 1997",29,56,7,Bayern Munich,"May 27, 1997 (aged 29)",Konrad Laimer,Bayern Munich
wikipedia,https://en.wikipedia.org/wiki/2026_FIFA_World_Cup_squads,https://en.wikipedia.org/wiki/2026_FIFA_World_Cup_squads,2026 FIFA World Cup squads,FIFA World Cup,2026,Austria,Austria,21,MF,Patrick Wimmer,"May 30, 2001",25,30,1,VfL Wolfsburg,"May 30, 2001 (aged 25)",Patrick Wimmer,VfL Wolfsburg
wikipedia,https://en.wikipedia.org/wiki/2026_FIFA_World_Cup_squads,https://en.wikipedia.org/wiki/2026_FIFA_World_Cup_squads,2026 FIFA World Cup squads,FIFA World Cup,2026,Austria,Austria,22,DF,Alexander Prass,"May 26, 2001",25,18,0,TSG Hoffenheim,"May 26, 2001 (aged 25)",Alexander Prass,TSG Hoffenheim
wikipedia,https://en.wikipedia.org/wiki/2026_FIFA_World_Cup_squads,https://en.wikipedia.org/wiki/2026_FIFA_World_Cup_squads,2026 FIFA World Cup squads,FIFA World Cup,2026,Austria,Austria,23,DF,Marco Friedl,"March 16, 1998",28,10,0,Werder Bremen,"March 16, 1998 (aged 28)",Marco Friedl,Werder Bremen
wikipedia,https://en.wikipedia.org/wiki/2026_FIFA_World_Cup_squads,https://en.wikipedia.org/wiki/2026_FIFA_World_Cup_squads,2026 FIFA World Cup squads,FIFA World Cup,2026,Austria,Austria,24,MF,Paul Wanner,"December 23, 2005",20,2,0,PSV Eindhoven,"December 23, 2005 (aged 20)",Paul Wanner,PSV Eindhoven
wikipedia,https://en.wikipedia.org/wiki/2026_FIFA_World_Cup_squads,https://en.wikipedia.org/wiki/2026_FIFA_World_Cup_squads,2026 FIFA World Cup squads,FIFA World Cup,2026,Austria,Austria,25,DF,Michael Svoboda,"October 15, 1998",27,4,0,Venezia,"October 15, 1998 (aged 27)",Michael Svoboda,Venezia
wikipedia,https://en.wikipedia.org/wiki/2026_FIFA_World_Cup_squads,https://en.wikipedia.org/wiki/2026_FIFA_World_Cup_squads,2026 FIFA World Cup squads,FIFA World Cup,2026,Austria,Austria,26,MF,Alessandro Schöpf,"February 7, 1994",32,35,6,Wolfsberger AC,"February 7, 1994 (aged 32)",Alessandro Schöpf,Wolfsberger AC
wikipedia,https://en.wikipedia.org/wiki/2026_FIFA_World_Cup_squads,https://en.wikipedia.org/wiki/2026_FIFA_World_Cup_squads,2026 FIFA World Cup squads,FIFA World Cup,2026,Jordan,Jordan,,GK,Yazeed Abulaila,"January 8, 1993",33,75,0,Al-Hussein,"January 8, 1993 (aged 33)",Yazeed Abulaila,Al-Hussein
wikipedia,https://en.wikipedia.org/wiki/2026_FIFA_World_Cup_squads,https://en.wikipedia.org/wiki/2026_FIFA_World_Cup_squads,2026 FIFA World Cup squads,FIFA World Cup,2026,Jordan,Jordan,,GK,Abdallah Al-Fakhouri,"January 22, 2000",26,11,0,Al-Wehdat,"January 22, 2000 (aged 26)",Abdallah Al-Fakhouri,Al-Wehdat
wikipedia,https://en.wikipedia.org/wiki/2026_FIFA_World_Cup_squads,https://en.wikipedia.org/wiki/2026_FIFA_World_Cup_squads,2026 FIFA World Cup squads,FIFA World Cup,2026,Jordan,Jordan,,GK,Nour Bani Attiah,"January 25, 1993",33,4,0,Al-Faisaly,"January 25, 1993 (aged 33)",Nour Bani Attiah,Al-Faisaly
wikipedia,https://en.wikipedia.org/wiki/2026_FIFA_World_Cup_squads,https://en.wikipedia.org/wiki/2026_FIFA_World_Cup_squads,2026 FIFA World Cup squads,FIFA World Cup,2026,Jordan,Jordan,,DF,Ihsan Haddad (captain),"February 5, 1994",32,91,2,Al-Hussein,"February 5, 1994 (aged 32)",Ihsan Haddad (captain),Al-Hussein
wikipedia,https://en.wikipedia.org/wiki/2026_FIFA_World_Cup_squads,https://en.wikipedia.org/wiki/2026_FIFA_World_Cup_squads,2026 FIFA World Cup squads,FIFA World Cup,2026,Jordan,Jordan,,DF,Yazan Al-Arab,"January 31, 1996",30,79,3,FC Seoul,"January 31, 1996 (aged 30)",Yazan Al-Arab,FC Seoul
wikipedia,https://en.wikipedia.org/wiki/2026_FIFA_World_Cup_squads,https://en.wikipedia.org/wiki/2026_FIFA_World_Cup_squads,2026 FIFA World Cup squads,FIFA World Cup,2026,Jordan,Jordan,,DF,Abdallah Nasib,"February 25, 1994",32,64,3,Al-Zawraa,"February 25, 1994 (aged 32)",Abdallah Nasib,Al-Zawraa
wikipedia,https://en.wikipedia.org/wiki/2026_FIFA_World_Cup_squads,https://en.wikipedia.org/wiki/2026_FIFA_World_Cup_squads,2026 FIFA World Cup squads,FIFA World Cup,2026,Jordan,Jordan,,DF,Saed Al-Rosan,"February 1, 1997",29,20,2,Al-Hussein,"February 1, 1997 (aged 29)",Saed Al-Rosan,Al-Hussein
wikipedia,https://en.wikipedia.org/wiki/2026_FIFA_World_Cup_squads,https://en.wikipedia.org/wiki/2026_FIFA_World_Cup_squads,2026 FIFA World Cup squads,FIFA World Cup,2026,Jordan,Jordan,,DF,Husam Abu Dahab,"May 13, 2000",26,17,0,Al-Faisaly,"May 13, 2000 (aged 26)",Husam Abu Dahab,Al-Faisaly
wikipedia,https://en.wikipedia.org/wiki/2026_FIFA_World_Cup_squads,https://en.wikipedia.org/wiki/2026_FIFA_World_Cup_squads,2026 FIFA World Cup squads,FIFA World Cup,2026,Jordan,Jordan,,DF,Mo Abualnadi,"February 8, 2001",25,17,0,Selangor,"February 8, 2001 (aged 25)",Mo Abualnadi,Selangor
wikipedia,https://en.wikipedia.org/wiki/2026_FIFA_World_Cup_squads,https://en.wikipedia.org/wiki/2026_FIFA_World_Cup_squads,2026 FIFA World Cup squads,FIFA World Cup,2026,Jordan,Jordan,,DF,Salim Obaid,"January 17, 1992",34,10,0,Al-Hussein,"January 17, 1992 (aged 34)",Salim Obaid,Al-Hussein
wikipedia,https://en.wikipedia.org/wiki/2026_FIFA_World_Cup_squads,https://en.wikipedia.org/wiki/2026_FIFA_World_Cup_squads,2026 FIFA World Cup squads,FIFA World Cup,2026,Jordan,Jordan,,DF,Anas Badawi,"September 13, 1997",28,1,0,Al-Faisaly,"September 13, 1997 (aged 28)",Anas Badawi,Al-Faisaly
wikipedia,https://en.wikipedia.org/wiki/2026_FIFA_World_Cup_squads,https://en.wikipedia.org/wiki/2026_FIFA_World_Cup_squads,2026 FIFA World Cup squads,FIFA World Cup,2026,Jordan,Jordan,,MF,Rajaei Ayed,"July 25, 1993",32,72,0,Al-Hussein,"July 25, 1993 (aged 32)",Rajaei Ayed,Al-Hussein
wikipedia,https://en.wikipedia.org/wiki/2026_FIFA_World_Cup_squads,https://en.wikipedia.org/wiki/2026_FIFA_World_Cup_squads,2026 FIFA World Cup squads,FIFA World Cup,2026,Jordan,Jordan,,MF,Noor Al-Rawabdeh,"February 24, 1997",29,67,3,Selangor,"February 24, 1997 (aged 29)",Noor Al-Rawabdeh,Selangor
wikipedia,https://en.wikipedia.org/wiki/2026_FIFA_World_Cup_squads,https://en.wikipedia.org/wiki/2026_FIFA_World_Cup_squads,2026 FIFA World Cup squads,FIFA World Cup,2026,Jordan,Jordan,,MF,Ibrahim Sadeh,"April 27, 2000",26,56,3,Al-Karma,"April 27, 2000 (aged 26)",Ibrahim Sadeh,Al-Karma
wikipedia,https://en.wikipedia.org/wiki/2026_FIFA_World_Cup_squads,https://en.wikipedia.org/wiki/2026_FIFA_World_Cup_squads,2026 FIFA World Cup squads,FIFA World Cup,2026,Jordan,Jordan,,MF,Mohammad Abu Hashish,"May 9, 1995",31,55,1,Al-Karma,"May 9, 1995 (aged 31)",Mohammad Abu Hashish,Al-Karma
wikipedia,https://en.wikipedia.org/wiki/2026_FIFA_World_Cup_squads,https://en.wikipedia.org/wiki/2026_FIFA_World_Cup_squads,2026 FIFA World Cup squads,FIFA World Cup,2026,Jordan,Jordan,,MF,Nizar Al-Rashdan,"March 23, 1999",27,46,4,Qatar SC,"March 23, 1999 (aged 27)",Nizar Al-Rashdan,Qatar SC
wikipedia,https://en.wikipedia.org/wiki/2026_FIFA_World_Cup_squads,https://en.wikipedia.org/wiki/2026_FIFA_World_Cup_squads,2026 FIFA World Cup squads,FIFA World Cup,2026,Jordan,Jordan,,MF,Mohannad Abu Taha,"February 2, 2003",23,28,1,Al-Quwa Al-Jawiya,"February 2, 2003 (aged 23)",Mohannad Abu Taha,Al-Quwa Al-Jawiya
wikipedia,https://en.wikipedia.org/wiki/2026_FIFA_World_Cup_squads,https://en.wikipedia.org/wiki/2026_FIFA_World_Cup_squads,2026 FIFA World Cup squads,FIFA World Cup,2026,Jordan,Jordan,,MF,Amer Jamous,"July 3, 2002",23,18,1,Al-Zawraa,"July 3, 2002 (aged 23)",Amer Jamous,Al-Zawraa
wikipedia,https://en.wikipedia.org/wiki/2026_FIFA_World_Cup_squads,https://en.wikipedia.org/wiki/2026_FIFA_World_Cup_squads,2026 FIFA World Cup squads,FIFA World Cup,2026,Jordan,Jordan,,MF,Mohammad Al-Dawoud,"December 4, 1992",33,12,1,Al-Wehdat,"December 4, 1992 (aged 33)",Mohammad Al-Dawoud,Al-Wehdat
wikipedia,https://en.wikipedia.org/wiki/2026_FIFA_World_Cup_squads,https://en.wikipedia.org/wiki/2026_FIFA_World_Cup_squads,2026 FIFA World Cup squads,FIFA World Cup,2026,Jordan,Jordan,,MF,Yousef Qashi,"April 15, 2005",21,1,0,Al-Hussein,"April 15, 2005 (aged 21)",Yousef Qashi,Al-Hussein
wikipedia,https://en.wikipedia.org/wiki/2026_FIFA_World_Cup_squads,https://en.wikipedia.org/wiki/2026_FIFA_World_Cup_squads,2026 FIFA World Cup squads,FIFA World Cup,2026,Jordan,Jordan,,MF,Mohammad Taha,"July 13, 2005",20,0,0,Al-Hussein,"July 13, 2005 (aged 20)",Mohammad Taha,Al-Hussein
wikipedia,https://en.wikipedia.org/wiki/2026_FIFA_World_Cup_squads,https://en.wikipedia.org/wiki/2026_FIFA_World_Cup_squads,2026 FIFA World Cup squads,FIFA World Cup,2026,Jordan,Jordan,,FW,Musa Al-Taamari,"June 10, 1997",29,91,24,Rennes,"June 10, 1997 (aged 29)",Musa Al-Taamari,Rennes
wikipedia,https://en.wikipedia.org/wiki/2026_FIFA_World_Cup_squads,https://en.wikipedia.org/wiki/2026_FIFA_World_Cup_squads,2026 FIFA World Cup squads,FIFA World Cup,2026,Jordan,Jordan,,FW,Mahmoud Al-Mardi,"October 6, 1993",32,88,9,Al-Hussein,"October 6, 1993 (aged 32)",Mahmoud Al-Mardi,Al-Hussein
wikipedia,https://en.wikipedia.org/wiki/2026_FIFA_World_Cup_squads,https://en.wikipedia.org/wiki/2026_FIFA_World_Cup_squads,2026 FIFA World Cup squads,FIFA World Cup,2026,Jordan,Jordan,,FW,Ali Olwan,"March 26, 2000",26,65,29,Al-Sailiya,"March 26, 2000 (aged 26)",Ali Olwan,Al-Sailiya
wikipedia,https://en.wikipedia.org/wiki/2026_FIFA_World_Cup_squads,https://en.wikipedia.org/wiki/2026_FIFA_World_Cup_squads,2026 FIFA World Cup squads,FIFA World Cup,2026,Jordan,Jordan,,FW,Mohammad Abu Zrayq,"December 30, 1997",28,40,5,Raja Casablanca,"December 30, 1997 (aged 28)",Mohammad Abu Zrayq,Raja Casablanca
wikipedia,https://en.wikipedia.org/wiki/2026_FIFA_World_Cup_squads,https://en.wikipedia.org/wiki/2026_FIFA_World_Cup_squads,2026 FIFA World Cup squads,FIFA World Cup,2026,Jordan,Jordan,,FW,Odeh Al-Fakhouri,"November 22, 2005",20,9,1,Pyramids,"November 22, 2005 (aged 20)",Odeh Al-Fakhouri,Pyramids
wikipedia,https://en.wikipedia.org/wiki/2026_FIFA_World_Cup_squads,https://en.wikipedia.org/wiki/2026_FIFA_World_Cup_squads,2026 FIFA World Cup squads,FIFA World Cup,2026,Jordan,Jordan,,FW,Ibrahim Sabra,"February 1, 2006",20,9,1,Lokomotiva Zagreb,"February 1, 2006 (aged 20)",Ibrahim Sabra,Lokomotiva Zagreb
wikipedia,https://en.wikipedia.org/wiki/2026_FIFA_World_Cup_squads,https://en.wikipedia.org/wiki/2026_FIFA_World_Cup_squads,2026 FIFA World Cup squads,FIFA World Cup,2026,Jordan,Jordan,,FW,Ali Azaizeh,"April 13, 2004",22,3,0,Al-Shabab,"April 13, 2004 (aged 22)",Ali Azaizeh,Al-Shabab
wikipedia,https://en.wikipedia.org/wiki/2026_FIFA_World_Cup_squads,https://en.wikipedia.org/wiki/2026_FIFA_World_Cup_squads,2026 FIFA World Cup squads,FIFA World Cup,2026,Colombia,Colombia,,GK,David Ospina,"August 31, 1988",37,129,0,Atlético Nacional,"August 31, 1988 (aged 37)",David Ospina,Atlético Nacional
wikipedia,https://en.wikipedia.org/wiki/2026_FIFA_World_Cup_squads,https://en.wikipedia.org/wiki/2026_FIFA_World_Cup_squads,2026 FIFA World Cup squads,FIFA World Cup,2026,Colombia,Colombia,,GK,Camilo Vargas,"March 9, 1989",37,40,0,Atlas,"March 9, 1989 (aged 37)",Camilo Vargas,Atlas
wikipedia,https://en.wikipedia.org/wiki/2026_FIFA_World_Cup_squads,https://en.wikipedia.org/wiki/2026_FIFA_World_Cup_squads,2026 FIFA World Cup squads,FIFA World Cup,2026,Colombia,Colombia,,GK,Álvaro Montero,"March 29, 1995",31,11,0,Vélez Sarsfield,"March 29, 1995 (aged 31)",Álvaro Montero,Vélez Sarsfield
wikipedia,https://en.wikipedia.org/wiki/2026_FIFA_World_Cup_squads,https://en.wikipedia.org/wiki/2026_FIFA_World_Cup_squads,2026 FIFA World Cup squads,FIFA World Cup,2026,Colombia,Colombia,,DF,Davinson Sánchez,"June 12, 1996",29,77,3,Galatasaray,"June 12, 1996 (aged 29)",Davinson Sánchez,Galatasaray
wikipedia,https://en.wikipedia.org/wiki/2026_FIFA_World_Cup_squads,https://en.wikipedia.org/wiki/2026_FIFA_World_Cup_squads,2026 FIFA World Cup squads,FIFA World Cup,2026,Colombia,Colombia,,DF,Santiago Arias,"January 13, 1992",34,66,0,Independiente,"January 13, 1992 (aged 34)",Santiago Arias,Independiente
wikipedia,https://en.wikipedia.org/wiki/2026_FIFA_World_Cup_squads,https://en.wikipedia.org/wiki/2026_FIFA_World_Cup_squads,2026 FIFA World Cup squads,FIFA World Cup,2026,Colombia,Colombia,,DF,Yerry Mina,"September 23, 1994",31,52,8,Cagliari,"September 23, 1994 (aged 31)",Yerry Mina,Cagliari
wikipedia,https://en.wikipedia.org/wiki/2026_FIFA_World_Cup_squads,https://en.wikipedia.org/wiki/2026_FIFA_World_Cup_squads,2026 FIFA World Cup squads,FIFA World Cup,2026,Colombia,Colombia,,DF,Daniel Muñoz,"May 26, 1996",30,44,3,Crystal Palace,"May 26, 1996 (aged 30)",Daniel Muñoz,Crystal Palace
wikipedia,https://en.wikipedia.org/wiki/2026_FIFA_World_Cup_squads,https://en.wikipedia.org/wiki/2026_FIFA_World_Cup_squads,2026 FIFA World Cup squads,FIFA World Cup,2026,Colombia,Colombia,,DF,Johan Mojica,"August 21, 1992",33,43,1,Mallorca,"August 21, 1992 (aged 33)",Johan Mojica,Mallorca
wikipedia,https://en.wikipedia.org/wiki/2026_FIFA_World_Cup_squads,https://en.wikipedia.org/wiki/2026_FIFA_World_Cup_squads,2026 FIFA World Cup squads,FIFA World Cup,2026,Colombia,Colombia,,DF,Jhon Lucumí,"June 26, 1998",27,35,1,Bologna,"June 26, 1998 (aged 27)",Jhon Lucumí,Bologna
wikipedia,https://en.wikipedia.org/wiki/2026_FIFA_World_Cup_squads,https://en.wikipedia.org/wiki/2026_FIFA_World_Cup_squads,2026 FIFA World Cup squads,FIFA World Cup,2026,Colombia,Colombia,,DF,Deiver Machado,"September 2, 1993",32,14,0,Nantes,"September 2, 1993 (aged 32)",Deiver Machado,Nantes
wikipedia,https://en.wikipedia.org/wiki/2026_FIFA_World_Cup_squads,https://en.wikipedia.org/wiki/2026_FIFA_World_Cup_squads,2026 FIFA World Cup squads,FIFA World Cup,2026,Colombia,Colombia,,DF,Willer Ditta,"January 23, 1997",29,3,0,Cruz Azul,"January 23, 1997 (aged 29)",Willer Ditta,Cruz Azul
wikipedia,https://en.wikipedia.org/wiki/2026_FIFA_World_Cup_squads,https://en.wikipedia.org/wiki/2026_FIFA_World_Cup_squads,2026 FIFA World Cup squads,FIFA World Cup,2026,Colombia,Colombia,,MF,James Rodríguez (captain),"July 12, 1991",34,124,31,Minnesota United FC,"July 12, 1991 (aged 34)",James Rodríguez (captain),Minnesota United FC
wikipedia,https://en.wikipedia.org/wiki/2026_FIFA_World_Cup_squads,https://en.wikipedia.org/wiki/2026_FIFA_World_Cup_squads,2026 FIFA World Cup squads,FIFA World Cup,2026,Colombia,Colombia,,MF,Jefferson Lerma,"October 25, 1994",31,64,5,Crystal Palace,"October 25, 1994 (aged 31)",Jefferson Lerma,Crystal Palace
wikipedia,https://en.wikipedia.org/wiki/2026_FIFA_World_Cup_squads,https://en.wikipedia.org/wiki/2026_FIFA_World_Cup_squads,2026 FIFA World Cup squads,FIFA World Cup,2026,Colombia,Colombia,,MF,Juan Fernando Quintero,"January 18, 1993",33,47,6,River Plate,"January 18, 1993 (aged 33)",Juan Fernando Quintero,River Plate
wikipedia,https://en.wikipedia.org/wiki/2026_FIFA_World_Cup_squads,https://en.wikipedia.org/wiki/2026_FIFA_World_Cup_squads,2026 FIFA World Cup squads,FIFA World Cup,2026,Colombia,Colombia,,MF,Jhon Arias,"September 21, 1997",28,36,4,Palmeiras,"September 21, 1997 (aged 28)",Jhon Arias,Palmeiras
wikipedia,https://en.wikipedia.org/wiki/2026_FIFA_World_Cup_squads,https://en.wikipedia.org/wiki/2026_FIFA_World_Cup_squads,2026 FIFA World Cup squads,FIFA World Cup,2026,Colombia,Colombia,,MF,Richard Ríos,"June 2, 2000",26,30,2,Benfica,"June 2, 2000 (aged 26)",Richard Ríos,Benfica
wikipedia,https://en.wikipedia.org/wiki/2026_FIFA_World_Cup_squads,https://en.wikipedia.org/wiki/2026_FIFA_World_Cup_squads,2026 FIFA World Cup squads,FIFA World Cup,2026,Colombia,Colombia,,MF,Kevin Castaño,"September 29, 2000",25,24,0,River Plate,"September 29, 2000 (aged 25)",Kevin Castaño,River Plate
wikipedia,https://en.wikipedia.org/wiki/2026_FIFA_World_Cup_squads,https://en.wikipedia.org/wiki/2026_FIFA_World_Cup_squads,2026 FIFA World Cup squads,FIFA World Cup,2026,Colombia,Colombia,,MF,Jorge Carrascal,"May 25, 1998",28,22,2,Flamengo,"May 25, 1998 (aged 28)",Jorge Carrascal,Flamengo
wikipedia,https://en.wikipedia.org/wiki/2026_FIFA_World_Cup_squads,https://en.wikipedia.org/wiki/2026_FIFA_World_Cup_squads,2026 FIFA World Cup squads,FIFA World Cup,2026,Colombia,Colombia,,MF,Jaminton Campaz,"May 24, 2000",26,9,1,Rosario Central,"May 24, 2000 (aged 26)",Jaminton Campaz,Rosario Central
wikipedia,https://en.wikipedia.org/wiki/2026_FIFA_World_Cup_squads,https://en.wikipedia.org/wiki/2026_FIFA_World_Cup_squads,2026 FIFA World Cup squads,FIFA World Cup,2026,Colombia,Colombia,,MF,Juan Portilla,"September 12, 1998",27,8,0,Athletico Paranaense,"September 12, 1998 (aged 27)",Juan Portilla,Athletico Paranaense
wikipedia,https://en.wikipedia.org/wiki/2026_FIFA_World_Cup_squads,https://en.wikipedia.org/wiki/2026_FIFA_World_Cup_squads,2026 FIFA World Cup squads,FIFA World Cup,2026,Colombia,Colombia,,MF,Gustavo Puerta,"July 26, 2003",22,4,1,Racing Santander,"July 26, 2003 (aged 22)",Gustavo Puerta,Racing Santander
wikipedia,https://en.wikipedia.org/wiki/2026_FIFA_World_Cup_squads,https://en.wikipedia.org/wiki/2026_FIFA_World_Cup_squads,2026 FIFA World Cup squads,FIFA World Cup,2026,Colombia,Colombia,,FW,Luis Díaz,"January 13, 1997",29,72,21,Bayern Munich,"January 13, 1997 (aged 29)",Luis Díaz,Bayern Munich
wikipedia,https://en.wikipedia.org/wiki/2026_FIFA_World_Cup_squads,https://en.wikipedia.org/wiki/2026_FIFA_World_Cup_squads,2026 FIFA World Cup squads,FIFA World Cup,2026,Colombia,Colombia,,FW,Jhon Córdoba,"May 11, 1993",33,21,6,Krasnodar,"May 11, 1993 (aged 33)",Jhon Córdoba,Krasnodar
wikipedia,https://en.wikipedia.org/wiki/2026_FIFA_World_Cup_squads,https://en.wikipedia.org/wiki/2026_FIFA_World_Cup_squads,2026 FIFA World Cup squads,FIFA World Cup,2026,Colombia,Colombia,,FW,Luis Suárez,"December 2, 1997",28,10,4,Sporting CP,"December 2, 1997 (aged 28)",Luis Suárez,Sporting CP
wikipedia,https://en.wikipedia.org/wiki/2026_FIFA_World_Cup_squads,https://en.wikipedia.org/wiki/2026_FIFA_World_Cup_squads,2026 FIFA World Cup squads,FIFA World Cup,2026,Colombia,Colombia,,FW,Cucho Hernández,"April 20, 1999",27,7,2,Real Betis,"April 20, 1999 (aged 27)",Cucho Hernández,Real Betis
wikipedia,https://en.wikipedia.org/wiki/2026_FIFA_World_Cup_squads,https://en.wikipedia.org/wiki/2026_FIFA_World_Cup_squads,2026 FIFA World Cup squads,FIFA World Cup,2026,Colombia,Colombia,,FW,Andrés Gómez,"September 12, 2002",23,6,2,Vasco da Gama,"September 12, 2002 (aged 23)",Andrés Gómez,Vasco da Gama
wikipedia,https://en.wikipedia.org/wiki/2026_FIFA_World_Cup_squads,https://en.wikipedia.org/wiki/2026_FIFA_World_Cup_squads,2026 FIFA World Cup squads,FIFA World Cup,2026,DR Congo,DR Congo,,GK,Lionel Mpasi,"August 1, 1994",31,27,0,Le Havre,"August 1, 1994 (aged 31)",Lionel Mpasi,Le Havre
wikipedia,https://en.wikipedia.org/wiki/2026_FIFA_World_Cup_squads,https://en.wikipedia.org/wiki/2026_FIFA_World_Cup_squads,2026 FIFA World Cup squads,FIFA World Cup,2026,DR Congo,DR Congo,,GK,Timothy Fayulu,"July 24, 1999",26,3,0,Noah,"July 24, 1999 (aged 26)",Timothy Fayulu,Noah
wikipedia,https://en.wikipedia.org/wiki/2026_FIFA_World_Cup_squads,https://en.wikipedia.org/wiki/2026_FIFA_World_Cup_squads,2026 FIFA World Cup squads,FIFA World Cup,2026,DR Congo,DR Congo,,GK,Matthieu Epolo,"January 15, 2005",21,1,0,Standard Liège,"January 15, 2005 (aged 21)",Matthieu Epolo,Standard Liège
wikipedia,https://en.wikipedia.org/wiki/2026_FIFA_World_Cup_squads,https://en.wikipedia.org/wiki/2026_FIFA_World_Cup_squads,2026 FIFA World Cup squads,FIFA World Cup,2026,DR Congo,DR Congo,,DF,Chancel Mbemba (captain),"August 8, 1994",31,107,7,Lille,"August 8, 1994 (aged 31)",Chancel Mbemba (captain),Lille
wikipedia,https://en.wikipedia.org/wiki/2026_FIFA_World_Cup_squads,https://en.wikipedia.org/wiki/2026_FIFA_World_Cup_squads,2026 FIFA World Cup squads,FIFA World Cup,2026,DR Congo,DR Congo,,DF,Arthur Masuaku,"November 7, 1993",32,44,4,Lens,"November 7, 1993 (aged 32)",Arthur Masuaku,Lens
wikipedia,https://en.wikipedia.org/wiki/2026_FIFA_World_Cup_squads,https://en.wikipedia.org/wiki/2026_FIFA_World_Cup_squads,2026 FIFA World Cup squads,FIFA World Cup,2026,DR Congo,DR Congo,,DF,Gédéon Kalulu,"August 29, 1997",28,27,0,Aris Limassol,"August 29, 1997 (aged 28)",Gédéon Kalulu,Aris Limassol
wikipedia,https://en.wikipedia.org/wiki/2026_FIFA_World_Cup_squads,https://en.wikipedia.org/wiki/2026_FIFA_World_Cup_squads,2026 FIFA World Cup squads,FIFA World Cup,2026,DR Congo,DR Congo,,DF,Joris Kayembe,"August 8, 1994",31,24,0,Genk,"August 8, 1994 (aged 31)",Joris Kayembe,Genk
wikipedia,https://en.wikipedia.org/wiki/2026_FIFA_World_Cup_squads,https://en.wikipedia.org/wiki/2026_FIFA_World_Cup_squads,2026 FIFA World Cup squads,FIFA World Cup,2026,DR Congo,DR Congo,,DF,Dylan Batubinsika,"February 15, 1996",30,14,1,AEL,"February 15, 1996 (aged 30)",Dylan Batubinsika,AEL
wikipedia,https://en.wikipedia.org/wiki/2026_FIFA_World_Cup_squads,https://en.wikipedia.org/wiki/2026_FIFA_World_Cup_squads,2026 FIFA World Cup squads,FIFA World Cup,2026,DR Congo,DR Congo,,DF,Axel Tuanzebe,"November 14, 1997",28,12,1,Burnley,"November 14, 1997 (aged 28)",Axel Tuanzebe,Burnley
wikipedia,https://en.wikipedia.org/wiki/2026_FIFA_World_Cup_squads,https://en.wikipedia.org/wiki/2026_FIFA_World_Cup_squads,2026 FIFA World Cup squads,FIFA World Cup,2026,DR Congo,DR Congo,,DF,Aaron Wan-Bissaka,"November 26, 1997",28,10,0,West Ham United,"November 26, 1997 (aged 28)",Aaron Wan-Bissaka,West Ham United
wikipedia,https://en.wikipedia.org/wiki/2026_FIFA_World_Cup_squads,https://en.wikipedia.org/wiki/2026_FIFA_World_Cup_squads,2026 FIFA World Cup squads,FIFA World Cup,2026,DR Congo,DR Congo,,DF,Steve Kapuadi,"April 30, 1998",28,3,0,Widzew Łódź,"April 30, 1998 (aged 28)",Steve Kapuadi,Widzew Łódź
wikipedia,https://en.wikipedia.org/wiki/2026_FIFA_World_Cup_squads,https://en.wikipedia.org/wiki/2026_FIFA_World_Cup_squads,2026 FIFA World Cup squads,FIFA World Cup,2026,DR Congo,DR Congo,,MF,Samuel Moutoussamy,"August 12, 1996",29,56,0,Atromitos,"August 12, 1996 (aged 29)",Samuel Moutoussamy,Atromitos
wikipedia,https://en.wikipedia.org/wiki/2026_FIFA_World_Cup_squads,https://en.wikipedia.org/wiki/2026_FIFA_World_Cup_squads,2026 FIFA World Cup squads,FIFA World Cup,2026,DR Congo,DR Congo,,MF,Edo Kayembe,"June 3, 1998",28,41,2,Watford,"June 3, 1998 (aged 28)",Edo Kayembe,Watford
wikipedia,https://en.wikipedia.org/wiki/2026_FIFA_World_Cup_squads,https://en.wikipedia.org/wiki/2026_FIFA_World_Cup_squads,2026 FIFA World Cup squads,FIFA World Cup,2026,DR Congo,DR Congo,,MF,Charles Pickel,"May 15, 1997",29,33,1,Espanyol,"May 15, 1997 (aged 29)",Charles Pickel,Espanyol
wikipedia,https://en.wikipedia.org/wiki/2026_FIFA_World_Cup_squads,https://en.wikipedia.org/wiki/2026_FIFA_World_Cup_squads,2026 FIFA World Cup squads,FIFA World Cup,2026,DR Congo,DR Congo,,MF,Gaël Kakuta,"June 21, 1991",34,30,5,AEL,"June 21, 1991 (aged 34)",Gaël Kakuta,AEL
wikipedia,https://en.wikipedia.org/wiki/2026_FIFA_World_Cup_squads,https://en.wikipedia.org/wiki/2026_FIFA_World_Cup_squads,2026 FIFA World Cup squads,FIFA World Cup,2026,DR Congo,DR Congo,,MF,Noah Sadiki,"December 17, 2004",21,18,0,Sunderland,"December 17, 2004 (aged 21)",Noah Sadiki,Sunderland
wikipedia,https://en.wikipedia.org/wiki/2026_FIFA_World_Cup_squads,https://en.wikipedia.org/wiki/2026_FIFA_World_Cup_squads,2026 FIFA World Cup squads,FIFA World Cup,2026,DR Congo,DR Congo,,MF,Aaron Tshibola,"January 2, 1995",31,16,1,Kilmarnock,"January 2, 1995 (aged 31)",Aaron Tshibola,Kilmarnock
wikipedia,https://en.wikipedia.org/wiki/2026_FIFA_World_Cup_squads,https://en.wikipedia.org/wiki/2026_FIFA_World_Cup_squads,2026 FIFA World Cup squads,FIFA World Cup,2026,DR Congo,DR Congo,,MF,Ngal'ayel Mukau,"November 3, 2004",21,12,0,Lille,"November 3, 2004 (aged 21)",Ngal'ayel Mukau,Lille
wikipedia,https://en.wikipedia.org/wiki/2026_FIFA_World_Cup_squads,https://en.wikipedia.org/wiki/2026_FIFA_World_Cup_squads,2026 FIFA World Cup squads,FIFA World Cup,2026,DR Congo,DR Congo,,MF,Brian Cipenga,"March 11, 1998",28,7,0,Castellón,"March 11, 1998 (aged 28)",Brian Cipenga,Castellón
wikipedia,https://en.wikipedia.org/wiki/2026_FIFA_World_Cup_squads,https://en.wikipedia.org/wiki/2026_FIFA_World_Cup_squads,2026 FIFA World Cup squads,FIFA World Cup,2026,DR Congo,DR Congo,,FW,Cédric Bakambu,"April 11, 1991",35,68,21,Real Betis,"April 11, 1991 (aged 35)",Cédric Bakambu,Real Betis
wikipedia,https://en.wikipedia.org/wiki/2026_FIFA_World_Cup_squads,https://en.wikipedia.org/wiki/2026_FIFA_World_Cup_squads,2026 FIFA World Cup squads,FIFA World Cup,2026,DR Congo,DR Congo,,FW,Meschak Elia,"August 6, 1997",28,68,12,Alanyaspor,"August 6, 1997 (aged 28)",Meschak Elia,Alanyaspor
wikipedia,https://en.wikipedia.org/wiki/2026_FIFA_World_Cup_squads,https://en.wikipedia.org/wiki/2026_FIFA_World_Cup_squads,2026 FIFA World Cup squads,FIFA World Cup,2026,DR Congo,DR Congo,,FW,Théo Bongonda,"November 20, 1995",30,37,7,Spartak Moscow,"November 20, 1995 (aged 30)",Théo Bongonda,Spartak Moscow
wikipedia,https://en.wikipedia.org/wiki/2026_FIFA_World_Cup_squads,https://en.wikipedia.org/wiki/2026_FIFA_World_Cup_squads,2026 FIFA World Cup squads,FIFA World Cup,2026,DR Congo,DR Congo,,FW,Fiston Mayele,"June 24, 1994",31,37,6,Pyramids,"June 24, 1994 (aged 31)",Fiston Mayele,Pyramids
wikipedia,https://en.wikipedia.org/wiki/2026_FIFA_World_Cup_squads,https://en.wikipedia.org/wiki/2026_FIFA_World_Cup_squads,2026 FIFA World Cup squads,FIFA World Cup,2026,DR Congo,DR Congo,,FW,Yoane Wissa,"September 3, 1996",29,36,9,Newcastle United,"September 3, 1996 (aged 29)",Yoane Wissa,Newcastle United
wikipedia,https://en.wikipedia.org/wiki/2026_FIFA_World_Cup_squads,https://en.wikipedia.org/wiki/2026_FIFA_World_Cup_squads,2026 FIFA World Cup squads,FIFA World Cup,2026,DR Congo,DR Congo,,FW,Nathanaël Mbuku,"March 16, 2002",24,17,2,Montpellier,"March 16, 2002 (aged 24)",Nathanaël Mbuku,Montpellier
wikipedia,https://en.wikipedia.org/wiki/2026_FIFA_World_Cup_squads,https://en.wikipedia.org/wiki/2026_FIFA_World_Cup_squads,2026 FIFA World Cup squads,FIFA World Cup,2026,DR Congo,DR Congo,,FW,Simon Banza,"August 13, 1996",29,14,2,Al-Jazira,"August 13, 1996 (aged 29)",Simon Banza,Al-Jazira
wikipedia,https://en.wikipedia.org/wiki/2026_FIFA_World_Cup_squads,https://en.wikipedia.org/wiki/2026_FIFA_World_Cup_squads,2026 FIFA World Cup squads,FIFA World Cup,2026,Portugal,Portugal,,GK,Diogo Costa,"September 19, 1999",26,42,0,Porto,"September 19, 1999 (aged 26)",Diogo Costa,Porto
wikipedia,https://en.wikipedia.org/wiki/2026_FIFA_World_Cup_squads,https://en.wikipedia.org/wiki/2026_FIFA_World_Cup_squads,2026 FIFA World Cup squads,FIFA World Cup,2026,Portugal,Portugal,,GK,José Sá,"January 17, 1993",33,4,0,Wolverhampton Wanderers,"January 17, 1993 (aged 33)",José Sá,Wolverhampton Wanderers
wikipedia,https://en.wikipedia.org/wiki/2026_FIFA_World_Cup_squads,https://en.wikipedia.org/wiki/2026_FIFA_World_Cup_squads,2026 FIFA World Cup squads,FIFA World Cup,2026,Portugal,Portugal,,GK,Rui Silva,"February 7, 1994",32,2,0,Sporting CP,"February 7, 1994 (aged 32)",Rui Silva,Sporting CP
wikipedia,https://en.wikipedia.org/wiki/2026_FIFA_World_Cup_squads,https://en.wikipedia.org/wiki/2026_FIFA_World_Cup_squads,2026 FIFA World Cup squads,FIFA World Cup,2026,Portugal,Portugal,,DF,Rúben Dias,"May 14, 1997",29,74,3,Manchester City,"May 14, 1997 (aged 29)",Rúben Dias,Manchester City
wikipedia,https://en.wikipedia.org/wiki/2026_FIFA_World_Cup_squads,https://en.wikipedia.org/wiki/2026_FIFA_World_Cup_squads,2026 FIFA World Cup squads,FIFA World Cup,2026,Portugal,Portugal,,DF,João Cancelo,"May 27, 1994",32,66,12,Barcelona,"May 27, 1994 (aged 32)",João Cancelo,Barcelona
wikipedia,https://en.wikipedia.org/wiki/2026_FIFA_World_Cup_squads,https://en.wikipedia.org/wiki/2026_FIFA_World_Cup_squads,2026 FIFA World Cup squads,FIFA World Cup,2026,Portugal,Portugal,,DF,Nélson Semedo,"November 16, 1993",32,48,0,Fenerbahçe,"November 16, 1993 (aged 32)",Nélson Semedo,Fenerbahçe
wikipedia,https://en.wikipedia.org/wiki/2026_FIFA_World_Cup_squads,https://en.wikipedia.org/wiki/2026_FIFA_World_Cup_squads,2026 FIFA World Cup squads,FIFA World Cup,2026,Portugal,Portugal,,DF,Nuno Mendes,"June 19, 2002",23,43,1,Paris Saint-Germain,"June 19, 2002 (aged 23)",Nuno Mendes,Paris Saint-Germain
wikipedia,https://en.wikipedia.org/wiki/2026_FIFA_World_Cup_squads,https://en.wikipedia.org/wiki/2026_FIFA_World_Cup_squads,2026 FIFA World Cup squads,FIFA World Cup,2026,Portugal,Portugal,,DF,Diogo Dalot,"March 18, 1999",27,33,3,Manchester United,"March 18, 1999 (aged 27)",Diogo Dalot,Manchester United
wikipedia,https://en.wikipedia.org/wiki/2026_FIFA_World_Cup_squads,https://en.wikipedia.org/wiki/2026_FIFA_World_Cup_squads,2026 FIFA World Cup squads,FIFA World Cup,2026,Portugal,Portugal,,DF,Gonçalo Inácio,"August 25, 2001",24,20,2,Sporting CP,"August 25, 2001 (aged 24)",Gonçalo Inácio,Sporting CP
wikipedia,https://en.wikipedia.org/wiki/2026_FIFA_World_Cup_squads,https://en.wikipedia.org/wiki/2026_FIFA_World_Cup_squads,2026 FIFA World Cup squads,FIFA World Cup,2026,Portugal,Portugal,,DF,Matheus Nunes,"August 27, 1998",27,19,2,Manchester City,"August 27, 1998 (aged 27)",Matheus Nunes,Manchester City
wikipedia,https://en.wikipedia.org/wiki/2026_FIFA_World_Cup_squads,https://en.wikipedia.org/wiki/2026_FIFA_World_Cup_squads,2026 FIFA World Cup squads,FIFA World Cup,2026,Portugal,Portugal,,DF,Renato Veiga,"July 29, 2003",22,11,1,Villarreal,"July 29, 2003 (aged 22)",Renato Veiga,Villarreal
wikipedia,https://en.wikipedia.org/wiki/2026_FIFA_World_Cup_squads,https://en.wikipedia.org/wiki/2026_FIFA_World_Cup_squads,2026 FIFA World Cup squads,FIFA World Cup,2026,Portugal,Portugal,,DF,Tomás Araújo,"May 16, 2002",24,3,0,Benfica,"May 16, 2002 (aged 24)",Tomás Araújo,Benfica
wikipedia,https://en.wikipedia.org/wiki/2026_FIFA_World_Cup_squads,https://en.wikipedia.org/wiki/2026_FIFA_World_Cup_squads,2026 FIFA World Cup squads,FIFA World Cup,2026,Portugal,Portugal,,MF,Bernardo Silva,"August 10, 1994",31,107,14,Manchester City,"August 10, 1994 (aged 31)",Bernardo Silva,Manchester City
wikipedia,https://en.wikipedia.org/wiki/2026_FIFA_World_Cup_squads,https://en.wikipedia.org/wiki/2026_FIFA_World_Cup_squads,2026 FIFA World Cup squads,FIFA World Cup,2026,Portugal,Portugal,,MF,Bruno Fernandes,"September 8, 1994",31,87,28,Manchester United,"September 8, 1994 (aged 31)",Bruno Fernandes,Manchester United
wikipedia,https://en.wikipedia.org/wiki/2026_FIFA_World_Cup_squads,https://en.wikipedia.org/wiki/2026_FIFA_World_Cup_squads,2026 FIFA World Cup squads,FIFA World Cup,2026,Portugal,Portugal,,MF,Rúben Neves,"March 13, 1997",29,65,1,Al-Hilal,"March 13, 1997 (aged 29)",Rúben Neves,Al-Hilal
wikipedia,https://en.wikipedia.org/wiki/2026_FIFA_World_Cup_squads,https://en.wikipedia.org/wiki/2026_FIFA_World_Cup_squads,2026 FIFA World Cup squads,FIFA World Cup,2026,Portugal,Portugal,,MF,Vitinha,"February 13, 2000",26,37,0,Paris Saint-Germain,"February 13, 2000 (aged 26)",Vitinha,Paris Saint-Germain
wikipedia,https://en.wikipedia.org/wiki/2026_FIFA_World_Cup_squads,https://en.wikipedia.org/wiki/2026_FIFA_World_Cup_squads,2026 FIFA World Cup squads,FIFA World Cup,2026,Portugal,Portugal,,MF,João Neves,"September 27, 2004",21,21,3,Paris Saint-Germain,"September 27, 2004 (aged 21)",João Neves,Paris Saint-Germain
wikipedia,https://en.wikipedia.org/wiki/2026_FIFA_World_Cup_squads,https://en.wikipedia.org/wiki/2026_FIFA_World_Cup_squads,2026 FIFA World Cup squads,FIFA World Cup,2026,Portugal,Portugal,,MF,Samú Costa,"November 27, 2000",25,4,0,Mallorca,"November 27, 2000 (aged 25)",Samú Costa,Mallorca
wikipedia,https://en.wikipedia.org/wiki/2026_FIFA_World_Cup_squads,https://en.wikipedia.org/wiki/2026_FIFA_World_Cup_squads,2026 FIFA World Cup squads,FIFA World Cup,2026,Portugal,Portugal,,FW,Cristiano Ronaldo (captain),"February 5, 1985",41,226,143,Al-Nassr,"February 5, 1985 (aged 41)",Cristiano Ronaldo (captain),Al-Nassr
wikipedia,https://en.wikipedia.org/wiki/2026_FIFA_World_Cup_squads,https://en.wikipedia.org/wiki/2026_FIFA_World_Cup_squads,2026 FIFA World Cup squads,FIFA World Cup,2026,Portugal,Portugal,,FW,João Félix,"November 10, 1999",26,52,12,Al-Nassr,"November 10, 1999 (aged 26)",João Félix,Al-Nassr
wikipedia,https://en.wikipedia.org/wiki/2026_FIFA_World_Cup_squads,https://en.wikipedia.org/wiki/2026_FIFA_World_Cup_squads,2026 FIFA World Cup squads,FIFA World Cup,2026,Portugal,Portugal,,FW,Rafael Leão,"June 10, 1999",27,43,5,Milan,"June 10, 1999 (aged 27)",Rafael Leão,Milan
wikipedia,https://en.wikipedia.org/wiki/2026_FIFA_World_Cup_squads,https://en.wikipedia.org/wiki/2026_FIFA_World_Cup_squads,2026 FIFA World Cup squads,FIFA World Cup,2026,Portugal,Portugal,,FW,Gonçalo Guedes,"November 29, 1996",29,33,7,Real Sociedad,"November 29, 1996 (aged 29)",Gonçalo Guedes,Real Sociedad
wikipedia,https://en.wikipedia.org/wiki/2026_FIFA_World_Cup_squads,https://en.wikipedia.org/wiki/2026_FIFA_World_Cup_squads,2026 FIFA World Cup squads,FIFA World Cup,2026,Portugal,Portugal,,FW,Gonçalo Ramos,"June 20, 2001",24,24,10,Paris Saint-Germain,"June 20, 2001 (aged 24)",Gonçalo Ramos,Paris Saint-Germain
wikipedia,https://en.wikipedia.org/wiki/2026_FIFA_World_Cup_squads,https://en.wikipedia.org/wiki/2026_FIFA_World_Cup_squads,2026 FIFA World Cup squads,FIFA World Cup,2026,Portugal,Portugal,,FW,Pedro Neto,"March 9, 2000",26,23,2,Chelsea,"March 9, 2000 (aged 26)",Pedro Neto,Chelsea
wikipedia,https://en.wikipedia.org/wiki/2026_FIFA_World_Cup_squads,https://en.wikipedia.org/wiki/2026_FIFA_World_Cup_squads,2026 FIFA World Cup squads,FIFA World Cup,2026,Portugal,Portugal,,FW,Francisco Trincão,"December 29, 1999",26,17,3,Sporting CP,"December 29, 1999 (aged 26)",Francisco Trincão,Sporting CP
wikipedia,https://en.wikipedia.org/wiki/2026_FIFA_World_Cup_squads,https://en.wikipedia.org/wiki/2026_FIFA_World_Cup_squads,2026 FIFA World Cup squads,FIFA World Cup,2026,Portugal,Portugal,,FW,Francisco Conceição,"December 14, 2002",23,15,3,Juventus,"December 14, 2002 (aged 23)",Francisco Conceição,Juventus
wikipedia,https://en.wikipedia.org/wiki/2026_FIFA_World_Cup_squads,https://en.wikipedia.org/wiki/2026_FIFA_World_Cup_squads,2026 FIFA World Cup squads,FIFA World Cup,2026,Uzbekistan,Uzbekistan,,GK,Utkir Yusupov,"January 4, 1991",35,39,0,Navbahor,"January 4, 1991 (aged 35)",Utkir Yusupov,Navbahor
wikipedia,https://en.wikipedia.org/wiki/2026_FIFA_World_Cup_squads,https://en.wikipedia.org/wiki/2026_FIFA_World_Cup_squads,2026 FIFA World Cup squads,FIFA World Cup,2026,Uzbekistan,Uzbekistan,,GK,Abduvohid Nematov,"March 20, 2001",25,7,0,Nasaf,"March 20, 2001 (aged 25)",Abduvohid Nematov,Nasaf
wikipedia,https://en.wikipedia.org/wiki/2026_FIFA_World_Cup_squads,https://en.wikipedia.org/wiki/2026_FIFA_World_Cup_squads,2026 FIFA World Cup squads,FIFA World Cup,2026,Uzbekistan,Uzbekistan,,GK,Botirali Ergashev,"June 23, 1995",30,2,0,Neftchi,"June 23, 1995 (aged 30)",Botirali Ergashev,Neftchi
wikipedia,https://en.wikipedia.org/wiki/2026_FIFA_World_Cup_squads,https://en.wikipedia.org/wiki/2026_FIFA_World_Cup_squads,2026 FIFA World Cup squads,FIFA World Cup,2026,Uzbekistan,Uzbekistan,,DF,Rustam Ashurmatov,"July 7, 1996",29,47,1,Esteghlal,"July 7, 1996 (aged 29)",Rustam Ashurmatov,Esteghlal
wikipedia,https://en.wikipedia.org/wiki/2026_FIFA_World_Cup_squads,https://en.wikipedia.org/wiki/2026_FIFA_World_Cup_squads,2026 FIFA World Cup squads,FIFA World Cup,2026,Uzbekistan,Uzbekistan,,DF,Farrukh Sayfiev,"January 17, 1991",35,44,1,Neftchi,"January 17, 1991 (aged 35)",Farrukh Sayfiev,Neftchi
wikipedia,https://en.wikipedia.org/wiki/2026_FIFA_World_Cup_squads,https://en.wikipedia.org/wiki/2026_FIFA_World_Cup_squads,2026 FIFA World Cup squads,FIFA World Cup,2026,Uzbekistan,Uzbekistan,,DF,Khojiakbar Alijonov,"April 19, 1997",29,40,2,Pakhtakor,"April 19, 1997 (aged 29)",Khojiakbar Alijonov,Pakhtakor
wikipedia,https://en.wikipedia.org/wiki/2026_FIFA_World_Cup_squads,https://en.wikipedia.org/wiki/2026_FIFA_World_Cup_squads,2026 FIFA World Cup squads,FIFA World Cup,2026,Uzbekistan,Uzbekistan,,DF,Sherzod Nasrullaev,"July 23, 1998",27,29,2,Nasaf,"July 23, 1998 (aged 27)",Sherzod Nasrullaev,Nasaf
wikipedia,https://en.wikipedia.org/wiki/2026_FIFA_World_Cup_squads,https://en.wikipedia.org/wiki/2026_FIFA_World_Cup_squads,2026 FIFA World Cup squads,FIFA World Cup,2026,Uzbekistan,Uzbekistan,,DF,Umar Eshmurodov,"November 30, 1992",33,29,0,Nasaf,"November 30, 1992 (aged 33)",Umar Eshmurodov,Nasaf
wikipedia,https://en.wikipedia.org/wiki/2026_FIFA_World_Cup_squads,https://en.wikipedia.org/wiki/2026_FIFA_World_Cup_squads,2026 FIFA World Cup squads,FIFA World Cup,2026,Uzbekistan,Uzbekistan,,DF,Abdukodir Khusanov,"February 29, 2004",22,25,0,Manchester City,"February 29, 2004 (aged 22)",Abdukodir Khusanov,Manchester City
wikipedia,https://en.wikipedia.org/wiki/2026_FIFA_World_Cup_squads,https://en.wikipedia.org/wiki/2026_FIFA_World_Cup_squads,2026 FIFA World Cup squads,FIFA World Cup,2026,Uzbekistan,Uzbekistan,,DF,Abdulla Abdullaev,"September 1, 1997",28,16,0,Dibba,"September 1, 1997 (aged 28)",Abdulla Abdullaev,Dibba
wikipedia,https://en.wikipedia.org/wiki/2026_FIFA_World_Cup_squads,https://en.wikipedia.org/wiki/2026_FIFA_World_Cup_squads,2026 FIFA World Cup squads,FIFA World Cup,2026,Uzbekistan,Uzbekistan,,DF,Bekhruz Karimov,"August 7, 2007",18,2,0,Surkhon,"August 7, 2007 (aged 18)",Bekhruz Karimov,Surkhon
wikipedia,https://en.wikipedia.org/wiki/2026_FIFA_World_Cup_squads,https://en.wikipedia.org/wiki/2026_FIFA_World_Cup_squads,2026 FIFA World Cup squads,FIFA World Cup,2026,Uzbekistan,Uzbekistan,,DF,Jakhongir Urozov,"January 18, 2004",22,2,0,Dinamo Samarqand,"January 18, 2004 (aged 22)",Jakhongir Urozov,Dinamo Samarqand
wikipedia,https://en.wikipedia.org/wiki/2026_FIFA_World_Cup_squads,https://en.wikipedia.org/wiki/2026_FIFA_World_Cup_squads,2026 FIFA World Cup squads,FIFA World Cup,2026,Uzbekistan,Uzbekistan,,DF,Avazbek Ulmasaliev,"March 27, 2000",26,0,0,AGMK,"March 27, 2000 (aged 26)",Avazbek Ulmasaliev,AGMK
wikipedia,https://en.wikipedia.org/wiki/2026_FIFA_World_Cup_squads,https://en.wikipedia.org/wiki/2026_FIFA_World_Cup_squads,2026 FIFA World Cup squads,FIFA World Cup,2026,Uzbekistan,Uzbekistan,,MF,Otabek Shukurov,"June 22, 1996",29,82,9,Baniyas,"June 22, 1996 (aged 29)",Otabek Shukurov,Baniyas
wikipedia,https://en.wikipedia.org/wiki/2026_FIFA_World_Cup_squads,https://en.wikipedia.org/wiki/2026_FIFA_World_Cup_squads,2026 FIFA World Cup squads,FIFA World Cup,2026,Uzbekistan,Uzbekistan,,MF,Odiljon Hamrobekov,"February 13, 1996",30,71,1,Tractor,"February 13, 1996 (aged 30)",Odiljon Hamrobekov,Tractor
wikipedia,https://en.wikipedia.org/wiki/2026_FIFA_World_Cup_squads,https://en.wikipedia.org/wiki/2026_FIFA_World_Cup_squads,2026 FIFA World Cup squads,FIFA World Cup,2026,Uzbekistan,Uzbekistan,,MF,Jamshid Iskanderov,"October 16, 1993",32,37,4,Neftchi,"October 16, 1993 (aged 32)",Jamshid Iskanderov,Neftchi
wikipedia,https://en.wikipedia.org/wiki/2026_FIFA_World_Cup_squads,https://en.wikipedia.org/wiki/2026_FIFA_World_Cup_squads,2026 FIFA World Cup squads,FIFA World Cup,2026,Uzbekistan,Uzbekistan,,MF,Akmal Mozgovoy,"April 2, 1999",27,23,1,Pakhtakor,"April 2, 1999 (aged 27)",Akmal Mozgovoy,Pakhtakor
wikipedia,https://en.wikipedia.org/wiki/2026_FIFA_World_Cup_squads,https://en.wikipedia.org/wiki/2026_FIFA_World_Cup_squads,2026 FIFA World Cup squads,FIFA World Cup,2026,Uzbekistan,Uzbekistan,,MF,Azizjon Ganiev,"February 22, 1998",28,18,0,Al-Bataeh,"February 22, 1998 (aged 28)",Azizjon Ganiev,Al-Bataeh
wikipedia,https://en.wikipedia.org/wiki/2026_FIFA_World_Cup_squads,https://en.wikipedia.org/wiki/2026_FIFA_World_Cup_squads,2026 FIFA World Cup squads,FIFA World Cup,2026,Uzbekistan,Uzbekistan,,MF,Jasurbek Jaloliddinov,"May 15, 2002",24,1,0,Sogdiana,"May 15, 2002 (aged 24)",Jasurbek Jaloliddinov,Sogdiana
wikipedia,https://en.wikipedia.org/wiki/2026_FIFA_World_Cup_squads,https://en.wikipedia.org/wiki/2026_FIFA_World_Cup_squads,2026 FIFA World Cup squads,FIFA World Cup,2026,Uzbekistan,Uzbekistan,,MF,Umarali Rakhmonaliev,"August 18, 2003",22,1,0,Sabah,"August 18, 2003 (aged 22)",Umarali Rakhmonaliev,Sabah
wikipedia,https://en.wikipedia.org/wiki/2026_FIFA_World_Cup_squads,https://en.wikipedia.org/wiki/2026_FIFA_World_Cup_squads,2026 FIFA World Cup squads,FIFA World Cup,2026,Uzbekistan,Uzbekistan,,MF,Sherzod Esanov,"February 1, 2003",23,0,0,Bukhara,"February 1, 2003 (aged 23)",Sherzod Esanov,Bukhara
wikipedia,https://en.wikipedia.org/wiki/2026_FIFA_World_Cup_squads,https://en.wikipedia.org/wiki/2026_FIFA_World_Cup_squads,2026 FIFA World Cup squads,FIFA World Cup,2026,Uzbekistan,Uzbekistan,,FW,Eldor Shomurodov (captain),"June 29, 1995",30,90,44,İstanbul Başakşehir,"June 29, 1995 (aged 30)",Eldor Shomurodov (captain),İstanbul Başakşehir
wikipedia,https://en.wikipedia.org/wiki/2026_FIFA_World_Cup_squads,https://en.wikipedia.org/wiki/2026_FIFA_World_Cup_squads,2026 FIFA World Cup squads,FIFA World Cup,2026,Uzbekistan,Uzbekistan,,FW,Igor Sergeev,"April 30, 1993",33,81,24,Persepolis,"April 30, 1993 (aged 33)",Igor Sergeev,Persepolis
wikipedia,https://en.wikipedia.org/wiki/2026_FIFA_World_Cup_squads,https://en.wikipedia.org/wiki/2026_FIFA_World_Cup_squads,2026 FIFA World Cup squads,FIFA World Cup,2026,Uzbekistan,Uzbekistan,,FW,Jaloliddin Masharipov,"September 1, 1993",32,74,12,Esteghlal,"September 1, 1993 (aged 32)",Jaloliddin Masharipov,Esteghlal
wikipedia,https://en.wikipedia.org/wiki/2026_FIFA_World_Cup_squads,https://en.wikipedia.org/wiki/2026_FIFA_World_Cup_squads,2026 FIFA World Cup squads,FIFA World Cup,2026,Uzbekistan,Uzbekistan,,FW,Oston Urunov,"December 19, 2000",25,40,10,Persepolis,"December 19, 2000 (aged 25)",Oston Urunov,Persepolis
wikipedia,https://en.wikipedia.org/wiki/2026_FIFA_World_Cup_squads,https://en.wikipedia.org/wiki/2026_FIFA_World_Cup_squads,2026 FIFA World Cup squads,FIFA World Cup,2026,Uzbekistan,Uzbekistan,,FW,Dostonbek Khamdamov,"July 24, 1996",29,33,5,Pakhtakor,"July 24, 1996 (aged 29)",Dostonbek Khamdamov,Pakhtakor
wikipedia,https://en.wikipedia.org/wiki/2026_FIFA_World_Cup_squads,https://en.wikipedia.org/wiki/2026_FIFA_World_Cup_squads,2026 FIFA World Cup squads,FIFA World Cup,2026,Uzbekistan,Uzbekistan,,FW,Abbosbek Fayzullaev,"October 3, 2003",22,30,8,İstanbul Başakşehir,"October 3, 2003 (aged 22)",Abbosbek Fayzullaev,İstanbul Başakşehir
wikipedia,https://en.wikipedia.org/wiki/2026_FIFA_World_Cup_squads,https://en.wikipedia.org/wiki/2026_FIFA_World_Cup_squads,2026 FIFA World Cup squads,FIFA World Cup,2026,Uzbekistan,Uzbekistan,,FW,Azizbek Amonov,"October 30, 1997",28,11,2,Bukhara,"October 30, 1997 (aged 28)",Azizbek Amonov,Bukhara
wikipedia,https://en.wikipedia.org/wiki/2026_FIFA_World_Cup_squads,https://en.wikipedia.org/wiki/2026_FIFA_World_Cup_squads,2026 FIFA World Cup squads,FIFA World Cup,2026,Uzbekistan,Uzbekistan,,FW,Ruslanbek Jiyanov,"June 5, 2001",25,5,0,Navbahor,"June 5, 2001 (aged 25)",Ruslanbek Jiyanov,Navbahor
wikipedia,https://en.wikipedia.org/wiki/2026_FIFA_World_Cup_squads,https://en.wikipedia.org/wiki/2026_FIFA_World_Cup_squads,2026 FIFA World Cup squads,FIFA World Cup,2026,Uzbekistan,Uzbekistan,,FW,Sherzod Temirov,"October 27, 1998",27,2,0,Erbil,"October 27, 1998 (aged 27)",Sherzod Temirov,Erbil
wikipedia,https://en.wikipedia.org/wiki/2026_FIFA_World_Cup_squads,https://en.wikipedia.org/wiki/2026_FIFA_World_Cup_squads,2026 FIFA World Cup squads,FIFA World Cup,2026,Croatia,Croatia,,GK,Dominik Livaković,"January 9, 1995",31,73,0,Dinamo Zagreb,"January 9, 1995 (aged 31)",Dominik Livaković,Dinamo Zagreb
wikipedia,https://en.wikipedia.org/wiki/2026_FIFA_World_Cup_squads,https://en.wikipedia.org/wiki/2026_FIFA_World_Cup_squads,2026 FIFA World Cup squads,FIFA World Cup,2026,Croatia,Croatia,,GK,Dominik Kotarski,"February 10, 2000",26,3,0,Copenhagen,"February 10, 2000 (aged 26)",Dominik Kotarski,Copenhagen
wikipedia,https://en.wikipedia.org/wiki/2026_FIFA_World_Cup_squads,https://en.wikipedia.org/wiki/2026_FIFA_World_Cup_squads,2026 FIFA World Cup squads,FIFA World Cup,2026,Croatia,Croatia,,GK,Ivor Pandur,"March 25, 2000",26,0,0,Hull City,"March 25, 2000 (aged 26)",Ivor Pandur,Hull City
wikipedia,https://en.wikipedia.org/wiki/2026_FIFA_World_Cup_squads,https://en.wikipedia.org/wiki/2026_FIFA_World_Cup_squads,2026 FIFA World Cup squads,FIFA World Cup,2026,Croatia,Croatia,,DF,Joško Gvardiol,"January 23, 2002",24,46,4,Manchester City,"January 23, 2002 (aged 24)",Joško Gvardiol,Manchester City
wikipedia,https://en.wikipedia.org/wiki/2026_FIFA_World_Cup_squads,https://en.wikipedia.org/wiki/2026_FIFA_World_Cup_squads,2026 FIFA World Cup squads,FIFA World Cup,2026,Croatia,Croatia,,DF,Duje Ćaleta-Car,"September 17, 1996",29,38,1,Real Sociedad,"September 17, 1996 (aged 29)",Duje Ćaleta-Car,Real Sociedad
wikipedia,https://en.wikipedia.org/wiki/2026_FIFA_World_Cup_squads,https://en.wikipedia.org/wiki/2026_FIFA_World_Cup_squads,2026 FIFA World Cup squads,FIFA World Cup,2026,Croatia,Croatia,,DF,Josip Šutalo,"February 28, 2000",26,31,0,Ajax,"February 28, 2000 (aged 26)",Josip Šutalo,Ajax
wikipedia,https://en.wikipedia.org/wiki/2026_FIFA_World_Cup_squads,https://en.wikipedia.org/wiki/2026_FIFA_World_Cup_squads,2026 FIFA World Cup squads,FIFA World Cup,2026,Croatia,Croatia,,DF,Josip Stanišić,"April 2, 2000",26,29,0,Bayern Munich,"April 2, 2000 (aged 26)",Josip Stanišić,Bayern Munich
wikipedia,https://en.wikipedia.org/wiki/2026_FIFA_World_Cup_squads,https://en.wikipedia.org/wiki/2026_FIFA_World_Cup_squads,2026 FIFA World Cup squads,FIFA World Cup,2026,Croatia,Croatia,,DF,Marin Pongračić,"September 11, 1997",28,18,0,Fiorentina,"September 11, 1997 (aged 28)",Marin Pongračić,Fiorentina
wikipedia,https://en.wikipedia.org/wiki/2026_FIFA_World_Cup_squads,https://en.wikipedia.org/wiki/2026_FIFA_World_Cup_squads,2026 FIFA World Cup squads,FIFA World Cup,2026,Croatia,Croatia,,DF,Martin Erlić,"January 24, 1998",28,12,1,Midtjylland,"January 24, 1998 (aged 28)",Martin Erlić,Midtjylland
wikipedia,https://en.wikipedia.org/wiki/2026_FIFA_World_Cup_squads,https://en.wikipedia.org/wiki/2026_FIFA_World_Cup_squads,2026 FIFA World Cup squads,FIFA World Cup,2026,Croatia,Croatia,,DF,Luka Vušković,"February 24, 2007",19,4,1,Hamburger SV,"February 24, 2007 (aged 19)",Luka Vušković,Hamburger SV
wikipedia,https://en.wikipedia.org/wiki/2026_FIFA_World_Cup_squads,https://en.wikipedia.org/wiki/2026_FIFA_World_Cup_squads,2026 FIFA World Cup squads,FIFA World Cup,2026,Croatia,Croatia,,MF,Luka Modrić (captain),"September 9, 1985",40,196,28,Milan,"September 9, 1985 (aged 40)",Luka Modrić (captain),Milan
wikipedia,https://en.wikipedia.org/wiki/2026_FIFA_World_Cup_squads,https://en.wikipedia.org/wiki/2026_FIFA_World_Cup_squads,2026 FIFA World Cup squads,FIFA World Cup,2026,Croatia,Croatia,,MF,Mateo Kovačić,"May 6, 1994",32,111,5,Manchester City,"May 6, 1994 (aged 32)",Mateo Kovačić,Manchester City
wikipedia,https://en.wikipedia.org/wiki/2026_FIFA_World_Cup_squads,https://en.wikipedia.org/wiki/2026_FIFA_World_Cup_squads,2026 FIFA World Cup squads,FIFA World Cup,2026,Croatia,Croatia,,MF,Mario Pašalić,"February 9, 1995",31,83,11,Atalanta,"February 9, 1995 (aged 31)",Mario Pašalić,Atalanta
wikipedia,https://en.wikipedia.org/wiki/2026_FIFA_World_Cup_squads,https://en.wikipedia.org/wiki/2026_FIFA_World_Cup_squads,2026 FIFA World Cup squads,FIFA World Cup,2026,Croatia,Croatia,,MF,Nikola Vlašić,"October 4, 1997",28,61,10,Torino,"October 4, 1997 (aged 28)",Nikola Vlašić,Torino
wikipedia,https://en.wikipedia.org/wiki/2026_FIFA_World_Cup_squads,https://en.wikipedia.org/wiki/2026_FIFA_World_Cup_squads,2026 FIFA World Cup squads,FIFA World Cup,2026,Croatia,Croatia,,MF,Luka Sučić,"September 8, 2002",23,19,1,Real Sociedad,"September 8, 2002 (aged 23)",Luka Sučić,Real Sociedad
wikipedia,https://en.wikipedia.org/wiki/2026_FIFA_World_Cup_squads,https://en.wikipedia.org/wiki/2026_FIFA_World_Cup_squads,2026 FIFA World Cup squads,FIFA World Cup,2026,Croatia,Croatia,,MF,Martin Baturina,"February 16, 2003",23,17,1,Como,"February 16, 2003 (aged 23)",Martin Baturina,Como
wikipedia,https://en.wikipedia.org/wiki/2026_FIFA_World_Cup_squads,https://en.wikipedia.org/wiki/2026_FIFA_World_Cup_squads,2026 FIFA World Cup squads,FIFA World Cup,2026,Croatia,Croatia,,MF,Kristijan Jakić,"May 14, 1997",29,16,2,FC Augsburg,"May 14, 1997 (aged 29)",Kristijan Jakić,FC Augsburg
wikipedia,https://en.wikipedia.org/wiki/2026_FIFA_World_Cup_squads,https://en.wikipedia.org/wiki/2026_FIFA_World_Cup_squads,2026 FIFA World Cup squads,FIFA World Cup,2026,Croatia,Croatia,,MF,Petar Sučić,"October 25, 2003",22,15,1,Inter Milan,"October 25, 2003 (aged 22)",Petar Sučić,Inter Milan
wikipedia,https://en.wikipedia.org/wiki/2026_FIFA_World_Cup_squads,https://en.wikipedia.org/wiki/2026_FIFA_World_Cup_squads,2026 FIFA World Cup squads,FIFA World Cup,2026,Croatia,Croatia,,MF,Nikola Moro,"March 12, 1998",28,9,0,Bologna,"March 12, 1998 (aged 28)",Nikola Moro,Bologna
wikipedia,https://en.wikipedia.org/wiki/2026_FIFA_World_Cup_squads,https://en.wikipedia.org/wiki/2026_FIFA_World_Cup_squads,2026 FIFA World Cup squads,FIFA World Cup,2026,Croatia,Croatia,,MF,Toni Fruk,"April 9, 2001",25,7,1,Rijeka,"April 9, 2001 (aged 25)",Toni Fruk,Rijeka
wikipedia,https://en.wikipedia.org/wiki/2026_FIFA_World_Cup_squads,https://en.wikipedia.org/wiki/2026_FIFA_World_Cup_squads,2026 FIFA World Cup squads,FIFA World Cup,2026,Croatia,Croatia,,FW,Ivan Perišić,"February 2, 1989",37,152,38,PSV Eindhoven,"February 2, 1989 (aged 37)",Ivan Perišić,PSV Eindhoven
wikipedia,https://en.wikipedia.org/wiki/2026_FIFA_World_Cup_squads,https://en.wikipedia.org/wiki/2026_FIFA_World_Cup_squads,2026 FIFA World Cup squads,FIFA World Cup,2026,Croatia,Croatia,,FW,Andrej Kramarić,"June 19, 1991",34,114,36,TSG Hoffenheim,"June 19, 1991 (aged 34)",Andrej Kramarić,TSG Hoffenheim
wikipedia,https://en.wikipedia.org/wiki/2026_FIFA_World_Cup_squads,https://en.wikipedia.org/wiki/2026_FIFA_World_Cup_squads,2026 FIFA World Cup squads,FIFA World Cup,2026,Croatia,Croatia,,FW,Ante Budimir,"July 22, 1991",34,36,6,Osasuna,"July 22, 1991 (aged 34)",Ante Budimir,Osasuna
wikipedia,https://en.wikipedia.org/wiki/2026_FIFA_World_Cup_squads,https://en.wikipedia.org/wiki/2026_FIFA_World_Cup_squads,2026 FIFA World Cup squads,FIFA World Cup,2026,Croatia,Croatia,,FW,Marco Pašalić,"September 14, 2000",25,13,1,Orlando City SC,"September 14, 2000 (aged 25)",Marco Pašalić,Orlando City SC
wikipedia,https://en.wikipedia.org/wiki/2026_FIFA_World_Cup_squads,https://en.wikipedia.org/wiki/2026_FIFA_World_Cup_squads,2026 FIFA World Cup squads,FIFA World Cup,2026,Croatia,Croatia,,FW,Petar Musa,"March 4, 1998",28,10,1,FC Dallas,"March 4, 1998 (aged 28)",Petar Musa,FC Dallas
wikipedia,https://en.wikipedia.org/wiki/2026_FIFA_World_Cup_squads,https://en.wikipedia.org/wiki/2026_FIFA_World_Cup_squads,2026 FIFA World Cup squads,FIFA World Cup,2026,Croatia,Croatia,,FW,Igor Matanović,"March 31, 2003",23,8,2,SC Freiburg,"March 31, 2003 (aged 23)",Igor Matanović,SC Freiburg
wikipedia,https://en.wikipedia.org/wiki/2026_FIFA_World_Cup_squads,https://en.wikipedia.org/wiki/2026_FIFA_World_Cup_squads,2026 FIFA World Cup squads,FIFA World Cup,2026,England,England,,GK,Jordan Pickford,"March 7, 1994",32,82,0,Everton,"March 7, 1994 (aged 32)",Jordan Pickford,Everton
wikipedia,https://en.wikipedia.org/wiki/2026_FIFA_World_Cup_squads,https://en.wikipedia.org/wiki/2026_FIFA_World_Cup_squads,2026 FIFA World Cup squads,FIFA World Cup,2026,England,England,,GK,Dean Henderson,"March 12, 1997",29,4,0,Crystal Palace,"March 12, 1997 (aged 29)",Dean Henderson,Crystal Palace
wikipedia,https://en.wikipedia.org/wiki/2026_FIFA_World_Cup_squads,https://en.wikipedia.org/wiki/2026_FIFA_World_Cup_squads,2026 FIFA World Cup squads,FIFA World Cup,2026,England,England,,GK,James Trafford,"October 10, 2002",23,1,0,Manchester City,"October 10, 2002 (aged 23)",James Trafford,Manchester City
wikipedia,https://en.wikipedia.org/wiki/2026_FIFA_World_Cup_squads,https://en.wikipedia.org/wiki/2026_FIFA_World_Cup_squads,2026 FIFA World Cup squads,FIFA World Cup,2026,England,England,,DF,John Stones,"May 28, 1994",32,87,3,Manchester City,"May 28, 1994 (aged 32)",John Stones,Manchester City
wikipedia,https://en.wikipedia.org/wiki/2026_FIFA_World_Cup_squads,https://en.wikipedia.org/wiki/2026_FIFA_World_Cup_squads,2026 FIFA World Cup squads,FIFA World Cup,2026,England,England,,DF,Marc Guéhi,"July 13, 2000",25,27,1,Manchester City,"July 13, 2000 (aged 25)",Marc Guéhi,Manchester City
wikipedia,https://en.wikipedia.org/wiki/2026_FIFA_World_Cup_squads,https://en.wikipedia.org/wiki/2026_FIFA_World_Cup_squads,2026 FIFA World Cup squads,FIFA World Cup,2026,England,England,,DF,Reece James,"December 8, 1999",26,22,1,Chelsea,"December 8, 1999 (aged 26)",Reece James,Chelsea
wikipedia,https://en.wikipedia.org/wiki/2026_FIFA_World_Cup_squads,https://en.wikipedia.org/wiki/2026_FIFA_World_Cup_squads,2026 FIFA World Cup squads,FIFA World Cup,2026,England,England,,DF,Ezri Konsa,"October 23, 1997",28,18,1,Aston Villa,"October 23, 1997 (aged 28)",Ezri Konsa,Aston Villa
wikipedia,https://en.wikipedia.org/wiki/2026_FIFA_World_Cup_squads,https://en.wikipedia.org/wiki/2026_FIFA_World_Cup_squads,2026 FIFA World Cup squads,FIFA World Cup,2026,England,England,,DF,Dan Burn,"May 9, 1992",34,6,0,Newcastle United,"May 9, 1992 (aged 34)",Dan Burn,Newcastle United
wikipedia,https://en.wikipedia.org/wiki/2026_FIFA_World_Cup_squads,https://en.wikipedia.org/wiki/2026_FIFA_World_Cup_squads,2026 FIFA World Cup squads,FIFA World Cup,2026,England,England,,DF,Tino Livramento,"November 12, 2002",23,5,0,Newcastle United,"November 12, 2002 (aged 23)",Tino Livramento,Newcastle United
wikipedia,https://en.wikipedia.org/wiki/2026_FIFA_World_Cup_squads,https://en.wikipedia.org/wiki/2026_FIFA_World_Cup_squads,2026 FIFA World Cup squads,FIFA World Cup,2026,England,England,,DF,Djed Spence,"August 9, 2000",25,4,0,Tottenham Hotspur,"August 9, 2000 (aged 25)",Djed Spence,Tottenham Hotspur
wikipedia,https://en.wikipedia.org/wiki/2026_FIFA_World_Cup_squads,https://en.wikipedia.org/wiki/2026_FIFA_World_Cup_squads,2026 FIFA World Cup squads,FIFA World Cup,2026,England,England,,DF,Nico O'Reilly,"March 21, 2005",21,3,0,Manchester City,"March 21, 2005 (aged 21)",Nico O'Reilly,Manchester City
wikipedia,https://en.wikipedia.org/wiki/2026_FIFA_World_Cup_squads,https://en.wikipedia.org/wiki/2026_FIFA_World_Cup_squads,2026 FIFA World Cup squads,FIFA World Cup,2026,England,England,,DF,Jarell Quansah,"January 29, 2003",23,1,0,Bayer Leverkusen,"January 29, 2003 (aged 23)",Jarell Quansah,Bayer Leverkusen
wikipedia,https://en.wikipedia.org/wiki/2026_FIFA_World_Cup_squads,https://en.wikipedia.org/wiki/2026_FIFA_World_Cup_squads,2026 FIFA World Cup squads,FIFA World Cup,2026,England,England,,MF,Jordan Henderson,"June 17, 1990",35,89,3,Brentford,"June 17, 1990 (aged 35)",Jordan Henderson,Brentford
wikipedia,https://en.wikipedia.org/wiki/2026_FIFA_World_Cup_squads,https://en.wikipedia.org/wiki/2026_FIFA_World_Cup_squads,2026 FIFA World Cup squads,FIFA World Cup,2026,England,England,,MF,Declan Rice,"January 14, 1999",27,72,6,Arsenal,"January 14, 1999 (aged 27)",Declan Rice,Arsenal
wikipedia,https://en.wikipedia.org/wiki/2026_FIFA_World_Cup_squads,https://en.wikipedia.org/wiki/2026_FIFA_World_Cup_squads,2026 FIFA World Cup squads,FIFA World Cup,2026,England,England,,MF,Jude Bellingham,"June 29, 2003",22,46,6,Real Madrid,"June 29, 2003 (aged 22)",Jude Bellingham,Real Madrid
wikipedia,https://en.wikipedia.org/wiki/2026_FIFA_World_Cup_squads,https://en.wikipedia.org/wiki/2026_FIFA_World_Cup_squads,2026 FIFA World Cup squads,FIFA World Cup,2026,England,England,,MF,Morgan Rogers,"July 26, 2002",23,13,1,Aston Villa,"July 26, 2002 (aged 23)",Morgan Rogers,Aston Villa
wikipedia,https://en.wikipedia.org/wiki/2026_FIFA_World_Cup_squads,https://en.wikipedia.org/wiki/2026_FIFA_World_Cup_squads,2026 FIFA World Cup squads,FIFA World Cup,2026,England,England,,MF,Kobbie Mainoo,"April 19, 2005",21,12,0,Manchester United,"April 19, 2005 (aged 21)",Kobbie Mainoo,Manchester United
wikipedia,https://en.wikipedia.org/wiki/2026_FIFA_World_Cup_squads,https://en.wikipedia.org/wiki/2026_FIFA_World_Cup_squads,2026 FIFA World Cup squads,FIFA World Cup,2026,England,England,,MF,Elliot Anderson,"November 6, 2002",23,7,0,Nottingham Forest,"November 6, 2002 (aged 23)",Elliot Anderson,Nottingham Forest
wikipedia,https://en.wikipedia.org/wiki/2026_FIFA_World_Cup_squads,https://en.wikipedia.org/wiki/2026_FIFA_World_Cup_squads,2026 FIFA World Cup squads,FIFA World Cup,2026,England,England,,FW,Harry Kane (captain),"July 28, 1993",32,112,78,Bayern Munich,"July 28, 1993 (aged 32)",Harry Kane (captain),Bayern Munich
wikipedia,https://en.wikipedia.org/wiki/2026_FIFA_World_Cup_squads,https://en.wikipedia.org/wiki/2026_FIFA_World_Cup_squads,2026 FIFA World Cup squads,FIFA World Cup,2026,England,England,,FW,Marcus Rashford,"October 31, 1997",28,70,18,Barcelona,"October 31, 1997 (aged 28)",Marcus Rashford,Barcelona
wikipedia,https://en.wikipedia.org/wiki/2026_FIFA_World_Cup_squads,https://en.wikipedia.org/wiki/2026_FIFA_World_Cup_squads,2026 FIFA World Cup squads,FIFA World Cup,2026,England,England,,FW,Bukayo Saka,"September 5, 2001",24,48,14,Arsenal,"September 5, 2001 (aged 24)",Bukayo Saka,Arsenal
wikipedia,https://en.wikipedia.org/wiki/2026_FIFA_World_Cup_squads,https://en.wikipedia.org/wiki/2026_FIFA_World_Cup_squads,2026 FIFA World Cup squads,FIFA World Cup,2026,England,England,,FW,Ollie Watkins,"December 30, 1995",30,20,6,Aston Villa,"December 30, 1995 (aged 30)",Ollie Watkins,Aston Villa
wikipedia,https://en.wikipedia.org/wiki/2026_FIFA_World_Cup_squads,https://en.wikipedia.org/wiki/2026_FIFA_World_Cup_squads,2026 FIFA World Cup squads,FIFA World Cup,2026,England,England,,FW,Anthony Gordon,"February 24, 2001",25,17,2,Newcastle United,"February 24, 2001 (aged 25)",Anthony Gordon,Newcastle United
wikipedia,https://en.wikipedia.org/wiki/2026_FIFA_World_Cup_squads,https://en.wikipedia.org/wiki/2026_FIFA_World_Cup_squads,2026 FIFA World Cup squads,FIFA World Cup,2026,England,England,,FW,Eberechi Eze,"June 29, 1998",27,16,3,Arsenal,"June 29, 1998 (aged 27)",Eberechi Eze,Arsenal
wikipedia,https://en.wikipedia.org/wiki/2026_FIFA_World_Cup_squads,https://en.wikipedia.org/wiki/2026_FIFA_World_Cup_squads,2026 FIFA World Cup squads,FIFA World Cup,2026,England,England,,FW,Noni Madueke,"March 10, 2002",24,10,1,Arsenal,"March 10, 2002 (aged 24)",Noni Madueke,Arsenal
wikipedia,https://en.wikipedia.org/wiki/2026_FIFA_World_Cup_squads,https://en.wikipedia.org/wiki/2026_FIFA_World_Cup_squads,2026 FIFA World Cup squads,FIFA World Cup,2026,England,England,,FW,Ivan Toney,"March 16, 1996",30,7,1,Al-Ahli,"March 16, 1996 (aged 30)",Ivan Toney,Al-Ahli
wikipedia,https://en.wikipedia.org/wiki/2026_FIFA_World_Cup_squads,https://en.wikipedia.org/wiki/2026_FIFA_World_Cup_squads,2026 FIFA World Cup squads,FIFA World Cup,2026,Ghana,Ghana,,GK,Lawrence Ati-Zigi,"November 29, 1996",29,28,0,St. Gallen,"November 29, 1996 (aged 29)",Lawrence Ati-Zigi,St. Gallen
wikipedia,https://en.wikipedia.org/wiki/2026_FIFA_World_Cup_squads,https://en.wikipedia.org/wiki/2026_FIFA_World_Cup_squads,2026 FIFA World Cup squads,FIFA World Cup,2026,Ghana,Ghana,,GK,Benjamin Asare,"July 13, 1992",33,10,0,Hearts of Oak,"July 13, 1992 (aged 33)",Benjamin Asare,Hearts of Oak
wikipedia,https://en.wikipedia.org/wiki/2026_FIFA_World_Cup_squads,https://en.wikipedia.org/wiki/2026_FIFA_World_Cup_squads,2026 FIFA World Cup squads,FIFA World Cup,2026,Ghana,Ghana,,GK,Solomon Agbasi,"October 13, 2000",25,1,0,Hearts of Oak,"October 13, 2000 (aged 25)",Solomon Agbasi,Hearts of Oak
wikipedia,https://en.wikipedia.org/wiki/2026_FIFA_World_Cup_squads,https://en.wikipedia.org/wiki/2026_FIFA_World_Cup_squads,2026 FIFA World Cup squads,FIFA World Cup,2026,Ghana,Ghana,,GK,Joseph Anang,"June 8, 2000",26,1,0,St Patrick's Athletic,"June 8, 2000 (aged 26)",Joseph Anang,St Patrick's Athletic
wikipedia,https://en.wikipedia.org/wiki/2026_FIFA_World_Cup_squads,https://en.wikipedia.org/wiki/2026_FIFA_World_Cup_squads,2026 FIFA World Cup squads,FIFA World Cup,2026,Ghana,Ghana,,GK,Paul Reverson,"June 20, 2005",20,0,0,Ajax,"June 20, 2005 (aged 20)",Paul Reverson,Ajax
wikipedia,https://en.wikipedia.org/wiki/2026_FIFA_World_Cup_squads,https://en.wikipedia.org/wiki/2026_FIFA_World_Cup_squads,2026 FIFA World Cup squads,FIFA World Cup,2026,Ghana,Ghana,,DF,Abdul Rahman Baba,"July 2, 1994",31,52,1,PAOK,"July 2, 1994 (aged 31)",Abdul Rahman Baba,PAOK
wikipedia,https://en.wikipedia.org/wiki/2026_FIFA_World_Cup_squads,https://en.wikipedia.org/wiki/2026_FIFA_World_Cup_squads,2026 FIFA World Cup squads,FIFA World Cup,2026,Ghana,Ghana,,DF,Gideon Mensah,"July 18, 1998",27,39,0,Auxerre,"July 18, 1998 (aged 27)",Gideon Mensah,Auxerre
wikipedia,https://en.wikipedia.org/wiki/2026_FIFA_World_Cup_squads,https://en.wikipedia.org/wiki/2026_FIFA_World_Cup_squads,2026 FIFA World Cup squads,FIFA World Cup,2026,Ghana,Ghana,,DF,Alexander Djiku,"August 9, 1994",31,38,4,Spartak Moscow,"August 9, 1994 (aged 31)",Alexander Djiku,Spartak Moscow
wikipedia,https://en.wikipedia.org/wiki/2026_FIFA_World_Cup_squads,https://en.wikipedia.org/wiki/2026_FIFA_World_Cup_squads,2026 FIFA World Cup squads,FIFA World Cup,2026,Ghana,Ghana,,DF,Alidu Seidu,"June 4, 2000",26,23,1,Rennes,"June 4, 2000 (aged 26)",Alidu Seidu,Rennes
wikipedia,https://en.wikipedia.org/wiki/2026_FIFA_World_Cup_squads,https://en.wikipedia.org/wiki/2026_FIFA_World_Cup_squads,2026 FIFA World Cup squads,FIFA World Cup,2026,Ghana,Ghana,,DF,Jerome Opoku,"October 14, 1998",27,10,1,İstanbul Başakşehir,"October 14, 1998 (aged 27)",Jerome Opoku,İstanbul Başakşehir
wikipedia,https://en.wikipedia.org/wiki/2026_FIFA_World_Cup_squads,https://en.wikipedia.org/wiki/2026_FIFA_World_Cup_squads,2026 FIFA World Cup squads,FIFA World Cup,2026,Ghana,Ghana,,DF,Jonas Adjetey,"December 13, 2003",22,9,0,VfL Wolfsburg,"December 13, 2003 (aged 22)",Jonas Adjetey,VfL Wolfsburg
wikipedia,https://en.wikipedia.org/wiki/2026_FIFA_World_Cup_squads,https://en.wikipedia.org/wiki/2026_FIFA_World_Cup_squads,2026 FIFA World Cup squads,FIFA World Cup,2026,Ghana,Ghana,,DF,Abdul Mumin,"June 6, 1998",28,4,0,Rayo Vallecano,"June 6, 1998 (aged 28)",Abdul Mumin,Rayo Vallecano
wikipedia,https://en.wikipedia.org/wiki/2026_FIFA_World_Cup_squads,https://en.wikipedia.org/wiki/2026_FIFA_World_Cup_squads,2026 FIFA World Cup squads,FIFA World Cup,2026,Ghana,Ghana,,DF,Kojo Peprah Oppong,"June 4, 2004",22,4,0,Nice,"June 4, 2004 (aged 22)",Kojo Peprah Oppong,Nice
wikipedia,https://en.wikipedia.org/wiki/2026_FIFA_World_Cup_squads,https://en.wikipedia.org/wiki/2026_FIFA_World_Cup_squads,2026 FIFA World Cup squads,FIFA World Cup,2026,Ghana,Ghana,,DF,Marvin Senaya,"January 28, 2001",25,1,0,Auxerre,"January 28, 2001 (aged 25)",Marvin Senaya,Auxerre
wikipedia,https://en.wikipedia.org/wiki/2026_FIFA_World_Cup_squads,https://en.wikipedia.org/wiki/2026_FIFA_World_Cup_squads,2026 FIFA World Cup squads,FIFA World Cup,2026,Ghana,Ghana,,MF,Thomas Partey,"June 13, 1993",32,56,15,Villarreal,"June 13, 1993 (aged 32)",Thomas Partey,Villarreal
wikipedia,https://en.wikipedia.org/wiki/2026_FIFA_World_Cup_squads,https://en.wikipedia.org/wiki/2026_FIFA_World_Cup_squads,2026 FIFA World Cup squads,FIFA World Cup,2026,Ghana,Ghana,,MF,Abdul Fatawu,"March 8, 2004",22,27,3,Leicester City,"March 8, 2004 (aged 22)",Abdul Fatawu,Leicester City
wikipedia,https://en.wikipedia.org/wiki/2026_FIFA_World_Cup_squads,https://en.wikipedia.org/wiki/2026_FIFA_World_Cup_squads,2026 FIFA World Cup squads,FIFA World Cup,2026,Ghana,Ghana,,MF,Kamaldeen Sulemana,"February 15, 2002",24,27,1,Atalanta,"February 15, 2002 (aged 24)",Kamaldeen Sulemana,Atalanta
wikipedia,https://en.wikipedia.org/wiki/2026_FIFA_World_Cup_squads,https://en.wikipedia.org/wiki/2026_FIFA_World_Cup_squads,2026 FIFA World Cup squads,FIFA World Cup,2026,Ghana,Ghana,,MF,Elisha Owusu,"November 7, 1997",28,19,0,Auxerre,"November 7, 1997 (aged 28)",Elisha Owusu,Auxerre
wikipedia,https://en.wikipedia.org/wiki/2026_FIFA_World_Cup_squads,https://en.wikipedia.org/wiki/2026_FIFA_World_Cup_squads,2026 FIFA World Cup squads,FIFA World Cup,2026,Ghana,Ghana,,MF,Caleb Yirenkyi,"January 15, 2006",20,10,0,Nordsjælland,"January 15, 2006 (aged 20)",Caleb Yirenkyi,Nordsjælland
wikipedia,https://en.wikipedia.org/wiki/2026_FIFA_World_Cup_squads,https://en.wikipedia.org/wiki/2026_FIFA_World_Cup_squads,2026 FIFA World Cup squads,FIFA World Cup,2026,Ghana,Ghana,,MF,Kwasi Sibo,"June 24, 1998",27,7,0,Oviedo,"June 24, 1998 (aged 27)",Kwasi Sibo,Oviedo
wikipedia,https://en.wikipedia.org/wiki/2026_FIFA_World_Cup_squads,https://en.wikipedia.org/wiki/2026_FIFA_World_Cup_squads,2026 FIFA World Cup squads,FIFA World Cup,2026,Ghana,Ghana,,MF,Augustine Boakye,"November 3, 2000",25,0,0,Saint-Étienne,"November 3, 2000 (aged 25)",Augustine Boakye,Saint-Étienne
wikipedia,https://en.wikipedia.org/wiki/2026_FIFA_World_Cup_squads,https://en.wikipedia.org/wiki/2026_FIFA_World_Cup_squads,2026 FIFA World Cup squads,FIFA World Cup,2026,Ghana,Ghana,,FW,Jordan Ayew (captain),"September 11, 1991",34,117,33,Leicester City,"September 11, 1991 (aged 34)",Jordan Ayew (captain),Leicester City
wikipedia,https://en.wikipedia.org/wiki/2026_FIFA_World_Cup_squads,https://en.wikipedia.org/wiki/2026_FIFA_World_Cup_squads,2026 FIFA World Cup squads,FIFA World Cup,2026,Ghana,Ghana,,FW,Antoine Semenyo,"January 7, 2000",26,34,3,Manchester City,"January 7, 2000 (aged 26)",Antoine Semenyo,Manchester City
wikipedia,https://en.wikipedia.org/wiki/2026_FIFA_World_Cup_squads,https://en.wikipedia.org/wiki/2026_FIFA_World_Cup_squads,2026 FIFA World Cup squads,FIFA World Cup,2026,Ghana,Ghana,,FW,Iñaki Williams,"June 15, 1994",31,25,2,Athletic Bilbao,"June 15, 1994 (aged 31)",Iñaki Williams,Athletic Bilbao
wikipedia,https://en.wikipedia.org/wiki/2026_FIFA_World_Cup_squads,https://en.wikipedia.org/wiki/2026_FIFA_World_Cup_squads,2026 FIFA World Cup squads,FIFA World Cup,2026,Ghana,Ghana,,FW,Ernest Nuamah,"November 1, 2003",22,18,4,Lyon,"November 1, 2003 (aged 22)",Ernest Nuamah,Lyon
wikipedia,https://en.wikipedia.org/wiki/2026_FIFA_World_Cup_squads,https://en.wikipedia.org/wiki/2026_FIFA_World_Cup_squads,2026 FIFA World Cup squads,FIFA World Cup,2026,Ghana,Ghana,,FW,Christopher Bonsu Baah,"December 14, 2004",21,8,0,Al-Qadsiah,"December 14, 2004 (aged 21)",Christopher Bonsu Baah,Al-Qadsiah
wikipedia,https://en.wikipedia.org/wiki/2026_FIFA_World_Cup_squads,https://en.wikipedia.org/wiki/2026_FIFA_World_Cup_squads,2026 FIFA World Cup squads,FIFA World Cup,2026,Ghana,Ghana,,FW,Brandon Thomas-Asante,"December 28, 1998",27,7,1,Coventry City,"December 28, 1998 (aged 27)",Brandon Thomas-Asante,Coventry City
wikipedia,https://en.wikipedia.org/wiki/2026_FIFA_World_Cup_squads,https://en.wikipedia.org/wiki/2026_FIFA_World_Cup_squads,2026 FIFA World Cup squads,FIFA World Cup,2026,Ghana,Ghana,,FW,Prince Kwabena Adu,"September 23, 2003",22,4,0,Viktoria Plzeň,"September 23, 2003 (aged 22)",Prince Kwabena Adu,Viktoria Plzeň
wikipedia,https://en.wikipedia.org/wiki/2026_FIFA_World_Cup_squads,https://en.wikipedia.org/wiki/2026_FIFA_World_Cup_squads,2026 FIFA World Cup squads,FIFA World Cup,2026,Panama,Panama,,GK,Luis Mejía,"March 16, 1991",35,56,0,Nacional,"March 16, 1991 (aged 35)",Luis Mejía,Nacional
wikipedia,https://en.wikipedia.org/wiki/2026_FIFA_World_Cup_squads,https://en.wikipedia.org/wiki/2026_FIFA_World_Cup_squads,2026 FIFA World Cup squads,FIFA World Cup,2026,Panama,Panama,,GK,Orlando Mosquera,"December 25, 1994",31,47,0,Al-Fayha,"December 25, 1994 (aged 31)",Orlando Mosquera,Al-Fayha
wikipedia,https://en.wikipedia.org/wiki/2026_FIFA_World_Cup_squads,https://en.wikipedia.org/wiki/2026_FIFA_World_Cup_squads,2026 FIFA World Cup squads,FIFA World Cup,2026,Panama,Panama,,GK,César Samudio,"March 26, 1994",32,4,0,Marathón,"March 26, 1994 (aged 32)",César Samudio,Marathón
wikipedia,https://en.wikipedia.org/wiki/2026_FIFA_World_Cup_squads,https://en.wikipedia.org/wiki/2026_FIFA_World_Cup_squads,2026 FIFA World Cup squads,FIFA World Cup,2026,Panama,Panama,,DF,Eric Davis,"March 31, 1991",35,105,9,Plaza Amador,"March 31, 1991 (aged 35)",Eric Davis,Plaza Amador
wikipedia,https://en.wikipedia.org/wiki/2026_FIFA_World_Cup_squads,https://en.wikipedia.org/wiki/2026_FIFA_World_Cup_squads,2026 FIFA World Cup squads,FIFA World Cup,2026,Panama,Panama,,DF,Fidel Escobar,"January 9, 1995",31,97,4,Saprissa,"January 9, 1995 (aged 31)",Fidel Escobar,Saprissa
wikipedia,https://en.wikipedia.org/wiki/2026_FIFA_World_Cup_squads,https://en.wikipedia.org/wiki/2026_FIFA_World_Cup_squads,2026 FIFA World Cup squads,FIFA World Cup,2026,Panama,Panama,,DF,Michael Amir Murillo,"February 11, 1996",30,92,9,Beşiktaş,"February 11, 1996 (aged 30)",Michael Amir Murillo,Beşiktaş
wikipedia,https://en.wikipedia.org/wiki/2026_FIFA_World_Cup_squads,https://en.wikipedia.org/wiki/2026_FIFA_World_Cup_squads,2026 FIFA World Cup squads,FIFA World Cup,2026,Panama,Panama,,DF,Roderick Miller,"April 3, 1992",34,49,2,Turan Tovuz,"April 3, 1992 (aged 34)",Roderick Miller,Turan Tovuz
wikipedia,https://en.wikipedia.org/wiki/2026_FIFA_World_Cup_squads,https://en.wikipedia.org/wiki/2026_FIFA_World_Cup_squads,2026 FIFA World Cup squads,FIFA World Cup,2026,Panama,Panama,,DF,Andrés Andrade,"October 16, 1998",27,48,1,LASK,"October 16, 1998 (aged 27)",Andrés Andrade,LASK
wikipedia,https://en.wikipedia.org/wiki/2026_FIFA_World_Cup_squads,https://en.wikipedia.org/wiki/2026_FIFA_World_Cup_squads,2026 FIFA World Cup squads,FIFA World Cup,2026,Panama,Panama,,DF,César Blackman,"April 2, 1998",28,38,3,Slovan Bratislava,"April 2, 1998 (aged 28)",César Blackman,Slovan Bratislava
wikipedia,https://en.wikipedia.org/wiki/2026_FIFA_World_Cup_squads,https://en.wikipedia.org/wiki/2026_FIFA_World_Cup_squads,2026 FIFA World Cup squads,FIFA World Cup,2026,Panama,Panama,,DF,José Córdoba,"June 3, 2001",25,31,1,Norwich City,"June 3, 2001 (aged 25)",José Córdoba,Norwich City
wikipedia,https://en.wikipedia.org/wiki/2026_FIFA_World_Cup_squads,https://en.wikipedia.org/wiki/2026_FIFA_World_Cup_squads,2026 FIFA World Cup squads,FIFA World Cup,2026,Panama,Panama,,DF,Jiovany Ramos,"January 26, 1997",29,21,1,Puerto Cabello,"January 26, 1997 (aged 29)",Jiovany Ramos,Puerto Cabello
wikipedia,https://en.wikipedia.org/wiki/2026_FIFA_World_Cup_squads,https://en.wikipedia.org/wiki/2026_FIFA_World_Cup_squads,2026 FIFA World Cup squads,FIFA World Cup,2026,Panama,Panama,,DF,Jorge Gutiérrez,"September 1, 1998",27,17,0,Deportivo La Guaira,"September 1, 1998 (aged 27)",Jorge Gutiérrez,Deportivo La Guaira
wikipedia,https://en.wikipedia.org/wiki/2026_FIFA_World_Cup_squads,https://en.wikipedia.org/wiki/2026_FIFA_World_Cup_squads,2026 FIFA World Cup squads,FIFA World Cup,2026,Panama,Panama,,DF,Edgardo Fariña,"September 21, 2001",24,16,0,Pari Nizhny Novgorod,"September 21, 2001 (aged 24)",Edgardo Fariña,Pari Nizhny Novgorod
wikipedia,https://en.wikipedia.org/wiki/2026_FIFA_World_Cup_squads,https://en.wikipedia.org/wiki/2026_FIFA_World_Cup_squads,2026 FIFA World Cup squads,FIFA World Cup,2026,Panama,Panama,,MF,Aníbal Godoy (captain),"February 10, 1990",36,159,4,San Diego FC,"February 10, 1990 (aged 36)",Aníbal Godoy (captain),San Diego FC
wikipedia,https://en.wikipedia.org/wiki/2026_FIFA_World_Cup_squads,https://en.wikipedia.org/wiki/2026_FIFA_World_Cup_squads,2026 FIFA World Cup squads,FIFA World Cup,2026,Panama,Panama,,MF,Alberto Quintero,"December 18, 1987",38,140,7,Plaza Amador,"December 18, 1987 (aged 38)",Alberto Quintero,Plaza Amador
wikipedia,https://en.wikipedia.org/wiki/2026_FIFA_World_Cup_squads,https://en.wikipedia.org/wiki/2026_FIFA_World_Cup_squads,2026 FIFA World Cup squads,FIFA World Cup,2026,Panama,Panama,,MF,Yoel Bárcenas,"October 23, 1993",32,102,10,Mazatlán,"October 23, 1993 (aged 32)",Yoel Bárcenas,Mazatlán
wikipedia,https://en.wikipedia.org/wiki/2026_FIFA_World_Cup_squads,https://en.wikipedia.org/wiki/2026_FIFA_World_Cup_squads,2026 FIFA World Cup squads,FIFA World Cup,2026,Panama,Panama,,MF,Adalberto Carrasquilla,"November 28, 1998",27,73,3,UNAM,"November 28, 1998 (aged 27)",Adalberto Carrasquilla,UNAM
wikipedia,https://en.wikipedia.org/wiki/2026_FIFA_World_Cup_squads,https://en.wikipedia.org/wiki/2026_FIFA_World_Cup_squads,2026 FIFA World Cup squads,FIFA World Cup,2026,Panama,Panama,,MF,José Luis Rodríguez,"June 19, 1998",27,68,8,Juárez,"June 19, 1998 (aged 27)",José Luis Rodríguez,Juárez
wikipedia,https://en.wikipedia.org/wiki/2026_FIFA_World_Cup_squads,https://en.wikipedia.org/wiki/2026_FIFA_World_Cup_squads,2026 FIFA World Cup squads,FIFA World Cup,2026,Panama,Panama,,MF,Cristian Martínez,"February 6, 1997",29,64,2,Ironi Kiryat Shmona,"February 6, 1997 (aged 29)",Cristian Martínez,Ironi Kiryat Shmona
wikipedia,https://en.wikipedia.org/wiki/2026_FIFA_World_Cup_squads,https://en.wikipedia.org/wiki/2026_FIFA_World_Cup_squads,2026 FIFA World Cup squads,FIFA World Cup,2026,Panama,Panama,,MF,César Yanis,"January 28, 1996",30,55,5,Cobresal,"January 28, 1996 (aged 30)",César Yanis,Cobresal
wikipedia,https://en.wikipedia.org/wiki/2026_FIFA_World_Cup_squads,https://en.wikipedia.org/wiki/2026_FIFA_World_Cup_squads,2026 FIFA World Cup squads,FIFA World Cup,2026,Panama,Panama,,MF,Carlos Harvey,"February 3, 2000",26,26,3,Minnesota United FC,"February 3, 2000 (aged 26)",Carlos Harvey,Minnesota United FC
wikipedia,https://en.wikipedia.org/wiki/2026_FIFA_World_Cup_squads,https://en.wikipedia.org/wiki/2026_FIFA_World_Cup_squads,2026 FIFA World Cup squads,FIFA World Cup,2026,Panama,Panama,,MF,Azarias Londoño,"June 21, 2001",24,10,0,Universidad Católica,"June 21, 2001 (aged 24)",Azarias Londoño,Universidad Católica
wikipedia,https://en.wikipedia.org/wiki/2026_FIFA_World_Cup_squads,https://en.wikipedia.org/wiki/2026_FIFA_World_Cup_squads,2026 FIFA World Cup squads,FIFA World Cup,2026,Panama,Panama,,FW,José Fajardo,"August 18, 1993",32,66,17,Universidad Católica,"August 18, 1993 (aged 32)",José Fajardo,Universidad Católica
wikipedia,https://en.wikipedia.org/wiki/2026_FIFA_World_Cup_squads,https://en.wikipedia.org/wiki/2026_FIFA_World_Cup_squads,2026 FIFA World Cup squads,FIFA World Cup,2026,Panama,Panama,,FW,Ismael Díaz,"May 12, 1997",29,55,17,León,"May 12, 1997 (aged 29)",Ismael Díaz,León
wikipedia,https://en.wikipedia.org/wiki/2026_FIFA_World_Cup_squads,https://en.wikipedia.org/wiki/2026_FIFA_World_Cup_squads,2026 FIFA World Cup squads,FIFA World Cup,2026,Panama,Panama,,FW,Cecilio Waterman,"April 13, 1991",35,53,14,Universidad de Concepción,"April 13, 1991 (aged 35)",Cecilio Waterman,Universidad de Concepción
wikipedia,https://en.wikipedia.org/wiki/2026_FIFA_World_Cup_squads,https://en.wikipedia.org/wiki/2026_FIFA_World_Cup_squads,2026 FIFA World Cup squads,FIFA World Cup,2026,Panama,Panama,,FW,Tomás Rodríguez,"March 9, 1999",27,12,3,Saprissa,"March 9, 1999 (aged 27)",Tomás Rodríguez,Saprissa
